cliente_id,zona_id,plan_mbps,estado,fecha_alta
C000001,Z001,300,ACTIVO,2025-01-24
C000002,Z001,300,ACTIVO,2026-02-11
C000003,Z001,600,Activo,2025-10-07
C000004,Z001,100,ACTIVO,2025-12-08
C000005,Z001,200, activo ,2025-12-04
C000006,Z001,500,ACTIVO,2025-08-02
C000007,Z001,100,ACTIVO,2026-03-10
C000008,Z001,500,Activo,2024-02-27
C000009,Z001,300,ACTIVO,2024-03-02
C000010,Z001,500,Activo,2026-05-23
C000011,Z001,100,ACTIVO,2025-03-24
C000012,Z001,100,Activo,2024-02-09
C000013,Z001,300,SUSPENDIDO,2025-01-04
C000014,Z001,200,ACTIVO,2024-10-20
C000015,Z001,100,ACTIVO,2025-09-09
C000016,Z001,100,Activo,2025-03-04
C000017,Z001,200, activo ,2025-07-20
C000018,Z001,200, activo ,2025-09-22
C000019,Z001,500,ACTIVO,2026-03-19
C000020,Z001,300,ACTIVO,2024-09-16
C000021,Z001,100,ACTIVO,2025-12-18
C000022,Z001,300,Activo,2025-12-09
C000023,Z001,300,ACTIVO,2025-03-31
C000024,Z001,100,ACTIVO,2025-05-26
C000025,Z001,300,ACTIVO,2026-02-08
C000026,Z001,300,Activo,2025-05-23
C000027,Z001,300,ACTIVO,2025-12-16
C000028,Z001,100,ACTIVO,2024-09-30
C000029,Z001,100,ACTIVO,2026-06-12
C000030,Z001,100,ACTIVO,2026-02-07
C000031,Z001,200,ACTIVO,2025-01-25
C000032,Z001,300, activo ,2025-08-18
C000033,Z001,300,ACTIVO,2025-01-11
C000034,Z001,100,ACTIVO,2026-01-02
C000035,Z001,100,Activo,2025-09-19
C000036,Z001,100,ACTIVO,2025-02-19
C000037,Z001,100,Activo,2025-03-22
C000038,Z001,200,ACTIVO,2025-02-05
C000039,Z001,300,ACTIVO,2026-05-13
C000040,Z001,100,SUSPENDIDO,2024-03-19
C000041,Z001,500,Activo,2025-02-15
C000042,Z001,600,Activo,2024-08-27
C000043,Z001,300,ACTIVO,2025-10-25
C000044,Z001,100, activo ,2024-09-02
C000045,Z001,200,ACTIVO,2025-10-11
C000046,Z001,300,ACTIVO,2024-10-02
C000047,Z001,500,Activo,2025-03-19
C000048,Z001,200,Activo,2025-10-09
C000049,Z001,300,Activo,2025-07-19
C000050,Z001,200,ACTIVO,2024-03-16
C000051,Z001,200,ACTIVO,2025-08-17
C000052,Z001,100,ACTIVO,2024-05-10
C000053,Z001,100, activo ,2026-06-09
C000054,Z001,200,ACTIVO,2025-06-06
C000055,Z001,100,SUSPENDIDO,2025-01-11
C000056,Z001,300,ACTIVO,2025-03-10
C000057,Z001,200,ACTIVO,2025-02-01
C000058,Z001,300,ACTIVO,2026-04-24
C000059,Z001,200,ACTIVO,2025-05-05
C000060,Z001,200,ACTIVO,2025-04-13
C000061,Z001,500, activo ,2025-05-03
C000062,Z001,300,ACTIVO,2024-05-06
C000063,Z001,300,ACTIVO,2024-08-07
C000064,Z001,300,Activo,2025-08-16
C000065,Z001,100, activo ,2026-05-27
C000066,Z001,100,ACTIVO,2024-07-26
C000067,Z001,200, activo ,2025-02-18
C000068,Z001,200,SUSPENDIDO,2025-12-28
C000069,Z001,200,ACTIVO,2026-03-25
C000070,Z001,500,ACTIVO,2024-08-18
C000071,Z001,100,ACTIVO,2026-05-22
C000072,Z001,500,Activo,2026-06-12
C000073,Z001,500, activo ,2024-04-14
C000074,Z001,200,Activo,2025-04-11
C000075,Z001,300,ACTIVO,2026-03-08
C000076,Z001,300,ACTIVO,2024-03-26
C000077,Z001,500,ACTIVO,2024-01-29
C000078,Z001,500,ACTIVO,2024-04-20
C000079,Z001,100,ACTIVO,2025-10-09
C000080,Z001,100,ACTIVO,2026-02-26
C000081,Z001,300,SUSPENDIDO,2025-03-25
C000082,Z001,100,ACTIVO,2025-03-26
C000083,Z001,100,ACTIVO,2024-01-17
C000084,Z001,100,ACTIVO,2025-09-01
C000085,Z001,300,ACTIVO,2025-01-10
C000086,Z001,500,Activo,2024-06-28
C000087,Z001,300,ACTIVO,2025-01-25
C000088,Z001,500,ACTIVO,2024-04-21
C000089,Z001,200,ACTIVO,2025-04-02
C000090,Z001,600,ACTIVO,2025-08-19
C000091,Z001,500,ACTIVO,2025-06-21
C000092,Z001,300,ACTIVO,2025-05-14
C000093,Z001,100,ACTIVO,2024-01-06
C000094,Z001,300, activo ,2026-05-19
C000095,Z001,500,ACTIVO,2025-07-24
C000096,Z001,100,ACTIVO,2025-12-07
C000097,Z001,500, activo ,2025-02-20
C000098,Z001,200,Activo,2024-07-28
C000099,Z001,500,Activo,2024-09-17
C000100,Z001,200,ACTIVO,2025-01-06
C000101,Z001,300, activo ,2024-09-03
C000102,Z001,200,ACTIVO,2025-02-12
C000103,Z001,300, activo ,2026-05-13
C000104,Z001,100,ACTIVO,2024-04-04
C000105,Z001,100, activo ,2024-10-13
C000106,Z001,100, activo ,2024-10-06
C000107,Z001,100,ACTIVO,2025-06-03
C000108,Z001,100,ACTIVO,2024-05-18
C000109,Z001,100,ACTIVO,2026-01-17
C000110,Z001,300,Activo,2024-02-18
C000111,Z001,200,ACTIVO,2026-06-04
C000112,Z001,500, activo ,2025-03-30
C000113,Z001,100,ACTIVO,2026-03-11
C000114,Z001,200,ACTIVO,2024-08-01
C000115,Z001,200,ACTIVO,2024-01-07
C000116,Z001,200,ACTIVO,2024-12-02
C000117,Z001,500,ACTIVO,2024-12-29
C000118,Z001,100, activo ,2026-04-12
C000119,Z001,500,SUSPENDIDO,2024-10-15
C000120,Z001,300,Activo,2025-12-22
C000121,Z001,300,ACTIVO,2026-01-13
C000122,Z001,200, activo ,2025-04-27
C000123,Z001,200,ACTIVO,2025-09-09
C000124,Z001,200,ACTIVO,2025-07-29
C000125,Z001,200,ACTIVO,2025-06-27
C000126,Z001,200,ACTIVO,2024-07-28
C000127,Z001,200,ACTIVO,2024-06-13
C000128,Z001,200, activo ,2025-09-09
C000129,Z001,500,ACTIVO,2025-11-24
C000130,Z001,200, activo ,2024-10-22
C000131,Z001,300, activo ,2025-05-12
C000132,Z001,300,ACTIVO,2025-04-24
C000133,Z001,300,ACTIVO,2025-06-21
C000134,Z001,500,ACTIVO,2025-09-17
C000135,Z001,300,ACTIVO,2025-07-13
C000136,Z001,100, activo ,2025-10-15
C000137,Z001,100,SUSPENDIDO,2024-06-01
C000138,Z001,300, activo ,2025-12-21
C000139,Z001,500, activo ,2024-03-22
C000140,Z001,300,ACTIVO,2024-08-16
C000141,Z001,300,ACTIVO,2024-04-26
C000142,Z001,300,ACTIVO,2025-05-23
C000143,Z001,200,Activo,2026-04-08
C000144,Z001,200,ACTIVO,2025-12-20
C000145,Z001,500,ACTIVO,2025-12-08
C000146,Z001,100,Activo,2024-04-15
C000147,Z001,200,Activo,2024-07-06
C000148,Z001,200, activo ,2025-08-27
C000149,Z001,300,ACTIVO,2025-12-16
C000150,Z001,200,ACTIVO,2024-11-23
C000151,Z001,100, activo ,2025-05-14
C000152,Z001,200,Activo,2025-01-29
C000153,Z001,300, activo ,2024-11-20
C000154,Z001,200,ACTIVO,2025-12-03
C000155,Z001,600,Activo,2026-01-31
C000156,Z001,100, activo ,2026-05-06
C000157,Z001,300,ACTIVO,2025-03-06
C000158,Z001,300,ACTIVO,2025-06-13
C000159,Z001,200, activo ,2025-01-23
C000160,Z001,200,ACTIVO,2024-09-22
C000161,Z001,200, activo ,2025-10-26
C000162,Z001,100,SUSPENDIDO,2025-12-04
C000163,Z001,500,ACTIVO,2025-12-01
C000164,Z001,100,SUSPENDIDO,2026-01-23
C000165,Z001,300,Activo,2025-07-14
C000166,Z001,500,ACTIVO,2024-03-22
C000167,Z001,200,ACTIVO,2026-02-07
C000168,Z001,100, activo ,2025-11-30
C000169,Z001,300,ACTIVO,2024-01-05
C000170,Z001,100,Activo,2024-01-05
C000171,Z001,500,ACTIVO,2024-09-16
C000172,Z001,100, activo ,2026-02-03
C000173,Z001 ,500,Activo,2026-01-31
C000174,Z001,500,ACTIVO,2025-09-20
C000175,Z001,100,ACTIVO,2025-09-19
C000176,Z001,300,Activo,2025-03-30
C000177,Z001,500,ACTIVO,2026-01-01
C000178,Z001,100,ACTIVO,2025-10-23
C000179,Z001,300,SUSPENDIDO,2025-11-05
C000180,Z001,100,Activo,2025-07-04
C000181,Z001,100, activo ,2025-02-17
C000182,Z001,100,ACTIVO,2025-09-30
C000183,Z001,100,SUSPENDIDO,2025-06-16
C000184,Z001,300,Activo,2025-02-16
C000185,Z001,300,ACTIVO,2024-08-11
C000186,Z001,200,ACTIVO,2026-05-01
C000187,Z001,300,Activo,2025-02-02
C000188,Z001,100,ACTIVO,2026-04-26
C000189,Z001,200,ACTIVO,2024-04-26
C000190,Z001,100,ACTIVO,2024-04-17
C000191,Z001,200,ACTIVO,2025-12-08
C000192,Z001,300,ACTIVO,2025-07-03
C000193,Z001,200,ACTIVO,2026-05-04
C000194,Z001,200,ACTIVO,2025-06-13
C000195,Z001,200,ACTIVO,2024-05-13
C000196,Z001,300,ACTIVO,2024-07-22
C000197,Z001,300,Activo,2025-06-12
C000198,Z001,200, activo ,2025-08-10
C000199,Z001,300,ACTIVO,2025-04-21
C000200,Z001,200,ACTIVO,2025-07-17
C000201,Z001,300, activo ,2024-04-25
C000202,Z001,200,ACTIVO,2026-04-08
C000203,Z001,500,ACTIVO,2025-04-12
C000204,Z001,200,ACTIVO,2026-01-23
C000205,Z001 ,100, activo ,2026-01-09
C000206,Z001,200,ACTIVO,2024-02-20
C000207,Z001,100,ACTIVO,2024-02-29
C000208,Z001,100, activo ,2025-10-30
C000209,Z001,500,ACTIVO,2025-09-30
C000210,Z001,300,ACTIVO,2024-05-18
C000211,Z001,200,SUSPENDIDO,2024-03-09
C000212,Z001,300,ACTIVO,2026-06-14
C000213,Z001,300,Activo,2025-11-08
C000214,Z001,300,ACTIVO,2024-12-15
C000215,Z001,100,ACTIVO,2025-02-24
C000216,Z001,100, activo ,2024-05-27
C000217,Z001,600,ACTIVO,2024-06-29
C000218,Z001,600,ACTIVO,2026-01-25
C000219,Z001,200,ACTIVO,2024-10-22
C000220,Z001,300,ACTIVO,2024-03-13
C000221,Z001,200,ACTIVO,2024-10-02
C000222,Z001,500,ACTIVO,2024-06-11
C000223,Z001,100,ACTIVO,2024-06-23
C000224,Z001,300,ACTIVO,2025-03-17
C000225,Z001,100,ACTIVO,2026-01-26
C000226,Z001,300,Activo,2026-01-29
C000227,Z001,300,Activo,2025-07-06
C000228,Z001,200,ACTIVO,2024-02-22
C000229,Z001,200, activo ,2024-10-24
C000230,Z001,300, activo ,2025-03-10
C000231,Z001,200, activo ,2024-10-01
C000232,Z001,500,ACTIVO,2025-06-12
C000233,Z001,200,ACTIVO,2025-04-10
C000234,Z001,200, activo ,2024-04-04
C000235,Z001,300,ACTIVO,2024-01-08
C000236,Z001,100,ACTIVO,2024-10-31
C000237,Z001,500,ACTIVO,2025-01-13
C000238,Z001,300,ACTIVO,2024-10-03
C000239,Z001,200,Activo,2025-04-18
C000240,Z001,600,Activo,2025-07-24
C000241,Z001,200,Activo,2025-08-08
C000242,Z001,300,SUSPENDIDO,2026-03-23
C000243,Z001,300, activo ,2024-03-07
C000244,Z001,300,ACTIVO,2024-04-12
C000245,Z001,300,Activo,2025-01-10
C000246,Z001,600,ACTIVO,2026-05-22
C000247,Z001,300,Activo,2025-07-27
C000248,Z001,100,ACTIVO,2024-11-07
C000249,Z001,300,ACTIVO,2026-02-26
C000250,Z001,200,SUSPENDIDO,2026-06-05
C000251,Z001,200, activo ,2025-08-07
C000252,Z001,300, activo ,2024-03-17
C000253,Z001,500, activo ,2024-08-02
C000254,Z001,200,ACTIVO,2024-02-03
C000255,Z001,100,Activo,2025-11-17
C000256,Z001,300, activo ,2025-10-03
C000257,Z001,300, activo ,2024-12-09
C000258,Z001,100,Activo,2024-02-14
C000259,Z001,500,ACTIVO,2026-05-06
C000260,Z001,300,ACTIVO,2025-04-08
C000261,Z001,200, activo ,2025-07-03
C000262,Z001,100, activo ,2025-08-27
C000263,Z001,200, activo ,2026-03-23
C000264,Z001,300,ACTIVO,2024-09-26
C000265,Z001,200, activo ,2026-02-18
C000266,Z001,100,ACTIVO,2024-06-17
C000267,Z001,300, activo ,2025-04-25
C000268,Z001,200,ACTIVO,2026-06-17
C000269,Z001,100,ACTIVO,2024-06-17
C000270,Z001,300,ACTIVO,2026-06-16
C000271,Z001,200, activo ,2024-07-16
C000272,Z001,100,ACTIVO,2025-03-23
C000273,Z001,100,ACTIVO,2025-05-14
C000274,Z001,200,Activo,2024-01-16
C000275,Z001,200,ACTIVO,2026-03-09
C000276,Z001,300,ACTIVO,2026-05-13
C000277,Z001,200, activo ,2024-12-13
C000278,Z001,200, activo ,2024-07-30
C000279,Z001,200,Activo,2024-07-13
C000280,Z001,300,ACTIVO,2025-06-15
C000281,Z001,200,ACTIVO,2024-06-08
C000282,Z001,500,ACTIVO,2024-05-19
C000283,Z001,300, activo ,2025-06-10
C000284,Z001,200,ACTIVO,2025-12-06
C000285,Z001,600,Activo,2024-08-18
C000286,Z001,500, activo ,2026-01-03
C000287,Z001,100,ACTIVO,2024-10-14
C000288,Z001,300,SUSPENDIDO,2024-04-01
C000289,Z001,200,ACTIVO,2024-05-05
C000290,Z001,600,ACTIVO,2024-02-02
C000291,Z001,100,ACTIVO,2025-05-29
C000292,Z001,200,ACTIVO,2024-02-28
C000293,Z001,200,ACTIVO,2026-02-05
C000294,Z001,200,ACTIVO,2024-04-10
C000295,Z001,300,ACTIVO,2026-05-29
C000296,Z001,200,ACTIVO,2024-09-28
C000297,Z001,100,ACTIVO,2025-01-08
C000298,Z001,100,ACTIVO,2026-02-15
C000299,Z001,200,ACTIVO,2025-01-04
C000300,Z001,300, activo ,2025-01-23
C000301,Z001,200,ACTIVO,2025-06-21
C000302,Z001,200,Activo,2024-08-06
C000303,Z001,100,ACTIVO,2024-08-10
C000304,Z001,100,ACTIVO,2026-04-17
C000305,Z001,300,ACTIVO,2025-06-27
C000306,Z001,100, activo ,2024-02-12
C000307,Z001,100,ACTIVO,2026-01-04
C000308,Z001,100,Activo,2024-01-29
C000309,Z001,200,ACTIVO,2024-07-26
C000310,Z001,500,ACTIVO,2025-06-15
C000311,Z001,500,Activo,2025-02-16
C000312,Z001,300, activo ,2024-05-26
C000313,Z001,200, activo ,2025-05-16
C000314,Z001,300,SUSPENDIDO,2025-02-13
C000315,Z001,200, activo ,2024-05-13
C000316,Z001,500,Activo,2024-10-13
C000317,Z001,100,ACTIVO,2025-07-26
C000318,Z001,100,ACTIVO,2024-10-12
C000319,Z001,200,ACTIVO,2025-09-23
C000320,Z001,300,Activo,2024-05-28
C000321,Z001,300,ACTIVO,2024-04-21
C000322,Z001,300,ACTIVO,2026-03-12
C000323,Z001,100,Activo,2024-02-24
C000324,Z001,200,SUSPENDIDO,2024-06-04
C000325,Z001,100,ACTIVO,2025-05-13
C000326,Z001,300,ACTIVO,2026-06-12
C000327,Z001 ,500, activo ,2025-01-08
C000328,Z001,300,ACTIVO,2025-04-27
C000329,Z001,100,ACTIVO,2024-04-28
C000330,Z001,300, activo ,2024-09-22
C000331,Z001,100,ACTIVO,2024-05-20
C000332,Z001,500,ACTIVO,2024-07-27
C000333,Z001,300,ACTIVO,2025-04-17
C000334,Z001,300,Activo,2024-12-22
C000335,Z001,300,Activo,2025-10-07
C000336,Z001,200,ACTIVO,2026-06-04
C000337,Z001,100, activo ,2024-11-18
C000338,Z001,200,ACTIVO,2025-04-13
C000339,Z001,500,ACTIVO,2024-05-24
C000340,Z001,100,SUSPENDIDO,2025-09-06
C000341,Z001,100,ACTIVO,2026-04-07
C000342,Z001,500,ACTIVO,2026-02-12
C000343,Z001,200,Activo,2025-08-02
C000344,Z001,200,ACTIVO,2026-03-01
C000345,Z001,300,Activo,2025-04-25
C000346,Z001,300,ACTIVO,2025-12-05
C000347,Z001,500, activo ,2026-02-14
C000348,Z001,100,ACTIVO,2025-12-19
C000349,Z001,300,ACTIVO,2024-07-08
C000350,Z001,200,Activo,2026-05-31
C000351,Z001,500,ACTIVO,2025-07-17
C000352,Z001,300,ACTIVO,2024-10-14
C000353,Z001,200,Activo,2025-06-02
C000354,Z001,200,ACTIVO,2026-04-21
C000355,Z001,200,ACTIVO,2025-11-23
C000356,Z001,100,Activo,2024-04-27
C000357,Z001,200,SUSPENDIDO,2025-10-16
C000358,Z001,100,Activo,2024-08-07
C000359,Z001,500,ACTIVO,2025-03-06
C000360,Z001,100,ACTIVO,2024-06-30
C000361,Z001,200,ACTIVO,2024-04-25
C000362,Z001,200,SUSPENDIDO,2024-02-10
C000363,Z001,300,ACTIVO,2026-03-06
C000364,Z001,200,ACTIVO,2024-04-09
C000365,Z001,300, activo ,2025-11-26
C000366,Z001,600,SUSPENDIDO,2026-03-22
C000367,Z001,600,ACTIVO,2025-01-04
C000368,Z001,200,ACTIVO,2024-05-04
C000369,Z001,100, activo ,2025-10-30
C000370,Z001,300,ACTIVO,2025-07-09
C000371,Z001,200,ACTIVO,2024-04-06
C000372,Z001,300,Activo,2026-02-05
C000373,Z001,200,ACTIVO,2026-01-21
C000374,Z001,300,Activo,2024-12-30
C000375,Z001,100, activo ,2025-01-02
C000376,Z001,500,ACTIVO,2024-04-18
C000377,Z001,200, activo ,2025-07-09
C000378,Z001,200,ACTIVO,2024-06-10
C000379,Z001,200,Activo,2024-04-30
C000380,Z001,500,ACTIVO,2026-02-05
C000381,Z001,200,ACTIVO,2024-10-26
C000382,Z001,100, activo ,2024-08-08
C000383,Z001,500,Activo,2024-10-22
C000384,Z001,200,ACTIVO,2025-04-10
C000385,Z001,200,ACTIVO,2024-11-21
C000386,Z001,100,SUSPENDIDO,2024-04-28
C000387,Z001,200,SUSPENDIDO,2024-05-12
C000388,Z001,300,ACTIVO,2024-05-27
C000389,Z001,200,ACTIVO,2024-12-08
C000390,Z001,500,ACTIVO,2024-04-17
C000391,Z001,300,ACTIVO,2026-05-23
C000392,Z001,200,ACTIVO,2024-12-26
C000393,Z001,600, activo ,2026-01-05
C000394,Z001,200,ACTIVO,2025-10-29
C000395,Z001,500,ACTIVO,2025-05-18
C000396,Z001,200, activo ,2024-02-15
C000397,Z001,300,Activo,2025-07-27
C000398,Z001,100, activo ,2025-12-15
C000399,Z001,200,Activo,2025-11-09
C000400,Z001,600,ACTIVO,2024-01-03
C000401,Z001,100,ACTIVO,2025-12-19
C000402,Z001,100,Activo,2024-04-26
C000403,Z001,200, activo ,2025-08-05
C000404,Z001,300,ACTIVO,2024-10-14
C000405,Z001,300,ACTIVO,2024-03-06
C000406,Z001,600,ACTIVO,2025-03-01
C000407,Z001,100,Activo,2026-06-06
C000408,Z001,100,ACTIVO,2026-01-31
C000409,Z001,500,Activo,2024-09-06
C000410,Z001,200,Activo,2026-06-11
C000411,Z001,200, activo ,2025-10-05
C000412,Z001,300,ACTIVO,2024-11-25
C000413,Z001,300,Activo,2025-06-14
C000414,Z001,500,ACTIVO,2025-04-03
C000415,Z001,300,ACTIVO,2025-09-18
C000416,Z001,200,ACTIVO,2025-01-02
C000417,Z001,100,Activo,2024-04-28
C000418,Z001,300,ACTIVO,2025-08-12
C000419,Z001,200,ACTIVO,2024-05-26
C000420,Z001,500,ACTIVO,2025-12-01
C000421,Z001,300,ACTIVO,2026-02-23
C000422,Z001,100,ACTIVO,2024-09-04
C000423,Z001,300, activo ,2025-10-29
C000424,Z001,300,Activo,2024-07-01
C000425,Z001,600,Activo,2025-11-01
C000426,Z001,300,ACTIVO,2024-08-17
C000427,Z001,600,ACTIVO,2025-01-31
C000428,Z001,100,ACTIVO,2025-09-08
C000429,Z001,500,Activo,2024-11-22
C000430,Z001,500, activo ,2025-02-03
C000431,Z001,200,ACTIVO,2025-09-26
C000432,Z001,300,ACTIVO,2025-03-16
C000433,Z001,200, activo ,2026-05-09
C000434,Z001,500,SUSPENDIDO,2026-04-11
C000435,Z001,300,Activo,2024-07-28
C000436,Z001,200,ACTIVO,2025-11-17
C000437,Z001,200,Activo,2025-07-24
C000438,Z001,200,ACTIVO,2024-09-17
C000439,Z001,200,ACTIVO,2025-08-14
C000440,Z001,500,ACTIVO,2026-01-04
C000441,Z001,100,ACTIVO,2025-02-13
C000442,Z001,500,ACTIVO,2025-12-18
C000443,Z001,300,ACTIVO,2024-04-13
C000444,Z001,600,ACTIVO,2024-12-17
C000445,Z001,100,ACTIVO,2024-12-26
C000446,Z001,500,SUSPENDIDO,2025-07-11
C000447,Z001,100,ACTIVO,2025-06-13
C000448,Z001,200, activo ,2025-12-12
C000449,Z001,300,ACTIVO,2025-10-01
C000450,Z001,100,ACTIVO,2026-01-19
C000451,Z001,300,ACTIVO,2024-09-22
C000452,Z001,300,SUSPENDIDO,2025-09-09
C000453,Z001,600,ACTIVO,2024-04-05
C000454,Z001,300,SUSPENDIDO,2024-03-26
C000455,Z001,200,ACTIVO,2024-06-09
C000456,Z001,100,Activo,2025-01-17
C000457,Z001,200, activo ,2025-09-05
C000458,Z001,500,ACTIVO,2026-01-18
C000459,Z001,200,Activo,2025-10-05
C000460,Z001,200, activo ,2025-12-22
C000461,Z001,100, activo ,2026-04-04
C000462,Z001,100,ACTIVO,2024-03-27
C000463,Z001,100,ACTIVO,2024-07-23
C000464,Z001,200,Activo,2024-01-01
C000465,Z001,100,Activo,2025-11-03
C000466,Z001,100,ACTIVO,2026-01-10
C000467,Z001,500, activo ,2025-05-12
C000468,Z001,500,ACTIVO,2025-04-30
C000469,Z001,200,Activo,2025-06-12
C000470,Z001,300,ACTIVO,2024-08-19
C000471,Z001,300,ACTIVO,2024-10-05
C000472,Z001,100,ACTIVO,2024-11-27
C000473,Z001,300,ACTIVO,2025-11-14
C000474,Z001,100,ACTIVO,2024-03-18
C000475,Z001,500,ACTIVO,2025-09-21
C000476,Z001,100,Activo,2026-06-10
C000477,Z001,200,ACTIVO,2024-06-14
C000478,Z001,600, activo ,2026-02-26
C000479,Z001,100,ACTIVO,2025-03-01
C000480,Z001,200,Activo,2025-08-13
C000481,Z001,300,ACTIVO,2024-12-11
C000482,Z001,300,ACTIVO,2026-01-15
C000483,Z001,100,Activo,2024-11-30
C000484,Z001,200,ACTIVO,2025-03-13
C000485,Z001,300, activo ,2024-11-09
C000486,Z001,200,ACTIVO,2025-05-20
C000487,Z001,200,ACTIVO,2025-02-09
C000488,Z001,300,ACTIVO,2025-05-22
C000489,Z001,100,ACTIVO,2025-06-22
C000490,Z001,300,ACTIVO,2026-03-16
C000491,Z001,500,ACTIVO,2026-01-17
C000492,Z001,500,ACTIVO,2025-03-04
C000493,Z001,100,ACTIVO,2025-02-21
C000494,Z001,300,ACTIVO,2024-06-24
C000495,Z001,100,ACTIVO,2024-04-04
C000496,Z001,100,ACTIVO,2025-01-15
C000497,Z001,500,ACTIVO,2024-11-05
C000498,Z001,100,ACTIVO,2024-11-20
C000499,Z001,200,Activo,2025-01-11
C000500,Z001,500, activo ,2024-07-03
C000501,Z001,100,ACTIVO,2024-02-15
C000502,Z001,300,ACTIVO,2024-04-13
C000503,Z001,500,Activo,2024-04-03
C000504,Z001,200,SUSPENDIDO,2026-01-07
C000505,Z001,100,ACTIVO,2024-02-26
C000506,Z001,500,ACTIVO,2024-10-18
C000507,Z001,500,ACTIVO,2025-12-22
C000508,Z001,200,ACTIVO,2026-05-30
C000509,Z001,600,ACTIVO,2025-12-25
C000510,Z001 ,300,ACTIVO,2024-12-23
C000511,Z001,200,ACTIVO,2026-06-02
C000512,Z001,500,ACTIVO,2024-04-02
C000513,Z001,200,ACTIVO,2025-01-30
C000514,Z001,300, activo ,2025-01-23
C000515,Z001,500,ACTIVO,2025-11-26
C000516,Z001,200,ACTIVO,2024-10-23
C000517,Z001,200,Activo,2024-11-11
C000518,Z001,200,ACTIVO,2025-05-13
C000519,Z001,200,ACTIVO,2024-10-02
C000520,Z001,300,ACTIVO,2024-05-29
C000521,Z001,100,ACTIVO,2025-11-13
C000522,Z001,200, activo ,2025-11-10
C000523,Z001,500,ACTIVO,2024-04-04
C000524,Z001,100, activo ,2025-08-25
C000525,Z001,200, activo ,2026-04-09
C000526,Z001,100,ACTIVO,2025-06-05
C000527,Z001,300,ACTIVO,2024-03-15
C000528,Z001,300, activo ,2024-01-24
C000529,Z001,200,ACTIVO,2025-02-10
C000530,Z001,300,ACTIVO,2024-01-05
C000531,Z001,500,ACTIVO,2026-02-04
C000532,Z001,200,ACTIVO,2025-05-23
C000533,Z001,300,ACTIVO,2024-07-12
C000534,Z001,600,SUSPENDIDO,2025-04-27
C000535,Z001,500,ACTIVO,2026-04-17
C000536,Z001,500,ACTIVO,2025-06-18
C000537,Z001,100, activo ,2025-03-30
C000538,Z001,300,SUSPENDIDO,2025-03-09
C000539,Z001,300,ACTIVO,2026-04-21
C000540,Z001,200,ACTIVO,2024-11-28
C000541,Z001,500, activo ,2024-03-03
C000542,Z001,200, activo ,2024-09-12
C000543,Z001,100,ACTIVO,2025-03-31
C000544,Z001,300,ACTIVO,2025-02-21
C000545,Z001,300,ACTIVO,2025-12-12
C000546,Z001,100,ACTIVO,2025-07-10
C000547,Z001,200,ACTIVO,2025-02-06
C000548,Z001,100,ACTIVO,2024-05-05
C000549,Z001,100, activo ,2024-06-27
C000550,Z001,500,SUSPENDIDO,2024-12-30
C000551,Z001,100,Activo,2026-06-10
C000552,Z001,300,ACTIVO,2026-02-23
C000553,Z001,200,ACTIVO,2024-07-03
C000554,Z001,600,SUSPENDIDO,2025-04-26
C000555,Z001,100,Activo,2025-05-05
C000556,Z001,500,ACTIVO,2024-09-28
C000557,Z001,500, activo ,2026-03-31
C000558,Z001,100, activo ,2024-04-15
C000559,Z001,100,ACTIVO,2024-03-03
C000560,Z001,300,ACTIVO,2026-04-04
C000561,Z001,200,ACTIVO,2024-06-03
C000562,Z001,200,ACTIVO,2026-05-21
C000563,Z001,200,SUSPENDIDO,2024-06-28
C000564,Z001,500,Activo,2024-03-25
C000565,Z001,500,SUSPENDIDO,2025-07-11
C000566,Z001,500,ACTIVO,2026-01-27
C000567,Z001 ,500,ACTIVO,2024-12-15
C000568,Z001,500,SUSPENDIDO,2025-05-04
C000569,Z001,300,ACTIVO,2025-02-14
C000570,Z001,200,ACTIVO,2025-02-14
C000571,Z001,200,ACTIVO,2025-10-13
C000572,Z001,300,ACTIVO,2024-03-10
C000573,Z001,500,Activo,2024-03-19
C000574,Z001,100,ACTIVO,2024-02-01
C000575,Z001,600,ACTIVO,2024-12-11
C000576,Z001,500,SUSPENDIDO,2025-04-09
C000577,Z001,100,ACTIVO,2024-11-15
C000578,Z001,100,ACTIVO,2024-05-18
C000579,Z001,300, activo ,2024-08-22
C000580,Z001,300,ACTIVO,2025-04-28
C000581,Z001,500,Activo,2025-08-09
C000582,Z001,500,ACTIVO,2026-02-16
C000583,Z001,100,ACTIVO,2025-01-01
C000584,Z001,500,ACTIVO,2025-01-29
C000585,Z001,300,ACTIVO,2025-01-15
C000586,Z001,200,Activo,2024-06-13
C000587,Z001,300,ACTIVO,2025-12-28
C000588,Z001,300,ACTIVO,2024-07-24
C000589,Z001,500,ACTIVO,2026-01-09
C000590,Z001,200,ACTIVO,2024-04-06
C000591,Z001,200,ACTIVO,2024-09-06
C000592,Z001,200,ACTIVO,2026-06-14
C000593,Z001,200,ACTIVO,2025-10-22
C000594,Z001,100,Activo,2025-06-17
C000595,Z001,100,SUSPENDIDO,2024-01-16
C000596,Z001,500,ACTIVO,2025-02-26
C000597,Z001,100, activo ,2025-10-09
C000598,Z001,300,ACTIVO,2025-08-06
C000599,Z001,300, activo ,2025-11-24
C000600,Z001,200,Activo,2025-07-21
C000601,Z001,300,SUSPENDIDO,2025-09-26
C000602,Z001,200, activo ,2024-11-29
C000603,Z001,200,Activo,2025-03-16
C000604,Z001,100,Activo,2025-02-17
C000605,Z001,100,ACTIVO,2024-12-02
C000606,Z001,300, activo ,2025-07-18
C000607,Z001,200,ACTIVO,2024-03-30
C000608,Z001,100,ACTIVO,2026-05-10
C000609,Z001,200,ACTIVO,2024-06-19
C000610,Z001,300,Activo,2026-03-05
C000611,Z001,100,ACTIVO,2025-12-09
C000612,Z001,100,ACTIVO,2025-03-06
C000613,Z001,200,ACTIVO,2025-09-28
C000614,Z001,300,ACTIVO,2025-05-10
C000615,Z001,200, activo ,2025-06-07
C000616,Z001,500,ACTIVO,2025-11-04
C000617,Z001,500,ACTIVO,2024-11-01
C000618,Z001,100,ACTIVO,2024-11-20
C000619,Z001,200,ACTIVO,2026-03-29
C000620,Z001,200,ACTIVO,2025-11-07
C000621,Z001,100,ACTIVO,2025-09-22
C000622,Z001,200,ACTIVO,2024-09-29
C000623,Z001,300, activo ,2024-11-24
C000624,Z001,300, activo ,2025-03-24
C000625,Z001,600,Activo,2025-01-31
C000626,Z001,500, activo ,2026-03-11
C000627,Z001,200,ACTIVO,2025-10-01
C000628,Z001,200,ACTIVO,2024-01-15
C000629,Z001,200,ACTIVO,2025-11-18
C000630,Z001,500,ACTIVO,2025-05-11
C000631,Z001,100, activo ,2024-03-02
C000632,Z001,600, activo ,2026-02-02
C000633,Z001,500,ACTIVO,2024-04-25
C000634,Z001,200,Activo,2024-12-27
C000635,Z001,500,ACTIVO,2026-06-14
C000636,Z001,200,ACTIVO,2025-05-16
C000637,Z001,100,ACTIVO,2025-07-20
C000638,Z001,200, activo ,2026-05-04
C000639,Z001,300,ACTIVO,2025-10-27
C000640,Z001,500,ACTIVO,2024-06-06
C000641,Z001,500,ACTIVO,2024-09-26
C000642,Z001,500,ACTIVO,2025-09-01
C000643,Z001,200,SUSPENDIDO,2025-05-20
C000644,Z001,200,ACTIVO,2024-08-26
C000645,Z001,200,Activo,2025-07-01
C000646,Z001,200, activo ,2025-11-25
C000647,Z001,100,ACTIVO,2025-05-29
C000648,Z001,600,ACTIVO,2025-05-29
C000649,Z001,100,ACTIVO,2025-10-17
C000650,Z001,100,ACTIVO,2025-12-29
C000651,Z001,300,ACTIVO,2024-07-31
C000652,Z001,100,ACTIVO,2024-06-18
C000653,Z001,200, activo ,2025-04-18
C000654,Z001,300,SUSPENDIDO,2025-08-01
C000655,Z001,200,ACTIVO,2024-08-06
C000656,Z001,200,Activo,2026-04-11
C000657,Z001,300,ACTIVO,2025-01-07
C000658,Z001,100,ACTIVO,2025-02-25
C000659,Z001,200,ACTIVO,2024-06-22
C000660,Z001,500, activo ,2025-12-17
C000661,Z001,200,ACTIVO,2024-04-16
C000662,Z001,100, activo ,2024-08-17
C000663,Z001,200,ACTIVO,2024-12-28
C000664,Z001,200,ACTIVO,2026-02-01
C000665,Z001,100,Activo,2025-01-25
C000666,Z001,100, activo ,2025-12-05
C000667,Z001,500, activo ,2024-03-06
C000668,Z001,100, activo ,2024-07-23
C000669,Z001,200,Activo,2025-04-28
C000670,Z001,100, activo ,2025-11-14
C000671,Z001,500,Activo,2026-05-27
C000672,Z001,500,ACTIVO,2025-02-01
C000673,Z001,300, activo ,2024-05-25
C000674,Z001,200,ACTIVO,2025-11-05
C000675,Z001,100,ACTIVO,2025-08-28
C000676,Z001,300,ACTIVO,2025-03-30
C000677,Z001,300, activo ,2025-12-19
C000678,Z001,300,Activo,2024-08-10
C000679,Z001,200,ACTIVO,2024-10-30
C000680,Z001,600,Activo,2025-12-16
C000681,Z001,500,SUSPENDIDO,2024-12-19
C000682,Z001,300,ACTIVO,2024-11-12
C000683,Z001,600,ACTIVO,2025-06-21
C000684,Z001,500,ACTIVO,2025-01-06
C000685,Z001,300,ACTIVO,2025-07-03
C000686,Z001,500,ACTIVO,2026-05-31
C000687,Z001,300,ACTIVO,2024-07-30
C000688,Z001,300, activo ,2025-06-29
C000689,Z001,100,ACTIVO,2026-04-06
C000690,Z001,300,ACTIVO,2025-10-02
C000691,Z001,100,ACTIVO,2026-01-06
C000692,Z001,100,ACTIVO,2026-02-17
C000693,Z001,500,ACTIVO,2024-11-19
C000694,Z001,200, activo ,2025-11-05
C000695,Z001,300, activo ,2024-09-25
C000696,Z001,200,Activo,2024-07-13
C000697,Z001,200,ACTIVO,2025-01-01
C000698,Z001,600,Activo,2024-01-25
C000699,Z001,300,Activo,2026-04-15
C000700,Z001,200,ACTIVO,2025-04-23
C000701,Z001,300,ACTIVO,2024-01-16
C000702,Z001,500,ACTIVO,2026-03-10
C000703,Z001,300,ACTIVO,2024-08-24
C000704,Z001,500, activo ,2026-05-25
C000705,Z001,200,ACTIVO,2024-09-18
C000706,Z001,100,ACTIVO,2024-07-09
C000707,Z001,100,SUSPENDIDO,2024-03-19
C000708,Z001,100, activo ,2024-03-07
C000709,Z001,300,Activo,2024-02-03
C000710,Z001,500,Activo,2025-07-21
C000711,Z001,200,Activo,2025-01-08
C000712,Z001,200,ACTIVO,2025-02-06
C000713,Z001,100, activo ,2025-12-04
C000714,Z001,100,ACTIVO,2024-08-22
C000715,Z001,500,ACTIVO,2026-05-07
C000716,Z001,500,ACTIVO,2025-09-09
C000717,Z001,300,ACTIVO,2025-11-08
C000718,Z001,300, activo ,2024-07-13
C000719,Z001,200,ACTIVO,2024-08-11
C000720,Z001,300,Activo,2024-09-17
C000721,Z001,300,Activo,2026-04-12
C000722,Z001,300,Activo,2024-05-01
C000723,Z001,300,ACTIVO,2025-11-07
C000724,Z001,200,ACTIVO,2025-02-06
C000725,Z001,100,ACTIVO,2026-01-19
C000726,Z001,100, activo ,2025-10-30
C000727,Z001,300,Activo,2026-05-14
C000728,Z001,200,Activo,2025-03-01
C000729,Z001,500,ACTIVO,2026-05-13
C000730,Z001,300,Activo,2025-04-20
C000731,Z001,100,ACTIVO,2025-08-24
C000732,Z001,500,ACTIVO,2025-03-09
C000733,Z001,200,SUSPENDIDO,2025-04-06
C000734,Z001,100,ACTIVO,2025-02-09
C000735,Z001,100,ACTIVO,2025-08-04
C000736,Z001,300,Activo,2025-01-23
C000737,Z001,100,ACTIVO,2026-05-27
C000738,Z001,500,ACTIVO,2024-05-18
C000739,Z001,300,ACTIVO,2024-12-21
C000740,Z001,200,Activo,2025-07-31
C000741,Z001,100, activo ,2026-04-30
C000742,Z001,300, activo ,2025-03-26
C000743,Z001,600,ACTIVO,2025-10-14
C000744,Z001,200,ACTIVO,2024-09-15
C000745,Z001,300,SUSPENDIDO,2024-01-08
C000746,Z001,200,Activo,2026-06-10
C000747,Z001,500, activo ,2024-10-17
C000748,Z001,200, activo ,2024-07-02
C000749,Z001,200,ACTIVO,2024-08-05
C000750,Z001,600, activo ,2026-06-06
C000751,Z001,500,ACTIVO,2024-02-03
C000752,Z001,300,ACTIVO,2024-10-15
C000753,Z001,200,Activo,2025-01-06
C000754,Z001,300,ACTIVO,2025-01-02
C000755,Z001,200,ACTIVO,2025-01-22
C000756,Z001,500,ACTIVO,2024-06-18
C000757,Z001,100,Activo,2026-06-05
C000758,Z001,100,ACTIVO,2025-05-13
C000759,Z001,100,Activo,2026-03-13
C000760,Z001,100,ACTIVO,2024-09-04
C000761,Z001,300,ACTIVO,2024-01-21
C000762,Z001,100,Activo,2026-02-02
C000763,Z001,200,ACTIVO,2024-12-10
C000764,Z001,500, activo ,2024-03-05
C000765,Z001,100,ACTIVO,2025-06-18
C000766,Z001,300,ACTIVO,2026-03-24
C000767,Z001,100,Activo,2024-05-06
C000768,Z001,300,SUSPENDIDO,2025-10-14
C000769,Z001,200,ACTIVO,2026-04-08
C000770,Z001,200,ACTIVO,2025-03-05
C000771,Z001,100,ACTIVO,2025-03-09
C000772,Z001,100,ACTIVO,2025-10-02
C000773,Z001,300,Activo,2025-07-22
C000774,Z001,500,Activo,2025-11-29
C000775,Z001,100,ACTIVO,2025-07-12
C000776,Z001,200,ACTIVO,2025-06-27
C000777,Z001,100,ACTIVO,2024-05-26
C000778,Z001,100, activo ,2025-01-07
C000779,Z001,500,ACTIVO,2025-07-01
C000780,Z001,100, activo ,2026-04-16
C000781,Z001,600,ACTIVO,2026-02-24
C000782,Z001,600, activo ,2025-11-17
C000783,Z001,600,ACTIVO,2025-12-11
C000784,Z001,500,Activo,2024-03-11
C000785,Z001,300,ACTIVO,2025-07-28
C000786,Z001,100,Activo,2025-05-29
C000787,Z001,100,Activo,2024-06-14
C000788,Z001,200,ACTIVO,2026-02-03
C000789,Z001,200,SUSPENDIDO,2024-04-27
C000790,Z001,200,ACTIVO,2025-10-21
C000791,Z001,100,ACTIVO,2025-06-17
C000792,Z001,300,ACTIVO,2026-04-28
C000793,Z001,500,ACTIVO,2024-06-28
C000794,Z001,200,Activo,2026-02-05
C000795,Z001,500,ACTIVO,2024-03-26
C000796,Z001,600,ACTIVO,2025-09-15
C000797,Z001,100,Activo,2026-02-10
C000798,Z001,100,ACTIVO,2024-11-01
C000799,Z001,300,ACTIVO,2025-04-05
C000800,Z001,500,ACTIVO,2024-10-28
C000801,Z001,500,ACTIVO,2025-12-21
C000802,Z001,300,ACTIVO,2026-05-07
C000803,Z001,500,ACTIVO,2024-09-11
C000804,Z001,100,Activo,2024-05-07
C000805,Z001,100,ACTIVO,2025-02-13
C000806,Z001,200,ACTIVO,2024-05-05
C000807,Z001,200,ACTIVO,2025-01-18
C000808,Z001,300,ACTIVO,2024-01-29
C000809,Z001,300,ACTIVO,2025-01-06
C000810,Z001,200,ACTIVO,2024-01-13
C000811,Z001,200, activo ,2024-01-06
C000812,Z001,200,ACTIVO,2024-12-06
C000813,Z001,100,ACTIVO,2025-11-11
C000814,Z001,200,ACTIVO,2024-11-06
C000815,Z001,300, activo ,2024-10-19
C000816,Z001,300,Activo,2024-01-21
C000817,Z001,200, activo ,2025-03-27
C000818,Z001,500,SUSPENDIDO,2025-07-23
C000819,Z001,100,ACTIVO,2026-05-13
C000820,Z001,100,ACTIVO,2025-05-07
C000821,Z001,600,ACTIVO,2024-03-11
C000822,Z001,500,ACTIVO,2025-02-11
C000823,Z001,200,SUSPENDIDO,2024-09-18
C000824,Z001,100,ACTIVO,2025-03-03
C000825,Z001,500,ACTIVO,2025-12-10
C000826,Z001,100,ACTIVO,2025-03-29
C000827,Z001,500,ACTIVO,2026-06-07
C000828,Z001,200,ACTIVO,2026-05-24
C000829,Z001,500,ACTIVO,2024-04-26
C000830,Z001,500,ACTIVO,2024-09-08
C000831,Z001,200,SUSPENDIDO,2024-07-23
C000832,Z001,200,ACTIVO,2024-06-16
C000833,Z001,200,ACTIVO,2025-10-04
C000834,Z001,100,Activo,2025-09-04
C000835,Z001,200,ACTIVO,2024-12-26
C000836,Z001,300,ACTIVO,2024-11-09
C000837,Z001,200, activo ,2024-02-20
C000838,Z001,100, activo ,2025-05-29
C000839,Z001,200,ACTIVO,2025-05-23
C000840,Z001,100,ACTIVO,2025-03-21
C000841,Z001,300,ACTIVO,2024-09-24
C000842,Z001,500,Activo,2025-12-27
C000843,Z001,300,Activo,2025-09-08
C000844,Z001,200,ACTIVO,2026-06-12
C000845,Z001,200,ACTIVO,2025-12-04
C000846,Z001,300,ACTIVO,2024-06-09
C000847,Z001,500,ACTIVO,2024-08-20
C000848,Z001,100,ACTIVO,2024-02-05
C000849,Z001,200,ACTIVO,2024-11-13
C000850,Z001,100,ACTIVO,2024-09-08
C000851,Z001,200,ACTIVO,2024-11-03
C000852,Z001,100,ACTIVO,2024-10-22
C000853,Z001,100,Activo,2025-06-23
C000854,Z001,500,ACTIVO,2026-06-10
C000855,Z001,200,ACTIVO,2024-01-30
C000856,Z001,300, activo ,2025-11-27
C000857,Z001,500,ACTIVO,2024-04-19
C000858,Z001,500,ACTIVO,2025-11-21
C000859,Z001,500,ACTIVO,2026-04-14
C000860,Z001,300,ACTIVO,2026-06-13
C000861,Z001,300,ACTIVO,2025-08-24
C000862,Z001,500,Activo,2025-11-24
C000863,Z001,500,ACTIVO,2025-11-07
C000864,Z001,200,ACTIVO,2024-09-05
C000865,Z001,200,ACTIVO,2026-05-24
C000866,Z001,200, activo ,2024-12-19
C000867,Z001,200, activo ,2026-04-05
C000868,Z001,200,ACTIVO,2025-01-18
C000869,Z001,200,ACTIVO,2024-12-03
C000870,Z001,100,ACTIVO,2025-03-28
C000871,Z001,300,ACTIVO,2025-03-10
C000872,Z001,200,SUSPENDIDO,2026-01-11
C000873,Z001,300,SUSPENDIDO,2025-06-04
C000874,Z001,100,ACTIVO,2026-01-24
C000875,Z001,100, activo ,2024-09-29
C000876,Z001,200, activo ,2025-06-09
C000877,Z001,100,ACTIVO,2024-12-10
C000878,Z001,100,ACTIVO,2025-10-10
C000879,Z001,500,ACTIVO,2025-04-02
C000880,Z001,200,Activo,2025-04-06
C000881,Z001,100, activo ,2024-08-23
C000882,Z001,100,ACTIVO,2026-03-16
C000883,Z001,300,Activo,2025-03-17
C000884,Z001,100,ACTIVO,2025-02-02
C000885,Z001,600,ACTIVO,2024-10-10
C000886,Z001,200, activo ,2026-02-24
C000887,Z001,100,ACTIVO,2025-06-10
C000888,Z001,500,ACTIVO,2026-04-16
C000889,Z001,200,ACTIVO,2025-10-25
C000890,Z001,100, activo ,2025-01-09
C000891,Z001,200,Activo,2025-07-05
C000892,Z001,100,Activo,2024-03-01
C000893,Z001,200,Activo,2025-02-05
C000894,Z001,500,Activo,2024-03-25
C000895,Z001,500,ACTIVO,2026-02-04
C000896,Z001,200,ACTIVO,2024-10-15
C000897,Z001,200,ACTIVO,2025-02-25
C000898,Z001,200,ACTIVO,2024-11-27
C000899,Z001,100,ACTIVO,2024-10-03
C000900,Z001,200,ACTIVO,2025-07-18
C000901,Z001,200,Activo,2024-01-16
C000902,Z001,300,SUSPENDIDO,2024-12-06
C000903,Z001,200, activo ,2026-03-31
C000904,Z001,100,ACTIVO,2025-12-15
C000905,Z001,300,SUSPENDIDO,2025-12-21
C000906,Z001,100,ACTIVO,2025-02-16
C000907,Z001,100,Activo,2024-01-27
C000908,Z001,300, activo ,2025-04-01
C000909,Z001,300,Activo,2025-02-05
C000910,Z001,500, activo ,2025-11-10
C000911,Z001,100,ACTIVO,2025-09-30
C000912,Z001,500,Activo,2024-07-13
C000913,Z001,200,ACTIVO,2026-03-18
C000914,Z001,300,ACTIVO,2024-11-01
C000915,Z001,100, activo ,2025-10-02
C000916,Z001,100,ACTIVO,2025-11-18
C000917,Z001,600,Activo,2025-06-12
C000918,Z001,200,ACTIVO,2025-07-03
C000919,Z001,100,Activo,2025-07-09
C000920,Z001,100,Activo,2024-02-08
C000921,Z001,500,Activo,2024-07-08
C000922,Z001,200,ACTIVO,2025-02-28
C000923,Z001,200,ACTIVO,2025-05-19
C000924,Z001,300, activo ,2025-01-23
C000925,Z001,600,ACTIVO,2024-12-18
C000926,Z001,100,ACTIVO,2024-12-12
C000927,Z001,200,ACTIVO,2024-04-01
C000928,Z001,200, activo ,2025-11-18
C000929,Z001,100,ACTIVO,2024-01-24
C000930,Z001,100,ACTIVO,2024-12-28
C000931,Z001,600,ACTIVO,2024-04-20
C000932,Z001,300,ACTIVO,2024-06-27
C000933,Z001,300,ACTIVO,2024-10-08
C000934,Z001,100,ACTIVO,2026-01-14
C000935,Z001,300, activo ,2026-01-19
C000936,Z001,300,ACTIVO,2024-11-28
C000937,Z001,100,ACTIVO,2025-04-10
C000938,Z001,200,Activo,2025-10-17
C000939,Z001,100, activo ,2025-09-28
C000940,Z001,100,ACTIVO,2026-01-21
C000941,Z001,100, activo ,2025-10-23
C000942,Z001,300,ACTIVO,2024-07-30
C000943,Z001,500,ACTIVO,2024-01-26
C000944,Z001,600,ACTIVO,2025-03-26
C000945,Z001,500,ACTIVO,2024-09-18
C000946,Z001,500,Activo,2025-03-05
C000947,Z001,300,ACTIVO,2026-01-14
C000948,Z001,200,ACTIVO,2025-01-11
C000949,Z001,200,ACTIVO,2025-09-18
C000950,Z001,200,ACTIVO,2024-10-01
C000951,Z001,100, activo ,2024-07-09
C000952,Z001,100,Activo,2025-06-25
C000953,Z001,500,ACTIVO,2025-01-28
C000954,Z001,100,ACTIVO,2024-05-15
C000955,Z001,300,SUSPENDIDO,2024-08-30
C000956,Z001,300,ACTIVO,2024-02-10
C000957,Z001,300,Activo,2026-01-29
C000958,Z001,100,ACTIVO,2024-11-19
C000959,Z001,600,ACTIVO,2024-12-22
C000960,Z001,100,ACTIVO,2024-06-19
C000961,Z001,300, activo ,2025-09-14
C000962,Z001,500, activo ,2025-11-08
C000963,Z001,200,ACTIVO,2025-11-02
C000964,Z001,200, activo ,2024-09-24
C000965,Z001,300,SUSPENDIDO,2025-03-25
C000966,Z001,200,ACTIVO,2025-01-10
C000967,Z001,100,ACTIVO,2026-05-29
C000968,Z001,100, activo ,2025-04-19
C000969,Z001,100,ACTIVO,2025-11-07
C000970,Z001,100, activo ,2025-11-19
C000971,Z001,300,ACTIVO,2024-02-20
C000972,Z001,300,Activo,2025-09-14
C000973,Z001,500,Activo,2026-03-02
C000974,Z001,200,Activo,2025-06-11
C000975,Z001,600,ACTIVO,2024-06-20
C000976,Z001,200,Activo,2025-08-20
C000977,Z001,600,ACTIVO,2024-01-06
C000978,Z001,200,ACTIVO,2024-07-01
C000979,Z001,300,ACTIVO,2025-03-09
C000980,Z001,300,ACTIVO,2024-12-29
C000981,Z001,300,Activo,2024-06-19
C000982,Z001,500,Activo,2025-07-31
C000983,Z001,200,Activo,2025-11-30
C000984,Z001,200,ACTIVO,2024-04-01
C000985,Z001,500,Activo,2024-10-24
C000986,Z001,300,ACTIVO,2024-03-22
C000987,Z001,300, activo ,2024-12-07
C000988,Z001,300,ACTIVO,2025-06-18
C000989,Z001,200, activo ,2024-02-02
C000990,Z001,200,ACTIVO,2025-10-12
C000991,Z001,100,ACTIVO,2024-12-04
C000992,Z001,200, activo ,2024-06-22
C000993,Z001,200,ACTIVO,2026-04-30
C000994,Z001,200, activo ,2024-04-05
C000995,Z001,200,Activo,2025-12-22
C000996,Z001,100,Activo,2025-12-23
C000997,Z001,600,ACTIVO,2024-06-22
C000998,Z001,500, activo ,2024-02-15
C000999,Z001,200,ACTIVO,2025-08-01
C001000,Z001,500,ACTIVO,2024-07-09
C001001,Z001,100,Activo,2025-11-26
C001002,Z001,500,ACTIVO,2026-05-05
C001003,Z001,100, activo ,2025-08-16
C001004,Z001,200,Activo,2026-04-23
C001005,Z001,200,ACTIVO,2026-02-23
C001006,Z001,100,ACTIVO,2024-04-17
C001007,Z001,500,ACTIVO,2024-01-19
C001008,Z001,300,ACTIVO,2024-07-23
C001009,Z001,100,ACTIVO,2025-12-28
C001010,Z001,300, activo ,2024-11-27
C001011,Z001,100, activo ,2024-02-14
C001012,Z001,500,Activo,2026-03-23
C001013,Z001,300,Activo,2025-04-07
C001014,Z001,100,SUSPENDIDO,2025-09-13
C001015,Z001,300, activo ,2024-05-08
C001016,Z001,100,ACTIVO,2024-12-05
C001017,Z001,200,ACTIVO,2025-04-12
C001018,Z001,200,ACTIVO,2024-11-01
C001019,Z001,200,SUSPENDIDO,2025-02-03
C001020,Z001,200,ACTIVO,2024-06-04
C001021,Z001,300,ACTIVO,2024-04-08
C001022,Z001,600,ACTIVO,2025-08-02
C001023,Z001,300,ACTIVO,2024-08-02
C001024,Z001,200,ACTIVO,2024-08-24
C001025,Z001,300,Activo,2024-04-13
C001026,Z001,200,Activo,2025-11-03
C001027,Z001,200,ACTIVO,2025-10-15
C001028,Z001,300,SUSPENDIDO,2024-03-30
C001029,Z001,100,ACTIVO,2025-07-30
C001030,Z001,500,ACTIVO,2025-11-06
C001031,Z001,300,Activo,2025-12-21
C001032,Z001,100, activo ,2026-02-12
C001033,Z001,100, activo ,2024-11-15
C001034,Z001,100,ACTIVO,2024-03-10
C001035,Z001,200,ACTIVO,2024-07-03
C001036,Z001,200,ACTIVO,2024-05-29
C001037,Z001,300, activo ,2025-12-03
C001038,Z001,100,ACTIVO,2025-08-10
C001039,Z001,500,ACTIVO,2024-11-29
C001040,Z001,500,SUSPENDIDO,2025-01-01
C001041,Z001,200,Activo,2025-04-15
C001042,Z001,300,ACTIVO,2025-02-15
C001043,Z001,100,Activo,2025-12-24
C001044,Z001,300,ACTIVO,2024-07-28
C001045,Z001,500, activo ,2025-04-20
C001046,Z001,300,ACTIVO,2025-03-19
C001047,Z001,200,ACTIVO,2024-12-04
C001048,Z001,500, activo ,2026-02-13
C001049,Z001,500,SUSPENDIDO,2024-11-11
C001050,Z001,500,ACTIVO,2024-07-24
C001051,Z001,200,ACTIVO,2024-11-06
C001052,Z001,200,ACTIVO,2024-11-04
C001053,Z001,100,ACTIVO,2026-01-19
C001054,Z001,300,ACTIVO,2026-03-09
C001055,Z001,200,ACTIVO,2025-07-07
C001056,Z001,500,ACTIVO,2024-07-07
C001057,Z001,300,Activo,2026-06-11
C001058,Z001,500,ACTIVO,2025-06-01
C001059,Z001,500,Activo,2026-04-10
C001060,Z001,300, activo ,2025-12-19
C001061,Z001,600,ACTIVO,2024-07-29
C001062,Z001,300,ACTIVO,2026-01-02
C001063,Z001,500,ACTIVO,2025-01-03
C001064,Z001,100,ACTIVO,2025-05-23
C001065,Z001,500,ACTIVO,2026-04-01
C001066,Z001,200,ACTIVO,2024-12-20
C001067,Z001,500, activo ,2025-06-30
C001068,Z001,300,ACTIVO,2024-03-04
C001069,Z001,300,ACTIVO,2024-09-13
C001070,Z001,200,ACTIVO,2024-12-24
C001071,Z001,200,ACTIVO,2025-12-06
C001072,Z001,300,ACTIVO,2026-01-06
C001073,Z001,500, activo ,2024-09-02
C001074,Z001,300,ACTIVO,2024-05-18
C001075,Z001,300,ACTIVO,2025-10-30
C001076,Z001,200,ACTIVO,2025-08-27
C001077,Z001,500,ACTIVO,2024-02-24
C001078,Z001,600, activo ,2026-02-27
C001079,Z001,100, activo ,2025-05-03
C001080,Z001,200, activo ,2024-01-29
C001081,Z001,300,ACTIVO,2024-01-23
C001082,Z001,500,Activo,2024-12-15
C001083,Z001,200, activo ,2024-10-06
C001084,Z001,100,Activo,2024-07-25
C001085,Z001,600,ACTIVO,2024-09-27
C001086,Z001,100, activo ,2024-08-12
C001087,Z001,100,ACTIVO,2025-04-18
C001088,Z001,100,ACTIVO,2026-06-10
C001089,Z001,200, activo ,2024-08-14
C001090,Z001,200,ACTIVO,2024-11-15
C001091,Z001,300, activo ,2024-10-04
C001092,Z001,200, activo ,2024-05-02
C001093,Z001,100,ACTIVO,2024-06-27
C001094,Z001,200,ACTIVO,2025-05-14
C001095,Z001,200,ACTIVO,2024-02-21
C001096,Z001,300,ACTIVO,2025-04-21
C001097,Z001,100, activo ,2025-04-25
C001098,Z001,300,ACTIVO,2024-06-06
C001099,Z001,300,ACTIVO,2025-11-27
C001100,Z001,200,ACTIVO,2024-06-16
C001101,Z001,100,Activo,2025-04-24
C001102,Z001,100, activo ,2026-01-23
C001103,Z001,500, activo ,2025-04-02
C001104,Z001,300,ACTIVO,2025-09-20
C001105,Z001,300, activo ,2025-07-05
C001106,Z001,200,ACTIVO,2024-03-31
C001107,Z001,500,ACTIVO,2024-03-20
C001108,Z001,500,SUSPENDIDO,2025-08-30
C001109,Z001,100, activo ,2024-07-15
C001110,Z001,100,Activo,2026-03-09
C001111,Z001,200,Activo,2025-05-14
C001112,Z001,200,ACTIVO,2025-04-07
C001113,Z001,100,ACTIVO,2024-03-24
C001114,Z001,200,ACTIVO,2025-07-28
C001115,Z001,300,Activo,2025-10-04
C001116,Z001,500,ACTIVO,2025-04-30
C001117,Z001,500,ACTIVO,2025-02-17
C001118,Z001,600, activo ,2025-10-27
C001119,Z001,300,Activo,2026-02-04
C001120,Z001,300,Activo,2024-11-13
C001121,Z001,600,ACTIVO,2025-07-01
C001122,Z001,300,ACTIVO,2024-02-25
C001123,Z001,200,ACTIVO,2025-05-29
C001124,Z001,100,ACTIVO,2025-10-19
C001125,Z001,100, activo ,2024-07-06
C001126,Z001,100,ACTIVO,2025-09-16
C001127,Z001,300,ACTIVO,2025-11-20
C001128,Z001,200, activo ,2025-06-21
C001129,Z001,200,Activo,2025-07-02
C001130,Z001,600,SUSPENDIDO,2024-02-18
C001131,Z001,300,ACTIVO,2024-08-08
C001132,Z001,500,Activo,2024-07-16
C001133,Z001,100,ACTIVO,2025-05-06
C001134,Z001,500,Activo,2025-02-20
C001135,Z001,300,Activo,2025-03-20
C001136,Z001,200,ACTIVO,2024-08-31
C001137,Z001,300,ACTIVO,2025-05-04
C001138,Z001,200,ACTIVO,2025-01-29
C001139,Z001,300,ACTIVO,2025-06-12
C001140,Z001,300,ACTIVO,2024-02-27
C001141,Z001,200,ACTIVO,2024-10-07
C001142,Z001,200,Activo,2026-01-03
C001143,Z001,500,Activo,2026-05-11
C001144,Z001,300,ACTIVO,2025-01-23
C001145,Z001,200,ACTIVO,2024-07-12
C001146,Z001,100,ACTIVO,2024-10-12
C001147,Z001,100,ACTIVO,2025-08-09
C001148,Z001,500,ACTIVO,2025-05-16
C001149,Z001,300,ACTIVO,2024-01-16
C001150,Z001,200,ACTIVO,2024-01-19
C001151,Z001,100,ACTIVO,2024-05-09
C001152,Z001,200,ACTIVO,2024-12-27
C001153,Z001,100,ACTIVO,2024-10-10
C001154,Z001,200,ACTIVO,2025-05-09
C001155,Z001,100,ACTIVO,2025-03-19
C001156,Z001,100,ACTIVO,2026-04-27
C001157,Z001,100,SUSPENDIDO,2025-05-27
C001158,Z001,300,SUSPENDIDO,2025-07-09
C001159,Z001,100,SUSPENDIDO,2024-12-29
C001160,Z001,300,ACTIVO,2024-07-02
C001161,Z001,200, activo ,2024-10-03
C001162,Z001,600,ACTIVO,2024-05-14
C001163,Z001,300,SUSPENDIDO,2025-06-17
C001164,Z001,500,ACTIVO,2024-02-21
C001165,Z001,300,ACTIVO,2025-04-10
C001166,Z001,300,ACTIVO,2025-04-25
C001167,Z001,100,ACTIVO,2024-08-17
C001168,Z001,100,Activo,2026-02-07
C001169,Z001,600,ACTIVO,2026-02-25
C001170,Z001,300,ACTIVO,2024-05-24
C001171,Z001,300,Activo,2025-01-05
C001172,Z001,200,Activo,2025-06-13
C001173,Z001,300,ACTIVO,2026-04-01
C001174,Z001,500,Activo,2025-05-21
C001175,Z001,200,ACTIVO,2025-10-02
C001176,Z001,200,ACTIVO,2024-03-18
C001177,Z001,600,ACTIVO,2024-04-27
C001178,Z001,100,ACTIVO,2026-01-03
C001179,Z001,200,ACTIVO,2025-04-29
C001180,Z001,600, activo ,2025-12-19
C001181,Z001,100,Activo,2024-06-18
C001182,Z001,500,ACTIVO,2024-05-13
C001183,Z001,200,ACTIVO,2025-04-16
C001184,Z001,200, activo ,2024-01-11
C001185,Z001,500,SUSPENDIDO,2026-03-31
C001186,Z001,300,ACTIVO,2024-03-31
C001187,Z001,300,ACTIVO,2026-01-24
C001188,Z001,300,ACTIVO,2024-09-12
C001189,Z001,200,Activo,2024-08-16
C001190,Z001,500,ACTIVO,2024-04-25
C001191,Z001,500,Activo,2025-09-04
C001192,Z001,300, activo ,2025-10-01
C001193,Z001,300,ACTIVO,2025-10-31
C001194,Z001,300,ACTIVO,2024-03-30
C001195,Z001,200,ACTIVO,2026-05-17
C001196,Z001,100,Activo,2025-05-08
C001197,Z001,500, activo ,2024-05-06
C001198,Z001,300,ACTIVO,2024-10-05
C001199,Z001,200,Activo,2024-04-29
C001200,Z001,600,ACTIVO,2024-07-08
C001201,Z002,500,ACTIVO,2025-02-24
C001202,Z002,300,ACTIVO,2024-08-08
C001203,Z002,300,ACTIVO,2025-04-25
C001204,Z002,100,Activo,2024-04-09
C001205,Z002,200, activo ,2025-03-15
C001206,Z002,300,ACTIVO,2025-11-16
C001207,Z002,300, activo ,2024-08-11
C001208,Z002,200,ACTIVO,2024-03-23
C001209,Z002,200,Activo,2025-06-17
C001210,Z002,300,ACTIVO,2025-03-02
C001211,Z002,100,ACTIVO,2026-02-03
C001212,Z002,300,ACTIVO,2026-02-12
C001213,Z002,300,ACTIVO,2024-12-01
C001214,Z002,100,SUSPENDIDO,2024-08-16
C001215,Z002,300,Activo,2026-03-31
C001216,Z002,100,Activo,2024-01-05
C001217,Z002,200, activo ,2025-08-28
C001218,Z002,200,Activo,2025-11-19
C001219,Z002,600,ACTIVO,2024-10-10
C001220,Z002,500,ACTIVO,2025-08-01
C001221,Z002,500,ACTIVO,2026-01-12
C001222,Z002,300,Activo,2025-08-06
C001223,Z002,200,Activo,2024-06-27
C001224,Z002,100,ACTIVO,2024-05-16
C001225,Z002,300,ACTIVO,2024-05-04
C001226,Z002,500,ACTIVO,2024-08-08
C001227,Z002,200,ACTIVO,2025-08-09
C001228,Z002,300,ACTIVO,2024-06-12
C001229,Z002,100,SUSPENDIDO,2024-03-03
C001230,Z002,300, activo ,2026-01-04
C001231,Z002,500,ACTIVO,2024-01-07
C001232,Z002,300,ACTIVO,2025-07-03
C001233,Z002,100,ACTIVO,2024-08-12
C001234,Z002,300,Activo,2025-08-16
C001235,Z002,200,ACTIVO,2025-02-22
C001236,Z002,300, activo ,2025-02-12
C001237,Z002,500, activo ,2024-06-09
C001238,Z002,600,ACTIVO,2026-02-04
C001239,Z002,100,ACTIVO,2024-10-16
C001240,Z002,200,ACTIVO,2024-12-17
C001241,Z002,600,ACTIVO,2024-02-18
C001242,Z002,300,Activo,2026-05-13
C001243,Z002,300,ACTIVO,2025-10-01
C001244,Z002,100, activo ,2025-08-04
C001245,Z002,200,ACTIVO,2024-12-04
C001246,Z002,300,ACTIVO,2025-10-02
C001247,Z002,300,ACTIVO,2025-11-17
C001248,Z002,200,ACTIVO,2025-08-28
C001249,Z002,100,ACTIVO,2025-12-23
C001250,Z002,200,ACTIVO,2024-10-25
C001251,Z002,100,ACTIVO,2024-08-15
C001252,Z002,300, activo ,2024-04-25
C001253,Z002,200, activo ,2025-04-30
C001254,Z002,100,Activo,2024-03-29
C001255,Z002,300, activo ,2025-05-21
C001256,Z002,300,ACTIVO,2024-02-21
C001257,Z002,200,ACTIVO,2025-02-23
C001258,Z002,100, activo ,2026-06-15
C001259,Z002,300,Activo,2024-03-01
C001260,Z002,500,ACTIVO,2025-10-02
C001261,Z002,100,ACTIVO,2024-09-27
C001262,Z002,100,ACTIVO,2024-11-14
C001263,Z002,200,ACTIVO,2026-02-06
C001264,Z002,500,ACTIVO,2024-02-21
C001265,Z002,600,SUSPENDIDO,2026-04-29
C001266,Z002,300,Activo,2024-05-08
C001267,Z002,300,ACTIVO,2024-02-29
C001268,Z002,100,Activo,2024-06-18
C001269,Z002,600,Activo,2024-06-05
C001270,Z002,600,Activo,2025-10-01
C001271,Z002,100, activo ,2025-10-26
C001272,Z002,100,ACTIVO,2024-11-24
C001273,Z002,500,ACTIVO,2026-01-03
C001274,Z002,100,ACTIVO,2025-03-18
C001275,Z002,100,Activo,2024-05-11
C001276,Z002,100,ACTIVO,2026-02-16
C001277,Z002,100,ACTIVO,2024-08-08
C001278,Z002,300,Activo,2025-05-13
C001279,Z002,200,ACTIVO,2025-06-04
C001280,Z002,100, activo ,2024-03-25
C001281,Z002,300, activo ,2026-01-01
C001282,Z002,300, activo ,2026-04-05
C001283,Z002,200,ACTIVO,2024-07-29
C001284,Z002,100,ACTIVO,2024-02-26
C001285,Z002,200,Activo,2026-05-23
C001286,Z002,300,ACTIVO,2025-12-12
C001287,Z002,300,ACTIVO,2025-07-03
C001288,Z002,200,ACTIVO,2024-01-12
C001289,Z002,200, activo ,2024-01-31
C001290,Z002,300,ACTIVO,2025-11-14
C001291,Z002,500,Activo,2025-02-23
C001292,Z002,300,ACTIVO,2024-06-24
C001293,Z002,200,ACTIVO,2024-04-28
C001294,Z002,100,ACTIVO,2025-04-11
C001295,Z002,100,SUSPENDIDO,2024-08-05
C001296,Z002,200,ACTIVO,2024-09-13
C001297,Z002,500,ACTIVO,2025-10-03
C001298,Z002,200,ACTIVO,2026-04-07
C001299,Z002,300,ACTIVO,2024-09-10
C001300,Z002,500,ACTIVO,2025-12-22
C001301,Z002,600,ACTIVO,2025-01-07
C001302,Z002,200,ACTIVO,2024-08-31
C001303,Z002,500,ACTIVO,2025-12-29
C001304,Z002,300,ACTIVO,2024-10-04
C001305,Z002,100,Activo,2024-09-25
C001306,Z002,200,ACTIVO,2024-03-05
C001307,Z002,100,ACTIVO,2026-05-30
C001308,Z002,600,ACTIVO,2025-11-18
C001309,Z002,600,ACTIVO,2024-06-04
C001310,Z002,300,Activo,2025-07-31
C001311,Z002,500,ACTIVO,2025-01-09
C001312,Z002,200,ACTIVO,2025-04-25
C001313,Z002,300,ACTIVO,2024-01-31
C001314,Z002,100,ACTIVO,2024-09-05
C001315,Z002,300,Activo,2024-05-03
C001316,Z002,100,ACTIVO,2025-01-13
C001317,Z002,200,Activo,2025-10-17
C001318,Z002,200,ACTIVO,2025-06-05
C001319,Z002,600,Activo,2026-05-11
C001320,Z002,200,ACTIVO,2025-03-23
C001321,Z002,500,ACTIVO,2025-02-05
C001322,Z002,600,Activo,2024-08-18
C001323,Z002,100,ACTIVO,2024-07-04
C001324,Z002,300,ACTIVO,2024-01-23
C001325,Z002,500, activo ,2025-04-22
C001326,Z002,300,ACTIVO,2025-05-06
C001327,Z002,100,Activo,2026-02-20
C001328,Z002,100,ACTIVO,2024-04-01
C001329,Z002,100,ACTIVO,2025-12-18
C001330,Z002,500,Activo,2025-09-28
C001331,Z002,500,ACTIVO,2024-03-24
C001332,Z002,200,ACTIVO,2026-02-02
C001333,Z002,500,ACTIVO,2025-09-15
C001334,Z002,200,ACTIVO,2024-01-24
C001335,Z002,200,ACTIVO,2025-05-21
C001336,Z002,200,ACTIVO,2026-03-05
C001337,Z002,200, activo ,2024-12-02
C001338,Z002,100,ACTIVO,2024-05-21
C001339,Z002,300, activo ,2024-05-03
C001340,Z002,300,ACTIVO,2025-06-14
C001341,Z002,100,ACTIVO,2026-03-16
C001342,Z002,200,ACTIVO,2024-02-04
C001343,Z002,200,ACTIVO,2026-04-21
C001344,Z002,300,Activo,2025-03-08
C001345,Z002,200,ACTIVO,2024-09-04
C001346,Z002,300,ACTIVO,2025-06-10
C001347,Z002,200,Activo,2024-10-23
C001348,Z002,100,ACTIVO,2025-08-05
C001349,Z002,500,ACTIVO,2026-02-20
C001350,Z002,100,ACTIVO,2026-02-08
C001351,Z002,200,ACTIVO,2025-08-15
C001352,Z002,200,SUSPENDIDO,2026-04-03
C001353,Z002,200, activo ,2025-03-10
C001354,Z002,300,ACTIVO,2026-04-10
C001355,Z002,300,ACTIVO,2026-04-24
C001356,Z002,200,ACTIVO,2026-04-30
C001357,Z002,100,Activo,2024-08-04
C001358,Z002,100,Activo,2026-05-26
C001359,Z002,500,ACTIVO,2025-10-18
C001360,Z002,300,Activo,2024-04-09
C001361,Z002,100, activo ,2025-01-31
C001362,Z002,500, activo ,2025-04-16
C001363,Z002,500,ACTIVO,2024-11-28
C001364,Z002,200,ACTIVO,2024-08-14
C001365,Z002,300,ACTIVO,2025-05-01
C001366,Z002,100,ACTIVO,2025-04-05
C001367,Z002,100,Activo,2024-02-27
C001368,Z002,100, activo ,2025-12-09
C001369,Z002,500,ACTIVO,2024-09-03
C001370,Z002,200,ACTIVO,2025-08-16
C001371,Z002,200,ACTIVO,2026-02-24
C001372,Z002,500, activo ,2026-03-01
C001373,Z002,300,ACTIVO,2026-03-22
C001374,Z002,200,ACTIVO,2026-06-05
C001375,Z002,300,ACTIVO,2025-02-02
C001376,Z002,100,ACTIVO,2024-10-17
C001377,Z002,200,ACTIVO,2024-02-12
C001378,Z002,200, activo ,2024-02-06
C001379,Z002,200,Activo,2025-09-21
C001380,Z002,200, activo ,2025-11-11
C001381,Z002,300,ACTIVO,2025-07-29
C001382,Z002,100,SUSPENDIDO,2024-01-01
C001383,Z002,300, activo ,2024-06-28
C001384,Z002,100, activo ,2026-03-23
C001385,Z002,200, activo ,2024-11-09
C001386,Z002,200,Activo,2024-01-07
C001387,Z002,500,Activo,2024-12-16
C001388,Z002,200,SUSPENDIDO,2024-09-28
C001389,Z002,200,ACTIVO,2025-12-15
C001390,Z002,200,ACTIVO,2025-05-12
C001391,Z002,200, activo ,2025-01-21
C001392,Z002,500,ACTIVO,2026-03-29
C001393,Z002,200,Activo,2024-03-14
C001394,Z002,300,Activo,2026-01-24
C001395,Z002,300,Activo,2024-10-02
C001396,Z002,100,ACTIVO,2025-11-02
C001397,Z002,300,ACTIVO,2026-05-11
C001398,Z002,300,ACTIVO,2026-02-09
C001399,Z002,500,Activo,2025-11-04
C001400,Z002,200, activo ,2025-11-13
C001401,Z002,200,ACTIVO,2024-12-12
C001402,Z002,300,Activo,2024-01-01
C001403,Z002,300,ACTIVO,2025-01-21
C001404,Z002,300,ACTIVO,2025-12-29
C001405,Z002,600,Activo,2024-04-21
C001406,Z002,600, activo ,2026-06-08
C001407,Z002,300,Activo,2026-02-02
C001408,Z002,300,Activo,2024-06-03
C001409,Z002,200, activo ,2026-01-27
C001410,Z002,200,ACTIVO,2024-04-08
C001411,Z002,200,ACTIVO,2026-04-19
C001412,Z002,500,ACTIVO,2024-05-18
C001413,Z002,100,ACTIVO,2024-01-24
C001414,Z002,100,Activo,2025-03-02
C001415,Z002,500,ACTIVO,2025-10-03
C001416,Z002,100,ACTIVO,2025-06-16
C001417,Z002,500,ACTIVO,2025-05-01
C001418,Z002,100,ACTIVO,2026-03-08
C001419,Z002,200,ACTIVO,2026-05-27
C001420,Z002,100, activo ,2026-06-16
C001421,Z002,500,ACTIVO,2024-09-10
C001422,Z002,200,ACTIVO,2024-11-05
C001423,Z002,500,ACTIVO,2025-04-27
C001424,Z002,300,ACTIVO,2026-04-13
C001425,Z002,300,ACTIVO,2024-03-09
C001426,Z002,100,SUSPENDIDO,2026-03-25
C001427,Z002,500, activo ,2024-01-15
C001428,Z002,500,ACTIVO,2025-03-10
C001429,Z002,300,ACTIVO,2024-07-28
C001430,Z002,200,ACTIVO,2024-10-03
C001431,Z002,200, activo ,2025-01-15
C001432,Z002,300,ACTIVO,2024-08-19
C001433,Z002,300, activo ,2025-07-17
C001434,Z002,300, activo ,2024-12-27
C001435,Z002,500,ACTIVO,2024-04-12
C001436,Z002,300,ACTIVO,2025-03-11
C001437,Z002,500,ACTIVO,2024-07-25
C001438,Z002,100,ACTIVO,2025-12-26
C001439,Z002,600, activo ,2025-10-30
C001440,Z002,600,ACTIVO,2026-03-05
C001441,Z002,200,ACTIVO,2024-01-04
C001442,Z002,100, activo ,2025-03-27
C001443,Z002,100,ACTIVO,2024-08-10
C001444,Z002,100,ACTIVO,2024-08-09
C001445,Z002,300,ACTIVO,2025-04-10
C001446,Z002,500,Activo,2025-07-07
C001447,Z002,300,ACTIVO,2024-11-13
C001448,Z002,200,SUSPENDIDO,2024-05-23
C001449,Z002,300,ACTIVO,2025-10-17
C001450,Z002,500,Activo,2025-02-09
C001451,Z002,300, activo ,2024-07-05
C001452,Z002,300,ACTIVO,2025-08-28
C001453,Z002,100,SUSPENDIDO,2025-04-10
C001454,Z002,200,ACTIVO,2025-06-22
C001455,Z002,100, activo ,2024-03-06
C001456,Z002,500,ACTIVO,2024-07-13
C001457,Z002,200,ACTIVO,2024-04-12
C001458,Z002,100,ACTIVO,2026-01-04
C001459,Z002,300,ACTIVO,2024-08-01
C001460,Z002,200, activo ,2024-12-16
C001461,Z002,200,ACTIVO,2026-03-30
C001462,Z002,100,ACTIVO,2024-10-05
C001463,Z002,100,ACTIVO,2026-03-11
C001464,Z002,500,ACTIVO,2025-01-10
C001465,Z002,100, activo ,2025-03-05
C001466,Z002,300,ACTIVO,2026-03-12
C001467,Z002,200,ACTIVO,2024-10-27
C001468,Z002,200,ACTIVO,2024-04-25
C001469,Z002,200,Activo,2025-10-27
C001470,Z002,200, activo ,2024-09-23
C001471,Z002,500,ACTIVO,2026-04-12
C001472,Z002,200,ACTIVO,2025-05-29
C001473,Z002,300,ACTIVO,2026-06-10
C001474,Z002,200,ACTIVO,2025-01-18
C001475,Z002,100,ACTIVO,2024-11-29
C001476,Z002,300,ACTIVO,2026-05-07
C001477,Z002,100,Activo,2025-07-15
C001478,Z002,300,Activo,2024-03-24
C001479,Z002,200,ACTIVO,2025-06-17
C001480,Z002,100,ACTIVO,2024-02-12
C001481,Z002,500,ACTIVO,2025-01-14
C001482,Z002,300,ACTIVO,2025-05-31
C001483,Z002,100,ACTIVO,2024-08-04
C001484,Z002,200,Activo,2025-08-26
C001485,Z002,500,Activo,2026-05-11
C001486,Z002,300, activo ,2026-06-12
C001487,Z002,500,Activo,2025-01-04
C001488,Z002,500,ACTIVO,2025-12-22
C001489,Z002,300,ACTIVO,2025-08-31
C001490,Z002,200, activo ,2026-02-04
C001491,Z002,500,SUSPENDIDO,2025-07-01
C001492,Z002,300,Activo,2024-08-12
C001493,Z002,500, activo ,2025-02-07
C001494,Z002,300,ACTIVO,2025-05-31
C001495,Z002,600,ACTIVO,2025-03-03
C001496,Z002,500,ACTIVO,2025-10-14
C001497,Z002,100,ACTIVO,2024-01-25
C001498,Z002,200,ACTIVO,2026-02-09
C001499,Z002,300,ACTIVO,2026-02-13
C001500,Z002,200,ACTIVO,2026-02-27
C001501,Z002,100,ACTIVO,2025-11-12
C001502,Z002,300,ACTIVO,2025-02-09
C001503,Z002,200,ACTIVO,2024-09-11
C001504,Z002,500,ACTIVO,2024-09-07
C001505,Z002,600,ACTIVO,2024-12-29
C001506,Z002,200,ACTIVO,2024-03-20
C001507,Z002,500,ACTIVO,2024-07-19
C001508,Z002,300,Activo,2024-10-30
C001509,Z002,500,SUSPENDIDO,2024-12-26
C001510,Z002,500, activo ,2025-09-04
C001511,Z002,200,Activo,2025-07-10
C001512,Z002,300,SUSPENDIDO,2024-03-11
C001513,Z002,100, activo ,2024-09-08
C001514,Z002,100,ACTIVO,2026-04-19
C001515,Z002,500,SUSPENDIDO,2025-04-19
C001516,Z002,200,Activo,2024-04-25
C001517,Z002,100,ACTIVO,2024-01-09
C001518,Z002,100,ACTIVO,2024-01-21
C001519,Z002,300,Activo,2025-03-18
C001520,Z002,200,ACTIVO,2025-12-01
C001521,Z002,100,ACTIVO,2024-03-10
C001522,Z002,100,ACTIVO,2024-10-08
C001523,Z002,100,Activo,2025-12-10
C001524,Z002,500, activo ,2025-07-20
C001525,Z002,300,ACTIVO,2026-03-01
C001526,Z002,100,ACTIVO,2025-05-22
C001527,Z002,200,ACTIVO,2024-03-11
C001528,Z002,300, activo ,2024-09-08
C001529,Z002,300,Activo,2024-04-06
C001530,Z002,100,Activo,2025-04-29
C001531,Z002,300,ACTIVO,2024-04-26
C001532,Z002,500,Activo,2024-10-22
C001533,Z002,200,Activo,2025-12-06
C001534,Z002,200,ACTIVO,2025-01-07
C001535,Z002,200,Activo,2026-06-06
C001536,Z002,500,ACTIVO,2024-02-05
C001537,Z002,300,Activo,2025-04-07
C001538,Z002,300,SUSPENDIDO,2025-08-10
C001539,Z002,200,Activo,2025-07-27
C001540,Z002,100,ACTIVO,2025-09-26
C001541,Z002,200,ACTIVO,2026-04-24
C001542,Z002,200,Activo,2024-11-26
C001543,Z002,100, activo ,2024-05-10
C001544,Z002,300,ACTIVO,2025-01-28
C001545,Z002,200,ACTIVO,2026-03-09
C001546,Z002,200, activo ,2025-08-31
C001547,Z002,200,ACTIVO,2024-01-05
C001548,Z002,300,ACTIVO,2024-08-19
C001549,Z002,200,ACTIVO,2024-05-27
C001550,Z002,100,SUSPENDIDO,2024-04-10
C001551,Z002,200,ACTIVO,2024-05-20
C001552,Z002,100,ACTIVO,2026-05-07
C001553,Z002,300, activo ,2025-02-24
C001554,Z002,200,SUSPENDIDO,2025-10-03
C001555,Z002,100,SUSPENDIDO,2024-03-18
C001556,Z002,500,ACTIVO,2026-02-03
C001557,Z002,100,Activo,2025-03-10
C001558,Z002,200, activo ,2025-04-09
C001559,Z002,300,ACTIVO,2024-02-04
C001560,Z002,100,ACTIVO,2024-12-26
C001561,Z002,100, activo ,2025-11-13
C001562,Z002 ,200,ACTIVO,2025-09-26
C001563,Z002,300, activo ,2025-02-17
C001564,Z002,300, activo ,2026-03-04
C001565,Z002,200,ACTIVO,2026-01-02
C001566,Z002,200,ACTIVO,2026-02-17
C001567,Z002,200,ACTIVO,2026-04-08
C001568,Z002,300,ACTIVO,2025-05-05
C001569,Z002,100, activo ,2024-06-06
C001570,Z002,500,ACTIVO,2024-11-07
C001571,Z002,300,ACTIVO,2025-11-03
C001572,Z002,100, activo ,2026-01-15
C001573,Z002,200,ACTIVO,2024-07-30
C001574,Z002,100,ACTIVO,2025-04-04
C001575,Z002,200,ACTIVO,2024-09-18
C001576,Z002,200,ACTIVO,2025-08-07
C001577,Z002,100,ACTIVO,2026-01-07
C001578,Z002,300,ACTIVO,2024-06-20
C001579,Z002,500,ACTIVO,2025-10-31
C001580,Z002,500,ACTIVO,2024-03-23
C001581,Z002,200,SUSPENDIDO,2025-07-22
C001582,Z002,300,ACTIVO,2026-04-29
C001583,Z002,300,SUSPENDIDO,2024-04-29
C001584,Z002,100,ACTIVO,2026-05-02
C001585,Z002,200,ACTIVO,2024-04-26
C001586,Z002,200,ACTIVO,2025-09-17
C001587,Z002,100,ACTIVO,2025-08-20
C001588,Z002,200,ACTIVO,2024-05-22
C001589,Z002,600,ACTIVO,2026-06-10
C001590,Z002,100,ACTIVO,2025-04-14
C001591,Z002,100,ACTIVO,2025-08-10
C001592,Z002,200,Activo,2024-05-05
C001593,Z002,100,ACTIVO,2024-02-17
C001594,Z002,100,ACTIVO,2025-06-07
C001595,Z002,100,ACTIVO,2024-04-30
C001596,Z002,600,SUSPENDIDO,2025-02-24
C001597,Z002,600,ACTIVO,2025-10-09
C001598,Z002,200,ACTIVO,2024-03-13
C001599,Z002,100,ACTIVO,2026-02-01
C001600,Z002,200,ACTIVO,2025-02-11
C001601,Z002,300,ACTIVO,2026-04-30
C001602,Z002,200,ACTIVO,2026-02-05
C001603,Z002,100,ACTIVO,2025-12-18
C001604,Z002,100,Activo,2024-05-17
C001605,Z002,200,ACTIVO,2024-06-19
C001606,Z002,100,ACTIVO,2026-04-16
C001607,Z002,300,ACTIVO,2026-01-01
C001608,Z002,100,Activo,2025-02-11
C001609,Z002,100,ACTIVO,2025-01-09
C001610,Z002,500, activo ,2024-10-10
C001611,Z002,500,Activo,2025-09-19
C001612,Z002,200, activo ,2025-08-19
C001613,Z002,200,ACTIVO,2025-11-25
C001614,Z002,300,ACTIVO,2025-07-30
C001615,Z002,200,ACTIVO,2026-01-08
C001616,Z002,200, activo ,2026-02-01
C001617,Z002,200,Activo,2025-09-17
C001618,Z002,500,ACTIVO,2024-05-01
C001619,Z002,200,ACTIVO,2024-11-03
C001620,Z002,200,Activo,2024-08-26
C001621,Z002,500,Activo,2024-06-10
C001622,Z002,200, activo ,2025-05-07
C001623,Z002,500,ACTIVO,2024-10-06
C001624,Z002,200, activo ,2026-05-08
C001625,Z002,600,Activo,2025-11-08
C001626,Z002,300,ACTIVO,2024-05-25
C001627,Z002,300,ACTIVO,2025-10-25
C001628,Z002,500,ACTIVO,2025-09-17
C001629,Z002,200,Activo,2025-06-25
C001630,Z002,100,ACTIVO,2025-01-12
C001631,Z002,200,Activo,2025-01-26
C001632,Z002,100,ACTIVO,2025-05-31
C001633,Z002,200,ACTIVO,2024-09-21
C001634,Z002,200,ACTIVO,2025-10-18
C001635,Z002,500,ACTIVO,2024-01-21
C001636,Z002,100,ACTIVO,2025-07-09
C001637,Z002,100,Activo,2025-06-01
C001638,Z002,100,ACTIVO,2026-01-22
C001639,Z002,200,ACTIVO,2024-05-13
C001640,Z002,300, activo ,2025-07-13
C001641,Z002,200,Activo,2025-01-30
C001642,Z002,200, activo ,2025-05-18
C001643,Z002,100,Activo,2024-02-15
C001644,Z002,500,ACTIVO,2025-10-17
C001645,Z002,200, activo ,2026-03-12
C001646,Z002,200,Activo,2025-11-24
C001647,Z002,200,ACTIVO,2024-11-14
C001648,Z002,200,ACTIVO,2026-02-17
C001649,Z002,600, activo ,2025-06-20
C001650,Z002,200,SUSPENDIDO,2026-03-09
C001651,Z002 ,100,ACTIVO,2025-12-26
C001652,Z002,500, activo ,2025-03-07
C001653,Z002,300,Activo,2024-02-15
C001654,Z002,200,ACTIVO,2025-01-19
C001655,Z002,100,ACTIVO,2024-03-11
C001656,Z002,300, activo ,2026-02-09
C001657,Z002,200,ACTIVO,2025-12-17
C001658,Z002,200,ACTIVO,2024-01-31
C001659,Z002,200,ACTIVO,2024-03-29
C001660,Z002,200,ACTIVO,2025-09-13
C001661,Z002,200,ACTIVO,2024-10-23
C001662,Z002,200,ACTIVO,2025-01-29
C001663,Z002,100, activo ,2024-02-03
C001664,Z002,200,ACTIVO,2024-03-04
C001665,Z002,200,ACTIVO,2025-04-18
C001666,Z002,200,Activo,2026-02-13
C001667,Z002,200,ACTIVO,2026-06-09
C001668,Z002,200,ACTIVO,2024-12-29
C001669,Z002,600,Activo,2024-09-27
C001670,Z002,200, activo ,2026-06-15
C001671,Z002,300,Activo,2025-05-16
C001672,Z002,300, activo ,2026-06-06
C001673,Z002,300,ACTIVO,2026-03-04
C001674,Z002,200, activo ,2025-09-21
C001675,Z002,500,ACTIVO,2026-04-03
C001676,Z002,100,ACTIVO,2024-04-30
C001677,Z002,100,Activo,2026-06-14
C001678,Z002,500,ACTIVO,2025-05-12
C001679,Z002,200,ACTIVO,2024-03-28
C001680,Z002,100,ACTIVO,2026-03-07
C001681,Z002,100, activo ,2026-02-01
C001682,Z002,300,Activo,2024-04-05
C001683,Z002,300,ACTIVO,2025-09-04
C001684,Z002,200,ACTIVO,2024-02-25
C001685,Z002,300,ACTIVO,2024-02-29
C001686,Z002,100,ACTIVO,2025-02-08
C001687,Z002,100,Activo,2024-10-31
C001688,Z002,600,Activo,2024-03-05
C001689,Z002,100,ACTIVO,2025-11-03
C001690,Z002,100,ACTIVO,2024-10-28
C001691,Z002,500,Activo,2026-03-10
C001692,Z002,300,ACTIVO,2024-06-07
C001693,Z002,600,ACTIVO,2025-02-26
C001694,Z002,300,ACTIVO,2025-10-21
C001695,Z002,100,ACTIVO,2025-12-27
C001696,Z002,200,Activo,2026-02-20
C001697,Z002,300, activo ,2024-05-01
C001698,Z002,200,Activo,2025-03-04
C001699,Z002,200, activo ,2024-10-07
C001700,Z002,100, activo ,2024-01-19
C001701,Z002,200,ACTIVO,2024-05-17
C001702,Z002,200, activo ,2024-06-17
C001703,Z002,100,ACTIVO,2025-05-19
C001704,Z002,600,ACTIVO,2025-02-22
C001705,Z002,600, activo ,2025-01-26
C001706,Z002,500,Activo,2024-09-11
C001707,Z002,200,ACTIVO,2025-03-23
C001708,Z002,500,Activo,2026-01-03
C001709,Z002,600,ACTIVO,2024-04-24
C001710,Z002,500,ACTIVO,2025-12-27
C001711,Z002,100,ACTIVO,2026-04-25
C001712,Z002,200,Activo,2026-02-10
C001713,Z002,100,ACTIVO,2024-04-25
C001714,Z002,100, activo ,2025-07-07
C001715,Z002,100, activo ,2026-06-16
C001716,Z002,600,Activo,2024-07-13
C001717,Z002,100,ACTIVO,2024-06-24
C001718,Z002,300, activo ,2024-03-08
C001719,Z002,200,ACTIVO,2024-06-06
C001720,Z002,200,Activo,2025-06-14
C001721,Z002,200,Activo,2024-06-17
C001722,Z002,200,ACTIVO,2026-06-16
C001723,Z002,100,ACTIVO,2024-06-10
C001724,Z002,500,Activo,2024-11-05
C001725,Z002,200, activo ,2024-07-28
C001726,Z002,500,ACTIVO,2024-08-20
C001727,Z002,300, activo ,2026-01-02
C001728,Z002,500,ACTIVO,2025-12-10
C001729,Z002,500,ACTIVO,2024-02-07
C001730,Z002,100,ACTIVO,2025-07-10
C001731,Z002,300,ACTIVO,2024-01-17
C001732,Z002,500, activo ,2025-10-29
C001733,Z002,100, activo ,2024-10-17
C001734,Z002,200, activo ,2024-03-01
C001735,Z002,100,ACTIVO,2026-05-09
C001736,Z002,200, activo ,2024-01-23
C001737,Z002,100,ACTIVO,2025-09-06
C001738,Z002,100,Activo,2025-05-26
C001739,Z002,500,Activo,2025-02-12
C001740,Z002,200, activo ,2026-02-28
C001741,Z002,100,ACTIVO,2025-09-17
C001742,Z002,100, activo ,2025-08-13
C001743,Z002,300,SUSPENDIDO,2025-04-09
C001744,Z002,200,Activo,2024-10-09
C001745,Z002,200,ACTIVO,2026-04-17
C001746,Z002,600,Activo,2025-08-16
C001747,Z002,100,ACTIVO,2025-12-03
C001748,Z002,100,ACTIVO,2025-06-13
C001749,Z002,200,ACTIVO,2024-12-31
C001750,Z002,100,ACTIVO,2025-04-05
C001751,Z002,100,Activo,2025-10-19
C001752,Z002,500,ACTIVO,2024-06-24
C001753,Z002,200,ACTIVO,2024-09-26
C001754,Z002,200, activo ,2024-07-21
C001755,Z002,500,ACTIVO,2025-04-08
C001756,Z002,300,ACTIVO,2024-05-18
C001757,Z002,100,Activo,2024-08-25
C001758,Z002,300,ACTIVO,2025-04-12
C001759,Z002,200,ACTIVO,2025-02-01
C001760,Z002,100,Activo,2025-11-11
C001761,Z002,500,Activo,2025-04-03
C001762,Z002,200,ACTIVO,2024-01-18
C001763,Z002,300, activo ,2025-03-03
C001764,Z002 ,500,ACTIVO,2024-12-04
C001765,Z002,200,ACTIVO,2025-10-04
C001766,Z002,100,ACTIVO,2025-10-30
C001767,Z002,300,ACTIVO,2026-04-24
C001768,Z002,100,ACTIVO,2024-01-13
C001769,Z002,200,ACTIVO,2025-04-08
C001770,Z002,100,ACTIVO,2025-07-06
C001771,Z002,200,ACTIVO,2025-05-27
C001772,Z002,100,ACTIVO,2024-05-04
C001773,Z002,200, activo ,2025-12-21
C001774,Z002,200,ACTIVO,2026-01-18
C001775,Z002,300, activo ,2024-12-11
C001776,Z002,200,ACTIVO,2024-07-31
C001777,Z002,100,ACTIVO,2024-05-18
C001778,Z002,500,ACTIVO,2026-03-01
C001779,Z002,200,ACTIVO,2025-03-20
C001780,Z002,300,ACTIVO,2025-03-16
C001781,Z002,500,SUSPENDIDO,2025-06-28
C001782,Z002,300,ACTIVO,2025-08-11
C001783,Z002,200,ACTIVO,2025-08-27
C001784,Z002,100, activo ,2025-06-09
C001785,Z002,200,ACTIVO,2024-11-18
C001786,Z002,600,ACTIVO,2024-10-21
C001787,Z002,100,ACTIVO,2024-11-21
C001788,Z002,600,ACTIVO,2025-08-15
C001789,Z002,500,ACTIVO,2024-01-18
C001790,Z002 ,100,ACTIVO,2025-08-06
C001791,Z002,300,ACTIVO,2026-03-19
C001792,Z002,500,SUSPENDIDO,2024-08-02
C001793,Z002,200,Activo,2026-02-20
C001794,Z002,200, activo ,2025-12-12
C001795,Z002,200,Activo,2024-06-09
C001796,Z002,200,ACTIVO,2024-04-10
C001797,Z002,200, activo ,2024-07-09
C001798,Z002,100,ACTIVO,2026-06-15
C001799,Z002,200,ACTIVO,2024-01-22
C001800,Z002,500,Activo,2025-03-20
C001801,Z002,100,ACTIVO,2025-11-25
C001802,Z002,200,ACTIVO,2025-07-10
C001803,Z002,200,ACTIVO,2026-02-13
C001804,Z002,300,ACTIVO,2024-06-17
C001805,Z002,300,ACTIVO,2026-02-12
C001806,Z002,100,ACTIVO,2026-02-28
C001807,Z002,200,ACTIVO,2026-02-17
C001808,Z002,300,ACTIVO,2024-09-25
C001809,Z002,100,ACTIVO,2026-05-12
C001810,Z002,500,Activo,2025-11-27
C001811,Z002,300,Activo,2026-05-20
C001812,Z002,100,ACTIVO,2025-09-05
C001813,Z002,300,ACTIVO,2025-07-04
C001814,Z002,200,ACTIVO,2025-08-11
C001815,Z002,100,Activo,2025-01-11
C001816,Z002,100,ACTIVO,2026-02-18
C001817,Z002,100,ACTIVO,2025-01-07
C001818,Z002,200,ACTIVO,2026-06-09
C001819,Z002,200,SUSPENDIDO,2024-07-04
C001820,Z002,300,ACTIVO,2024-08-15
C001821,Z002,100,Activo,2024-07-30
C001822,Z002,300,ACTIVO,2024-01-02
C001823,Z002,300,Activo,2025-04-11
C001824,Z002,100,Activo,2025-10-13
C001825,Z002,600,ACTIVO,2024-01-09
C001826,Z002,500,ACTIVO,2024-09-03
C001827,Z002,300,Activo,2024-07-09
C001828,Z002,300,ACTIVO,2024-02-03
C001829,Z002,200, activo ,2026-01-13
C001830,Z002,200, activo ,2024-05-26
C001831,Z002,100, activo ,2026-04-05
C001832,Z002,200,ACTIVO,2024-03-12
C001833,Z002,300, activo ,2026-05-01
C001834,Z002,600,Activo,2026-02-03
C001835,Z002,300,ACTIVO,2025-01-17
C001836,Z002,300, activo ,2026-04-01
C001837,Z002,100,ACTIVO,2026-05-23
C001838,Z002,100,ACTIVO,2025-10-18
C001839,Z002,600,ACTIVO,2024-07-12
C001840,Z002,200,ACTIVO,2024-06-12
C001841,Z002,300, activo ,2025-08-02
C001842,Z002,300,Activo,2026-06-06
C001843,Z002,200, activo ,2026-03-16
C001844,Z002,100,SUSPENDIDO,2024-07-15
C001845,Z002,500,ACTIVO,2024-03-07
C001846,Z002,200,ACTIVO,2025-08-30
C001847,Z002,200,ACTIVO,2025-03-04
C001848,Z002,200,ACTIVO,2025-05-09
C001849,Z002,100, activo ,2025-11-08
C001850,Z002,500,ACTIVO,2025-07-28
C001851,Z002,300, activo ,2026-02-21
C001852,Z002,100,ACTIVO,2024-10-24
C001853,Z002,200,ACTIVO,2025-07-15
C001854,Z002,200,Activo,2024-10-20
C001855,Z002,100,ACTIVO,2024-02-29
C001856,Z002,100,ACTIVO,2025-09-12
C001857,Z002,100,ACTIVO,2024-01-15
C001858,Z002,100,ACTIVO,2025-03-02
C001859,Z002,600, activo ,2024-06-22
C001860,Z002,200,ACTIVO,2024-07-12
C001861,Z002,500, activo ,2025-02-11
C001862,Z002,100,ACTIVO,2024-04-23
C001863,Z002,500, activo ,2024-04-09
C001864,Z002,300,ACTIVO,2024-04-06
C001865,Z002,300, activo ,2025-01-01
C001866,Z002,100,ACTIVO,2025-02-13
C001867,Z002,200, activo ,2026-04-24
C001868,Z002,500,ACTIVO,2024-11-02
C001869,Z002,100,ACTIVO,2026-06-12
C001870,Z002,200,Activo,2024-02-01
C001871,Z002,100,ACTIVO,2025-01-02
C001872,Z002,100, activo ,2024-04-29
C001873,Z002,500,ACTIVO,2024-11-03
C001874,Z002,300,SUSPENDIDO,2025-11-15
C001875,Z002,200,ACTIVO,2024-09-09
C001876,Z002,500,Activo,2025-02-11
C001877,Z002,200,ACTIVO,2025-01-17
C001878,Z002,500,ACTIVO,2025-10-16
C001879,Z002,300,ACTIVO,2024-05-31
C001880,Z002,200,Activo,2025-03-06
C001881,Z002,600,ACTIVO,2025-11-18
C001882,Z002,200,ACTIVO,2024-11-04
C001883,Z002,200,ACTIVO,2025-03-26
C001884,Z002,100,ACTIVO,2025-01-20
C001885,Z002,500,ACTIVO,2024-08-24
C001886,Z002,500,ACTIVO,2025-07-04
C001887,Z002,100,ACTIVO,2025-01-13
C001888,Z002,200,ACTIVO,2025-06-15
C001889,Z002,200,ACTIVO,2025-11-02
C001890,Z002,300,ACTIVO,2024-08-28
C001891,Z002,200, activo ,2024-08-13
C001892,Z002,300,ACTIVO,2024-08-21
C001893,Z002,200, activo ,2024-04-21
C001894,Z002,100, activo ,2024-11-04
C001895,Z002,300,Activo,2024-06-16
C001896,Z002,100,Activo,2024-02-14
C001897,Z002,100,ACTIVO,2025-02-13
C001898,Z002,200,ACTIVO,2025-12-02
C001899,Z002,100,ACTIVO,2025-06-08
C001900,Z002,500,ACTIVO,2025-07-09
C001901,Z002,100,ACTIVO,2024-01-27
C001902,Z002,200, activo ,2024-11-23
C001903,Z002,300,ACTIVO,2025-07-23
C001904,Z002,100, activo ,2026-06-09
C001905,Z002,200,ACTIVO,2025-03-09
C001906,Z002,200,ACTIVO,2026-04-09
C001907,Z002,200,Activo,2024-03-17
C001908,Z002,100,Activo,2025-05-27
C001909,Z002,300,ACTIVO,2025-08-06
C001910,Z002,200,ACTIVO,2024-01-04
C001911,Z002,100,ACTIVO,2025-02-25
C001912,Z002,200,Activo,2024-03-14
C001913,Z002,200,SUSPENDIDO,2026-04-10
C001914,Z002,300,SUSPENDIDO,2026-04-04
C001915,Z002,500,ACTIVO,2025-10-02
C001916,Z002,100,Activo,2025-11-05
C001917,Z002,200,ACTIVO,2025-11-10
C001918,Z002,600,ACTIVO,2024-09-03
C001919,Z002,100,ACTIVO,2025-02-05
C001920,Z002,500,Activo,2025-03-07
C001921,Z002,200,ACTIVO,2025-01-24
C001922,Z002,200, activo ,2024-02-11
C001923,Z002,300,ACTIVO,2025-10-18
C001924,Z002,200,ACTIVO,2025-06-19
C001925,Z002,200,Activo,2026-02-17
C001926,Z002,500,ACTIVO,2025-04-01
C001927,Z002,100,ACTIVO,2025-10-11
C001928,Z002,300,ACTIVO,2025-03-26
C001929,Z002,300,ACTIVO,2025-03-01
C001930,Z002,300,ACTIVO,2025-08-21
C001931,Z002,200,ACTIVO,2026-05-26
C001932,Z002,300, activo ,2025-01-07
C001933,Z002,300,ACTIVO,2024-02-06
C001934,Z002,300,ACTIVO,2025-09-06
C001935,Z002,500,ACTIVO,2024-12-28
C001936,Z002,100,ACTIVO,2024-01-10
C001937,Z002,500,ACTIVO,2025-08-05
C001938,Z002,200,ACTIVO,2024-09-04
C001939,Z002,200,ACTIVO,2024-04-16
C001940,Z002,100,Activo,2025-08-13
C001941,Z002,100,Activo,2024-03-07
C001942,Z002,100,ACTIVO,2025-12-26
C001943,Z002,500,ACTIVO,2025-09-10
C001944,Z002,100,ACTIVO,2025-07-21
C001945,Z002,200, activo ,2024-09-12
C001946,Z002,300,Activo,2024-09-01
C001947,Z002,100,ACTIVO,2024-12-24
C001948,Z002,200,Activo,2024-08-02
C001949,Z002,200,ACTIVO,2025-04-14
C001950,Z002,300,ACTIVO,2025-09-18
C001951,Z002,300,ACTIVO,2025-06-01
C001952,Z002,200,ACTIVO,2025-09-04
C001953,Z002,100,ACTIVO,2025-11-15
C001954,Z002 ,200, activo ,2025-06-26
C001955,Z002,500,ACTIVO,2024-04-07
C001956,Z002,200,SUSPENDIDO,2025-09-17
C001957,Z002,100,ACTIVO,2025-03-01
C001958,Z002,200,Activo,2025-02-01
C001959,Z002,200,ACTIVO,2026-06-07
C001960,Z002,500, activo ,2025-03-31
C001961,Z002,200,ACTIVO,2026-03-12
C001962,Z002,500,Activo,2024-06-10
C001963,Z002,300, activo ,2025-04-06
C001964,Z002,300,ACTIVO,2024-04-19
C001965,Z002,100,ACTIVO,2024-02-05
C001966,Z002,500,ACTIVO,2024-12-14
C001967,Z002,500,Activo,2024-04-17
C001968,Z002,500,ACTIVO,2025-08-24
C001969,Z002,200,ACTIVO,2025-10-17
C001970,Z002,500,ACTIVO,2024-09-05
C001971,Z002,200,ACTIVO,2025-08-13
C001972,Z002,300,ACTIVO,2025-03-12
C001973,Z002,300,Activo,2025-08-18
C001974,Z002,200,Activo,2025-12-09
C001975,Z002,100,ACTIVO,2026-02-28
C001976,Z002,300,ACTIVO,2025-10-13
C001977,Z002,500,ACTIVO,2024-08-08
C001978,Z002,600,ACTIVO,2025-06-19
C001979,Z002,500,ACTIVO,2025-03-02
C001980,Z002,300,Activo,2025-12-05
C001981,Z002,100,Activo,2025-07-10
C001982,Z002,600,ACTIVO,2024-08-02
C001983,Z002,100, activo ,2025-04-13
C001984,Z002,200,Activo,2024-08-06
C001985,Z002,100,ACTIVO,2024-02-27
C001986,Z002,200,ACTIVO,2025-03-13
C001987,Z002,100,ACTIVO,2024-01-18
C001988,Z002,100,Activo,2024-10-13
C001989,Z002,300,ACTIVO,2024-05-31
C001990,Z002,500,ACTIVO,2024-10-12
C001991,Z002,200,ACTIVO,2025-04-06
C001992,Z002,500, activo ,2024-07-06
C001993,Z002,500,ACTIVO,2025-08-08
C001994,Z002,100,ACTIVO,2024-10-06
C001995,Z002,200,Activo,2025-05-13
C001996,Z002,500,ACTIVO,2024-06-19
C001997,Z002,100, activo ,2024-08-28
C001998,Z002,200,ACTIVO,2025-09-25
C001999,Z002,100,ACTIVO,2026-05-13
C002000,Z002,200,Activo,2025-02-28
C002001,Z002,100,Activo,2024-08-23
C002002,Z002,100,ACTIVO,2025-11-21
C002003,Z002,200,Activo,2025-09-10
C002004,Z002,300,ACTIVO,2025-08-08
C002005,Z002,100,ACTIVO,2024-03-10
C002006,Z002,300,ACTIVO,2024-07-02
C002007,Z002,200,ACTIVO,2025-12-07
C002008,Z002,300,ACTIVO,2025-03-14
C002009,Z002,500, activo ,2025-04-26
C002010,Z002,300,Activo,2026-03-02
C002011,Z002,300,ACTIVO,2025-01-21
C002012,Z002,300,ACTIVO,2024-10-16
C002013,Z002,100, activo ,2024-03-02
C002014,Z002,200,Activo,2024-02-11
C002015,Z002,100, activo ,2025-11-21
C002016,Z002,500,Activo,2024-06-20
C002017,Z002,200,ACTIVO,2024-06-06
C002018,Z002,200,ACTIVO,2024-10-11
C002019,Z002,600,ACTIVO,2025-12-29
C002020,Z002,100,SUSPENDIDO,2026-01-17
C002021,Z002,100,ACTIVO,2025-03-16
C002022,Z002,100, activo ,2025-05-17
C002023,Z002,200,ACTIVO,2025-09-25
C002024,Z002,300,ACTIVO,2025-05-09
C002025,Z002,100,ACTIVO,2026-03-27
C002026,Z002,100, activo ,2024-09-28
C002027,Z002,200,Activo,2024-02-07
C002028,Z002,200,ACTIVO,2024-11-17
C002029,Z002,200,ACTIVO,2024-07-24
C002030,Z002,200,SUSPENDIDO,2025-02-11
C002031,Z002,100,ACTIVO,2025-03-03
C002032,Z002,200,Activo,2024-05-14
C002033,Z002,100,ACTIVO,2025-01-25
C002034,Z002,100, activo ,2025-01-10
C002035,Z002,200, activo ,2026-06-07
C002036,Z002,500,ACTIVO,2025-01-09
C002037,Z002,200,Activo,2026-01-21
C002038,Z002,200,SUSPENDIDO,2024-11-05
C002039,Z002,300,Activo,2026-03-21
C002040,Z002,500, activo ,2025-08-02
C002041,Z002,300,ACTIVO,2025-08-30
C002042,Z002,300, activo ,2024-01-21
C002043,Z002,200,ACTIVO,2026-01-10
C002044,Z002,200, activo ,2024-09-16
C002045,Z002,100,Activo,2025-11-06
C002046,Z002,500,ACTIVO,2025-11-09
C002047,Z002,500,Activo,2026-01-01
C002048,Z002,100,ACTIVO,2025-11-21
C002049,Z002,300,ACTIVO,2024-04-05
C002050,Z002,300,ACTIVO,2025-01-23
C002051,Z002,100,ACTIVO,2024-04-21
C002052,Z002,500,SUSPENDIDO,2024-07-11
C002053,Z002,200,ACTIVO,2025-08-16
C002054,Z002,200, activo ,2024-07-16
C002055,Z002,200,ACTIVO,2024-07-29
C002056,Z002,100, activo ,2024-02-05
C002057,Z002,300,ACTIVO,2025-05-19
C002058,Z002,500,ACTIVO,2024-10-14
C002059,Z002,500, activo ,2025-11-28
C002060,Z002,500,ACTIVO,2025-03-11
C002061,Z002,300,ACTIVO,2026-06-03
C002062,Z002,100,ACTIVO,2025-03-02
C002063,Z002,100,ACTIVO,2025-04-19
C002064,Z002,200,ACTIVO,2025-06-14
C002065,Z002,600, activo ,2025-03-27
C002066,Z002,200,Activo,2024-04-23
C002067,Z002,300,ACTIVO,2024-09-25
C002068,Z002,100,ACTIVO,2025-11-02
C002069,Z002,300,Activo,2025-09-29
C002070,Z002,100,ACTIVO,2026-01-23
C002071,Z002,100,ACTIVO,2025-06-27
C002072,Z002,200,ACTIVO,2024-01-04
C002073,Z002,300,ACTIVO,2025-06-13
C002074,Z002,300,ACTIVO,2024-01-03
C002075,Z002,500,ACTIVO,2025-10-17
C002076,Z002,500,ACTIVO,2025-04-22
C002077,Z002,300,Activo,2025-10-31
C002078,Z002,300, activo ,2024-04-20
C002079,Z002,600,ACTIVO,2024-08-29
C002080,Z002,300,ACTIVO,2024-11-06
C002081,Z002,200,ACTIVO,2026-01-20
C002082,Z002,200,ACTIVO,2024-06-02
C002083,Z002,100,ACTIVO,2024-10-27
C002084,Z002,100,ACTIVO,2026-04-16
C002085,Z002,200,ACTIVO,2024-05-07
C002086,Z002,500,ACTIVO,2026-05-16
C002087,Z002,200,ACTIVO,2025-07-01
C002088,Z002,200,ACTIVO,2024-02-04
C002089,Z002,100,ACTIVO,2026-02-25
C002090,Z002,100,ACTIVO,2024-03-29
C002091,Z002,200,ACTIVO,2024-02-17
C002092,Z002,100,ACTIVO,2024-01-05
C002093,Z002,500, activo ,2024-07-03
C002094,Z002,200,Activo,2024-12-31
C002095,Z002,300,ACTIVO,2024-12-22
C002096,Z002,200,ACTIVO,2024-04-06
C002097,Z002,100,ACTIVO,2024-04-08
C002098,Z002,200,ACTIVO,2024-10-02
C002099,Z002,300,ACTIVO,2025-01-10
C002100,Z002,100, activo ,2024-06-30
C002101,Z003,200,ACTIVO,2024-12-16
C002102,Z003,500,Activo,2024-08-20
C002103,Z003,500,Activo,2024-11-12
C002104,Z003,200,ACTIVO,2025-01-15
C002105,Z003,300,ACTIVO,2024-12-27
C002106,Z003,500,ACTIVO,2024-05-19
C002107,Z003,100,ACTIVO,2026-03-13
C002108,Z003,500,ACTIVO,2026-02-21
C002109,Z003,600, activo ,2025-06-20
C002110,Z003,500,ACTIVO,2026-01-12
C002111,Z003,300,ACTIVO,2026-04-16
C002112,Z003,100,Activo,2025-10-09
C002113,Z003,600,ACTIVO,2026-05-22
C002114,Z003,200,ACTIVO,2026-06-06
C002115,Z003,100, activo ,2025-06-30
C002116,Z003,200,Activo,2025-05-14
C002117,Z003,200,ACTIVO,2025-05-02
C002118,Z003,300,Activo,2026-02-15
C002119,Z003,300,SUSPENDIDO,2025-08-03
C002120,Z003,200,ACTIVO,2024-08-05
C002121,Z003,300,Activo,2025-11-08
C002122,Z003,200,ACTIVO,2025-10-15
C002123,Z003,300,SUSPENDIDO,2025-06-11
C002124,Z003,100,ACTIVO,2024-09-22
C002125,Z003,200,ACTIVO,2026-05-25
C002126,Z003,300,ACTIVO,2024-11-08
C002127,Z003,200,ACTIVO,2024-03-11
C002128,Z003,200,ACTIVO,2026-04-06
C002129,Z003,100,Activo,2026-02-05
C002130,Z003,100,ACTIVO,2026-02-16
C002131,Z003,100,Activo,2024-08-15
C002132,Z003,200,ACTIVO,2026-04-09
C002133,Z003,300,Activo,2024-09-11
C002134,Z003,100,ACTIVO,2024-08-10
C002135,Z003,300,Activo,2025-10-10
C002136,Z003,500,ACTIVO,2025-08-22
C002137,Z003,200,ACTIVO,2025-07-06
C002138,Z003,300,ACTIVO,2026-02-20
C002139,Z003,100,Activo,2025-11-07
C002140,Z003,300,ACTIVO,2025-11-04
C002141,Z003,500,Activo,2025-04-22
C002142,Z003,300, activo ,2025-08-14
C002143,Z003,500,ACTIVO,2024-10-21
C002144,Z003,200, activo ,2025-01-10
C002145,Z003,300,ACTIVO,2026-02-02
C002146,Z003,500, activo ,2024-05-07
C002147,Z003,600,ACTIVO,2024-12-16
C002148,Z003,500,ACTIVO,2025-12-06
C002149,Z003,100,SUSPENDIDO,2026-01-10
C002150,Z003,300,Activo,2024-01-28
C002151,Z003,300,ACTIVO,2025-10-24
C002152,Z003,100, activo ,2025-10-11
C002153,Z003,100,Activo,2026-03-23
C002154,Z003,100,ACTIVO,2025-12-06
C002155,Z003,300,ACTIVO,2024-06-27
C002156,Z003,200, activo ,2024-06-20
C002157,Z003,300,ACTIVO,2026-01-13
C002158,Z003,200,ACTIVO,2026-05-30
C002159,Z003,200,ACTIVO,2024-09-26
C002160,Z003,300,ACTIVO,2024-10-20
C002161,Z003,300,ACTIVO,2025-07-16
C002162,Z003,100,ACTIVO,2024-12-11
C002163,Z003,300,ACTIVO,2024-05-23
C002164,Z003,100, activo ,2024-05-27
C002165,Z003,200,Activo,2025-09-10
C002166,Z003,100,Activo,2024-10-25
C002167,Z003,200,ACTIVO,2024-04-24
C002168,Z003,100,ACTIVO,2026-05-13
C002169,Z003,200,ACTIVO,2025-11-18
C002170,Z003,100, activo ,2025-12-07
C002171,Z003,300,SUSPENDIDO,2024-09-23
C002172,Z003,500,Activo,2026-01-05
C002173,Z003,200,ACTIVO,2025-12-30
C002174,Z003,200,Activo,2025-08-15
C002175,Z003,100, activo ,2025-03-05
C002176,Z003,500,ACTIVO,2024-07-02
C002177,Z003,100, activo ,2024-05-23
C002178,Z003,300,SUSPENDIDO,2026-01-06
C002179,Z003,200, activo ,2024-12-28
C002180,Z003,200,ACTIVO,2024-11-12
C002181,Z003,100,ACTIVO,2025-04-07
C002182,Z003,100, activo ,2025-11-03
C002183,Z003,200,ACTIVO,2024-01-17
C002184,Z003,100,ACTIVO,2025-08-04
C002185,Z003,300,ACTIVO,2024-02-07
C002186,Z003,300,ACTIVO,2024-04-05
C002187,Z003,500, activo ,2025-02-21
C002188,Z003,200,ACTIVO,2024-05-07
C002189,Z003,300,ACTIVO,2025-06-27
C002190,Z003,100,Activo,2026-04-30
C002191,Z003,100,ACTIVO,2024-03-28
C002192,Z003,300,SUSPENDIDO,2025-02-09
C002193,Z003,100,ACTIVO,2024-12-21
C002194,Z003,200, activo ,2024-11-11
C002195,Z003,500, activo ,2026-01-07
C002196,Z003,200,Activo,2024-05-08
C002197,Z003,200,Activo,2026-03-07
C002198,Z003,200, activo ,2024-08-01
C002199,Z003,200,SUSPENDIDO,2024-10-06
C002200,Z003,100,ACTIVO,2024-10-02
C002201,Z003,100,ACTIVO,2025-07-04
C002202,Z003,300, activo ,2024-04-11
C002203,Z003,200,ACTIVO,2025-03-04
C002204,Z003,300,ACTIVO,2024-12-26
C002205,Z003,100,ACTIVO,2024-03-19
C002206,Z003,200,ACTIVO,2025-02-25
C002207,Z003,600,ACTIVO,2025-03-10
C002208,Z003,100,ACTIVO,2024-06-22
C002209,Z003,200,ACTIVO,2024-07-12
C002210,Z003,300,ACTIVO,2025-01-21
C002211,Z003,500,ACTIVO,2024-05-03
C002212,Z003,600, activo ,2024-06-27
C002213,Z003,200, activo ,2026-01-02
C002214,Z003,200, activo ,2025-04-11
C002215,Z003,300,ACTIVO,2024-07-15
C002216,Z003,200,ACTIVO,2025-06-30
C002217,Z003,600,ACTIVO,2024-01-14
C002218,Z003,300,ACTIVO,2025-06-22
C002219,Z003,200,SUSPENDIDO,2025-09-30
C002220,Z003,300,ACTIVO,2025-07-13
C002221,Z003,200,ACTIVO,2024-10-24
C002222,Z003,100,Activo,2024-11-11
C002223,Z003,500,ACTIVO,2025-05-18
C002224,Z003,300,ACTIVO,2024-10-26
C002225,Z003,500,ACTIVO,2025-07-19
C002226,Z003,100, activo ,2024-04-01
C002227,Z003,200,Activo,2026-02-21
C002228,Z003,100, activo ,2024-05-20
C002229,Z003,100,ACTIVO,2025-09-08
C002230,Z003,500,ACTIVO,2025-03-27
C002231,Z003,100,SUSPENDIDO,2025-06-21
C002232,Z003,500,Activo,2025-09-01
C002233,Z003,300,ACTIVO,2025-06-19
C002234,Z003,300,Activo,2024-10-18
C002235,Z003,600,ACTIVO,2024-03-03
C002236,Z003,200,Activo,2024-09-22
C002237,Z003,200, activo ,2024-09-05
C002238,Z003,100,ACTIVO,2025-06-10
C002239,Z003,300, activo ,2024-01-31
C002240,Z003,300,ACTIVO,2025-01-07
C002241,Z003,200,ACTIVO,2024-09-17
C002242,Z003,500,ACTIVO,2026-03-18
C002243,Z003,300,ACTIVO,2025-03-04
C002244,Z003,200,Activo,2025-06-22
C002245,Z003,100,Activo,2025-12-06
C002246,Z003,300,Activo,2024-09-15
C002247,Z003,100,ACTIVO,2024-03-16
C002248,Z003,300,ACTIVO,2026-01-22
C002249,Z003,200,ACTIVO,2025-05-05
C002250,Z003,300,ACTIVO,2025-07-31
C002251,Z003,300,Activo,2025-07-10
C002252,Z003,100,ACTIVO,2025-11-22
C002253,Z003,200,ACTIVO,2026-05-25
C002254,Z003,100,ACTIVO,2025-01-13
C002255,Z003,300,ACTIVO,2024-04-07
C002256,Z003,100,ACTIVO,2025-10-02
C002257,Z003,200, activo ,2025-07-21
C002258,Z003,200,Activo,2025-12-06
C002259,Z003,100,ACTIVO,2026-01-11
C002260,Z003,200,ACTIVO,2024-03-14
C002261,Z003,500,ACTIVO,2025-10-22
C002262,Z003,200,ACTIVO,2025-06-15
C002263,Z003,100, activo ,2025-12-16
C002264,Z003,100,Activo,2025-12-20
C002265,Z003,200,ACTIVO,2024-09-18
C002266,Z003,100,ACTIVO,2025-04-20
C002267,Z003,300,ACTIVO,2025-06-22
C002268,Z003,300, activo ,2026-03-13
C002269,Z003,300, activo ,2025-09-08
C002270,Z003,300,ACTIVO,2024-11-21
C002271,Z003,500,ACTIVO,2026-06-07
C002272,Z003,300,ACTIVO,2025-06-04
C002273,Z003,500,ACTIVO,2026-02-15
C002274,Z003,300,ACTIVO,2024-06-04
C002275,Z003,100,ACTIVO,2025-08-01
C002276,Z003,300, activo ,2024-06-24
C002277,Z003,300,ACTIVO,2024-08-05
C002278,Z003,500,Activo,2025-04-25
C002279,Z003,200,ACTIVO,2025-06-10
C002280,Z003,500,ACTIVO,2026-03-21
C002281,Z003,500,ACTIVO,2026-01-20
C002282,Z003,300,ACTIVO,2024-02-26
C002283,Z003,200, activo ,2025-02-06
C002284,Z003,100,Activo,2026-01-25
C002285,Z003,300,ACTIVO,2024-10-15
C002286,Z003,300,ACTIVO,2026-06-03
C002287,Z003,100, activo ,2024-07-21
C002288,Z003,100,ACTIVO,2026-06-16
C002289,Z003,300,ACTIVO,2024-10-04
C002290,Z003,500, activo ,2024-03-02
C002291,Z003,500,Activo,2026-06-15
C002292,Z003,500,ACTIVO,2024-10-17
C002293,Z003,200, activo ,2024-05-02
C002294,Z003,500,ACTIVO,2025-09-04
C002295,Z003,600,Activo,2026-05-16
C002296,Z003,500,ACTIVO,2025-08-24
C002297,Z003,300,Activo,2026-02-16
C002298,Z003,500,Activo,2025-12-09
C002299,Z003,100,ACTIVO,2026-04-21
C002300,Z003,600,SUSPENDIDO,2026-05-08
C002301,Z003,100,ACTIVO,2024-09-20
C002302,Z003,300,ACTIVO,2025-11-14
C002303,Z003,300,ACTIVO,2025-11-05
C002304,Z003,100,ACTIVO,2025-03-19
C002305,Z003,100, activo ,2024-11-05
C002306,Z003,500,ACTIVO,2025-11-01
C002307,Z003,200,ACTIVO,2026-01-22
C002308,Z003,200,Activo,2025-07-08
C002309,Z003,500, activo ,2026-01-27
C002310,Z003,200,ACTIVO,2024-08-06
C002311,Z003,100,Activo,2025-08-24
C002312,Z003,300,ACTIVO,2025-05-09
C002313,Z003,600,SUSPENDIDO,2024-06-13
C002314,Z003,500,ACTIVO,2025-02-22
C002315,Z003,300, activo ,2026-05-24
C002316,Z003,500,ACTIVO,2026-01-03
C002317,Z003,500,Activo,2024-10-31
C002318,Z003,100,Activo,2024-04-29
C002319,Z003,300,ACTIVO,2025-06-29
C002320,Z003,300,ACTIVO,2026-03-27
C002321,Z003,200,Activo,2025-09-08
C002322,Z003,300,ACTIVO,2025-11-15
C002323,Z003,300,Activo,2025-11-25
C002324,Z003,100,Activo,2026-01-17
C002325,Z003,200,ACTIVO,2025-08-02
C002326,Z003,300,ACTIVO,2025-09-03
C002327,Z003,500,ACTIVO,2025-01-11
C002328,Z003,200,ACTIVO,2024-06-30
C002329,Z003,300, activo ,2025-03-07
C002330,Z003,100,ACTIVO,2025-10-10
C002331,Z003,100,Activo,2025-10-17
C002332,Z003,200, activo ,2024-08-11
C002333,Z003,300,ACTIVO,2026-01-10
C002334,Z003,300,ACTIVO,2024-10-26
C002335,Z003,100, activo ,2026-03-09
C002336,Z003,200,ACTIVO,2025-04-06
C002337,Z003,200,ACTIVO,2025-07-05
C002338,Z003,300,ACTIVO,2024-08-31
C002339,Z003,500, activo ,2026-02-27
C002340,Z003,100, activo ,2024-07-16
C002341,Z003,600, activo ,2024-03-31
C002342,Z003,200,ACTIVO,2024-01-22
C002343,Z003,500,ACTIVO,2025-08-18
C002344,Z003,300,ACTIVO,2025-04-07
C002345,Z003,300,ACTIVO,2024-09-15
C002346,Z003,300,Activo,2025-08-04
C002347,Z003,200, activo ,2025-02-25
C002348,Z003,100,ACTIVO,2025-10-05
C002349,Z003,300,ACTIVO,2025-06-03
C002350,Z003,100,ACTIVO,2024-04-17
C002351,Z003,200,Activo,2025-01-30
C002352,Z003,300,ACTIVO,2024-06-07
C002353,Z003,200,ACTIVO,2025-03-21
C002354,Z003,600,ACTIVO,2025-12-07
C002355,Z003,100,ACTIVO,2025-03-06
C002356,Z003,500,ACTIVO,2024-05-22
C002357,Z003,600,ACTIVO,2024-10-16
C002358,Z003,500,ACTIVO,2025-04-10
C002359,Z003,300,ACTIVO,2024-05-07
C002360,Z003,200,ACTIVO,2026-01-26
C002361,Z003,500,ACTIVO,2025-09-24
C002362,Z003,500,ACTIVO,2024-05-04
C002363,Z003,500,Activo,2024-05-02
C002364,Z003,200,ACTIVO,2025-07-15
C002365,Z003,600,ACTIVO,2025-05-12
C002366,Z003,200,ACTIVO,2025-04-21
C002367,Z003,300, activo ,2026-03-05
C002368,Z003,500,ACTIVO,2025-11-30
C002369,Z003,200,ACTIVO,2024-05-05
C002370,Z003,200,ACTIVO,2025-11-03
C002371,Z003,100, activo ,2025-10-18
C002372,Z003,500,ACTIVO,2026-01-05
C002373,Z003,600,ACTIVO,2026-02-07
C002374,Z003,200,ACTIVO,2024-10-05
C002375,Z003,300,ACTIVO,2025-05-25
C002376,Z003,300, activo ,2024-12-20
C002377,Z003,300,ACTIVO,2025-12-20
C002378,Z003,500,ACTIVO,2024-05-12
C002379,Z003,200,ACTIVO,2025-04-29
C002380,Z003,200,Activo,2025-08-23
C002381,Z003,200,ACTIVO,2025-04-01
C002382,Z003,100,ACTIVO,2025-02-16
C002383,Z003,300,ACTIVO,2024-03-17
C002384,Z003,300,ACTIVO,2024-03-08
C002385,Z003,100,ACTIVO,2026-06-04
C002386,Z003,200,Activo,2025-03-23
C002387,Z003,200,Activo,2024-05-03
C002388,Z003,300, activo ,2024-09-14
C002389,Z003,200,ACTIVO,2025-10-25
C002390,Z003,600,SUSPENDIDO,2025-04-26
C002391,Z003,100,Activo,2024-11-22
C002392,Z003,100,Activo,2024-11-06
C002393,Z003,200,ACTIVO,2024-08-14
C002394,Z003,200,Activo,2026-01-14
C002395,Z003,200,ACTIVO,2024-12-29
C002396,Z003,600,ACTIVO,2024-12-06
C002397,Z003,100,Activo,2025-09-06
C002398,Z003,500,ACTIVO,2026-05-17
C002399,Z003,200,ACTIVO,2026-04-22
C002400,Z003,500, activo ,2026-01-04
C002401,Z003,200,ACTIVO,2025-06-19
C002402,Z003,100,ACTIVO,2025-05-27
C002403,Z003,200,Activo,2026-06-02
C002404,Z003,300, activo ,2026-02-07
C002405,Z003,300,Activo,2026-04-08
C002406,Z003,300,ACTIVO,2024-01-10
C002407,Z003,100,ACTIVO,2025-02-04
C002408,Z003,300, activo ,2026-01-10
C002409,Z003,600, activo ,2025-10-21
C002410,Z003,500, activo ,2024-04-29
C002411,Z003,500,ACTIVO,2025-10-15
C002412,Z003,500,ACTIVO,2024-04-15
C002413,Z003,200,ACTIVO,2024-08-21
C002414,Z003,100,SUSPENDIDO,2024-04-21
C002415,Z003,500, activo ,2024-06-04
C002416,Z003,100,ACTIVO,2024-09-13
C002417,Z003,200,ACTIVO,2025-11-06
C002418,Z003,600,ACTIVO,2025-12-02
C002419,Z003,200,ACTIVO,2025-05-30
C002420,Z003,200,ACTIVO,2024-03-27
C002421,Z003,200,ACTIVO,2024-02-19
C002422,Z003,100,ACTIVO,2026-02-03
C002423,Z003,100,ACTIVO,2025-08-16
C002424,Z003,500, activo ,2025-05-28
C002425,Z003,300,ACTIVO,2024-09-10
C002426,Z003,200,ACTIVO,2024-05-19
C002427,Z003,500,ACTIVO,2025-12-15
C002428,Z003,200,ACTIVO,2024-07-22
C002429,Z003,500,ACTIVO,2025-01-16
C002430,Z003,100, activo ,2024-01-12
C002431,Z003,200,Activo,2025-08-11
C002432,Z003,100, activo ,2024-11-17
C002433,Z003,100,ACTIVO,2024-04-15
C002434,Z003,100,ACTIVO,2025-05-30
C002435,Z003,500,ACTIVO,2024-04-08
C002436,Z003,200,Activo,2024-08-05
C002437,Z003,100,ACTIVO,2024-02-15
C002438,Z003,300,SUSPENDIDO,2025-07-08
C002439,Z003,200,ACTIVO,2024-02-19
C002440,Z003,300,ACTIVO,2025-04-28
C002441,Z003,300,ACTIVO,2025-05-07
C002442,Z003,500,ACTIVO,2026-01-30
C002443,Z003,600,SUSPENDIDO,2024-01-03
C002444,Z003,200,Activo,2024-04-26
C002445,Z003,100,ACTIVO,2025-03-07
C002446,Z003,600,ACTIVO,2024-08-23
C002447,Z003,300,ACTIVO,2025-08-23
C002448,Z003,500,ACTIVO,2024-04-28
C002449,Z003,100,ACTIVO,2024-04-29
C002450,Z003,200,ACTIVO,2025-09-10
C002451,Z003,200,ACTIVO,2026-05-23
C002452,Z003,200,ACTIVO,2024-01-05
C002453,Z003,200,Activo,2024-10-07
C002454,Z003,200,ACTIVO,2025-10-14
C002455,Z003,200,SUSPENDIDO,2025-08-11
C002456,Z003,100,ACTIVO,2024-06-20
C002457,Z003,100,ACTIVO,2025-12-04
C002458,Z003,300,Activo,2024-03-27
C002459,Z003,300,Activo,2025-10-20
C002460,Z003,500,Activo,2024-10-20
C002461,Z003,500,Activo,2024-06-28
C002462,Z003,200,ACTIVO,2024-11-18
C002463,Z003,100,ACTIVO,2025-04-05
C002464,Z003,100, activo ,2024-02-08
C002465,Z003,300,ACTIVO,2026-04-08
C002466,Z003,300, activo ,2024-11-02
C002467,Z003,300,Activo,2025-10-23
C002468,Z003,200,Activo,2025-02-18
C002469,Z003,600,ACTIVO,2025-05-20
C002470,Z003,200,ACTIVO,2024-12-18
C002471,Z003,600,Activo,2025-06-16
C002472,Z003,200,ACTIVO,2024-11-19
C002473,Z003,100,ACTIVO,2024-12-14
C002474,Z003,300,ACTIVO,2025-12-31
C002475,Z003,300,Activo,2024-04-26
C002476,Z003,300,Activo,2024-08-24
C002477,Z003,500,ACTIVO,2026-03-01
C002478,Z003,200,ACTIVO,2024-06-24
C002479,Z003,200, activo ,2025-06-29
C002480,Z003,200,SUSPENDIDO,2024-05-13
C002481,Z003,200,ACTIVO,2024-10-05
C002482,Z003,100,ACTIVO,2025-05-17
C002483,Z003,300,ACTIVO,2024-03-12
C002484,Z003,100, activo ,2024-09-17
C002485,Z003,100,Activo,2024-11-06
C002486,Z003,300,ACTIVO,2024-12-09
C002487,Z003,100,ACTIVO,2024-11-08
C002488,Z003,100,ACTIVO,2025-09-18
C002489,Z003,200,ACTIVO,2024-09-05
C002490,Z003,100,ACTIVO,2025-05-23
C002491,Z003,100,ACTIVO,2024-05-19
C002492,Z003,200,ACTIVO,2024-10-07
C002493,Z003,500,ACTIVO,2026-05-16
C002494,Z003,100,ACTIVO,2026-01-06
C002495,Z003,100,ACTIVO,2026-01-13
C002496,Z003,500,ACTIVO,2025-08-24
C002497,Z003,300,ACTIVO,2025-01-18
C002498,Z003,500,ACTIVO,2024-02-03
C002499,Z003,100, activo ,2025-07-22
C002500,Z003,300,ACTIVO,2026-05-17
C002501,Z003,500,ACTIVO,2025-02-21
C002502,Z003,200, activo ,2025-01-21
C002503,Z003,500,Activo,2026-01-13
C002504,Z003,200,ACTIVO,2024-04-09
C002505,Z003,500,ACTIVO,2025-08-15
C002506,Z003,300,ACTIVO,2024-02-18
C002507,Z003,500,ACTIVO,2024-05-21
C002508,Z003,100,ACTIVO,2025-12-21
C002509,Z003,200,ACTIVO,2025-07-08
C002510,Z003,100,ACTIVO,2025-06-18
C002511,Z003,300,ACTIVO,2025-08-14
C002512,Z003,300,ACTIVO,2025-08-13
C002513,Z003,300,ACTIVO,2025-11-12
C002514,Z003,100, activo ,2024-12-16
C002515,Z003,300,ACTIVO,2024-07-08
C002516,Z003,200, activo ,2026-05-21
C002517,Z003,300, activo ,2026-02-09
C002518,Z003,600,ACTIVO,2026-03-28
C002519,Z003,500, activo ,2026-04-21
C002520,Z003,200,SUSPENDIDO,2025-08-02
C002521,Z003,100,ACTIVO,2026-01-29
C002522,Z003,100,Activo,2025-04-14
C002523,Z003,100,Activo,2025-02-06
C002524,Z003,200,Activo,2026-02-02
C002525,Z003,100, activo ,2024-02-07
C002526,Z003,100,Activo,2026-05-06
C002527,Z003,200,ACTIVO,2024-11-11
C002528,Z003,200,Activo,2025-09-27
C002529,Z003,100,ACTIVO,2025-10-25
C002530,Z003,100,ACTIVO,2026-02-17
C002531,Z003,100, activo ,2025-11-03
C002532,Z003,200,ACTIVO,2025-06-05
C002533,Z003,200,SUSPENDIDO,2024-08-29
C002534,Z003,200,Activo,2025-04-03
C002535,Z003,200,ACTIVO,2025-05-20
C002536,Z003,100,Activo,2024-10-30
C002537,Z003,500, activo ,2024-03-24
C002538,Z003,200,ACTIVO,2026-03-03
C002539,Z003,300,SUSPENDIDO,2025-01-12
C002540,Z003,200,Activo,2025-10-16
C002541,Z003,300, activo ,2024-04-02
C002542,Z003,200,ACTIVO,2025-11-17
C002543,Z003,200,ACTIVO,2025-01-13
C002544,Z003,200,ACTIVO,2026-04-28
C002545,Z003,200,Activo,2026-04-07
C002546,Z003,100, activo ,2025-04-13
C002547,Z003,200,ACTIVO,2024-07-30
C002548,Z003,300,Activo,2024-07-04
C002549,Z003,500,ACTIVO,2024-10-07
C002550,Z003,300,ACTIVO,2026-05-25
C002551,Z003,100,ACTIVO,2025-08-28
C002552,Z003,200,ACTIVO,2026-02-27
C002553,Z003,300, activo ,2024-11-24
C002554,Z003,300,ACTIVO,2025-08-15
C002555,Z003,500,ACTIVO,2024-05-08
C002556,Z003,600,ACTIVO,2024-04-25
C002557,Z003,100,Activo,2026-06-05
C002558,Z003,100,Activo,2024-10-13
C002559,Z003,300, activo ,2025-02-21
C002560,Z003,300, activo ,2024-05-19
C002561,Z003,100,ACTIVO,2024-04-06
C002562,Z003,200,ACTIVO,2024-01-03
C002563,Z003,300,SUSPENDIDO,2024-04-10
C002564,Z003,300,ACTIVO,2024-07-06
C002565,Z003,100,Activo,2025-04-18
C002566,Z003,500,ACTIVO,2025-01-25
C002567,Z003,100,ACTIVO,2024-10-13
C002568,Z003,500,Activo,2024-07-01
C002569,Z003,200,ACTIVO,2025-09-17
C002570,Z003,300,ACTIVO,2025-08-25
C002571,Z003,100,ACTIVO,2024-07-27
C002572,Z003,200,ACTIVO,2024-12-21
C002573,Z003,200,ACTIVO,2024-10-11
C002574,Z003,500,ACTIVO,2024-04-08
C002575,Z003,200,ACTIVO,2026-02-21
C002576,Z003,500,ACTIVO,2024-10-09
C002577,Z003,200, activo ,2025-07-18
C002578,Z003,500,ACTIVO,2026-01-24
C002579,Z003,100,Activo,2025-04-03
C002580,Z003,300,Activo,2025-02-25
C002581,Z003,200,ACTIVO,2026-04-11
C002582,Z003,200,Activo,2025-03-17
C002583,Z003,300,ACTIVO,2024-03-29
C002584,Z003,200,Activo,2025-10-13
C002585,Z003,100,Activo,2024-10-25
C002586,Z003,200,ACTIVO,2025-10-05
C002587,Z003,500,ACTIVO,2026-02-13
C002588,Z003,600, activo ,2025-10-24
C002589,Z003,200,Activo,2025-11-19
C002590,Z003,300,ACTIVO,2026-06-11
C002591,Z003,100, activo ,2024-08-22
C002592,Z003,200,ACTIVO,2025-01-16
C002593,Z003,300,ACTIVO,2026-06-11
C002594,Z003,300,SUSPENDIDO,2026-02-20
C002595,Z003,500,ACTIVO,2024-01-13
C002596,Z003,100,SUSPENDIDO,2025-08-16
C002597,Z003,200,Activo,2024-10-25
C002598,Z003,100, activo ,2026-02-03
C002599,Z003,100,ACTIVO,2024-08-15
C002600,Z003,200,ACTIVO,2025-02-28
C002601,Z003,500,ACTIVO,2024-08-25
C002602,Z003,500,Activo,2025-06-05
C002603,Z003,100, activo ,2024-08-13
C002604,Z003,300,ACTIVO,2024-02-11
C002605,Z003,300,ACTIVO,2025-12-03
C002606,Z003,300,ACTIVO,2024-06-10
C002607,Z003,200,Activo,2026-03-26
C002608,Z003,100,ACTIVO,2025-08-09
C002609,Z003,600,ACTIVO,2024-11-17
C002610,Z003,100,ACTIVO,2024-02-10
C002611,Z003,600,ACTIVO,2024-09-01
C002612,Z003,200,ACTIVO,2024-01-24
C002613,Z003,200,SUSPENDIDO,2024-10-03
C002614,Z003,100,ACTIVO,2025-09-26
C002615,Z003,100,ACTIVO,2026-05-01
C002616,Z003,200,Activo,2025-06-12
C002617,Z003,500,ACTIVO,2024-05-19
C002618,Z003,200,ACTIVO,2026-04-10
C002619,Z003,500,ACTIVO,2024-02-16
C002620,Z003,300,ACTIVO,2025-05-18
C002621,Z003,500,ACTIVO,2024-03-16
C002622,Z003,100,ACTIVO,2026-01-25
C002623,Z003,200, activo ,2025-09-21
C002624,Z003,500,ACTIVO,2024-05-10
C002625,Z003,200,ACTIVO,2024-04-08
C002626,Z003,500,ACTIVO,2024-04-16
C002627,Z003,300,ACTIVO,2025-11-17
C002628,Z003,300, activo ,2025-03-27
C002629,Z003,300,ACTIVO,2026-03-19
C002630,Z003,300,ACTIVO,2025-08-03
C002631,Z003,300,ACTIVO,2026-04-25
C002632,Z003,600,SUSPENDIDO,2025-11-12
C002633,Z003,500,Activo,2025-07-03
C002634,Z003,100,ACTIVO,2025-11-05
C002635,Z003,200,ACTIVO,2024-01-28
C002636,Z003,500,ACTIVO,2026-05-20
C002637,Z003,200,Activo,2025-01-01
C002638,Z003,500,SUSPENDIDO,2025-01-26
C002639,Z003,200,ACTIVO,2026-03-17
C002640,Z003,100,ACTIVO,2024-08-28
C002641,Z003,100,ACTIVO,2026-06-17
C002642,Z003,100,Activo,2024-09-01
C002643,Z003,100, activo ,2024-04-08
C002644,Z003,100,ACTIVO,2024-07-18
C002645,Z003,300,ACTIVO,2025-01-16
C002646,Z003,100,SUSPENDIDO,2025-04-03
C002647,Z003,100,ACTIVO,2024-06-12
C002648,Z003,200,ACTIVO,2026-02-05
C002649,Z003,500,ACTIVO,2024-08-11
C002650,Z003,200,ACTIVO,2024-01-03
C002651,Z003,500,Activo,2025-04-14
C002652,Z003,100,Activo,2025-06-08
C002653,Z003,300,ACTIVO,2025-07-17
C002654,Z003,300, activo ,2026-03-03
C002655,Z003,200,ACTIVO,2026-04-13
C002656,Z003,500,ACTIVO,2025-09-24
C002657,Z003,100, activo ,2025-06-18
C002658,Z003,200,Activo,2024-07-04
C002659,Z003,100,ACTIVO,2024-09-26
C002660,Z003,500,ACTIVO,2024-01-24
C002661,Z003,300,SUSPENDIDO,2025-07-20
C002662,Z003,200,ACTIVO,2025-08-25
C002663,Z003,200,ACTIVO,2025-12-07
C002664,Z003,300,ACTIVO,2026-05-12
C002665,Z003,200, activo ,2024-10-20
C002666,Z003,500,ACTIVO,2024-05-02
C002667,Z003,300, activo ,2026-05-07
C002668,Z003,100, activo ,2025-03-05
C002669,Z003,200,ACTIVO,2025-07-28
C002670,Z003,200,Activo,2025-04-04
C002671,Z003,100,ACTIVO,2026-06-15
C002672,Z003,100,ACTIVO,2026-03-13
C002673,Z003,300, activo ,2025-03-19
C002674,Z003,500,ACTIVO,2025-06-18
C002675,Z003,200, activo ,2025-12-23
C002676,Z003,300,ACTIVO,2026-03-08
C002677,Z003,200,ACTIVO,2024-06-22
C002678,Z003,500,ACTIVO,2026-03-14
C002679,Z003,200,ACTIVO,2025-03-08
C002680,Z003,300,ACTIVO,2024-04-20
C002681,Z003,100,Activo,2025-03-08
C002682,Z003,100,ACTIVO,2026-05-31
C002683,Z003,200,ACTIVO,2025-01-25
C002684,Z003,300,ACTIVO,2025-04-23
C002685,Z003,100, activo ,2026-03-05
C002686,Z003,300,Activo,2024-10-07
C002687,Z003,500,Activo,2024-12-31
C002688,Z003,300,ACTIVO,2026-01-26
C002689,Z003,200,ACTIVO,2024-12-18
C002690,Z003,100,ACTIVO,2025-01-11
C002691,Z003,200,ACTIVO,2024-08-13
C002692,Z003,300,ACTIVO,2024-09-04
C002693,Z003,500,ACTIVO,2025-11-15
C002694,Z003,500,ACTIVO,2026-02-07
C002695,Z003,600,ACTIVO,2026-04-04
C002696,Z003,500,ACTIVO,2025-06-21
C002697,Z003,300,ACTIVO,2024-10-01
C002698,Z003,100,ACTIVO,2024-02-24
C002699,Z003,100,Activo,2024-03-19
C002700,Z003,200,Activo,2025-04-18
C002701,Z003,100,ACTIVO,2024-01-26
C002702,Z003,500,ACTIVO,2025-11-30
C002703,Z003,100, activo ,2024-09-20
C002704,Z003,200,ACTIVO,2026-03-07
C002705,Z003,100,ACTIVO,2025-06-18
C002706,Z003,300,ACTIVO,2026-03-29
C002707,Z003,300, activo ,2024-11-19
C002708,Z003,500,ACTIVO,2025-03-04
C002709,Z003,200,ACTIVO,2026-03-14
C002710,Z003,600,ACTIVO,2025-02-22
C002711,Z003,200,ACTIVO,2024-02-19
C002712,Z003,200,Activo,2025-05-08
C002713,Z003,200,ACTIVO,2025-06-06
C002714,Z003,100,Activo,2025-07-09
C002715,Z003,200,ACTIVO,2025-07-30
C002716,Z003,300, activo ,2025-10-09
C002717,Z003,200,ACTIVO,2024-03-08
C002718,Z003,300,Activo,2025-10-04
C002719,Z003,300,Activo,2026-05-28
C002720,Z003,300,ACTIVO,2024-06-20
C002721,Z003,200,Activo,2024-09-22
C002722,Z003,200, activo ,2025-03-19
C002723,Z003,300,ACTIVO,2024-03-20
C002724,Z003,200, activo ,2026-05-05
C002725,Z003,100,ACTIVO,2024-03-11
C002726,Z003,100,ACTIVO,2024-10-31
C002727,Z003,100,Activo,2025-06-11
C002728,Z003,100,SUSPENDIDO,2024-06-20
C002729,Z003,300, activo ,2024-10-15
C002730,Z003,100,ACTIVO,2025-03-16
C002731,Z003,300,ACTIVO,2025-08-04
C002732,Z003,300,Activo,2026-02-14
C002733,Z003,200,Activo,2024-04-19
C002734,Z003,600,ACTIVO,2024-08-19
C002735,Z003,100,ACTIVO,2024-07-30
C002736,Z003,600, activo ,2025-07-26
C002737,Z003,300,SUSPENDIDO,2024-03-26
C002738,Z003,200,Activo,2025-10-12
C002739,Z003,100,ACTIVO,2024-03-10
C002740,Z003,100,SUSPENDIDO,2025-01-10
C002741,Z003,600,ACTIVO,2025-06-03
C002742,Z003,200,ACTIVO,2025-09-30
C002743,Z003,200,ACTIVO,2024-06-10
C002744,Z003,100,ACTIVO,2024-10-22
C002745,Z003,100, activo ,2024-11-29
C002746,Z003,200,ACTIVO,2024-03-17
C002747,Z003,200,ACTIVO,2025-09-19
C002748,Z003,300,ACTIVO,2024-02-09
C002749,Z003,300,ACTIVO,2024-10-14
C002750,Z003,200,ACTIVO,2025-01-29
C002751,Z003,200,ACTIVO,2026-03-19
C002752,Z003,300,ACTIVO,2024-10-22
C002753,Z003,100,Activo,2025-03-09
C002754,Z003,500, activo ,2024-12-23
C002755,Z003,600,ACTIVO,2025-09-25
C002756,Z003,300,Activo,2024-08-25
C002757,Z003,300,ACTIVO,2026-05-27
C002758,Z003,100,ACTIVO,2024-02-27
C002759,Z003,100, activo ,2025-06-10
C002760,Z003,300, activo ,2024-01-13
C002761,Z003,200,ACTIVO,2025-10-07
C002762,Z003,200,ACTIVO,2025-09-18
C002763,Z003,500,Activo,2026-01-18
C002764,Z003,600,ACTIVO,2025-12-28
C002765,Z003,300,Activo,2025-05-30
C002766,Z003,300,Activo,2025-08-22
C002767,Z003,500,ACTIVO,2024-02-11
C002768,Z003,200,ACTIVO,2025-08-11
C002769,Z003,300, activo ,2025-06-11
C002770,Z003,200,ACTIVO,2025-01-13
C002771,Z003,100,ACTIVO,2025-04-09
C002772,Z003,200,SUSPENDIDO,2026-03-31
C002773,Z003,200,Activo,2026-05-11
C002774,Z003,300,Activo,2025-05-31
C002775,Z003,300, activo ,2026-03-04
C002776,Z003,100,ACTIVO,2025-05-22
C002777,Z003,300,ACTIVO,2025-04-01
C002778,Z003,300,ACTIVO,2025-05-08
C002779,Z003,300,Activo,2026-04-09
C002780,Z003,300, activo ,2025-10-04
C002781,Z003,300,SUSPENDIDO,2024-12-08
C002782,Z003,300,Activo,2024-04-17
C002783,Z003,200,ACTIVO,2026-05-22
C002784,Z003,200, activo ,2025-05-10
C002785,Z003,200,ACTIVO,2025-12-03
C002786,Z003,200,ACTIVO,2025-06-02
C002787,Z003,300,ACTIVO,2026-02-05
C002788,Z003,300,ACTIVO,2024-06-04
C002789,Z003,300,ACTIVO,2025-09-25
C002790,Z003,600,ACTIVO,2024-08-11
C002791,Z003,100, activo ,2026-02-23
C002792,Z003,300,Activo,2024-06-26
C002793,Z003,600,SUSPENDIDO,2025-05-29
C002794,Z003,300,ACTIVO,2024-09-03
C002795,Z003,300,ACTIVO,2025-12-22
C002796,Z003,100,ACTIVO,2024-02-19
C002797,Z003,100,ACTIVO,2025-11-17
C002798,Z003,200, activo ,2026-03-27
C002799,Z003,500,Activo,2025-04-19
C002800,Z003,500,Activo,2024-12-18
C002801,Z003,300, activo ,2025-04-08
C002802,Z003,200, activo ,2025-06-22
C002803,Z003,200, activo ,2024-04-17
C002804,Z003,100,ACTIVO,2024-02-18
C002805,Z003,100,SUSPENDIDO,2025-06-15
C002806,Z003,300,ACTIVO,2024-01-05
C002807,Z003,600,ACTIVO,2025-04-18
C002808,Z003,100,ACTIVO,2024-01-25
C002809,Z003,600,SUSPENDIDO,2025-12-27
C002810,Z003,200,ACTIVO,2024-10-30
C002811,Z003,200,ACTIVO,2024-03-12
C002812,Z003,300, activo ,2024-08-13
C002813,Z003,100,ACTIVO,2024-08-28
C002814,Z003,100,ACTIVO,2024-07-07
C002815,Z003,300,ACTIVO,2025-12-26
C002816,Z003,500, activo ,2025-10-26
C002817,Z003,300,ACTIVO,2024-12-30
C002818,Z003,100,SUSPENDIDO,2024-03-17
C002819,Z003,600,ACTIVO,2024-10-21
C002820,Z003,200,ACTIVO,2024-10-20
C002821,Z003,600,ACTIVO,2025-04-24
C002822,Z003,200,ACTIVO,2024-11-28
C002823,Z003,200, activo ,2026-03-12
C002824,Z003,300,ACTIVO,2024-05-06
C002825,Z003,100,ACTIVO,2024-03-03
C002826,Z003,100,ACTIVO,2024-09-03
C002827,Z003,500,Activo,2025-04-14
C002828,Z003,200,Activo,2026-05-02
C002829,Z003,300,ACTIVO,2025-07-04
C002830,Z003,200, activo ,2024-09-30
C002831,Z003,200,ACTIVO,2025-02-11
C002832,Z003,100,SUSPENDIDO,2026-06-13
C002833,Z003,500, activo ,2024-12-20
C002834,Z003,100,Activo,2025-12-16
C002835,Z003,300,Activo,2024-07-10
C002836,Z003,100,ACTIVO,2024-09-01
C002837,Z003,200,ACTIVO,2025-04-27
C002838,Z003,300,Activo,2026-01-23
C002839,Z003,200,ACTIVO,2024-09-13
C002840,Z003,100,ACTIVO,2024-10-28
C002841,Z003,200,ACTIVO,2026-01-15
C002842,Z003,100,ACTIVO,2025-05-29
C002843,Z003,100,Activo,2026-06-01
C002844,Z003,200,ACTIVO,2025-05-26
C002845,Z003,600,ACTIVO,2025-09-25
C002846,Z003,200, activo ,2025-09-03
C002847,Z003,500,ACTIVO,2025-02-02
C002848,Z003,100,Activo,2025-09-13
C002849,Z003,200,ACTIVO,2024-09-19
C002850,Z003,500,ACTIVO,2026-05-09
C002851,Z003,600,ACTIVO,2025-12-22
C002852,Z003,500,ACTIVO,2025-02-16
C002853,Z003,200,Activo,2026-04-23
C002854,Z003,200,ACTIVO,2024-04-27
C002855,Z003,300,ACTIVO,2025-03-15
C002856,Z003,300,ACTIVO,2024-07-28
C002857,Z003,200,Activo,2024-08-11
C002858,Z003,100, activo ,2025-11-19
C002859,Z003,300,ACTIVO,2024-11-10
C002860,Z003,300,Activo,2025-11-18
C002861,Z003,300,Activo,2024-01-27
C002862,Z003,300, activo ,2026-06-18
C002863,Z003,300, activo ,2026-02-16
C002864,Z003,100,ACTIVO,2026-05-09
C002865,Z003,300,ACTIVO,2024-06-04
C002866,Z003,500, activo ,2025-05-28
C002867,Z003,200,Activo,2025-08-15
C002868,Z003,200,ACTIVO,2024-06-26
C002869,Z003,200,ACTIVO,2024-05-27
C002870,Z003,300,ACTIVO,2025-10-23
C002871,Z003,100,ACTIVO,2026-03-04
C002872,Z003,500,ACTIVO,2026-05-25
C002873,Z003,200,ACTIVO,2024-12-12
C002874,Z003,200,ACTIVO,2025-09-12
C002875,Z003,200,ACTIVO,2025-07-30
C002876,Z003,100,Activo,2024-10-19
C002877,Z003,200,ACTIVO,2025-09-14
C002878,Z003,200, activo ,2025-05-13
C002879,Z003,600,ACTIVO,2024-12-29
C002880,Z003,300,Activo,2026-03-06
C002881,Z003,200,ACTIVO,2026-03-02
C002882,Z003,600,Activo,2024-01-06
C002883,Z003,200,ACTIVO,2024-02-12
C002884,Z003,100,Activo,2024-02-06
C002885,Z003,200, activo ,2026-04-27
C002886,Z003,300, activo ,2025-08-15
C002887,Z003,100,Activo,2026-03-18
C002888,Z003,200,ACTIVO,2025-10-06
C002889,Z003,100,ACTIVO,2024-05-22
C002890,Z003,100,Activo,2025-04-16
C002891,Z003,100,ACTIVO,2024-08-01
C002892,Z003,100,SUSPENDIDO,2024-10-14
C002893,Z003,200,ACTIVO,2025-11-22
C002894,Z003,200,Activo,2024-06-26
C002895,Z003,300,ACTIVO,2025-04-20
C002896,Z003,200, activo ,2025-07-17
C002897,Z003,300,ACTIVO,2025-02-20
C002898,Z003,500,ACTIVO,2025-09-25
C002899,Z003,600, activo ,2024-01-07
C002900,Z003,300,Activo,2024-06-26
C002901,Z003 ,200,ACTIVO,2024-09-20
C002902,Z003,300,ACTIVO,2026-02-07
C002903,Z003,100,ACTIVO,2024-12-20
C002904,Z003,300,ACTIVO,2026-03-28
C002905,Z003,500, activo ,2026-04-17
C002906,Z003,100,ACTIVO,2025-05-07
C002907,Z003,100,ACTIVO,2024-10-21
C002908,Z003,500,ACTIVO,2025-07-20
C002909,Z003,500, activo ,2024-11-06
C002910,Z003,100,Activo,2024-01-19
C002911,Z003,300,ACTIVO,2024-11-16
C002912,Z003,300,Activo,2025-08-14
C002913,Z003,300,ACTIVO,2025-10-13
C002914,Z003,100, activo ,2024-05-22
C002915,Z003,500, activo ,2026-04-25
C002916,Z003,300,ACTIVO,2024-04-15
C002917,Z003,200,ACTIVO,2024-04-26
C002918,Z003,100,Activo,2026-01-16
C002919,Z003,600,Activo,2024-01-30
C002920,Z003,500,Activo,2024-03-12
C002921,Z003,200,Activo,2024-04-12
C002922,Z003,200,ACTIVO,2026-03-02
C002923,Z003,200,ACTIVO,2025-12-31
C002924,Z003,100,ACTIVO,2025-12-09
C002925,Z003,200,ACTIVO,2024-04-21
C002926,Z003,300,ACTIVO,2024-12-28
C002927,Z003,100, activo ,2024-01-23
C002928,Z003,200,ACTIVO,2026-05-23
C002929,Z003,100,ACTIVO,2025-03-11
C002930,Z003,500,Activo,2024-12-19
C002931,Z003,200,SUSPENDIDO,2024-12-12
C002932,Z003,200,ACTIVO,2025-01-20
C002933,Z003,100, activo ,2025-01-23
C002934,Z003,300,ACTIVO,2024-11-21
C002935,Z003,500,Activo,2026-05-21
C002936,Z003,100, activo ,2025-03-15
C002937,Z003,300,ACTIVO,2025-07-22
C002938,Z003,100,ACTIVO,2026-03-01
C002939,Z003,200,ACTIVO,2025-10-23
C002940,Z003,200,ACTIVO,2025-03-05
C002941,Z003,100,ACTIVO,2025-05-31
C002942,Z003,300,ACTIVO,2026-05-07
C002943,Z003,200,Activo,2024-08-28
C002944,Z003,200,Activo,2024-05-07
C002945,Z003,200,Activo,2025-10-04
C002946,Z003,500,ACTIVO,2026-03-18
C002947,Z003,100,ACTIVO,2026-01-21
C002948,Z003,500, activo ,2025-12-06
C002949,Z003,200, activo ,2026-02-24
C002950,Z003,500,ACTIVO,2025-04-27
C002951,Z003,100,ACTIVO,2026-05-13
C002952,Z003,200,ACTIVO,2026-05-11
C002953,Z003,200,ACTIVO,2025-07-20
C002954,Z003,100,ACTIVO,2026-04-30
C002955,Z003,300,ACTIVO,2025-11-29
C002956,Z003,100,ACTIVO,2024-04-25
C002957,Z003,200,ACTIVO,2024-04-29
C002958,Z003,300, activo ,2024-07-13
C002959,Z003,500,ACTIVO,2025-08-07
C002960,Z003,600,Activo,2024-10-14
C002961,Z003,200,ACTIVO,2024-05-31
C002962,Z003,200,ACTIVO,2024-10-16
C002963,Z003,100,SUSPENDIDO,2025-11-04
C002964,Z003,300,ACTIVO,2025-06-02
C002965,Z003,300,Activo,2025-10-16
C002966,Z003,300,Activo,2024-03-26
C002967,Z003,500,ACTIVO,2024-04-13
C002968,Z003,200,ACTIVO,2026-02-28
C002969,Z003,100,ACTIVO,2024-04-25
C002970,Z003,200,Activo,2024-09-11
C002971,Z003,100,SUSPENDIDO,2025-05-01
C002972,Z003,300, activo ,2024-05-25
C002973,Z003,500,Activo,2025-10-22
C002974,Z003,100,ACTIVO,2025-10-05
C002975,Z003,200,ACTIVO,2025-03-04
C002976,Z003,100, activo ,2024-11-17
C002977,Z003,500, activo ,2026-02-07
C002978,Z003,100,ACTIVO,2025-10-04
C002979,Z003,300,Activo,2024-11-27
C002980,Z003,200,ACTIVO,2024-11-28
C002981,Z003,100,ACTIVO,2024-08-28
C002982,Z003,300,SUSPENDIDO,2025-01-11
C002983,Z003,200,Activo,2025-07-16
C002984,Z003,100,Activo,2025-12-27
C002985,Z003,200,ACTIVO,2025-10-28
C002986,Z003,500,SUSPENDIDO,2024-02-04
C002987,Z003,100,ACTIVO,2024-01-09
C002988,Z003,300,ACTIVO,2024-06-11
C002989,Z003,100, activo ,2024-11-23
C002990,Z003,200,ACTIVO,2024-11-14
C002991,Z003,200,ACTIVO,2025-01-30
C002992,Z003,200, activo ,2024-09-04
C002993,Z003,200, activo ,2024-01-21
C002994,Z003,300,ACTIVO,2025-05-10
C002995,Z003,500,ACTIVO,2026-01-29
C002996,Z003,100,ACTIVO,2024-01-18
C002997,Z003,500,SUSPENDIDO,2024-08-28
C002998,Z003,100, activo ,2025-11-17
C002999,Z003,300,ACTIVO,2025-10-12
C003000,Z003,300,ACTIVO,2025-03-28
C003001,Z003,200,Activo,2025-05-29
C003002,Z003,200,ACTIVO,2024-06-18
C003003,Z003,300,SUSPENDIDO,2025-08-30
C003004,Z003,300,ACTIVO,2026-02-02
C003005,Z003,300,ACTIVO,2024-10-04
C003006,Z003,300,Activo,2024-02-23
C003007,Z003,200, activo ,2025-02-24
C003008,Z003,200,ACTIVO,2025-08-28
C003009,Z003,100,ACTIVO,2024-02-02
C003010,Z003,100,ACTIVO,2025-02-19
C003011,Z003,100, activo ,2025-09-13
C003012,Z003,200,ACTIVO,2025-11-25
C003013,Z003,100,ACTIVO,2024-07-13
C003014,Z003,100,ACTIVO,2024-12-18
C003015,Z003,600,ACTIVO,2024-10-29
C003016,Z003,100,ACTIVO,2026-01-10
C003017,Z003,500,ACTIVO,2024-07-09
C003018,Z003,600,ACTIVO,2025-08-06
C003019,Z003,200,ACTIVO,2024-08-31
C003020,Z003,100,ACTIVO,2024-02-19
C003021,Z003,500,Activo,2025-08-24
C003022,Z003,100,Activo,2024-09-25
C003023,Z003,500,ACTIVO,2025-05-07
C003024,Z003,500, activo ,2024-10-16
C003025,Z003,500,ACTIVO,2024-04-21
C003026,Z003,200,ACTIVO,2024-04-18
C003027,Z003,500,ACTIVO,2025-08-17
C003028,Z003,500,SUSPENDIDO,2025-07-24
C003029,Z003,300, activo ,2025-06-30
C003030,Z003,200,ACTIVO,2024-03-09
C003031,Z003,600, activo ,2025-08-12
C003032,Z003,100,ACTIVO,2024-01-26
C003033,Z003,200, activo ,2025-05-28
C003034,Z003,500,ACTIVO,2024-05-24
C003035,Z003,200,ACTIVO,2025-06-24
C003036,Z003,300,ACTIVO,2026-06-16
C003037,Z003,200, activo ,2026-04-10
C003038,Z003,500,Activo,2026-01-09
C003039,Z003,500,ACTIVO,2025-04-13
C003040,Z003,200,ACTIVO,2025-09-25
C003041,Z003,600,SUSPENDIDO,2024-02-01
C003042,Z003,300, activo ,2025-04-06
C003043,Z003,600,Activo,2024-05-05
C003044,Z003,200, activo ,2024-02-28
C003045,Z003,300,Activo,2024-03-30
C003046,Z003,200,ACTIVO,2025-08-24
C003047,Z003,500,ACTIVO,2025-04-03
C003048,Z003,300, activo ,2025-09-08
C003049,Z003,200,Activo,2025-02-13
C003050,Z003,100,ACTIVO,2024-04-05
C003051,Z003,100, activo ,2025-04-28
C003052,Z003,100, activo ,2026-03-22
C003053,Z003,200,Activo,2026-04-24
C003054,Z003,300,ACTIVO,2026-03-09
C003055,Z003,100,ACTIVO,2025-12-08
C003056,Z003,300,ACTIVO,2026-05-04
C003057,Z003,100, activo ,2024-02-18
C003058,Z003,300,Activo,2024-10-21
C003059,Z003,200,ACTIVO,2024-11-04
C003060,Z003,200,Activo,2024-12-12
C003061,Z003,500,ACTIVO,2025-01-13
C003062,Z003,100,ACTIVO,2025-04-20
C003063,Z003,300, activo ,2026-06-13
C003064,Z003,100,ACTIVO,2025-11-29
C003065,Z003,200,SUSPENDIDO,2026-03-25
C003066,Z003,500,ACTIVO,2025-08-11
C003067,Z003,200,Activo,2025-02-28
C003068,Z003,300,ACTIVO,2024-11-27
C003069,Z003,600,ACTIVO,2025-12-20
C003070,Z003,200,ACTIVO,2026-04-21
C003071,Z003,200,ACTIVO,2025-05-19
C003072,Z003,500,SUSPENDIDO,2026-05-17
C003073,Z003,600,Activo,2025-05-21
C003074,Z003,500,ACTIVO,2025-02-10
C003075,Z003,500,ACTIVO,2024-10-28
C003076,Z003,200,ACTIVO,2025-08-28
C003077,Z003,100,ACTIVO,2025-04-04
C003078,Z003,100,ACTIVO,2025-01-02
C003079,Z003,300,ACTIVO,2025-08-26
C003080,Z003,100,ACTIVO,2026-01-17
C003081,Z003,100,ACTIVO,2026-06-10
C003082,Z003,300,ACTIVO,2025-05-12
C003083,Z003,200,ACTIVO,2025-08-20
C003084,Z003,200,Activo,2025-02-20
C003085,Z003,200,Activo,2025-10-17
C003086,Z003,100,ACTIVO,2025-01-18
C003087,Z003,100,ACTIVO,2024-07-20
C003088,Z003,300,ACTIVO,2026-01-17
C003089,Z003,100, activo ,2024-08-18
C003090,Z003,200, activo ,2024-02-21
C003091,Z003,200,ACTIVO,2024-12-01
C003092,Z003,300,ACTIVO,2024-08-27
C003093,Z003,300,ACTIVO,2024-05-14
C003094,Z003,200, activo ,2024-10-27
C003095,Z003,200,Activo,2024-01-02
C003096,Z003,100,ACTIVO,2025-01-31
C003097,Z003,200,ACTIVO,2025-06-14
C003098,Z003,500, activo ,2026-01-04
C003099,Z003,300,ACTIVO,2026-02-11
C003100,Z003,200, activo ,2025-08-03
C003101,Z003,500,ACTIVO,2024-06-24
C003102,Z003,500,ACTIVO,2026-03-23
C003103,Z003,500,ACTIVO,2025-04-21
C003104,Z003,200,ACTIVO,2024-01-26
C003105,Z003,200, activo ,2025-11-04
C003106,Z003,200,Activo,2024-08-17
C003107,Z003,100,Activo,2024-04-20
C003108,Z003,600,Activo,2024-12-05
C003109,Z003,100,ACTIVO,2025-12-11
C003110,Z003,600,Activo,2024-03-20
C003111,Z003,200,ACTIVO,2025-01-19
C003112,Z003,100,Activo,2026-02-25
C003113,Z003,300,ACTIVO,2025-01-09
C003114,Z003,100,ACTIVO,2025-03-30
C003115,Z003,600,Activo,2026-04-05
C003116,Z003,300,ACTIVO,2026-01-31
C003117,Z003,300,ACTIVO,2026-02-07
C003118,Z003,200,Activo,2024-06-08
C003119,Z003,300,ACTIVO,2026-03-10
C003120,Z003,200,ACTIVO,2026-02-27
C003121,Z003,100, activo ,2026-03-03
C003122,Z003,200,ACTIVO,2024-11-14
C003123,Z003,300, activo ,2025-09-14
C003124,Z003,500,ACTIVO,2024-11-01
C003125,Z003,100,ACTIVO,2025-09-10
C003126,Z003,200,ACTIVO,2025-09-23
C003127,Z003,200,ACTIVO,2024-11-06
C003128,Z003,600,ACTIVO,2025-08-16
C003129,Z003,300,ACTIVO,2026-04-18
C003130,Z003,200,SUSPENDIDO,2024-10-12
C003131,Z003,100, activo ,2025-01-31
C003132,Z003,500,ACTIVO,2024-05-11
C003133,Z003,600,Activo,2024-11-20
C003134,Z003,300,Activo,2024-03-22
C003135,Z003,200,ACTIVO,2024-08-18
C003136,Z003,300,ACTIVO,2025-10-08
C003137,Z003,500,ACTIVO,2025-10-06
C003138,Z003,300,ACTIVO,2024-03-03
C003139,Z003,200,ACTIVO,2026-04-07
C003140,Z003,100,Activo,2024-09-14
C003141,Z003,300, activo ,2024-06-16
C003142,Z003,200,ACTIVO,2025-06-07
C003143,Z003,500,ACTIVO,2024-09-19
C003144,Z003,500,Activo,2024-08-06
C003145,Z003,300,ACTIVO,2025-09-21
C003146,Z003,200,Activo,2024-04-24
C003147,Z003,200,ACTIVO,2026-03-28
C003148,Z003,300,Activo,2024-06-14
C003149,Z003,100,ACTIVO,2026-06-18
C003150,Z003,100,ACTIVO,2024-08-23
C003151,Z003,100,Activo,2024-02-14
C003152,Z003,600, activo ,2025-11-30
C003153,Z003,200,ACTIVO,2024-04-02
C003154,Z003,300,ACTIVO,2024-10-23
C003155,Z003,200,ACTIVO,2024-11-22
C003156,Z003,300,Activo,2024-07-16
C003157,Z003,200, activo ,2025-01-16
C003158,Z003,100,ACTIVO,2024-04-02
C003159,Z003,300,ACTIVO,2024-06-13
C003160,Z003,600,ACTIVO,2024-03-07
C003161,Z003,200,Activo,2025-12-17
C003162,Z003,300,SUSPENDIDO,2026-04-30
C003163,Z003,100,Activo,2026-05-08
C003164,Z003,200,ACTIVO,2026-01-15
C003165,Z003,600,ACTIVO,2025-09-18
C003166,Z003,500, activo ,2025-01-04
C003167,Z003,600, activo ,2025-05-01
C003168,Z003,500,ACTIVO,2024-02-15
C003169,Z003,300,ACTIVO,2026-02-07
C003170,Z003,300, activo ,2026-01-02
C003171,Z003,100,ACTIVO,2025-10-13
C003172,Z003,100,Activo,2025-01-31
C003173,Z003,200,ACTIVO,2025-12-05
C003174,Z003,100,Activo,2024-03-04
C003175,Z003,200,ACTIVO,2025-11-27
C003176,Z003,100,Activo,2024-07-24
C003177,Z003,100,ACTIVO,2024-03-05
C003178,Z003,200,ACTIVO,2025-09-11
C003179,Z003,200, activo ,2024-01-11
C003180,Z003,200, activo ,2025-01-07
C003181,Z003,300,Activo,2024-09-12
C003182,Z003,100, activo ,2026-03-09
C003183,Z003,300,ACTIVO,2025-01-18
C003184,Z003,100, activo ,2024-08-18
C003185,Z003,100,ACTIVO,2024-09-10
C003186,Z003,300,ACTIVO,2025-09-13
C003187,Z003,500,ACTIVO,2025-06-03
C003188,Z003,100,ACTIVO,2026-02-02
C003189,Z003,300,ACTIVO,2025-03-17
C003190,Z003,100,Activo,2025-04-17
C003191,Z003,500, activo ,2025-04-04
C003192,Z003,500,ACTIVO,2026-05-12
C003193,Z003,200, activo ,2025-02-11
C003194,Z003,600,Activo,2026-04-14
C003195,Z003,100, activo ,2025-08-18
C003196,Z003,300, activo ,2026-05-02
C003197,Z003,300, activo ,2024-08-28
C003198,Z003,500,ACTIVO,2024-03-25
C003199,Z003,200,ACTIVO,2025-03-20
C003200,Z003,100,SUSPENDIDO,2025-03-07
C003201,Z003,300, activo ,2026-05-05
C003202,Z003,100,Activo,2024-09-07
C003203,Z003,300,ACTIVO,2024-07-15
C003204,Z003,500,ACTIVO,2026-01-03
C003205,Z003,600,Activo,2024-03-18
C003206,Z003,200,ACTIVO,2025-09-01
C003207,Z003,200,Activo,2024-06-09
C003208,Z003,200,Activo,2025-09-30
C003209,Z003,100,ACTIVO,2024-09-06
C003210,Z003,200,ACTIVO,2026-05-02
C003211,Z003,200,ACTIVO,2026-03-18
C003212,Z003,600,ACTIVO,2025-10-18
C003213,Z003,300,ACTIVO,2024-05-09
C003214,Z003,200,ACTIVO,2025-05-23
C003215,Z003,500,ACTIVO,2024-02-10
C003216,Z003,100, activo ,2025-03-18
C003217,Z003,100,ACTIVO,2025-06-19
C003218,Z003,200, activo ,2026-01-26
C003219,Z003,100,Activo,2024-07-29
C003220,Z003,300,Activo,2026-05-30
C003221,Z003,200,Activo,2026-05-07
C003222,Z003,300, activo ,2026-03-28
C003223,Z003,300,ACTIVO,2024-12-21
C003224,Z003,300, activo ,2024-10-01
C003225,Z003,300,ACTIVO,2024-06-15
C003226,Z003,300, activo ,2025-05-04
C003227,Z003,100,ACTIVO,2025-02-04
C003228,Z003,100,SUSPENDIDO,2025-01-06
C003229,Z003,200,ACTIVO,2026-05-26
C003230,Z003,200,SUSPENDIDO,2024-07-23
C003231,Z003,200,ACTIVO,2025-12-26
C003232,Z003,600,SUSPENDIDO,2024-08-06
C003233,Z003,100,Activo,2024-10-06
C003234,Z003,300,ACTIVO,2024-03-10
C003235,Z003,500, activo ,2024-07-09
C003236,Z003,200,ACTIVO,2024-06-04
C003237,Z003,200,ACTIVO,2024-04-04
C003238,Z003,600,ACTIVO,2024-08-26
C003239,Z003,500,ACTIVO,2026-01-20
C003240,Z003,200, activo ,2025-04-21
C003241,Z003,100,ACTIVO,2025-02-11
C003242,Z003,300,Activo,2025-11-04
C003243,Z003,100,ACTIVO,2026-05-07
C003244,Z003,300,Activo,2026-01-25
C003245,Z003,200,ACTIVO,2026-03-27
C003246,Z003,300,ACTIVO,2026-05-01
C003247,Z003,500,ACTIVO,2025-12-19
C003248,Z003,200,Activo,2024-10-27
C003249,Z003,200,ACTIVO,2026-04-16
C003250,Z003,100, activo ,2025-10-01
C003251,Z003,200,ACTIVO,2025-12-01
C003252,Z003,300,ACTIVO,2025-09-20
C003253,Z003,300, activo ,2024-01-16
C003254,Z003,500,ACTIVO,2025-12-21
C003255,Z003,200,ACTIVO,2024-03-14
C003256,Z003,300,ACTIVO,2024-02-09
C003257,Z003,200,ACTIVO,2024-11-05
C003258,Z003,200,Activo,2024-09-12
C003259,Z003,300,ACTIVO,2026-06-03
C003260,Z003,500,ACTIVO,2024-07-04
C003261,Z003,200,ACTIVO,2025-09-09
C003262,Z003,500,Activo,2025-05-31
C003263,Z003,600, activo ,2025-07-22
C003264,Z003,200,ACTIVO,2024-07-12
C003265,Z003,200,ACTIVO,2024-06-25
C003266,Z003,100,ACTIVO,2024-07-28
C003267,Z003,300,Activo,2025-05-11
C003268,Z003,100,ACTIVO,2026-05-28
C003269,Z003,600,Activo,2024-07-29
C003270,Z003,200,ACTIVO,2025-06-17
C003271,Z003,500,Activo,2024-08-03
C003272,Z003,200,ACTIVO,2025-05-29
C003273,Z003,200,Activo,2026-03-12
C003274,Z003,100,ACTIVO,2025-04-03
C003275,Z003,500,ACTIVO,2025-08-24
C003276,Z003,300, activo ,2025-01-06
C003277,Z003,300, activo ,2024-02-11
C003278,Z003,500, activo ,2024-04-12
C003279,Z003,200,Activo,2025-11-30
C003280,Z003,200,ACTIVO,2024-07-10
C003281,Z003,100,SUSPENDIDO,2026-02-01
C003282,Z003,300,ACTIVO,2024-08-21
C003283,Z003,200,ACTIVO,2025-08-27
C003284,Z003,300,SUSPENDIDO,2024-10-28
C003285,Z003,200,SUSPENDIDO,2025-11-10
C003286,Z003,300,ACTIVO,2025-08-24
C003287,Z003,100, activo ,2024-05-27
C003288,Z003,200, activo ,2025-05-31
C003289,Z003,200, activo ,2024-10-31
C003290,Z003,500,ACTIVO,2024-10-22
C003291,Z003,100,Activo,2024-05-20
C003292,Z003,500,Activo,2024-05-26
C003293,Z003,100,ACTIVO,2025-07-05
C003294,Z003,300, activo ,2026-04-11
C003295,Z003,100, activo ,2024-10-16
C003296,Z003,300,ACTIVO,2025-04-13
C003297,Z003,100,SUSPENDIDO,2024-06-08
C003298,Z003,200, activo ,2026-06-14
C003299,Z003,100,ACTIVO,2025-12-11
C003300,Z003,200,ACTIVO,2024-03-06
C003301,Z003,200,ACTIVO,2025-12-25
C003302,Z003,500,Activo,2025-10-19
C003303,Z003,100,Activo,2025-06-27
C003304,Z003,300,ACTIVO,2024-08-12
C003305,Z003,200,ACTIVO,2025-11-06
C003306,Z003,500,Activo,2026-01-14
C003307,Z003,600, activo ,2026-05-31
C003308,Z003,300,ACTIVO,2024-06-24
C003309,Z003,200,ACTIVO,2024-10-16
C003310,Z003,300,ACTIVO,2026-05-27
C003311,Z003,200,ACTIVO,2026-02-08
C003312,Z003,500,ACTIVO,2025-11-03
C003313,Z003,200,ACTIVO,2025-01-28
C003314,Z003,200,ACTIVO,2024-12-20
C003315,Z003 ,100,ACTIVO,2024-12-16
C003316,Z003,200,ACTIVO,2026-04-03
C003317,Z003,300, activo ,2024-04-08
C003318,Z003,100,Activo,2025-02-17
C003319,Z003,200,Activo,2024-02-10
C003320,Z003,100,ACTIVO,2024-09-06
C003321,Z003,300,ACTIVO,2026-04-25
C003322,Z003,200,Activo,2024-07-16
C003323,Z003,100,Activo,2025-01-12
C003324,Z003,200,SUSPENDIDO,2025-08-23
C003325,Z003,500,ACTIVO,2024-10-18
C003326,Z003,200,ACTIVO,2024-01-28
C003327,Z003,300, activo ,2024-03-24
C003328,Z003,200,ACTIVO,2026-02-22
C003329,Z003,100,ACTIVO,2026-04-18
C003330,Z003,500, activo ,2024-02-27
C003331,Z003,100,Activo,2024-01-12
C003332,Z003,500,ACTIVO,2025-05-26
C003333,Z003,100,Activo,2026-05-13
C003334,Z003,300,ACTIVO,2024-03-13
C003335,Z003,300, activo ,2024-11-28
C003336,Z003,200,Activo,2024-04-08
C003337,Z003,100,ACTIVO,2024-10-27
C003338,Z003,200, activo ,2025-08-27
C003339,Z003,200,Activo,2025-10-30
C003340,Z003,100,ACTIVO,2024-05-06
C003341,Z003,500, activo ,2025-10-18
C003342,Z003,100,ACTIVO,2025-12-27
C003343,Z003,500,Activo,2026-01-19
C003344,Z003,500,ACTIVO,2024-04-13
C003345,Z003,100, activo ,2025-03-24
C003346,Z003,200,ACTIVO,2025-03-12
C003347,Z003,600,ACTIVO,2024-10-03
C003348,Z003,200,ACTIVO,2025-11-12
C003349,Z003,200,ACTIVO,2024-09-02
C003350,Z003,200,Activo,2024-07-04
C003351,Z003,300,Activo,2024-06-22
C003352,Z003,200,ACTIVO,2026-01-22
C003353,Z003,200,ACTIVO,2024-08-28
C003354,Z003,200,ACTIVO,2024-04-07
C003355,Z003,200,SUSPENDIDO,2024-10-07
C003356,Z003,200,ACTIVO,2025-06-08
C003357,Z003,300,ACTIVO,2024-11-24
C003358,Z003,300,ACTIVO,2025-02-06
C003359,Z003,300,ACTIVO,2025-10-10
C003360,Z003,600, activo ,2025-11-12
C003361,Z003,200,ACTIVO,2025-09-01
C003362,Z003,500, activo ,2025-06-13
C003363,Z003,500,ACTIVO,2024-09-26
C003364,Z003,500,Activo,2025-10-03
C003365,Z003,300,ACTIVO,2024-11-18
C003366,Z003,200,ACTIVO,2025-07-27
C003367,Z003,500, activo ,2026-04-13
C003368,Z003,200,ACTIVO,2026-02-10
C003369,Z003,200, activo ,2025-04-19
C003370,Z003,600,ACTIVO,2025-08-13
C003371,Z003,300, activo ,2025-05-19
C003372,Z003,600,ACTIVO,2024-07-29
C003373,Z003,100,ACTIVO,2025-02-11
C003374,Z003,300,Activo,2026-03-04
C003375,Z003,300,ACTIVO,2024-12-25
C003376,Z003,500,ACTIVO,2025-12-19
C003377,Z003,300,ACTIVO,2024-01-09
C003378,Z003,200, activo ,2024-10-16
C003379,Z003,100,ACTIVO,2025-07-13
C003380,Z003,100, activo ,2025-09-04
C003381,Z003,500,ACTIVO,2026-05-20
C003382,Z003,600,ACTIVO,2024-05-17
C003383,Z003,100,SUSPENDIDO,2024-09-25
C003384,Z003,300,ACTIVO,2026-03-14
C003385,Z003,500,Activo,2025-05-13
C003386,Z003,500,Activo,2025-08-15
C003387,Z003,200,ACTIVO,2024-02-12
C003388,Z003,200,ACTIVO,2025-03-28
C003389,Z003,200, activo ,2025-12-29
C003390,Z003,100,ACTIVO,2025-01-09
C003391,Z003,100, activo ,2025-02-14
C003392,Z003,200, activo ,2025-02-08
C003393,Z003,100,ACTIVO,2025-06-01
C003394,Z003,300,Activo,2026-01-14
C003395,Z003,500, activo ,2025-11-23
C003396,Z003,500,Activo,2024-02-27
C003397,Z003,100, activo ,2026-03-18
C003398,Z003,500,Activo,2024-12-29
C003399,Z003,200,ACTIVO,2024-05-09
C003400,Z003,300,ACTIVO,2026-04-02
C003401,Z003,100,Activo,2025-12-15
C003402,Z003,300,Activo,2024-05-25
C003403,Z003,200,ACTIVO,2025-06-24
C003404,Z003,500, activo ,2024-08-04
C003405,Z003,200,ACTIVO,2025-12-02
C003406,Z003,600,ACTIVO,2025-03-26
C003407,Z003,300, activo ,2024-07-26
C003408,Z003,300,ACTIVO,2024-05-26
C003409,Z003,300,ACTIVO,2025-10-24
C003410,Z003,200,ACTIVO,2026-05-20
C003411,Z003,500, activo ,2024-08-10
C003412,Z003,300,ACTIVO,2025-09-17
C003413,Z003,300,ACTIVO,2026-04-01
C003414,Z003,500,Activo,2024-06-26
C003415,Z003,100,ACTIVO,2024-08-11
C003416,Z003,100,ACTIVO,2026-05-04
C003417,Z003,100,ACTIVO,2024-09-15
C003418,Z003,600,ACTIVO,2024-10-09
C003419,Z003,200,Activo,2026-03-26
C003420,Z003,300,Activo,2025-05-10
C003421,Z003,300,Activo,2024-08-17
C003422,Z003,300, activo ,2025-12-20
C003423,Z003,100,Activo,2026-02-25
C003424,Z003,200, activo ,2025-10-25
C003425,Z003,200,ACTIVO,2026-05-09
C003426,Z003,200,ACTIVO,2026-02-19
C003427,Z003,200, activo ,2026-04-05
C003428,Z003,300, activo ,2025-02-13
C003429,Z003,300, activo ,2026-05-03
C003430,Z003,200,SUSPENDIDO,2025-12-23
C003431,Z003,200,ACTIVO,2025-07-25
C003432,Z003,300,ACTIVO,2024-08-22
C003433,Z003,300,ACTIVO,2024-10-03
C003434,Z003,100, activo ,2025-04-25
C003435,Z003,200,ACTIVO,2024-07-31
C003436,Z003,200,Activo,2025-01-29
C003437,Z003,200,ACTIVO,2024-12-12
C003438,Z003,200,ACTIVO,2026-02-23
C003439,Z003,300,Activo,2026-01-17
C003440,Z003,200,ACTIVO,2025-08-07
C003441,Z003,200,ACTIVO,2024-06-30
C003442,Z003,600,Activo,2024-09-26
C003443,Z003,200,ACTIVO,2024-02-01
C003444,Z003,200,ACTIVO,2025-11-01
C003445,Z003,100,Activo,2025-09-25
C003446,Z003,100,ACTIVO,2025-08-01
C003447,Z003,300,ACTIVO,2024-12-11
C003448,Z003,100,Activo,2025-09-09
C003449,Z003,500,Activo,2024-04-26
C003450,Z003,300,ACTIVO,2024-06-25
C003451,Z003,100,ACTIVO,2025-07-12
C003452,Z003,200, activo ,2026-03-26
C003453,Z003,200,ACTIVO,2024-12-07
C003454,Z003,300,ACTIVO,2024-01-05
C003455,Z003,200,ACTIVO,2025-10-31
C003456,Z003,200,ACTIVO,2024-12-19
C003457,Z003,200,SUSPENDIDO,2024-07-15
C003458,Z003,200,ACTIVO,2024-02-21
C003459,Z003,200,Activo,2024-04-27
C003460,Z003,200,Activo,2024-08-10
C003461,Z003,200, activo ,2026-02-17
C003462,Z003,100,ACTIVO,2026-05-31
C003463,Z003,100,ACTIVO,2025-08-15
C003464,Z003,300,ACTIVO,2025-03-17
C003465,Z003,200,ACTIVO,2026-04-11
C003466,Z003,500,ACTIVO,2026-06-11
C003467,Z003,300,ACTIVO,2025-03-20
C003468,Z003,300, activo ,2025-09-11
C003469,Z003,100,ACTIVO,2025-06-29
C003470,Z003,100,ACTIVO,2026-06-05
C003471,Z003,300,Activo,2024-07-24
C003472,Z003,300,Activo,2025-08-28
C003473,Z003,100,Activo,2025-07-10
C003474,Z003 ,500,ACTIVO,2025-11-30
C003475,Z003,100, activo ,2025-11-24
C003476,Z003,100, activo ,2024-08-18
C003477,Z003,200,ACTIVO,2024-06-21
C003478,Z003,100, activo ,2024-01-11
C003479,Z003,200,ACTIVO,2025-02-23
C003480,Z003,100,ACTIVO,2024-11-18
C003481,Z003,200,ACTIVO,2025-03-23
C003482,Z003,200,ACTIVO,2024-07-08
C003483,Z003,200,ACTIVO,2025-05-23
C003484,Z003,100,ACTIVO,2024-02-04
C003485,Z003,300,ACTIVO,2024-12-14
C003486,Z003,300,ACTIVO,2025-12-09
C003487,Z003,100,ACTIVO,2025-06-09
C003488,Z003,200,ACTIVO,2024-02-20
C003489,Z003,500,ACTIVO,2026-01-24
C003490,Z003,300,ACTIVO,2025-10-17
C003491,Z003,500,SUSPENDIDO,2025-08-30
C003492,Z003,100,ACTIVO,2024-11-19
C003493,Z003,100,ACTIVO,2025-06-15
C003494,Z003,200,Activo,2024-12-06
C003495,Z003,200,ACTIVO,2025-11-08
C003496,Z003,300,Activo,2024-10-28
C003497,Z003,100,Activo,2025-08-23
C003498,Z003,300,ACTIVO,2024-06-02
C003499,Z003,200,Activo,2025-12-02
C003500,Z003,300,ACTIVO,2026-02-09
C003501,Z003,300,ACTIVO,2025-12-24
C003502,Z003,500,ACTIVO,2025-12-11
C003503,Z003,100,ACTIVO,2025-03-18
C003504,Z003,200,ACTIVO,2024-05-29
C003505,Z003,300,ACTIVO,2026-01-02
C003506,Z003,300,ACTIVO,2024-08-30
C003507,Z003,200, activo ,2026-04-07
C003508,Z003,300,ACTIVO,2026-06-05
C003509,Z003,100,SUSPENDIDO,2025-05-15
C003510,Z003,300,Activo,2025-09-03
C003511,Z003,100,ACTIVO,2024-05-17
C003512,Z003,500,ACTIVO,2025-12-19
C003513,Z003,300,ACTIVO,2025-05-28
C003514,Z003,200,Activo,2026-05-12
C003515,Z003,100,Activo,2024-03-15
C003516,Z003,200, activo ,2025-08-16
C003517,Z003,500, activo ,2024-06-07
C003518,Z003,300,ACTIVO,2024-10-24
C003519,Z003,300,ACTIVO,2025-06-11
C003520,Z003,100,ACTIVO,2025-06-24
C003521,Z003,100,ACTIVO,2025-10-27
C003522,Z003 ,100, activo ,2024-04-25
C003523,Z003,300,ACTIVO,2024-01-23
C003524,Z003,500, activo ,2025-12-10
C003525,Z003,500,SUSPENDIDO,2024-11-07
C003526,Z003,600, activo ,2025-06-11
C003527,Z003,200, activo ,2025-05-09
C003528,Z003,300, activo ,2025-12-14
C003529,Z003,200,ACTIVO,2025-11-14
C003530,Z003,300, activo ,2025-07-30
C003531,Z003,500,Activo,2025-04-14
C003532,Z003,100,SUSPENDIDO,2026-05-11
C003533,Z003,100,ACTIVO,2025-05-08
C003534,Z003,300,ACTIVO,2024-03-22
C003535,Z003,100,Activo,2024-09-09
C003536,Z003,100,Activo,2025-10-20
C003537,Z003,100,ACTIVO,2024-11-15
C003538,Z003,300,Activo,2024-05-12
C003539,Z003,300, activo ,2024-07-19
C003540,Z003,500,SUSPENDIDO,2025-06-16
C003541,Z003,200,ACTIVO,2024-08-17
C003542,Z003,300,ACTIVO,2024-05-01
C003543,Z003,100, activo ,2024-01-11
C003544,Z003,200,ACTIVO,2026-05-11
C003545,Z003,100,ACTIVO,2026-05-20
C003546,Z003,300,ACTIVO,2026-02-06
C003547,Z003,200,ACTIVO,2026-01-25
C003548,Z003,200,Activo,2024-12-31
C003549,Z003,300, activo ,2024-09-13
C003550,Z003,300,ACTIVO,2024-01-15
C003551,Z003,200, activo ,2024-02-13
C003552,Z003,100,ACTIVO,2025-09-13
C003553,Z003,300, activo ,2025-12-22
C003554,Z003,100,ACTIVO,2025-07-24
C003555,Z003,100,ACTIVO,2024-08-27
C003556,Z003,300,ACTIVO,2025-06-22
C003557,Z003,300,Activo,2025-09-25
C003558,Z003,200,ACTIVO,2025-11-07
C003559,Z003,100,ACTIVO,2025-05-20
C003560,Z003,200,ACTIVO,2024-09-29
C003561,Z003,100, activo ,2024-06-07
C003562,Z003,200, activo ,2025-12-06
C003563,Z003,100,ACTIVO,2024-03-12
C003564,Z003,200,ACTIVO,2026-01-02
C003565,Z003,200,ACTIVO,2024-08-28
C003566,Z003,200,ACTIVO,2025-07-12
C003567,Z003,200,ACTIVO,2026-04-29
C003568,Z003,500,Activo,2024-07-16
C003569,Z003,200,Activo,2024-09-05
C003570,Z003,200,ACTIVO,2024-01-07
C003571,Z003,200,Activo,2025-10-13
C003572,Z003,200,ACTIVO,2026-05-16
C003573,Z003,300,ACTIVO,2024-01-14
C003574,Z003,600, activo ,2024-05-07
C003575,Z003,600,ACTIVO,2026-02-14
C003576,Z003,200, activo ,2024-01-17
C003577,Z003,100,ACTIVO,2024-09-30
C003578,Z003,300, activo ,2024-03-03
C003579,Z003,300,ACTIVO,2026-03-25
C003580,Z003,200,ACTIVO,2025-10-12
C003581,Z003,200,ACTIVO,2025-03-04
C003582,Z003,600,ACTIVO,2024-10-23
C003583,Z003,200,Activo,2025-11-24
C003584,Z003,100,Activo,2025-08-08
C003585,Z003,200,ACTIVO,2024-09-01
C003586,Z003,300,ACTIVO,2025-09-27
C003587,Z003,100,ACTIVO,2025-01-10
C003588,Z003,500,ACTIVO,2024-10-14
C003589,Z003,500,ACTIVO,2026-05-17
C003590,Z003,100,ACTIVO,2026-01-14
C003591,Z003,100,ACTIVO,2024-06-21
C003592,Z003,300,Activo,2026-04-06
C003593,Z003,200,ACTIVO,2024-10-19
C003594,Z003,500,ACTIVO,2025-07-28
C003595,Z003,300,ACTIVO,2026-03-26
C003596,Z003,100,ACTIVO,2026-05-29
C003597,Z003,500,ACTIVO,2026-01-16
C003598,Z003,200,ACTIVO,2024-05-07
C003599,Z003,500, activo ,2024-09-20
C003600,Z003,600,Activo,2025-02-21
C003601,Z003,500,ACTIVO,2024-02-03
C003602,Z003,100,ACTIVO,2025-03-16
C003603,Z003,300,ACTIVO,2026-02-22
C003604,Z003,300,ACTIVO,2025-05-08
C003605,Z003,200,Activo,2024-03-07
C003606,Z003,200,SUSPENDIDO,2026-03-11
C003607,Z003,500,Activo,2024-03-22
C003608,Z003,300, activo ,2024-12-18
C003609,Z003,200,SUSPENDIDO,2025-07-01
C003610,Z003,200,Activo,2026-03-28
C003611,Z003,200,Activo,2024-01-27
C003612,Z003,100,ACTIVO,2026-01-14
C003613,Z003,200, activo ,2025-02-19
C003614,Z003,500,ACTIVO,2024-12-24
C003615,Z003,200, activo ,2024-10-23
C003616,Z003,200,ACTIVO,2025-05-19
C003617,Z003,100,ACTIVO,2025-09-28
C003618,Z003,300,ACTIVO,2024-11-24
C003619,Z003,100,ACTIVO,2024-03-21
C003620,Z003,600,ACTIVO,2025-01-02
C003621,Z003,100,ACTIVO,2024-01-19
C003622,Z003,300, activo ,2026-04-07
C003623,Z003,500,Activo,2024-07-02
C003624,Z003,100, activo ,2026-06-14
C003625,Z003,500, activo ,2025-03-18
C003626,Z003,300,ACTIVO,2025-03-06
C003627,Z003,300,ACTIVO,2024-10-24
C003628,Z003,300,ACTIVO,2025-06-20
C003629,Z003,100,ACTIVO,2025-09-02
C003630,Z003,300,Activo,2025-08-20
C003631,Z003,100, activo ,2025-01-24
C003632,Z003,100,ACTIVO,2025-09-11
C003633,Z003,200,ACTIVO,2026-02-06
C003634,Z003,100,ACTIVO,2024-04-15
C003635,Z003,100,ACTIVO,2025-06-22
C003636,Z003,200,ACTIVO,2026-01-07
C003637,Z003,300,ACTIVO,2024-12-11
C003638,Z003,100,ACTIVO,2024-04-28
C003639,Z003,300,ACTIVO,2024-04-15
C003640,Z003,300,SUSPENDIDO,2024-12-14
C003641,Z003,200,ACTIVO,2024-06-02
C003642,Z003,300,Activo,2025-03-08
C003643,Z003,300,ACTIVO,2025-04-21
C003644,Z003,500,ACTIVO,2025-02-08
C003645,Z003,600,ACTIVO,2025-10-26
C003646,Z003,200,ACTIVO,2025-03-23
C003647,Z003,500,ACTIVO,2024-05-07
C003648,Z003,300, activo ,2025-05-25
C003649,Z003,300,SUSPENDIDO,2025-12-10
C003650,Z003,200, activo ,2026-02-23
C003651,Z003,600,ACTIVO,2024-11-15
C003652,Z003,200,Activo,2025-07-03
C003653,Z003,100,Activo,2024-01-27
C003654,Z003,300,ACTIVO,2025-01-12
C003655,Z003,300,ACTIVO,2025-12-30
C003656,Z003,200,ACTIVO,2025-07-16
C003657,Z003,200, activo ,2025-09-24
C003658,Z003,300,ACTIVO,2024-07-24
C003659,Z003,300,ACTIVO,2024-08-31
C003660,Z003,200,ACTIVO,2025-02-10
C003661,Z003,200,ACTIVO,2025-09-12
C003662,Z003,600,ACTIVO,2025-04-14
C003663,Z003,500,ACTIVO,2024-05-25
C003664,Z003,100,ACTIVO,2024-04-06
C003665,Z003,200, activo ,2024-01-08
C003666,Z003,300,ACTIVO,2025-09-02
C003667,Z003,200,Activo,2025-01-22
C003668,Z003,100,ACTIVO,2024-04-22
C003669,Z003,100,Activo,2025-01-09
C003670,Z003,100, activo ,2024-01-23
C003671,Z003,600,ACTIVO,2024-02-11
C003672,Z003,300,ACTIVO,2025-03-21
C003673,Z003,200,ACTIVO,2025-07-05
C003674,Z003,600,Activo,2024-12-26
C003675,Z003,600,Activo,2025-11-30
C003676,Z003,300,Activo,2025-07-01
C003677,Z003,200,ACTIVO,2026-04-24
C003678,Z003,200,ACTIVO,2025-04-13
C003679,Z003,100,ACTIVO,2024-09-09
C003680,Z003,200,ACTIVO,2024-08-08
C003681,Z003,100,SUSPENDIDO,2025-11-01
C003682,Z003,200,ACTIVO,2025-02-06
C003683,Z003,500,Activo,2026-04-16
C003684,Z003,200,Activo,2025-01-09
C003685,Z003,500,ACTIVO,2025-09-23
C003686,Z003,100,ACTIVO,2024-05-01
C003687,Z003,300,SUSPENDIDO,2026-05-18
C003688,Z003,300,ACTIVO,2026-06-12
C003689,Z003,600,ACTIVO,2024-03-08
C003690,Z003,300,ACTIVO,2024-10-27
C003691,Z003,500,SUSPENDIDO,2024-01-13
C003692,Z003,300,ACTIVO,2025-11-28
C003693,Z003,100, activo ,2025-12-19
C003694,Z003,500,ACTIVO,2025-06-21
C003695,Z003,200,ACTIVO,2024-07-16
C003696,Z003,300,SUSPENDIDO,2025-09-06
C003697,Z003,200,ACTIVO,2025-05-19
C003698,Z003,200,ACTIVO,2024-01-27
C003699,Z003,300,ACTIVO,2026-05-04
C003700,Z003,300, activo ,2024-11-24
C003701,Z004,200,ACTIVO,2025-06-08
C003702,Z004,300, activo ,2025-09-26
C003703,Z004,100,ACTIVO,2024-07-01
C003704,Z004,200,ACTIVO,2026-03-21
C003705,Z004,600,ACTIVO,2025-10-19
C003706,Z004,500,ACTIVO,2025-09-27
C003707,Z004,300,ACTIVO,2025-10-22
C003708,Z004,500, activo ,2026-02-06
C003709,Z004,100,Activo,2026-04-13
C003710,Z004,300,Activo,2026-04-09
C003711,Z004,100, activo ,2024-06-10
C003712,Z004,200, activo ,2024-02-11
C003713,Z004,500,SUSPENDIDO,2025-02-06
C003714,Z004,100,ACTIVO,2025-03-04
C003715,Z004,100, activo ,2024-03-03
C003716,Z004,200,ACTIVO,2025-05-19
C003717,Z004,200, activo ,2025-12-22
C003718,Z004,100,ACTIVO,2025-09-25
C003719,Z004,200,ACTIVO,2025-10-17
C003720,Z004,300,ACTIVO,2026-04-20
C003721,Z004,300,ACTIVO,2024-04-05
C003722,Z004,300,ACTIVO,2024-08-08
C003723,Z004,200, activo ,2025-05-21
C003724,Z004,200,Activo,2026-04-15
C003725,Z004,100,ACTIVO,2024-04-04
C003726,Z004,300,ACTIVO,2024-08-16
C003727,Z004,500, activo ,2025-12-28
C003728,Z004,300,ACTIVO,2024-10-30
C003729,Z004,300,ACTIVO,2025-01-25
C003730,Z004,300,ACTIVO,2024-05-02
C003731,Z004,200,ACTIVO,2026-05-12
C003732,Z004,100,Activo,2024-02-23
C003733,Z004,300,ACTIVO,2026-05-30
C003734,Z004,300,Activo,2024-12-06
C003735,Z004,500,ACTIVO,2025-12-24
C003736,Z004,300,ACTIVO,2025-05-08
C003737,Z004,100,ACTIVO,2025-06-09
C003738,Z004,100,Activo,2026-01-22
C003739,Z004,300,ACTIVO,2024-09-30
C003740,Z004,300,ACTIVO,2026-01-20
C003741,Z004,300,ACTIVO,2025-09-14
C003742,Z004,300,Activo,2024-11-08
C003743,Z004,200,SUSPENDIDO,2024-02-28
C003744,Z004,300,ACTIVO,2025-08-06
C003745,Z004,200,ACTIVO,2024-01-25
C003746,Z004,200,Activo,2025-07-21
C003747,Z004,200,Activo,2025-01-01
C003748,Z004,300,Activo,2026-01-04
C003749,Z004,500,ACTIVO,2024-03-29
C003750,Z004,600,ACTIVO,2025-09-19
C003751,Z004,100,SUSPENDIDO,2024-01-20
C003752,Z004,200,ACTIVO,2024-06-06
C003753,Z004,200,ACTIVO,2026-05-23
C003754,Z004,500,ACTIVO,2025-03-18
C003755,Z004,200, activo ,2024-10-29
C003756,Z004,100,ACTIVO,2026-01-05
C003757,Z004,300, activo ,2024-08-14
C003758,Z004,100,Activo,2025-05-12
C003759,Z004,300,ACTIVO,2026-02-25
C003760,Z004,300,Activo,2026-02-16
C003761,Z004,300,Activo,2025-01-20
C003762,Z004,200,Activo,2025-04-17
C003763,Z004,300,ACTIVO,2025-10-05
C003764,Z004,300,Activo,2024-04-23
C003765,Z004,200,ACTIVO,2024-02-16
C003766,Z004,600, activo ,2024-08-10
C003767,Z004,300,ACTIVO,2025-02-02
C003768,Z004,200,SUSPENDIDO,2025-10-25
C003769,Z004,100,ACTIVO,2024-11-02
C003770,Z004,100,Activo,2025-05-26
C003771,Z004,300,ACTIVO,2024-08-06
C003772,Z004,300, activo ,2025-01-31
C003773,Z004,200,ACTIVO,2025-11-16
C003774,Z004,200,Activo,2025-06-11
C003775,Z004,300,ACTIVO,2025-04-27
C003776,Z004,200,ACTIVO,2025-11-09
C003777,Z004,300, activo ,2025-04-16
C003778,Z004,200,Activo,2025-09-26
C003779,Z004,200,ACTIVO,2025-09-03
C003780,Z004,200,ACTIVO,2025-04-18
C003781,Z004,500,ACTIVO,2025-06-29
C003782,Z004,300,ACTIVO,2025-12-21
C003783,Z004,100,ACTIVO,2024-02-02
C003784,Z004,300,SUSPENDIDO,2024-06-10
C003785,Z004,500,ACTIVO,2024-04-09
C003786,Z004,100,SUSPENDIDO,2024-09-03
C003787,Z004,100,ACTIVO,2026-01-17
C003788,Z004,300,ACTIVO,2025-07-12
C003789,Z004,300,ACTIVO,2024-05-21
C003790,Z004,100,ACTIVO,2024-01-18
C003791,Z004,600,ACTIVO,2026-03-11
C003792,Z004,200,Activo,2025-11-10
C003793,Z004,600,ACTIVO,2026-05-02
C003794,Z004,300,Activo,2026-06-18
C003795,Z004,200,Activo,2024-03-15
C003796,Z004,600, activo ,2025-04-04
C003797,Z004,200, activo ,2024-05-16
C003798,Z004,300,ACTIVO,2026-03-07
C003799,Z004,100,ACTIVO,2025-07-03
C003800,Z004,600,ACTIVO,2024-04-07
C003801,Z004,300,Activo,2025-06-07
C003802,Z004,100,ACTIVO,2025-07-22
C003803,Z004,300,ACTIVO,2025-09-14
C003804,Z004,300,ACTIVO,2024-06-16
C003805,Z004,300,ACTIVO,2024-04-30
C003806,Z004,500,ACTIVO,2024-08-13
C003807,Z004,500, activo ,2024-12-31
C003808,Z004,200,ACTIVO,2024-11-20
C003809,Z004,500,Activo,2026-02-09
C003810,Z004,200,ACTIVO,2024-01-29
C003811,Z004,300,ACTIVO,2024-02-03
C003812,Z004,500,ACTIVO,2024-03-15
C003813,Z004,300,Activo,2025-03-24
C003814,Z004,200, activo ,2026-05-16
C003815,Z004,200, activo ,2024-09-22
C003816,Z004,300,ACTIVO,2024-07-31
C003817,Z004,600,SUSPENDIDO,2024-09-06
C003818,Z004,200,ACTIVO,2025-02-01
C003819,Z004,200,Activo,2026-03-17
C003820,Z004,200,ACTIVO,2025-09-20
C003821,Z004,500,ACTIVO,2024-05-28
C003822,Z004,100,ACTIVO,2025-07-20
C003823,Z004,100,ACTIVO,2024-09-13
C003824,Z004,200,Activo,2025-07-29
C003825,Z004,300,ACTIVO,2025-04-25
C003826,Z004,300,Activo,2024-02-21
C003827,Z004,300,ACTIVO,2025-08-28
C003828,Z004,100,Activo,2025-12-30
C003829,Z004,100,Activo,2024-12-23
C003830,Z004 ,300,ACTIVO,2025-01-10
C003831,Z004,300,ACTIVO,2024-05-22
C003832,Z004,100,ACTIVO,2025-09-06
C003833,Z004,300,ACTIVO,2026-05-13
C003834,Z004,500, activo ,2024-07-21
C003835,Z004,500,ACTIVO,2024-06-28
C003836,Z004,300,ACTIVO,2025-04-20
C003837,Z004,300,ACTIVO,2024-04-04
C003838,Z004,300,ACTIVO,2026-04-01
C003839,Z004,200,ACTIVO,2025-12-30
C003840,Z004,300,ACTIVO,2024-11-07
C003841,Z004,200,ACTIVO,2024-07-27
C003842,Z004,200,ACTIVO,2025-09-13
C003843,Z004,500,ACTIVO,2024-05-19
C003844,Z004,600,ACTIVO,2025-04-20
C003845,Z004,500,Activo,2026-03-02
C003846,Z004,100,ACTIVO,2025-07-23
C003847,Z004,200,ACTIVO,2025-09-15
C003848,Z004,300,Activo,2024-03-04
C003849,Z004,100,Activo,2024-12-17
C003850,Z004,300, activo ,2026-05-04
C003851,Z004,300,ACTIVO,2024-01-14
C003852,Z004,500,Activo,2024-11-20
C003853,Z004,300,SUSPENDIDO,2025-09-11
C003854,Z004,200,Activo,2024-07-27
C003855,Z004,100,ACTIVO,2025-08-26
C003856,Z004,300,ACTIVO,2025-12-28
C003857,Z004,300,ACTIVO,2026-03-02
C003858,Z004,100, activo ,2026-03-16
C003859,Z004,200,ACTIVO,2024-01-27
C003860,Z004,100,ACTIVO,2025-03-26
C003861,Z004,500, activo ,2024-09-27
C003862,Z004,300, activo ,2024-05-26
C003863,Z004,500,ACTIVO,2025-02-16
C003864,Z004,500,ACTIVO,2024-02-13
C003865,Z004,200,Activo,2025-06-15
C003866,Z004,500,ACTIVO,2024-08-25
C003867,Z004,300,SUSPENDIDO,2026-05-06
C003868,Z004,500, activo ,2026-06-15
C003869,Z004,200,SUSPENDIDO,2025-03-28
C003870,Z004,200,ACTIVO,2026-04-15
C003871,Z004,100,ACTIVO,2024-08-11
C003872,Z004,200,ACTIVO,2025-09-22
C003873,Z004,300,ACTIVO,2026-04-21
C003874,Z004,200,ACTIVO,2026-05-12
C003875,Z004,100, activo ,2025-10-15
C003876,Z004,100,ACTIVO,2026-02-15
C003877,Z004,200,ACTIVO,2025-01-12
C003878,Z004,100,ACTIVO,2025-10-24
C003879,Z004,200,ACTIVO,2024-08-09
C003880,Z004,100,ACTIVO,2025-01-17
C003881,Z004,100,ACTIVO,2024-07-14
C003882,Z004,200,ACTIVO,2026-05-30
C003883,Z004,100,Activo,2025-06-13
C003884,Z004,300,Activo,2026-04-11
C003885,Z004,500,ACTIVO,2024-03-04
C003886,Z004,500,ACTIVO,2026-02-12
C003887,Z004,200,ACTIVO,2025-07-28
C003888,Z004,500,ACTIVO,2024-03-18
C003889,Z004,300,SUSPENDIDO,2024-01-26
C003890,Z004,200,Activo,2025-03-09
C003891,Z004,500,ACTIVO,2024-09-04
C003892,Z004,300, activo ,2024-08-13
C003893,Z004,200,ACTIVO,2025-12-20
C003894,Z004,100,ACTIVO,2026-06-12
C003895,Z004,300,ACTIVO,2025-01-28
C003896,Z004,300,Activo,2024-06-11
C003897,Z004,200,ACTIVO,2024-04-23
C003898,Z004,300, activo ,2025-06-02
C003899,Z004,500,Activo,2026-06-04
C003900,Z004,500,ACTIVO,2026-03-15
C003901,Z004,600, activo ,2024-12-11
C003902,Z004,100,Activo,2024-10-15
C003903,Z004,200,Activo,2024-02-18
C003904,Z004,100,ACTIVO,2025-04-17
C003905,Z004,500,ACTIVO,2024-01-19
C003906,Z004,200,ACTIVO,2025-10-25
C003907,Z004,200,ACTIVO,2026-05-14
C003908,Z004,300,ACTIVO,2025-08-09
C003909,Z004,200,Activo,2024-03-15
C003910,Z004,300,Activo,2025-10-11
C003911,Z004,100,ACTIVO,2024-08-06
C003912,Z004,300, activo ,2025-08-14
C003913,Z004,100,ACTIVO,2024-11-29
C003914,Z004,100,ACTIVO,2025-08-17
C003915,Z004,300,ACTIVO,2025-06-22
C003916,Z004,100, activo ,2024-12-04
C003917,Z004,100,ACTIVO,2024-09-17
C003918,Z004,100,ACTIVO,2024-02-01
C003919,Z004,300,ACTIVO,2024-05-22
C003920,Z004,100,ACTIVO,2024-09-15
C003921,Z004,100,Activo,2024-06-08
C003922,Z004,300,ACTIVO,2025-09-11
C003923,Z004,500,Activo,2024-07-02
C003924,Z004,200,Activo,2024-02-20
C003925,Z004,200,ACTIVO,2025-08-30
C003926,Z004,100,SUSPENDIDO,2025-07-20
C003927,Z004,100,ACTIVO,2025-12-03
C003928,Z004,200, activo ,2024-01-05
C003929,Z004,500, activo ,2025-09-22
C003930,Z004,200,ACTIVO,2025-04-25
C003931,Z004,100, activo ,2025-01-12
C003932,Z004,200,ACTIVO,2025-03-22
C003933,Z004,500,ACTIVO,2025-09-14
C003934,Z004,300, activo ,2025-09-30
C003935,Z004,100,ACTIVO,2025-01-09
C003936,Z004,500,SUSPENDIDO,2025-02-27
C003937,Z004,300,ACTIVO,2026-03-29
C003938,Z004,300,ACTIVO,2024-06-15
C003939,Z004,300, activo ,2025-03-10
C003940,Z004,200,ACTIVO,2024-12-16
C003941,Z004,200,Activo,2025-06-30
C003942,Z004,100,ACTIVO,2024-11-20
C003943,Z004,100,Activo,2024-08-08
C003944,Z004,200,ACTIVO,2025-07-05
C003945,Z004,100,ACTIVO,2024-09-21
C003946,Z004,500,ACTIVO,2024-02-23
C003947,Z004,200,ACTIVO,2024-10-06
C003948,Z004,100, activo ,2025-12-08
C003949,Z004,100, activo ,2024-11-19
C003950,Z004,200,ACTIVO,2025-08-13
C003951,Z004,200, activo ,2025-08-29
C003952,Z004,100,ACTIVO,2026-02-14
C003953,Z004,100,ACTIVO,2026-05-10
C003954,Z004,200,ACTIVO,2025-08-04
C003955,Z004,500,Activo,2025-05-24
C003956,Z004,100, activo ,2025-11-27
C003957,Z004,300,ACTIVO,2024-01-06
C003958,Z004,500,ACTIVO,2024-01-10
C003959,Z004,500,Activo,2026-05-15
C003960,Z004,300, activo ,2025-12-18
C003961,Z004,100,ACTIVO,2025-06-19
C003962,Z004,200,ACTIVO,2025-10-03
C003963,Z004,300,ACTIVO,2026-06-18
C003964,Z004,200, activo ,2025-12-09
C003965,Z004,100,Activo,2026-04-20
C003966,Z004,200,ACTIVO,2026-03-12
C003967,Z004,200,ACTIVO,2024-09-20
C003968,Z004,100, activo ,2025-01-06
C003969,Z004,100,ACTIVO,2025-05-11
C003970,Z004,100,ACTIVO,2025-06-19
C003971,Z004,600,Activo,2025-09-20
C003972,Z004,500,ACTIVO,2024-01-31
C003973,Z004,100,Activo,2024-12-29
C003974,Z004,100, activo ,2025-03-25
C003975,Z004,200,ACTIVO,2024-01-10
C003976,Z004,300,Activo,2024-09-02
C003977,Z004,500,ACTIVO,2025-06-13
C003978,Z004,300,ACTIVO,2025-12-08
C003979,Z004,100, activo ,2025-08-09
C003980,Z004,300,ACTIVO,2024-08-04
C003981,Z004,100,SUSPENDIDO,2024-10-27
C003982,Z004,200,Activo,2026-01-02
C003983,Z004,200,Activo,2024-07-09
C003984,Z004,200,ACTIVO,2024-04-30
C003985,Z004,200,ACTIVO,2025-05-16
C003986,Z004,600,ACTIVO,2024-05-08
C003987,Z004,100,ACTIVO,2025-08-13
C003988,Z004,100,ACTIVO,2025-07-12
C003989,Z004,300,ACTIVO,2026-03-01
C003990,Z004,200,Activo,2026-06-04
C003991,Z004,100,Activo,2024-11-10
C003992,Z004,100,ACTIVO,2026-01-26
C003993,Z004,200,ACTIVO,2024-11-17
C003994,Z004,300,Activo,2026-06-06
C003995,Z004,600, activo ,2025-04-02
C003996,Z004,200,ACTIVO,2026-01-02
C003997,Z004,200,ACTIVO,2025-07-17
C003998,Z004,100,ACTIVO,2024-11-28
C003999,Z004,200,ACTIVO,2025-10-18
C004000,Z004,200,ACTIVO,2024-05-28
C004001,Z004,300,Activo,2025-05-23
C004002,Z004,100,ACTIVO,2024-07-01
C004003,Z004,100,ACTIVO,2024-07-21
C004004,Z004,100,ACTIVO,2026-05-31
C004005,Z004,300,ACTIVO,2024-01-20
C004006,Z004,100, activo ,2024-02-09
C004007,Z004,100,Activo,2025-05-13
C004008,Z004,200,Activo,2025-12-14
C004009,Z004,100,ACTIVO,2026-01-07
C004010,Z004,600,ACTIVO,2024-10-07
C004011,Z004,100, activo ,2024-06-08
C004012,Z004,500,Activo,2024-05-25
C004013,Z004,300,Activo,2026-03-03
C004014,Z004,100,SUSPENDIDO,2025-10-15
C004015,Z004,500, activo ,2026-04-24
C004016,Z004,200,ACTIVO,2025-07-14
C004017,Z004,100,ACTIVO,2024-11-01
C004018,Z004,300,ACTIVO,2025-07-15
C004019,Z004,200,Activo,2024-10-22
C004020,Z004,600,Activo,2025-01-20
C004021,Z004,100,ACTIVO,2024-10-13
C004022,Z004,200, activo ,2025-09-13
C004023,Z004,100,ACTIVO,2026-03-14
C004024,Z004,300,SUSPENDIDO,2024-12-15
C004025,Z004,500,ACTIVO,2026-05-06
C004026,Z004,100,ACTIVO,2026-01-01
C004027,Z004,500,ACTIVO,2024-09-01
C004028,Z004,100,ACTIVO,2026-05-14
C004029,Z004,200, activo ,2025-01-24
C004030,Z004 ,500,ACTIVO,2024-10-07
C004031,Z004,300,ACTIVO,2025-05-22
C004032,Z004,300,Activo,2024-06-06
C004033,Z004,200,ACTIVO,2025-08-10
C004034,Z004,600,Activo,2024-04-29
C004035,Z004,500,Activo,2026-03-15
C004036,Z004,100,ACTIVO,2026-01-16
C004037,Z004,300,ACTIVO,2024-06-05
C004038,Z004,300, activo ,2024-05-14
C004039,Z004,300,ACTIVO,2026-02-17
C004040,Z004,100,ACTIVO,2026-05-23
C004041,Z004,600,Activo,2025-01-14
C004042,Z004,500,Activo,2026-04-22
C004043,Z004,200,ACTIVO,2024-06-04
C004044,Z004,500,ACTIVO,2026-05-02
C004045,Z004,200,ACTIVO,2026-01-02
C004046,Z004,500,ACTIVO,2024-10-20
C004047,Z004,200, activo ,2024-04-27
C004048,Z004,200,ACTIVO,2025-05-03
C004049,Z004,100,ACTIVO,2024-10-21
C004050,Z004,100,ACTIVO,2024-03-22
C004051,Z004,200,ACTIVO,2024-04-15
C004052,Z004,100,ACTIVO,2026-05-05
C004053,Z004,500,ACTIVO,2025-03-17
C004054,Z004,500,ACTIVO,2025-03-11
C004055,Z004,100,Activo,2025-01-29
C004056,Z004,200,ACTIVO,2025-09-05
C004057,Z004,100, activo ,2025-09-07
C004058,Z004,100,ACTIVO,2024-10-16
C004059,Z004,500,ACTIVO,2024-03-19
C004060,Z004,200,Activo,2024-02-20
C004061,Z004,200, activo ,2024-09-19
C004062,Z004,200,ACTIVO,2024-02-09
C004063,Z004,200,ACTIVO,2024-03-12
C004064,Z004,200,Activo,2025-12-12
C004065,Z004,100,ACTIVO,2024-11-15
C004066,Z004,200,ACTIVO,2024-12-03
C004067,Z004,600, activo ,2025-02-21
C004068,Z004,500,ACTIVO,2026-01-13
C004069,Z004,200,ACTIVO,2026-01-18
C004070,Z004,100,ACTIVO,2026-03-09
C004071,Z004,300,ACTIVO,2025-04-13
C004072,Z004,200,Activo,2025-10-21
C004073,Z004,500,Activo,2026-02-08
C004074,Z004,100,ACTIVO,2024-07-10
C004075,Z004,100,ACTIVO,2026-06-08
C004076,Z004,200,ACTIVO,2024-11-09
C004077,Z004,500,ACTIVO,2025-07-10
C004078,Z004,200,ACTIVO,2024-10-01
C004079,Z004,500,ACTIVO,2025-01-20
C004080,Z004,300, activo ,2025-09-06
C004081,Z004,300,Activo,2024-07-28
C004082,Z004,200,Activo,2025-01-14
C004083,Z004,300,ACTIVO,2025-01-14
C004084,Z004,200,ACTIVO,2024-07-04
C004085,Z004,100,ACTIVO,2026-02-18
C004086,Z004,300,Activo,2024-01-03
C004087,Z004,300,Activo,2025-04-11
C004088,Z004,100,Activo,2024-01-01
C004089,Z004,500,Activo,2025-07-07
C004090,Z004,300,Activo,2025-08-19
C004091,Z004,300,Activo,2025-06-30
C004092,Z004 ,100,ACTIVO,2024-03-07
C004093,Z004,200,Activo,2025-01-15
C004094,Z004,200, activo ,2024-10-28
C004095,Z004,200, activo ,2024-03-05
C004096,Z004,200,ACTIVO,2024-06-08
C004097,Z004,200,ACTIVO,2024-08-10
C004098,Z004,200,ACTIVO,2024-07-30
C004099,Z004,300,ACTIVO,2026-01-26
C004100,Z004,100, activo ,2024-12-16
C004101,Z004,500,SUSPENDIDO,2025-10-31
C004102,Z004,200,Activo,2026-03-30
C004103,Z004,200, activo ,2024-08-11
C004104,Z004,200, activo ,2025-01-04
C004105,Z004,500,SUSPENDIDO,2024-04-14
C004106,Z004,200,ACTIVO,2024-02-29
C004107,Z004,200,ACTIVO,2024-07-28
C004108,Z004,500,ACTIVO,2024-09-19
C004109,Z004,300, activo ,2026-01-28
C004110,Z004,200,ACTIVO,2025-06-27
C004111,Z004,100,Activo,2024-04-25
C004112,Z004,100,SUSPENDIDO,2025-02-26
C004113,Z004,300, activo ,2025-12-06
C004114,Z004,600,ACTIVO,2025-01-29
C004115,Z004,100, activo ,2024-06-19
C004116,Z004,200,ACTIVO,2026-03-13
C004117,Z004,200,Activo,2025-05-06
C004118,Z004,200,ACTIVO,2026-01-31
C004119,Z004,300,Activo,2026-02-11
C004120,Z004,300,SUSPENDIDO,2025-01-16
C004121,Z004,200,ACTIVO,2024-12-27
C004122,Z004,300, activo ,2025-07-03
C004123,Z004,300,ACTIVO,2025-01-18
C004124,Z004,300,ACTIVO,2024-04-20
C004125,Z004,100,ACTIVO,2025-07-15
C004126,Z004,600,Activo,2025-05-30
C004127,Z004,500,ACTIVO,2024-05-01
C004128,Z004,600,ACTIVO,2025-04-03
C004129,Z004,500,ACTIVO,2026-02-24
C004130,Z004,300,ACTIVO,2024-07-20
C004131,Z004,100,ACTIVO,2024-12-16
C004132,Z004,200, activo ,2024-06-22
C004133,Z004,200, activo ,2025-09-19
C004134,Z004,100,ACTIVO,2025-05-15
C004135,Z004,500,Activo,2025-08-23
C004136,Z004,200,Activo,2026-04-16
C004137,Z004,300,SUSPENDIDO,2025-11-21
C004138,Z004,600,ACTIVO,2024-01-17
C004139,Z004,500,ACTIVO,2024-01-27
C004140,Z004,200, activo ,2025-05-23
C004141,Z004,200,ACTIVO,2024-08-21
C004142,Z004,300,ACTIVO,2025-05-19
C004143,Z004,300,ACTIVO,2024-10-10
C004144,Z004,300,Activo,2025-08-16
C004145,Z004 ,500,ACTIVO,2026-02-05
C004146,Z004,300,ACTIVO,2024-06-22
C004147,Z004,100, activo ,2024-11-23
C004148,Z004,200,SUSPENDIDO,2025-01-26
C004149,Z004,100,ACTIVO,2025-05-09
C004150,Z004,200,Activo,2024-04-10
C004151,Z004,300,ACTIVO,2024-11-30
C004152,Z004,200,ACTIVO,2024-08-17
C004153,Z004,300,Activo,2025-12-29
C004154,Z004,500,Activo,2024-01-20
C004155,Z004,200,Activo,2026-02-09
C004156,Z004,100,ACTIVO,2025-06-25
C004157,Z004,300, activo ,2025-06-22
C004158,Z004,300,Activo,2025-06-02
C004159,Z004,200,ACTIVO,2025-01-13
C004160,Z004,500, activo ,2024-12-22
C004161,Z004,500,ACTIVO,2025-07-29
C004162,Z004,300,ACTIVO,2025-03-31
C004163,Z004,100, activo ,2025-03-20
C004164,Z004,300,ACTIVO,2025-08-27
C004165,Z004,200,ACTIVO,2024-05-26
C004166,Z004,200,ACTIVO,2024-04-26
C004167,Z004,600,ACTIVO,2025-08-26
C004168,Z004,100,Activo,2024-03-16
C004169,Z004,100,ACTIVO,2024-02-15
C004170,Z004,200,Activo,2025-01-16
C004171,Z004,200,ACTIVO,2025-06-29
C004172,Z004,200,Activo,2025-12-07
C004173,Z004,100,Activo,2025-07-17
C004174,Z004,200,ACTIVO,2024-09-11
C004175,Z004,600,ACTIVO,2024-07-31
C004176,Z004,500,ACTIVO,2026-04-01
C004177,Z004,200,ACTIVO,2024-01-03
C004178,Z004,300,ACTIVO,2026-06-09
C004179,Z004,100, activo ,2026-04-06
C004180,Z004,100,ACTIVO,2024-03-16
C004181,Z004,200, activo ,2024-10-18
C004182,Z004,100,ACTIVO,2025-12-12
C004183,Z004,300,ACTIVO,2025-01-03
C004184,Z004,200,Activo,2024-06-06
C004185,Z004,600,Activo,2024-05-03
C004186,Z004,300,ACTIVO,2024-01-15
C004187,Z004,500,ACTIVO,2026-04-30
C004188,Z004,200,ACTIVO,2024-06-28
C004189,Z004,100,ACTIVO,2024-01-11
C004190,Z004,500,ACTIVO,2025-11-21
C004191,Z004,100,ACTIVO,2025-02-06
C004192,Z004,100, activo ,2025-01-25
C004193,Z004,600,ACTIVO,2024-12-24
C004194,Z004,300,ACTIVO,2025-12-17
C004195,Z004,300,ACTIVO,2024-08-28
C004196,Z004,600,Activo,2024-03-03
C004197,Z004,200,ACTIVO,2024-09-13
C004198,Z004,200, activo ,2026-05-05
C004199,Z004,500,ACTIVO,2024-07-28
C004200,Z004,300,Activo,2025-09-18
C004201,Z004,200,ACTIVO,2026-03-30
C004202,Z004,300,Activo,2024-06-02
C004203,Z004,300,ACTIVO,2026-04-03
C004204,Z004,100, activo ,2024-03-17
C004205,Z004,300, activo ,2024-07-17
C004206,Z004,200, activo ,2024-05-26
C004207,Z004,100,ACTIVO,2024-11-06
C004208,Z004,300,SUSPENDIDO,2025-08-11
C004209,Z004,500,Activo,2024-05-31
C004210,Z004,200, activo ,2024-01-18
C004211,Z004,200,SUSPENDIDO,2026-03-20
C004212,Z004,100,ACTIVO,2025-08-10
C004213,Z004,300,ACTIVO,2026-01-13
C004214,Z004,300,ACTIVO,2024-11-06
C004215,Z004,200,Activo,2024-07-14
C004216,Z004,200,SUSPENDIDO,2025-11-28
C004217,Z004,500,ACTIVO,2026-01-02
C004218,Z004,300,ACTIVO,2024-05-24
C004219,Z004,500,ACTIVO,2024-02-24
C004220,Z004,300,ACTIVO,2024-12-20
C004221,Z004,500,ACTIVO,2024-07-12
C004222,Z004,100,Activo,2026-04-15
C004223,Z004,500,ACTIVO,2025-05-14
C004224,Z004,500, activo ,2024-03-06
C004225,Z004,200,ACTIVO,2024-07-23
C004226,Z004,100,Activo,2025-12-29
C004227,Z004,200,ACTIVO,2025-10-12
C004228,Z004,200, activo ,2026-01-18
C004229,Z004,300,ACTIVO,2025-07-16
C004230,Z004,200, activo ,2025-01-15
C004231,Z004,300,Activo,2024-12-20
C004232,Z004,200,ACTIVO,2025-01-13
C004233,Z004,300,ACTIVO,2025-01-01
C004234,Z004,200,ACTIVO,2025-04-03
C004235,Z004,300,Activo,2024-04-26
C004236,Z004,100,ACTIVO,2026-05-24
C004237,Z004,100, activo ,2025-02-24
C004238,Z004,200, activo ,2025-07-08
C004239,Z004,200,ACTIVO,2024-09-30
C004240,Z004,100, activo ,2025-03-01
C004241,Z004,300,Activo,2024-10-24
C004242,Z004,500,ACTIVO,2026-02-26
C004243,Z004,100,ACTIVO,2026-05-08
C004244,Z004,500,Activo,2026-04-20
C004245,Z004,100,ACTIVO,2024-06-15
C004246,Z004,100,ACTIVO,2026-03-02
C004247,Z004,200,ACTIVO,2024-06-11
C004248,Z004,600,Activo,2025-09-01
C004249,Z004,200,ACTIVO,2025-06-19
C004250,Z004,300,ACTIVO,2026-03-27
C004251,Z004,300,ACTIVO,2025-10-17
C004252,Z004,500,Activo,2024-02-27
C004253,Z004,100,ACTIVO,2025-12-08
C004254,Z004,300,Activo,2026-06-09
C004255,Z004,100,SUSPENDIDO,2024-03-15
C004256,Z004,300,ACTIVO,2026-03-14
C004257,Z004,300, activo ,2026-02-27
C004258,Z004,600,Activo,2025-12-08
C004259,Z004,200,ACTIVO,2025-04-05
C004260,Z004,200,ACTIVO,2026-01-04
C004261,Z004,300,ACTIVO,2024-07-18
C004262,Z004,100,ACTIVO,2026-01-04
C004263,Z004,200,Activo,2024-05-01
C004264,Z004,200,ACTIVO,2025-11-14
C004265,Z004,100,Activo,2025-05-12
C004266,Z004,300,ACTIVO,2026-06-12
C004267,Z004,300,ACTIVO,2026-03-04
C004268,Z004,100,ACTIVO,2024-01-28
C004269,Z004,100, activo ,2026-03-01
C004270,Z004,300, activo ,2024-09-20
C004271,Z004,300,ACTIVO,2024-01-01
C004272,Z004,100,ACTIVO,2025-11-06
C004273,Z004,200, activo ,2025-04-12
C004274,Z004,500,Activo,2026-01-02
C004275,Z004,200, activo ,2025-09-15
C004276,Z004,200,SUSPENDIDO,2026-02-24
C004277,Z004,500,ACTIVO,2024-01-31
C004278,Z004,100,Activo,2024-03-03
C004279,Z004,100,ACTIVO,2024-01-04
C004280,Z004,500, activo ,2025-06-28
C004281,Z004,300,ACTIVO,2024-09-09
C004282,Z004,300,ACTIVO,2024-05-08
C004283,Z004,300,SUSPENDIDO,2025-11-16
C004284,Z004,300,Activo,2025-05-10
C004285,Z004,500,ACTIVO,2025-02-15
C004286,Z004,100,Activo,2025-03-23
C004287,Z004,200,ACTIVO,2025-07-28
C004288,Z004,100,ACTIVO,2025-11-20
C004289,Z004,100,ACTIVO,2025-10-01
C004290,Z004,100,SUSPENDIDO,2024-02-01
C004291,Z004,600,Activo,2024-03-09
C004292,Z004,300, activo ,2025-07-04
C004293,Z004,200,ACTIVO,2024-10-06
C004294,Z004,600,ACTIVO,2025-09-30
C004295,Z004,200,ACTIVO,2026-02-20
C004296,Z004,300,ACTIVO,2024-12-17
C004297,Z004,500, activo ,2025-06-09
C004298,Z004,500,Activo,2024-01-25
C004299,Z004,200,ACTIVO,2024-10-13
C004300,Z004,200,ACTIVO,2026-01-21
C004301,Z004,200,ACTIVO,2026-06-17
C004302,Z004,100,Activo,2025-09-04
C004303,Z004,200, activo ,2025-10-10
C004304,Z004,500, activo ,2025-03-12
C004305,Z004,100,Activo,2024-12-13
C004306,Z004,500,Activo,2024-07-12
C004307,Z004,200,ACTIVO,2025-04-06
C004308,Z004,500, activo ,2025-01-21
C004309,Z004,100,ACTIVO,2024-06-15
C004310,Z004,300,ACTIVO,2025-01-15
C004311,Z004,200, activo ,2024-04-01
C004312,Z004,300,ACTIVO,2025-03-04
C004313,Z004,200,Activo,2025-06-21
C004314,Z004,200,SUSPENDIDO,2024-08-21
C004315,Z004,500,Activo,2024-03-02
C004316,Z004,100,ACTIVO,2024-05-03
C004317,Z004,500, activo ,2026-05-14
C004318,Z004,600,ACTIVO,2025-04-15
C004319,Z004,300,ACTIVO,2024-06-23
C004320,Z004,500, activo ,2024-10-02
C004321,Z004,100,ACTIVO,2024-03-15
C004322,Z004,100,ACTIVO,2025-06-19
C004323,Z004,300,ACTIVO,2024-11-05
C004324,Z004,100, activo ,2024-09-20
C004325,Z004,200,ACTIVO,2025-10-13
C004326,Z004,300,ACTIVO,2024-09-28
C004327,Z004,100,Activo,2024-01-14
C004328,Z004,200,ACTIVO,2025-10-16
C004329,Z004,600,ACTIVO,2024-06-07
C004330,Z004,200,ACTIVO,2024-06-13
C004331,Z004,300,Activo,2024-10-07
C004332,Z004,300,ACTIVO,2025-04-18
C004333,Z004,300,ACTIVO,2024-05-04
C004334,Z004,300,ACTIVO,2024-10-08
C004335,Z004,100,ACTIVO,2024-04-06
C004336,Z004,100,Activo,2025-10-02
C004337,Z004,300,Activo,2024-04-24
C004338,Z004,500,ACTIVO,2024-08-07
C004339,Z004,500,Activo,2024-12-15
C004340,Z004,500,ACTIVO,2024-02-19
C004341,Z004,200,ACTIVO,2024-04-30
C004342,Z004,300, activo ,2025-06-29
C004343,Z004,200,Activo,2024-04-06
C004344,Z004,300,ACTIVO,2025-09-09
C004345,Z004,200,Activo,2026-01-21
C004346,Z004,100,ACTIVO,2024-09-27
C004347,Z004,200,ACTIVO,2024-03-25
C004348,Z004,300,SUSPENDIDO,2024-02-16
C004349,Z004,200,ACTIVO,2025-07-21
C004350,Z004,200,SUSPENDIDO,2026-01-06
C004351,Z004,300,ACTIVO,2025-11-21
C004352,Z004,200,Activo,2025-03-22
C004353,Z004,100, activo ,2026-03-01
C004354,Z004,500, activo ,2025-11-21
C004355,Z004,100,ACTIVO,2025-11-13
C004356,Z004,200,ACTIVO,2026-02-03
C004357,Z004,200,ACTIVO,2025-10-29
C004358,Z004,200,Activo,2026-02-22
C004359,Z004,600,ACTIVO,2024-10-05
C004360,Z004,100,ACTIVO,2025-11-16
C004361,Z004,100,ACTIVO,2025-09-10
C004362,Z004,200,ACTIVO,2024-12-28
C004363,Z004,100,Activo,2025-07-01
C004364,Z004,500, activo ,2024-01-22
C004365,Z004,300,ACTIVO,2024-10-26
C004366,Z004,300, activo ,2025-08-14
C004367,Z004,600,ACTIVO,2025-06-24
C004368,Z004,500,ACTIVO,2025-07-09
C004369,Z004,200,Activo,2024-05-02
C004370,Z004,200,ACTIVO,2025-10-07
C004371,Z004,100,ACTIVO,2025-07-15
C004372,Z004,500,ACTIVO,2026-04-07
C004373,Z004,200, activo ,2025-07-05
C004374,Z004,200,ACTIVO,2025-10-14
C004375,Z004,100, activo ,2025-07-17
C004376,Z004,200, activo ,2025-07-09
C004377,Z004,300, activo ,2026-05-26
C004378,Z004,200, activo ,2025-03-02
C004379,Z004,600,SUSPENDIDO,2025-07-04
C004380,Z004,200,ACTIVO,2026-01-07
C004381,Z004,200, activo ,2025-09-13
C004382,Z004,300, activo ,2024-11-23
C004383,Z004,600, activo ,2025-07-06
C004384,Z004,200,SUSPENDIDO,2025-05-14
C004385,Z004,100,ACTIVO,2026-03-25
C004386,Z004,300,ACTIVO,2026-05-16
C004387,Z004,100,ACTIVO,2025-05-24
C004388,Z004,300,ACTIVO,2026-04-29
C004389,Z004,300, activo ,2025-11-27
C004390,Z004,200,Activo,2026-04-01
C004391,Z004,200,ACTIVO,2026-04-27
C004392,Z004,200,ACTIVO,2024-07-16
C004393,Z004,200,ACTIVO,2024-11-02
C004394,Z004,100,Activo,2024-05-15
C004395,Z004,100,ACTIVO,2025-01-29
C004396,Z004,200, activo ,2026-06-17
C004397,Z004,300,Activo,2025-06-22
C004398,Z004,100, activo ,2025-05-19
C004399,Z004,500,ACTIVO,2024-04-12
C004400,Z004,300, activo ,2025-11-18
C004401,Z004,500,ACTIVO,2025-10-10
C004402,Z004,600,Activo,2026-03-02
C004403,Z004,100, activo ,2025-06-11
C004404,Z004,200, activo ,2025-08-05
C004405,Z004,300, activo ,2025-11-23
C004406,Z004,200,SUSPENDIDO,2025-08-26
C004407,Z004,300,ACTIVO,2026-05-21
C004408,Z004,100,Activo,2024-12-29
C004409,Z004,200, activo ,2025-09-04
C004410,Z004,300,ACTIVO,2026-05-18
C004411,Z004,300,ACTIVO,2026-05-14
C004412,Z004,200, activo ,2026-01-13
C004413,Z004,200,ACTIVO,2025-07-25
C004414,Z004,200, activo ,2026-06-14
C004415,Z004,500,ACTIVO,2025-01-28
C004416,Z004,300, activo ,2025-02-14
C004417,Z004,600,ACTIVO,2024-02-03
C004418,Z004,200,Activo,2025-10-26
C004419,Z004,500, activo ,2025-08-21
C004420,Z004,200,ACTIVO,2025-02-07
C004421,Z004,100,ACTIVO,2024-07-25
C004422,Z004,200,ACTIVO,2026-02-23
C004423,Z004,300,ACTIVO,2024-03-13
C004424,Z004,500,ACTIVO,2024-08-18
C004425,Z004,200,ACTIVO,2024-04-16
C004426,Z004,200,ACTIVO,2024-07-26
C004427,Z004,200, activo ,2026-03-14
C004428,Z004,200,ACTIVO,2025-01-23
C004429,Z004,600,ACTIVO,2024-04-18
C004430,Z004,200,SUSPENDIDO,2026-02-23
C004431,Z004,200,ACTIVO,2026-01-29
C004432,Z004,100,Activo,2025-04-13
C004433,Z004,300,Activo,2025-09-24
C004434,Z004,300,ACTIVO,2024-06-23
C004435,Z004,600,Activo,2025-03-27
C004436,Z004,500,ACTIVO,2025-06-15
C004437,Z004,300,ACTIVO,2026-05-03
C004438,Z004,200,ACTIVO,2025-09-02
C004439,Z004,500,ACTIVO,2025-09-19
C004440,Z004,100,ACTIVO,2025-08-28
C004441,Z004,500,ACTIVO,2026-03-09
C004442,Z004,300, activo ,2025-08-23
C004443,Z004,100, activo ,2024-08-04
C004444,Z004,200,ACTIVO,2025-02-09
C004445,Z004,200,ACTIVO,2025-08-30
C004446,Z004,200,Activo,2024-04-06
C004447,Z004,200,ACTIVO,2026-05-06
C004448,Z004,200,Activo,2024-11-22
C004449,Z004,500,ACTIVO,2024-10-15
C004450,Z004,100,SUSPENDIDO,2025-08-31
C004451,Z004,200,ACTIVO,2024-01-05
C004452,Z004,100, activo ,2024-07-19
C004453,Z004,200,ACTIVO,2025-05-17
C004454,Z004,600, activo ,2024-06-12
C004455,Z004,500, activo ,2025-04-09
C004456,Z004,200,ACTIVO,2026-03-26
C004457,Z004,200,ACTIVO,2024-11-13
C004458,Z004,100,ACTIVO,2025-10-07
C004459,Z004,300,ACTIVO,2025-10-11
C004460,Z004,100,Activo,2024-02-13
C004461,Z004,100,ACTIVO,2024-11-04
C004462,Z004,300,ACTIVO,2024-07-26
C004463,Z004,100, activo ,2024-07-09
C004464,Z004,100,ACTIVO,2026-02-27
C004465,Z004,100,Activo,2024-09-28
C004466,Z004,500, activo ,2024-08-13
C004467,Z004,300,ACTIVO,2024-02-01
C004468,Z004,300, activo ,2026-03-06
C004469,Z004,100,Activo,2026-04-09
C004470,Z004,600,ACTIVO,2025-12-25
C004471,Z004,200,ACTIVO,2026-01-17
C004472,Z004,500,ACTIVO,2025-09-23
C004473,Z004,100,ACTIVO,2025-03-11
C004474,Z004,500,ACTIVO,2025-07-11
C004475,Z004,200, activo ,2024-11-20
C004476,Z004,100,ACTIVO,2025-03-27
C004477,Z004,200,ACTIVO,2025-12-02
C004478,Z004,300,Activo,2025-08-17
C004479,Z004,300,ACTIVO,2024-08-16
C004480,Z004,100,ACTIVO,2024-06-06
C004481,Z004,300,ACTIVO,2026-02-04
C004482,Z004,100,ACTIVO,2025-08-24
C004483,Z004,100,ACTIVO,2026-05-31
C004484,Z004,500,ACTIVO,2025-08-03
C004485,Z004,300,Activo,2025-10-16
C004486,Z004,100,ACTIVO,2024-10-08
C004487,Z004,100, activo ,2026-05-10
C004488,Z004,200,Activo,2024-12-05
C004489,Z004,200,Activo,2026-01-21
C004490,Z004,200,ACTIVO,2024-03-10
C004491,Z004,200,ACTIVO,2026-01-20
C004492,Z004,300,Activo,2025-10-07
C004493,Z004,100,SUSPENDIDO,2025-05-15
C004494,Z004,500,Activo,2024-02-18
C004495,Z004,300,ACTIVO,2024-02-05
C004496,Z004,300,ACTIVO,2025-11-12
C004497,Z004,500,ACTIVO,2025-06-06
C004498,Z004,300, activo ,2025-03-26
C004499,Z004,200,ACTIVO,2026-02-07
C004500,Z004,200,ACTIVO,2025-03-17
C004501,Z004,200, activo ,2024-10-22
C004502,Z004,100,ACTIVO,2024-08-04
C004503,Z004,100,ACTIVO,2026-02-22
C004504,Z004,200,ACTIVO,2024-11-14
C004505,Z004,300, activo ,2025-02-25
C004506,Z004,200,ACTIVO,2025-05-04
C004507,Z004,100,ACTIVO,2025-08-03
C004508,Z004,100,ACTIVO,2025-09-07
C004509,Z004,200,ACTIVO,2024-05-16
C004510,Z004,100,ACTIVO,2026-05-12
C004511,Z004,200,ACTIVO,2025-04-14
C004512,Z004,200,ACTIVO,2024-04-23
C004513,Z004,100,Activo,2025-02-25
C004514,Z004,100, activo ,2025-03-27
C004515,Z004,200,SUSPENDIDO,2025-12-11
C004516,Z004,200,ACTIVO,2026-04-18
C004517,Z004,500,ACTIVO,2026-02-05
C004518,Z004,300,ACTIVO,2024-05-27
C004519,Z004,500,Activo,2025-09-20
C004520,Z004,300,Activo,2026-02-27
C004521,Z004,200,SUSPENDIDO,2025-05-13
C004522,Z004,500,Activo,2026-05-13
C004523,Z004,300,ACTIVO,2026-06-05
C004524,Z004,100,ACTIVO,2026-02-26
C004525,Z004,200,ACTIVO,2026-05-05
C004526,Z004,100,ACTIVO,2025-05-19
C004527,Z004,100,ACTIVO,2024-01-05
C004528,Z004,300,ACTIVO,2024-01-13
C004529,Z004,200,ACTIVO,2026-03-13
C004530,Z004,500,ACTIVO,2025-04-05
C004531,Z004,200,Activo,2025-03-21
C004532,Z004,500,SUSPENDIDO,2024-02-09
C004533,Z004,300,SUSPENDIDO,2025-07-25
C004534,Z004,200,ACTIVO,2025-01-06
C004535,Z004,100,ACTIVO,2025-04-21
C004536,Z004,200,ACTIVO,2025-03-06
C004537,Z004,300,ACTIVO,2024-02-11
C004538,Z004,100,Activo,2024-10-20
C004539,Z004,200,Activo,2024-05-16
C004540,Z004,200,SUSPENDIDO,2024-02-21
C004541,Z004,100,ACTIVO,2025-12-22
C004542,Z004,100,ACTIVO,2024-02-06
C004543,Z004,100,ACTIVO,2025-03-08
C004544,Z004,100,ACTIVO,2026-04-10
C004545,Z004,500,ACTIVO,2025-07-13
C004546,Z004,200,Activo,2026-03-05
C004547,Z004,500,ACTIVO,2024-06-19
C004548,Z004,300, activo ,2025-12-21
C004549,Z004,100,ACTIVO,2026-01-04
C004550,Z004,600,ACTIVO,2024-04-25
C004551,Z005,100, activo ,2024-04-23
C004552,Z005,300,ACTIVO,2024-09-27
C004553,Z005,300,ACTIVO,2025-02-21
C004554,Z005,200,ACTIVO,2025-02-16
C004555,Z005,200,ACTIVO,2025-09-20
C004556,Z005,100,ACTIVO,2025-09-27
C004557,Z005,200,ACTIVO,2025-11-15
C004558,Z005,200, activo ,2025-09-24
C004559,Z005,300, activo ,2024-09-05
C004560,Z005,100,SUSPENDIDO,2025-10-06
C004561,Z005,300,ACTIVO,2025-11-12
C004562,Z005,100,Activo,2024-05-28
C004563,Z005,200,Activo,2025-05-26
C004564,Z005,200,ACTIVO,2024-12-01
C004565,Z005,100,ACTIVO,2024-02-19
C004566,Z005,300, activo ,2026-01-07
C004567,Z005,300,Activo,2025-07-20
C004568,Z005,500, activo ,2025-04-03
C004569,Z005,300,ACTIVO,2025-05-01
C004570,Z005,100,ACTIVO,2025-08-08
C004571,Z005,300, activo ,2026-04-17
C004572,Z005,100, activo ,2024-05-22
C004573,Z005,100,ACTIVO,2025-03-16
C004574,Z005,500,ACTIVO,2025-10-10
C004575,Z005,200,ACTIVO,2025-01-22
C004576,Z005,300, activo ,2024-08-02
C004577,Z005,200,ACTIVO,2025-06-11
C004578,Z005,100,ACTIVO,2024-08-29
C004579,Z005,100, activo ,2026-02-10
C004580,Z005,300,ACTIVO,2024-08-18
C004581,Z005,500,SUSPENDIDO,2025-12-02
C004582,Z005,100,Activo,2024-11-26
C004583,Z005,100,ACTIVO,2025-06-08
C004584,Z005,500,ACTIVO,2024-02-17
C004585,Z005,200,ACTIVO,2026-02-24
C004586,Z005,200, activo ,2025-08-10
C004587,Z005,300,ACTIVO,2025-11-20
C004588,Z005,500,Activo,2024-11-18
C004589,Z005,200,ACTIVO,2025-12-28
C004590,Z005,100,ACTIVO,2024-02-04
C004591,Z005,100,ACTIVO,2026-05-24
C004592,Z005,500, activo ,2026-02-10
C004593,Z005,300,Activo,2024-12-09
C004594,Z005,300,ACTIVO,2024-04-21
C004595,Z005,200,SUSPENDIDO,2026-06-11
C004596,Z005,100,Activo,2026-02-22
C004597,Z005,100,ACTIVO,2025-11-29
C004598,Z005,100,Activo,2024-01-26
C004599,Z005,200,ACTIVO,2025-02-28
C004600,Z005,200,ACTIVO,2026-06-08
C004601,Z005,200,ACTIVO,2026-06-16
C004602,Z005,300, activo ,2025-02-27
C004603,Z005,200,ACTIVO,2025-03-18
C004604,Z005,500,ACTIVO,2024-01-04
C004605,Z005,200,SUSPENDIDO,2026-04-11
C004606,Z005,100,ACTIVO,2025-06-09
C004607,Z005,200,SUSPENDIDO,2025-06-17
C004608,Z005,100,ACTIVO,2025-01-22
C004609,Z005,200,ACTIVO,2026-05-28
C004610,Z005,100, activo ,2026-02-13
C004611,Z005,500,ACTIVO,2024-07-26
C004612,Z005,300,Activo,2025-10-13
C004613,Z005,300,ACTIVO,2024-07-07
C004614,Z005,300,ACTIVO,2024-02-23
C004615,Z005,200,ACTIVO,2024-11-17
C004616,Z005,300, activo ,2024-05-27
C004617,Z005,500,ACTIVO,2024-10-28
C004618,Z005,500,ACTIVO,2025-01-20
C004619,Z005,300,ACTIVO,2025-08-05
C004620,Z005,200,Activo,2024-11-08
C004621,Z005,100, activo ,2025-01-26
C004622,Z005,100,Activo,2025-06-02
C004623,Z005,200,ACTIVO,2024-09-28
C004624,Z005,300,ACTIVO,2026-05-14
C004625,Z005,500,ACTIVO,2024-04-13
C004626,Z005,100,ACTIVO,2025-02-01
C004627,Z005,200,ACTIVO,2025-10-04
C004628,Z005,200,ACTIVO,2025-10-21
C004629,Z005,500,SUSPENDIDO,2025-09-28
C004630,Z005,500, activo ,2024-10-17
C004631,Z005,100,ACTIVO,2026-03-27
C004632,Z005,300,ACTIVO,2024-07-16
C004633,Z005,200,Activo,2026-06-05
C004634,Z005,200, activo ,2024-10-26
C004635,Z005,600,Activo,2025-06-05
C004636,Z005,100,ACTIVO,2024-07-14
C004637,Z005,200,ACTIVO,2024-10-14
C004638,Z005,300,ACTIVO,2026-03-21
C004639,Z005,200,ACTIVO,2024-11-03
C004640,Z005,300,ACTIVO,2025-03-04
C004641,Z005,500,ACTIVO,2026-03-24
C004642,Z005,600,ACTIVO,2024-08-24
C004643,Z005,100,Activo,2024-03-01
C004644,Z005,100,ACTIVO,2024-12-19
C004645,Z005,100,ACTIVO,2024-07-12
C004646,Z005,300, activo ,2024-07-26
C004647,Z005,100,ACTIVO,2024-10-20
C004648,Z005,200,ACTIVO,2024-05-11
C004649,Z005,300,ACTIVO,2025-08-12
C004650,Z005,300, activo ,2025-03-22
C004651,Z005,200,ACTIVO,2026-04-28
C004652,Z005,200,Activo,2026-05-30
C004653,Z005,300,ACTIVO,2024-07-08
C004654,Z005,100,ACTIVO,2024-07-24
C004655,Z005,200,Activo,2024-12-09
C004656,Z005,500,SUSPENDIDO,2025-09-30
C004657,Z005,300,ACTIVO,2024-03-29
C004658,Z005,300,ACTIVO,2024-12-30
C004659,Z005,100,ACTIVO,2024-12-25
C004660,Z005,200, activo ,2024-11-10
C004661,Z005,200,ACTIVO,2026-05-04
C004662,Z005,300,ACTIVO,2025-05-21
C004663,Z005,300,ACTIVO,2025-04-01
C004664,Z005,100,SUSPENDIDO,2025-08-12
C004665,Z005,300,ACTIVO,2024-02-16
C004666,Z005,200,Activo,2024-09-28
C004667,Z005,300,Activo,2025-07-25
C004668,Z005,200,Activo,2026-03-11
C004669,Z005,200,Activo,2024-04-21
C004670,Z005,300,ACTIVO,2025-03-03
C004671,Z005,100,ACTIVO,2024-05-29
C004672,Z005,200,ACTIVO,2026-04-30
C004673,Z005,200,ACTIVO,2024-01-13
C004674,Z005,600, activo ,2026-02-20
C004675,Z005,500,ACTIVO,2024-11-30
C004676,Z005,300,Activo,2024-08-29
C004677,Z005,100,Activo,2024-06-12
C004678,Z005,200,ACTIVO,2024-06-28
C004679,Z005,500,Activo,2026-03-19
C004680,Z005,500, activo ,2025-04-22
C004681,Z005,200, activo ,2025-12-06
C004682,Z005,200,ACTIVO,2024-07-04
C004683,Z005,200,ACTIVO,2025-06-23
C004684,Z005 ,200,Activo,2024-03-12
C004685,Z005,300,ACTIVO,2026-06-06
C004686,Z005,200, activo ,2024-03-26
C004687,Z005,500,ACTIVO,2025-02-22
C004688,Z005,300,SUSPENDIDO,2025-10-09
C004689,Z005,100,ACTIVO,2025-05-10
C004690,Z005,200,ACTIVO,2025-06-17
C004691,Z005,100,ACTIVO,2026-06-17
C004692,Z005,300,ACTIVO,2025-09-15
C004693,Z005,500,ACTIVO,2024-09-12
C004694,Z005,100, activo ,2026-05-17
C004695,Z005,500, activo ,2024-04-10
C004696,Z005,200,Activo,2025-12-28
C004697,Z005,300,ACTIVO,2026-01-13
C004698,Z005,200,ACTIVO,2026-06-12
C004699,Z005,500,ACTIVO,2024-05-22
C004700,Z005,200,Activo,2024-05-17
C004701,Z005,500,ACTIVO,2025-10-14
C004702,Z005,300,Activo,2025-07-13
C004703,Z005,300,SUSPENDIDO,2024-09-28
C004704,Z005,200,ACTIVO,2024-11-07
C004705,Z005,200,ACTIVO,2025-02-24
C004706,Z005,100, activo ,2024-03-03
C004707,Z005,100,ACTIVO,2024-01-10
C004708,Z005,100,ACTIVO,2025-11-10
C004709,Z005,200,ACTIVO,2025-02-02
C004710,Z005,300,ACTIVO,2024-11-03
C004711,Z005,100,ACTIVO,2025-09-20
C004712,Z005,200, activo ,2024-11-06
C004713,Z005,100,ACTIVO,2026-05-10
C004714,Z005,300,Activo,2025-06-04
C004715,Z005,100,Activo,2025-07-25
C004716,Z005,300,ACTIVO,2024-10-17
C004717,Z005,300,Activo,2026-05-14
C004718,Z005,100,Activo,2025-08-10
C004719,Z005,300,ACTIVO,2024-04-10
C004720,Z005,100,ACTIVO,2024-11-02
C004721,Z005,300,ACTIVO,2026-01-14
C004722,Z005,300,Activo,2025-09-24
C004723,Z005,300,Activo,2024-04-02
C004724,Z005,100, activo ,2025-04-11
C004725,Z005,600,ACTIVO,2026-03-06
C004726,Z005,600,ACTIVO,2026-04-19
C004727,Z005,300,Activo,2024-07-12
C004728,Z005,100,ACTIVO,2024-08-01
C004729,Z005,300,ACTIVO,2024-08-04
C004730,Z005,300,Activo,2025-12-06
C004731,Z005,200,ACTIVO,2025-08-23
C004732,Z005,200,ACTIVO,2024-06-12
C004733,Z005,100,ACTIVO,2026-03-02
C004734,Z005,200,ACTIVO,2025-06-06
C004735,Z005,500,ACTIVO,2026-03-15
C004736,Z005,300,ACTIVO,2026-04-10
C004737,Z005,500, activo ,2026-04-20
C004738,Z005,200,ACTIVO,2025-07-25
C004739,Z005,200,Activo,2024-11-08
C004740,Z005,100,ACTIVO,2025-04-06
C004741,Z005,100,ACTIVO,2024-07-05
C004742,Z005,500,ACTIVO,2024-11-26
C004743,Z005,200,ACTIVO,2024-12-28
C004744,Z005,300,ACTIVO,2025-05-06
C004745,Z005,600,SUSPENDIDO,2024-01-15
C004746,Z005,500,ACTIVO,2026-01-23
C004747,Z005,300,ACTIVO,2025-10-30
C004748,Z005,100,ACTIVO,2025-12-06
C004749,Z005,100,Activo,2025-05-04
C004750,Z005,100,ACTIVO,2025-09-11
C004751,Z005,200, activo ,2024-06-12
C004752,Z005,100,Activo,2024-02-05
C004753,Z005,300, activo ,2025-01-26
C004754,Z005,500,ACTIVO,2025-06-17
C004755,Z005,200,SUSPENDIDO,2025-12-29
C004756,Z005,500,ACTIVO,2024-04-06
C004757,Z005,200,ACTIVO,2024-10-31
C004758,Z005,500,ACTIVO,2025-06-22
C004759,Z005,100,ACTIVO,2025-09-22
C004760,Z005,200,SUSPENDIDO,2024-08-18
C004761,Z005,100,ACTIVO,2024-10-31
C004762,Z005,200,ACTIVO,2025-02-15
C004763,Z005,300,Activo,2026-03-16
C004764,Z005,200,Activo,2026-01-01
C004765,Z005,500, activo ,2024-11-04
C004766,Z005,200,SUSPENDIDO,2026-04-08
C004767,Z005,500, activo ,2025-07-18
C004768,Z005,600,ACTIVO,2025-08-23
C004769,Z005,300,Activo,2026-05-09
C004770,Z005 ,300,ACTIVO,2025-10-20
C004771,Z005,200,ACTIVO,2025-02-16
C004772,Z005,300, activo ,2025-11-04
C004773,Z005,300,ACTIVO,2025-06-13
C004774,Z005,300, activo ,2024-05-05
C004775,Z005,300, activo ,2026-02-20
C004776,Z005,200,Activo,2026-06-18
C004777,Z005,200,ACTIVO,2024-11-30
C004778,Z005,200,ACTIVO,2024-08-03
C004779,Z005,300,ACTIVO,2025-12-22
C004780,Z005,200,ACTIVO,2025-01-23
C004781,Z005,500,ACTIVO,2024-11-02
C004782,Z005,600, activo ,2024-03-15
C004783,Z005,300,Activo,2024-03-29
C004784,Z005,300,ACTIVO,2024-04-25
C004785,Z005,200,ACTIVO,2024-01-21
C004786,Z005,200,ACTIVO,2025-11-09
C004787,Z005,100,Activo,2026-03-21
C004788,Z005,200,ACTIVO,2024-09-23
C004789,Z005,300,ACTIVO,2025-08-05
C004790,Z005,200,ACTIVO,2026-04-26
C004791,Z005,200,ACTIVO,2026-06-01
C004792,Z005,200, activo ,2025-02-25
C004793,Z005,200,ACTIVO,2025-06-21
C004794,Z005,100,ACTIVO,2025-02-10
C004795,Z005,200,ACTIVO,2025-03-28
C004796,Z005,500,Activo,2024-06-18
C004797,Z005,500,ACTIVO,2025-03-26
C004798,Z005,200,ACTIVO,2026-02-10
C004799,Z005,500,ACTIVO,2026-04-06
C004800,Z005,500,Activo,2024-12-30
C004801,Z005,200,ACTIVO,2026-03-12
C004802,Z005,600,ACTIVO,2024-03-08
C004803,Z005,200,ACTIVO,2024-12-25
C004804,Z005,300,ACTIVO,2026-03-28
C004805,Z005,600,ACTIVO,2025-11-06
C004806,Z005,100,ACTIVO,2026-03-15
C004807,Z005,100,SUSPENDIDO,2024-02-11
C004808,Z005,300,ACTIVO,2026-04-02
C004809,Z005,200,ACTIVO,2025-06-25
C004810,Z005,100,Activo,2024-10-17
C004811,Z005,300, activo ,2024-07-15
C004812,Z005,200,ACTIVO,2025-03-05
C004813,Z005,100,Activo,2025-01-20
C004814,Z005,100,ACTIVO,2025-11-24
C004815,Z005,500,ACTIVO,2024-09-21
C004816,Z005,300,ACTIVO,2025-04-23
C004817,Z005,100, activo ,2025-05-12
C004818,Z005,100,ACTIVO,2026-04-10
C004819,Z005,300,Activo,2025-11-03
C004820,Z005,200,Activo,2024-12-10
C004821,Z005,200,ACTIVO,2024-07-09
C004822,Z005,200, activo ,2024-03-21
C004823,Z005,300,ACTIVO,2025-11-20
C004824,Z005,200,ACTIVO,2026-03-28
C004825,Z005,100,Activo,2024-07-20
C004826,Z005,500,ACTIVO,2025-09-22
C004827,Z005,200,ACTIVO,2025-08-23
C004828,Z005,100,Activo,2026-05-18
C004829,Z005,300,ACTIVO,2025-04-05
C004830,Z005,100,ACTIVO,2024-11-24
C004831,Z005,600,ACTIVO,2024-09-02
C004832,Z005,100,ACTIVO,2026-06-10
C004833,Z005,500, activo ,2024-07-09
C004834,Z005,300, activo ,2024-10-18
C004835,Z005,300,Activo,2025-09-24
C004836,Z005,100,Activo,2024-05-17
C004837,Z005,200,ACTIVO,2025-06-29
C004838,Z005,200,ACTIVO,2024-09-20
C004839,Z005,200,ACTIVO,2025-08-13
C004840,Z005,500,Activo,2024-04-14
C004841,Z005,100,ACTIVO,2026-03-11
C004842,Z005,300,Activo,2025-01-10
C004843,Z005,300,Activo,2024-01-31
C004844,Z005,200,ACTIVO,2024-04-03
C004845,Z005,200,ACTIVO,2025-09-15
C004846,Z005,100,Activo,2025-10-22
C004847,Z005,200,ACTIVO,2024-10-22
C004848,Z005,100,ACTIVO,2025-10-09
C004849,Z005,200,Activo,2024-09-21
C004850,Z005,500,SUSPENDIDO,2024-06-28
C004851,Z005,500,ACTIVO,2024-05-13
C004852,Z005,100, activo ,2025-08-20
C004853,Z005,200,ACTIVO,2025-03-13
C004854,Z005,500, activo ,2024-10-21
C004855,Z005,200,ACTIVO,2025-01-10
C004856,Z005,500,Activo,2025-11-06
C004857,Z005,200,Activo,2026-04-12
C004858,Z005,100,ACTIVO,2026-02-10
C004859,Z005,100,ACTIVO,2025-10-07
C004860,Z005,100,ACTIVO,2025-11-26
C004861,Z005,100, activo ,2024-05-27
C004862,Z005,200,Activo,2026-01-08
C004863,Z005,100, activo ,2024-02-06
C004864,Z005,100,SUSPENDIDO,2025-10-05
C004865,Z005,100,Activo,2026-04-13
C004866,Z005,300,ACTIVO,2024-06-03
C004867,Z005,100,ACTIVO,2026-01-04
C004868,Z005,200,Activo,2026-06-13
C004869,Z005,200, activo ,2024-02-23
C004870,Z005,300,SUSPENDIDO,2024-09-16
C004871,Z005,200,ACTIVO,2024-02-08
C004872,Z005,200,ACTIVO,2026-03-10
C004873,Z005,200, activo ,2025-08-12
C004874,Z005,300,Activo,2026-04-17
C004875,Z005,200,ACTIVO,2025-03-18
C004876,Z005,100,ACTIVO,2024-06-05
C004877,Z005,300,ACTIVO,2025-05-30
C004878,Z005,200,ACTIVO,2024-03-18
C004879,Z005,100,ACTIVO,2025-09-04
C004880,Z005,200,Activo,2024-08-18
C004881,Z005,500,Activo,2024-11-04
C004882,Z005,500,ACTIVO,2025-07-19
C004883,Z005,300,ACTIVO,2024-01-09
C004884,Z005,200,ACTIVO,2024-10-21
C004885,Z005,500,ACTIVO,2024-02-26
C004886,Z005,500,ACTIVO,2025-08-30
C004887,Z005,100,ACTIVO,2025-03-23
C004888,Z005,600,Activo,2024-11-04
C004889,Z005,300,ACTIVO,2024-05-10
C004890,Z005,300,ACTIVO,2025-09-30
C004891,Z005,100,ACTIVO,2025-10-11
C004892,Z005,500,Activo,2025-04-03
C004893,Z005,200, activo ,2025-06-27
C004894,Z005,100, activo ,2024-06-03
C004895,Z005,500,Activo,2025-09-22
C004896,Z005,600,Activo,2024-08-09
C004897,Z005,300,ACTIVO,2024-03-27
C004898,Z005,500, activo ,2025-04-06
C004899,Z005,300,ACTIVO,2025-04-21
C004900,Z005,200,ACTIVO,2025-09-19
C004901,Z005,100,ACTIVO,2026-02-24
C004902,Z005,100,ACTIVO,2025-11-15
C004903,Z005,500,Activo,2026-02-02
C004904,Z005,200,Activo,2024-01-04
C004905,Z005,200,ACTIVO,2025-07-19
C004906,Z005,100,Activo,2025-02-16
C004907,Z005,100,ACTIVO,2025-09-24
C004908,Z005,100,ACTIVO,2024-06-01
C004909,Z005,500,ACTIVO,2026-04-09
C004910,Z005,100,Activo,2024-09-07
C004911,Z005,200, activo ,2025-09-07
C004912,Z005,200,Activo,2025-08-20
C004913,Z005,100,SUSPENDIDO,2025-08-24
C004914,Z005,200,Activo,2026-05-10
C004915,Z005,100,ACTIVO,2024-05-13
C004916,Z005,500,ACTIVO,2025-11-24
C004917,Z005,300,Activo,2025-05-11
C004918,Z005,300,Activo,2024-07-18
C004919,Z005,300,SUSPENDIDO,2026-04-14
C004920,Z005,100,ACTIVO,2024-02-06
C004921,Z005,100,ACTIVO,2026-06-12
C004922,Z005,200,Activo,2026-03-01
C004923,Z005,200,ACTIVO,2024-01-12
C004924,Z005,300,ACTIVO,2026-01-20
C004925,Z005,500,ACTIVO,2024-10-08
C004926,Z005,200,Activo,2024-06-18
C004927,Z005,200, activo ,2025-11-17
C004928,Z005,200, activo ,2025-04-24
C004929,Z005,200,ACTIVO,2024-01-15
C004930,Z005,200,ACTIVO,2024-04-03
C004931,Z005,100,ACTIVO,2025-12-23
C004932,Z005,100,ACTIVO,2024-05-09
C004933,Z005,200,Activo,2024-11-13
C004934,Z005,200,ACTIVO,2025-09-13
C004935,Z005,200,ACTIVO,2026-02-28
C004936,Z005,300,Activo,2025-04-08
C004937,Z005,200, activo ,2025-05-06
C004938,Z005,500, activo ,2024-04-01
C004939,Z005,200,ACTIVO,2025-02-06
C004940,Z005,500,ACTIVO,2024-05-20
C004941,Z005,500,ACTIVO,2024-06-06
C004942,Z005,300,ACTIVO,2025-02-19
C004943,Z005,200, activo ,2024-01-09
C004944,Z005,500,SUSPENDIDO,2024-08-02
C004945,Z005,100,ACTIVO,2024-01-06
C004946,Z005,300,SUSPENDIDO,2024-06-03
C004947,Z005,500, activo ,2025-12-05
C004948,Z005,300,ACTIVO,2024-07-11
C004949,Z005,500,ACTIVO,2025-10-14
C004950,Z005,100,ACTIVO,2024-05-18
C004951,Z005,100,ACTIVO,2025-05-14
C004952,Z005,300,ACTIVO,2026-02-19
C004953,Z005,300,ACTIVO,2024-01-31
C004954,Z005,200,ACTIVO,2025-11-28
C004955,Z005,200,ACTIVO,2024-08-13
C004956,Z005,300,Activo,2025-06-11
C004957,Z005,200,ACTIVO,2024-10-03
C004958,Z005,100,ACTIVO,2025-11-18
C004959,Z005,200,ACTIVO,2025-05-05
C004960,Z005,100,ACTIVO,2024-12-03
C004961,Z005,300, activo ,2024-10-25
C004962,Z005,200, activo ,2025-08-08
C004963,Z005,300,ACTIVO,2026-05-19
C004964,Z005,300,ACTIVO,2024-07-05
C004965,Z005,300, activo ,2025-10-17
C004966,Z005,500,Activo,2026-04-03
C004967,Z005,600, activo ,2026-03-03
C004968,Z005,300,ACTIVO,2024-01-03
C004969,Z005,200,ACTIVO,2026-05-22
C004970,Z005,100,ACTIVO,2025-03-10
C004971,Z005,100,Activo,2024-07-21
C004972,Z005,600,ACTIVO,2026-03-11
C004973,Z005,200, activo ,2024-03-31
C004974,Z005,600,Activo,2024-04-11
C004975,Z005,200,ACTIVO,2025-12-15
C004976,Z005,300,ACTIVO,2024-01-17
C004977,Z005,500,Activo,2025-02-18
C004978,Z005,100,ACTIVO,2025-01-23
C004979,Z005,100,Activo,2025-03-05
C004980,Z005,500,ACTIVO,2025-06-29
C004981,Z005,200, activo ,2025-03-27
C004982,Z005,300,ACTIVO,2025-09-13
C004983,Z005,500,ACTIVO,2026-05-09
C004984,Z005,500,ACTIVO,2024-12-27
C004985,Z005,500,ACTIVO,2026-02-15
C004986,Z005,100, activo ,2024-04-22
C004987,Z005,300,ACTIVO,2024-08-27
C004988,Z005,200,ACTIVO,2024-04-14
C004989,Z005,300,ACTIVO,2025-09-27
C004990,Z005,100,ACTIVO,2024-07-13
C004991,Z005,300,Activo,2024-07-20
C004992,Z005,600,ACTIVO,2025-05-26
C004993,Z005,500,Activo,2026-01-09
C004994,Z005,500,ACTIVO,2024-03-16
C004995,Z005,300,ACTIVO,2025-08-21
C004996,Z005,500,ACTIVO,2025-01-28
C004997,Z005,100,ACTIVO,2025-07-15
C004998,Z005,500,Activo,2025-03-14
C004999,Z005,500,ACTIVO,2024-12-07
C005000,Z005,100,ACTIVO,2024-12-17
C005001,Z005,300,ACTIVO,2024-05-17
C005002,Z005,500,ACTIVO,2024-08-06
C005003,Z005,100,Activo,2026-05-13
C005004,Z005,500,Activo,2025-04-01
C005005,Z005,100,ACTIVO,2025-03-09
C005006,Z005,300,ACTIVO,2024-08-20
C005007,Z005,300,ACTIVO,2024-05-20
C005008,Z005,100,ACTIVO,2024-10-21
C005009,Z005,200,ACTIVO,2025-03-31
C005010,Z005,100,Activo,2026-04-24
C005011,Z005,100,Activo,2025-02-01
C005012,Z005,300,ACTIVO,2024-01-11
C005013,Z005,100,ACTIVO,2024-07-15
C005014,Z005,200,ACTIVO,2024-12-03
C005015,Z005,600,ACTIVO,2024-04-17
C005016,Z005,500,Activo,2025-05-02
C005017,Z005,200,ACTIVO,2024-01-25
C005018,Z005,300,ACTIVO,2024-03-15
C005019,Z005,300, activo ,2024-07-14
C005020,Z005,100,ACTIVO,2024-06-28
C005021,Z005,200,ACTIVO,2026-05-24
C005022,Z005,200, activo ,2025-07-19
C005023,Z005,200,ACTIVO,2024-10-14
C005024,Z005,300,ACTIVO,2024-09-28
C005025,Z005,200,ACTIVO,2026-03-10
C005026,Z005,500,ACTIVO,2025-11-02
C005027,Z005,100,ACTIVO,2025-12-04
C005028,Z005,600,ACTIVO,2024-11-12
C005029,Z005,300, activo ,2026-05-03
C005030,Z005,200,Activo,2025-07-20
C005031,Z005,200,ACTIVO,2024-05-19
C005032,Z005,200,ACTIVO,2026-05-31
C005033,Z005,100,ACTIVO,2024-03-25
C005034,Z005,300,Activo,2025-06-27
C005035,Z005,200,ACTIVO,2025-01-12
C005036,Z005,200,Activo,2025-02-27
C005037,Z005,300, activo ,2024-10-18
C005038,Z005,200,Activo,2025-12-05
C005039,Z005,300,SUSPENDIDO,2026-02-10
C005040,Z005,300,ACTIVO,2025-01-15
C005041,Z005,300, activo ,2024-05-13
C005042,Z005,100,ACTIVO,2026-04-07
C005043,Z005,300,Activo,2025-01-06
C005044,Z005,200, activo ,2026-03-25
C005045,Z005,300,ACTIVO,2026-05-17
C005046,Z005,300,ACTIVO,2024-04-23
C005047,Z005,500,ACTIVO,2026-01-05
C005048,Z005,200,SUSPENDIDO,2025-03-05
C005049,Z005,300,Activo,2024-12-26
C005050,Z005,300, activo ,2025-11-22
C005051,Z005,300,ACTIVO,2025-12-02
C005052,Z005,200,Activo,2024-09-03
C005053,Z005,200,Activo,2025-12-10
C005054,Z005,200,ACTIVO,2026-05-07
C005055,Z005,300,ACTIVO,2025-09-23
C005056,Z005,200,ACTIVO,2025-12-09
C005057,Z005,300,ACTIVO,2025-05-11
C005058,Z005,200,ACTIVO,2024-10-18
C005059,Z005,500,ACTIVO,2025-08-23
C005060,Z005,100,ACTIVO,2024-10-19
C005061,Z005,100,Activo,2024-11-13
C005062,Z005,300,ACTIVO,2024-04-03
C005063,Z005,200,ACTIVO,2024-04-11
C005064,Z005,500,ACTIVO,2025-10-19
C005065,Z005,600,ACTIVO,2025-08-11
C005066,Z005,300,ACTIVO,2025-05-17
C005067,Z005,200,ACTIVO,2025-06-18
C005068,Z005,200, activo ,2025-09-19
C005069,Z005,200, activo ,2024-11-07
C005070,Z005,300,ACTIVO,2024-05-06
C005071,Z005,100,ACTIVO,2024-02-01
C005072,Z005,100,ACTIVO,2025-08-13
C005073,Z005,600,ACTIVO,2026-05-28
C005074,Z005,100,ACTIVO,2024-02-01
C005075,Z005,200,Activo,2024-01-15
C005076,Z005,100,Activo,2024-09-23
C005077,Z005,200,ACTIVO,2024-08-02
C005078,Z005,200,ACTIVO,2026-04-20
C005079,Z005,500,Activo,2024-10-27
C005080,Z005,300,ACTIVO,2025-11-07
C005081,Z005,200,Activo,2024-08-11
C005082,Z005,300,ACTIVO,2025-09-19
C005083,Z005,500,ACTIVO,2025-01-19
C005084,Z005,200,ACTIVO,2024-05-20
C005085,Z005,300,ACTIVO,2026-02-24
C005086,Z005,200,ACTIVO,2025-08-13
C005087,Z005,200,ACTIVO,2026-02-27
C005088,Z005,200,ACTIVO,2025-10-21
C005089,Z005,200,ACTIVO,2025-09-15
C005090,Z005,600,ACTIVO,2024-01-23
C005091,Z005 ,100, activo ,2024-05-05
C005092,Z005,200,Activo,2025-08-20
C005093,Z005,500,ACTIVO,2024-12-19
C005094,Z005,500, activo ,2024-08-07
C005095,Z005,600,ACTIVO,2024-05-10
C005096,Z005,200,Activo,2026-04-30
C005097,Z005,500,ACTIVO,2024-06-01
C005098,Z005,300, activo ,2024-07-04
C005099,Z005,100, activo ,2026-06-03
C005100,Z005,200,ACTIVO,2024-11-04
C005101,Z005,500,ACTIVO,2025-06-05
C005102,Z005,100, activo ,2025-05-31
C005103,Z005,500,ACTIVO,2026-03-19
C005104,Z005,200,ACTIVO,2024-09-25
C005105,Z005,500,ACTIVO,2025-12-26
C005106,Z005,300,ACTIVO,2025-01-20
C005107,Z005,100,ACTIVO,2025-07-23
C005108,Z005,300,ACTIVO,2024-10-20
C005109,Z005,300,ACTIVO,2024-08-01
C005110,Z005,100,ACTIVO,2025-09-17
C005111,Z005,100,ACTIVO,2024-11-04
C005112,Z005,200,Activo,2024-01-15
C005113,Z005,100,Activo,2025-07-29
C005114,Z005,200,ACTIVO,2025-06-09
C005115,Z005,200,Activo,2026-02-11
C005116,Z005,300,ACTIVO,2025-12-02
C005117,Z005,300,ACTIVO,2024-06-22
C005118,Z005,100,ACTIVO,2025-03-21
C005119,Z005,300, activo ,2024-01-05
C005120,Z005,300,Activo,2024-02-14
C005121,Z005,500,Activo,2025-04-22
C005122,Z005,100,Activo,2024-04-02
C005123,Z005,100, activo ,2024-07-18
C005124,Z005,500,ACTIVO,2026-04-08
C005125,Z005,300,Activo,2025-02-17
C005126,Z005,200,ACTIVO,2024-02-02
C005127,Z005,200,SUSPENDIDO,2025-11-24
C005128,Z005,200,ACTIVO,2026-01-31
C005129,Z005,100,ACTIVO,2025-08-10
C005130,Z005,300,Activo,2024-02-28
C005131,Z005,500, activo ,2026-05-09
C005132,Z005,300,ACTIVO,2024-05-24
C005133,Z005,200,ACTIVO,2024-05-05
C005134,Z005,100,ACTIVO,2024-02-14
C005135,Z005,100, activo ,2025-08-02
C005136,Z005,200,SUSPENDIDO,2024-09-16
C005137,Z005,300,ACTIVO,2025-04-07
C005138,Z005,100,ACTIVO,2026-04-16
C005139,Z005,200,ACTIVO,2025-01-28
C005140,Z005,100,Activo,2025-12-18
C005141,Z005,300,SUSPENDIDO,2026-06-10
C005142,Z005,200, activo ,2024-05-11
C005143,Z005,300,ACTIVO,2024-07-26
C005144,Z005,300,ACTIVO,2024-03-10
C005145,Z005,300, activo ,2026-01-19
C005146,Z005,100,Activo,2024-08-04
C005147,Z005,500,ACTIVO,2025-10-17
C005148,Z005,100,ACTIVO,2025-09-05
C005149,Z005,500,ACTIVO,2025-10-25
C005150,Z005,300,ACTIVO,2024-01-22
C005151,Z005,200, activo ,2024-07-03
C005152,Z005,300,ACTIVO,2024-06-10
C005153,Z005,100,Activo,2024-09-30
C005154,Z005,500, activo ,2024-10-13
C005155,Z005,500,ACTIVO,2025-01-18
C005156,Z005,500,ACTIVO,2024-07-31
C005157,Z005,300, activo ,2024-06-22
C005158,Z005,100,Activo,2024-09-06
C005159,Z005,300,ACTIVO,2024-04-01
C005160,Z005,500,ACTIVO,2025-06-10
C005161,Z005,200,Activo,2025-03-16
C005162,Z005,600,ACTIVO,2025-12-08
C005163,Z005,500,Activo,2025-07-19
C005164,Z005,200,ACTIVO,2025-09-23
C005165,Z005,200,ACTIVO,2026-06-04
C005166,Z005,500,ACTIVO,2024-09-17
C005167,Z005,500,ACTIVO,2025-06-20
C005168,Z005,200,Activo,2026-01-24
C005169,Z005,300, activo ,2025-04-06
C005170,Z005,100, activo ,2024-06-10
C005171,Z005,100,Activo,2025-05-28
C005172,Z005,100,ACTIVO,2024-02-24
C005173,Z005,300,ACTIVO,2024-11-23
C005174,Z005,300,SUSPENDIDO,2025-03-02
C005175,Z005,200,ACTIVO,2024-11-12
C005176,Z005,300,ACTIVO,2024-10-17
C005177,Z005,300,ACTIVO,2024-07-17
C005178,Z005,500,ACTIVO,2025-07-01
C005179,Z005,200,ACTIVO,2025-11-26
C005180,Z005,200, activo ,2025-04-09
C005181,Z005,200,ACTIVO,2025-05-06
C005182,Z005,200, activo ,2024-08-03
C005183,Z005,200,ACTIVO,2024-12-05
C005184,Z005,600, activo ,2024-12-31
C005185,Z005,100,Activo,2024-07-31
C005186,Z005,300,ACTIVO,2025-12-13
C005187,Z005,300,ACTIVO,2024-09-21
C005188,Z005,100,ACTIVO,2024-06-30
C005189,Z005,100,ACTIVO,2024-03-19
C005190,Z005,500,ACTIVO,2026-01-15
C005191,Z005,100,Activo,2026-01-07
C005192,Z005,100, activo ,2025-03-25
C005193,Z005,100,ACTIVO,2024-08-20
C005194,Z005,300,ACTIVO,2025-11-05
C005195,Z005,300, activo ,2025-12-03
C005196,Z005,300,ACTIVO,2024-01-31
C005197,Z005,200,ACTIVO,2025-02-12
C005198,Z005,100, activo ,2024-12-16
C005199,Z005,200, activo ,2024-07-29
C005200,Z005,500,ACTIVO,2024-11-15
C005201,Z005,200,Activo,2026-04-06
C005202,Z005,200,ACTIVO,2025-12-08
C005203,Z005,300,ACTIVO,2024-07-20
C005204,Z005,300,ACTIVO,2025-01-17
C005205,Z005,200,Activo,2026-03-08
C005206,Z005,200,ACTIVO,2026-06-07
C005207,Z005,100,Activo,2025-04-13
C005208,Z005,200,ACTIVO,2025-02-08
C005209,Z005,500,ACTIVO,2026-01-18
C005210,Z005,100,ACTIVO,2025-06-30
C005211,Z005,100,ACTIVO,2024-04-27
C005212,Z005,200,ACTIVO,2025-03-01
C005213,Z005,100,ACTIVO,2025-10-09
C005214,Z005,100,ACTIVO,2024-04-17
C005215,Z005,300, activo ,2026-01-20
C005216,Z005,100,SUSPENDIDO,2025-07-13
C005217,Z005,600,ACTIVO,2024-09-27
C005218,Z005,300,SUSPENDIDO,2024-04-07
C005219,Z005,300,Activo,2024-02-03
C005220,Z005,600,ACTIVO,2025-07-03
C005221,Z005,100, activo ,2024-06-24
C005222,Z005,200,ACTIVO,2024-05-10
C005223,Z005,200,ACTIVO,2024-06-29
C005224,Z005,200,ACTIVO,2025-05-24
C005225,Z005,200, activo ,2024-08-20
C005226,Z005,600,ACTIVO,2025-06-16
C005227,Z005,100, activo ,2025-10-27
C005228,Z005,100,Activo,2026-01-14
C005229,Z005,300,ACTIVO,2025-10-26
C005230,Z005,200,ACTIVO,2025-05-12
C005231,Z005,500,ACTIVO,2025-10-13
C005232,Z005,300,SUSPENDIDO,2025-12-04
C005233,Z005,200,ACTIVO,2026-05-05
C005234,Z005,300,ACTIVO,2024-09-10
C005235,Z005,300,ACTIVO,2024-02-29
C005236,Z005,500, activo ,2024-04-27
C005237,Z005,200,Activo,2026-03-29
C005238,Z005,300,ACTIVO,2025-03-19
C005239,Z005,200,ACTIVO,2025-08-21
C005240,Z005,300,ACTIVO,2024-06-06
C005241,Z005,100,ACTIVO,2026-03-26
C005242,Z005,300,ACTIVO,2025-01-05
C005243,Z005,300, activo ,2025-03-09
C005244,Z005,500,ACTIVO,2024-11-03
C005245,Z005,200,ACTIVO,2026-06-17
C005246,Z005,100,ACTIVO,2024-02-17
C005247,Z005,500,ACTIVO,2024-04-17
C005248,Z005,200,Activo,2026-05-02
C005249,Z005,100,ACTIVO,2024-06-07
C005250,Z005,500, activo ,2024-12-12
C005251,Z005,100,Activo,2026-02-12
C005252,Z005,300,ACTIVO,2025-07-28
C005253,Z005,300, activo ,2024-04-24
C005254,Z005,200,ACTIVO,2024-11-06
C005255,Z005,500,ACTIVO,2024-12-03
C005256,Z005,200, activo ,2024-07-06
C005257,Z005,300,ACTIVO,2026-02-06
C005258,Z005,300,ACTIVO,2024-06-14
C005259,Z005,100,SUSPENDIDO,2024-05-22
C005260,Z005,200,ACTIVO,2024-05-16
C005261,Z005,300,Activo,2025-02-03
C005262,Z005,300, activo ,2024-12-23
C005263,Z005,500,ACTIVO,2025-02-11
C005264,Z005,500,ACTIVO,2025-02-01
C005265,Z005,100,ACTIVO,2024-12-12
C005266,Z005,100,ACTIVO,2026-01-14
C005267,Z005,300,ACTIVO,2025-04-16
C005268,Z005,200,ACTIVO,2024-09-29
C005269,Z005,600,ACTIVO,2024-09-17
C005270,Z005,200,ACTIVO,2026-02-03
C005271,Z005,100,ACTIVO,2026-04-22
C005272,Z005,100,SUSPENDIDO,2024-11-14
C005273,Z005,200, activo ,2024-01-02
C005274,Z005,100,ACTIVO,2024-05-27
C005275,Z005,200,ACTIVO,2025-11-14
C005276,Z005,100,Activo,2024-03-26
C005277,Z005,200,SUSPENDIDO,2025-10-18
C005278,Z005,200,ACTIVO,2024-06-13
C005279,Z005,200, activo ,2025-02-28
C005280,Z005,100,ACTIVO,2026-01-21
C005281,Z005,500,ACTIVO,2025-04-20
C005282,Z005,200,ACTIVO,2025-04-25
C005283,Z005,200,ACTIVO,2025-05-19
C005284,Z005,200, activo ,2026-03-13
C005285,Z005,300,ACTIVO,2025-11-02
C005286,Z005,200, activo ,2025-03-20
C005287,Z005,100, activo ,2025-07-02
C005288,Z005,300,ACTIVO,2025-06-06
C005289,Z005,300,Activo,2024-12-12
C005290,Z005,100,ACTIVO,2025-08-12
C005291,Z005,200,Activo,2026-02-20
C005292,Z005,100,Activo,2025-05-08
C005293,Z005,200,ACTIVO,2025-10-27
C005294,Z005,300,Activo,2025-08-28
C005295,Z005,100,ACTIVO,2024-12-05
C005296,Z005,100,ACTIVO,2025-08-25
C005297,Z005,100,ACTIVO,2026-05-21
C005298,Z005,100,ACTIVO,2026-06-11
C005299,Z005,500,SUSPENDIDO,2024-02-17
C005300,Z005,500,ACTIVO,2024-07-24
C005301,Z005,300,ACTIVO,2025-03-27
C005302,Z005,200,Activo,2024-12-31
C005303,Z005,100,ACTIVO,2025-02-12
C005304,Z005,100, activo ,2025-09-19
C005305,Z005,200,ACTIVO,2026-02-12
C005306,Z005,200,ACTIVO,2024-07-21
C005307,Z005,200,Activo,2025-11-11
C005308,Z005,200, activo ,2025-01-25
C005309,Z005,200,Activo,2025-08-11
C005310,Z005,100,Activo,2026-03-14
C005311,Z005,500,ACTIVO,2026-01-04
C005312,Z005,200,ACTIVO,2026-05-29
C005313,Z005,200,ACTIVO,2025-02-08
C005314,Z005,200,SUSPENDIDO,2026-06-16
C005315,Z005,300, activo ,2024-06-26
C005316,Z005,300,SUSPENDIDO,2026-05-20
C005317,Z005,300,ACTIVO,2024-10-28
C005318,Z005,100,ACTIVO,2025-08-12
C005319,Z005,200,ACTIVO,2024-11-01
C005320,Z005,200,Activo,2024-07-24
C005321,Z005,300, activo ,2026-03-17
C005322,Z005,500,Activo,2026-05-19
C005323,Z005,100, activo ,2026-03-13
C005324,Z005,100,ACTIVO,2024-06-06
C005325,Z005,300,Activo,2025-03-04
C005326,Z005,300,ACTIVO,2024-01-12
C005327,Z005,200,ACTIVO,2026-05-10
C005328,Z005,300,ACTIVO,2024-10-26
C005329,Z005,100,ACTIVO,2024-03-05
C005330,Z005,600,Activo,2025-12-01
C005331,Z005,300, activo ,2025-01-09
C005332,Z005,100,ACTIVO,2024-08-17
C005333,Z005,200,ACTIVO,2025-01-11
C005334,Z005,200,ACTIVO,2025-02-14
C005335,Z005,200,ACTIVO,2026-03-30
C005336,Z005,300,ACTIVO,2026-02-19
C005337,Z005,100,ACTIVO,2024-05-07
C005338,Z005,100,ACTIVO,2024-02-25
C005339,Z005,500, activo ,2024-09-25
C005340,Z005,300,Activo,2025-12-05
C005341,Z005,300, activo ,2025-10-27
C005342,Z005,300, activo ,2025-10-21
C005343,Z005,300,ACTIVO,2024-09-10
C005344,Z005,200,ACTIVO,2024-03-17
C005345,Z005,100,ACTIVO,2024-02-19
C005346,Z005,600,ACTIVO,2024-09-27
C005347,Z005,200,ACTIVO,2024-10-08
C005348,Z005,300,Activo,2024-09-28
C005349,Z005,100,ACTIVO,2025-09-14
C005350,Z005,300, activo ,2024-02-02
C005351,Z005,500,ACTIVO,2026-06-15
C005352,Z005,500, activo ,2025-10-30
C005353,Z005,200,ACTIVO,2025-07-22
C005354,Z005,100,Activo,2024-07-18
C005355,Z005,200,ACTIVO,2026-05-17
C005356,Z005,200,SUSPENDIDO,2026-02-01
C005357,Z005,500, activo ,2025-04-20
C005358,Z005,100,ACTIVO,2025-11-26
C005359,Z005,500,ACTIVO,2025-03-13
C005360,Z005,300,ACTIVO,2024-12-18
C005361,Z005,100,ACTIVO,2024-04-06
C005362,Z005,300,ACTIVO,2024-11-20
C005363,Z005,200,ACTIVO,2024-10-18
C005364,Z005,100,ACTIVO,2025-06-30
C005365,Z005,500,ACTIVO,2024-05-01
C005366,Z005,200,ACTIVO,2025-10-25
C005367,Z005,200, activo ,2026-04-30
C005368,Z005,200,ACTIVO,2024-12-23
C005369,Z005,200, activo ,2024-04-18
C005370,Z005,200,ACTIVO,2026-06-10
C005371,Z005,200,SUSPENDIDO,2024-05-09
C005372,Z005,100,SUSPENDIDO,2025-03-10
C005373,Z005,600,ACTIVO,2026-03-22
C005374,Z005,300, activo ,2024-11-09
C005375,Z005,200,ACTIVO,2026-02-19
C005376,Z005,200,ACTIVO,2024-09-28
C005377,Z005,300,ACTIVO,2024-08-25
C005378,Z005,500,ACTIVO,2024-12-24
C005379,Z005,200, activo ,2026-04-23
C005380,Z005,500,ACTIVO,2024-04-23
C005381,Z005,200,Activo,2024-05-17
C005382,Z005,200,ACTIVO,2024-11-29
C005383,Z005,300,ACTIVO,2024-03-04
C005384,Z005,300,ACTIVO,2025-12-17
C005385,Z005,100,ACTIVO,2025-01-19
C005386,Z005,200,Activo,2025-05-22
C005387,Z005,100,ACTIVO,2024-04-18
C005388,Z005,100,ACTIVO,2025-10-25
C005389,Z005,300,Activo,2025-09-24
C005390,Z005,100,ACTIVO,2024-02-16
C005391,Z005,300,ACTIVO,2024-11-10
C005392,Z005,300, activo ,2025-08-05
C005393,Z005,200,ACTIVO,2026-01-03
C005394,Z005,100,ACTIVO,2024-08-25
C005395,Z005,500,ACTIVO,2026-05-03
C005396,Z005,200,SUSPENDIDO,2024-05-13
C005397,Z005,100,Activo,2025-04-13
C005398,Z005,200,Activo,2026-01-11
C005399,Z005,200,ACTIVO,2025-04-14
C005400,Z005,100,Activo,2025-01-18
C005401,Z005,500,ACTIVO,2025-08-11
C005402,Z005,100,ACTIVO,2025-05-24
C005403,Z005,300,ACTIVO,2024-12-23
C005404,Z005,200, activo ,2025-12-04
C005405,Z005,200,ACTIVO,2024-11-17
C005406,Z005,200,ACTIVO,2025-11-06
C005407,Z005,500,ACTIVO,2025-06-14
C005408,Z005,200,ACTIVO,2024-04-02
C005409,Z005,300, activo ,2024-01-22
C005410,Z005,100,ACTIVO,2025-05-02
C005411,Z005,100,Activo,2025-03-29
C005412,Z005,300,ACTIVO,2024-04-05
C005413,Z005,300,ACTIVO,2024-11-27
C005414,Z005,500,ACTIVO,2024-07-01
C005415,Z005,200,Activo,2024-03-05
C005416,Z005,200, activo ,2026-03-23
C005417,Z005,100,SUSPENDIDO,2025-03-15
C005418,Z005,200,ACTIVO,2024-05-28
C005419,Z005,500,SUSPENDIDO,2026-06-07
C005420,Z005,200,ACTIVO,2024-09-24
C005421,Z005,100, activo ,2024-02-21
C005422,Z005,600, activo ,2024-02-24
C005423,Z005,100,ACTIVO,2024-05-29
C005424,Z005,500,Activo,2026-06-12
C005425,Z005,100,ACTIVO,2024-09-05
C005426,Z005,200,Activo,2025-12-15
C005427,Z005,300,ACTIVO,2024-04-02
C005428,Z005,200, activo ,2024-05-09
C005429,Z005,200,ACTIVO,2024-12-03
C005430,Z005,300,ACTIVO,2026-05-13
C005431,Z005,500,ACTIVO,2024-02-13
C005432,Z005,500,ACTIVO,2026-06-05
C005433,Z005,200,ACTIVO,2026-05-05
C005434,Z005,300,ACTIVO,2025-08-16
C005435,Z005,600,ACTIVO,2024-07-14
C005436,Z005,300,ACTIVO,2025-12-06
C005437,Z005,100,Activo,2025-04-28
C005438,Z005,100, activo ,2025-08-01
C005439,Z005,200,ACTIVO,2025-01-31
C005440,Z005,200,Activo,2026-01-11
C005441,Z005,300,ACTIVO,2026-05-20
C005442,Z005,100,ACTIVO,2025-01-15
C005443,Z005,300,ACTIVO,2025-08-28
C005444,Z005,200,ACTIVO,2026-05-22
C005445,Z005,500,ACTIVO,2024-07-31
C005446,Z005,300, activo ,2025-07-06
C005447,Z005,100,ACTIVO,2024-12-26
C005448,Z005,100,Activo,2026-06-13
C005449,Z005,300,ACTIVO,2026-05-14
C005450,Z005,600,ACTIVO,2025-12-08
C005451,Z005,300,Activo,2025-05-31
C005452,Z005,500,ACTIVO,2024-10-02
C005453,Z005,100, activo ,2024-09-12
C005454,Z005,100,Activo,2026-04-28
C005455,Z005,100,ACTIVO,2024-06-09
C005456,Z005,500,ACTIVO,2024-08-22
C005457,Z005,100,Activo,2024-02-14
C005458,Z005,100,ACTIVO,2024-12-31
C005459,Z005,500,Activo,2025-11-13
C005460,Z005,100,ACTIVO,2025-11-15
C005461,Z005,500,ACTIVO,2024-01-18
C005462,Z005,200,ACTIVO,2024-06-01
C005463,Z005,100,SUSPENDIDO,2024-10-10
C005464,Z005,300,ACTIVO,2025-03-10
C005465,Z005,300,ACTIVO,2026-05-21
C005466,Z005,200, activo ,2026-04-18
C005467,Z005,200,ACTIVO,2025-04-16
C005468,Z005,300,Activo,2026-04-14
C005469,Z005,500, activo ,2025-06-02
C005470,Z005,100,ACTIVO,2024-07-06
C005471,Z005,600,ACTIVO,2025-07-05
C005472,Z005,200,ACTIVO,2024-10-24
C005473,Z005,100,ACTIVO,2024-04-27
C005474,Z005,300,ACTIVO,2024-01-26
C005475,Z005,100,ACTIVO,2025-10-13
C005476,Z005,200,ACTIVO,2024-10-18
C005477,Z005,100,Activo,2024-05-07
C005478,Z005,100,ACTIVO,2024-04-09
C005479,Z005,200,ACTIVO,2025-08-21
C005480,Z005,200,ACTIVO,2024-11-08
C005481,Z005,500,ACTIVO,2025-06-05
C005482,Z005,200,ACTIVO,2024-03-26
C005483,Z005,300,ACTIVO,2025-05-15
C005484,Z005,500,ACTIVO,2025-02-22
C005485,Z005,100,Activo,2024-11-14
C005486,Z005,200,Activo,2026-05-31
C005487,Z005,100,Activo,2026-04-08
C005488,Z005,300,ACTIVO,2024-08-15
C005489,Z005,200,ACTIVO,2024-06-27
C005490,Z005,300, activo ,2025-09-05
C005491,Z005,600,ACTIVO,2025-12-08
C005492,Z005,100, activo ,2025-08-26
C005493,Z005,300,ACTIVO,2024-12-19
C005494,Z005,300, activo ,2025-01-25
C005495,Z005,500,ACTIVO,2024-12-03
C005496,Z005,500,Activo,2024-11-30
C005497,Z005,300,ACTIVO,2025-03-31
C005498,Z005,300,ACTIVO,2025-07-20
C005499,Z005,500, activo ,2025-09-09
C005500,Z005,100,ACTIVO,2025-02-02
C005501,Z005,300,ACTIVO,2025-05-14
C005502,Z005,100,ACTIVO,2026-03-12
C005503,Z005,500, activo ,2024-12-20
C005504,Z005,100,ACTIVO,2025-01-18
C005505,Z005,200,ACTIVO,2026-04-28
C005506,Z005,200,Activo,2024-09-03
C005507,Z005,300,Activo,2024-04-04
C005508,Z005,200,ACTIVO,2024-12-05
C005509,Z005,600,ACTIVO,2024-10-12
C005510,Z005,200, activo ,2025-06-29
C005511,Z005,200,ACTIVO,2025-06-01
C005512,Z005,100,ACTIVO,2026-01-28
C005513,Z005,200,SUSPENDIDO,2025-04-06
C005514,Z005,100, activo ,2025-10-11
C005515,Z005,300,ACTIVO,2025-06-03
C005516,Z005,100,Activo,2024-07-31
C005517,Z005,200, activo ,2025-09-01
C005518,Z005,300,ACTIVO,2024-08-24
C005519,Z005,300,ACTIVO,2025-11-22
C005520,Z005,100,Activo,2024-12-18
C005521,Z005,200,Activo,2024-11-13
C005522,Z005,300,ACTIVO,2024-04-13
C005523,Z005,100,ACTIVO,2025-02-20
C005524,Z005,300,SUSPENDIDO,2024-10-04
C005525,Z005,100,Activo,2026-04-16
C005526,Z005,300,ACTIVO,2025-09-15
C005527,Z005,600,ACTIVO,2025-03-19
C005528,Z005,200, activo ,2026-01-24
C005529,Z005,600, activo ,2025-09-02
C005530,Z005,500,ACTIVO,2024-09-30
C005531,Z005,300,ACTIVO,2025-08-22
C005532,Z005,200,ACTIVO,2025-08-15
C005533,Z005,100,ACTIVO,2026-06-09
C005534,Z005,500,Activo,2025-01-19
C005535,Z005,300, activo ,2025-10-17
C005536,Z005,200,ACTIVO,2024-11-30
C005537,Z005,100,ACTIVO,2024-02-12
C005538,Z005,300,Activo,2025-10-10
C005539,Z005,100,Activo,2026-05-08
C005540,Z005,500,ACTIVO,2024-07-06
C005541,Z005,200,ACTIVO,2025-06-26
C005542,Z005,200,ACTIVO,2024-08-29
C005543,Z005,300, activo ,2026-05-13
C005544,Z005,200, activo ,2024-10-11
C005545,Z005,200, activo ,2024-05-09
C005546,Z005,200,ACTIVO,2025-02-05
C005547,Z005,100,Activo,2024-12-07
C005548,Z005,100, activo ,2026-01-14
C005549,Z005,200,ACTIVO,2025-02-21
C005550,Z005,500,ACTIVO,2026-03-16
C005551,Z006,200,ACTIVO,2026-05-14
C005552,Z006,300,ACTIVO,2024-09-01
C005553,Z006,300,ACTIVO,2025-01-09
C005554,Z006,200,ACTIVO,2025-03-06
C005555,Z006,300,SUSPENDIDO,2025-04-04
C005556,Z006,300,ACTIVO,2026-03-20
C005557,Z006,500, activo ,2025-01-12
C005558,Z006,200,ACTIVO,2026-03-09
C005559,Z006,300,ACTIVO,2025-02-24
C005560,Z006,200,ACTIVO,2024-11-06
C005561,Z006,200,Activo,2025-05-19
C005562,Z006,200,ACTIVO,2025-08-05
C005563,Z006,500,ACTIVO,2025-05-01
C005564,Z006,200,ACTIVO,2025-02-08
C005565,Z006,300,ACTIVO,2024-06-04
C005566,Z006,100,SUSPENDIDO,2026-02-25
C005567,Z006,300,ACTIVO,2024-09-24
C005568,Z006,200,SUSPENDIDO,2025-05-21
C005569,Z006,300,ACTIVO,2025-02-04
C005570,Z006,600,Activo,2025-01-21
C005571,Z006,200,ACTIVO,2025-05-09
C005572,Z006,300,ACTIVO,2024-10-19
C005573,Z006,500,ACTIVO,2024-02-15
C005574,Z006,200,Activo,2025-06-08
C005575,Z006,200, activo ,2025-03-15
C005576,Z006,300, activo ,2024-10-21
C005577,Z006,300,ACTIVO,2025-05-21
C005578,Z006,100,ACTIVO,2025-09-27
C005579,Z006,500, activo ,2025-09-30
C005580,Z006,500,ACTIVO,2024-01-21
C005581,Z006,500, activo ,2026-05-18
C005582,Z006,500,SUSPENDIDO,2026-03-21
C005583,Z006,300,ACTIVO,2024-07-21
C005584,Z006,300,ACTIVO,2024-12-16
C005585,Z006,500,ACTIVO,2025-06-27
C005586,Z006,200, activo ,2026-02-27
C005587,Z006,600,ACTIVO,2025-03-14
C005588,Z006,100, activo ,2025-09-18
C005589,Z006,500,ACTIVO,2024-10-07
C005590,Z006,200,ACTIVO,2024-01-22
C005591,Z006,500,ACTIVO,2025-02-16
C005592,Z006,600, activo ,2026-04-29
C005593,Z006,300,ACTIVO,2024-04-25
C005594,Z006,300,SUSPENDIDO,2025-12-27
C005595,Z006,200,ACTIVO,2024-05-03
C005596,Z006 ,500,ACTIVO,2026-06-17
C005597,Z006,300,ACTIVO,2024-01-21
C005598,Z006,200,ACTIVO,2025-05-17
C005599,Z006,200,ACTIVO,2025-12-01
C005600,Z006,200,ACTIVO,2025-02-13
C005601,Z006,300,Activo,2024-10-07
C005602,Z006,200,ACTIVO,2025-09-01
C005603,Z006,500, activo ,2025-08-09
C005604,Z006,600,Activo,2026-05-31
C005605,Z006,500,ACTIVO,2025-06-18
C005606,Z006,600, activo ,2025-12-09
C005607,Z006,200,ACTIVO,2025-07-12
C005608,Z006,200, activo ,2024-09-19
C005609,Z006,300,ACTIVO,2024-07-15
C005610,Z006,200,ACTIVO,2025-10-02
C005611,Z006,200,ACTIVO,2026-04-04
C005612,Z006,300,Activo,2025-10-18
C005613,Z006,200,Activo,2024-08-04
C005614,Z006,200,ACTIVO,2024-08-02
C005615,Z006,300, activo ,2025-12-07
C005616,Z006,500,ACTIVO,2024-10-01
C005617,Z006,300, activo ,2025-11-04
C005618,Z006,500, activo ,2025-10-12
C005619,Z006,200,SUSPENDIDO,2025-10-21
C005620,Z006,200,ACTIVO,2026-04-23
C005621,Z006,200, activo ,2025-03-09
C005622,Z006,500,ACTIVO,2026-05-05
C005623,Z006,100,ACTIVO,2024-11-14
C005624,Z006,100,ACTIVO,2024-12-04
C005625,Z006,100,ACTIVO,2024-12-20
C005626,Z006,200,ACTIVO,2025-11-09
C005627,Z006,300,SUSPENDIDO,2025-02-20
C005628,Z006,300,Activo,2025-11-11
C005629,Z006,300,Activo,2025-11-09
C005630,Z006,300,ACTIVO,2025-03-22
C005631,Z006,200,ACTIVO,2025-04-21
C005632,Z006,200,ACTIVO,2024-11-15
C005633,Z006,200,ACTIVO,2025-09-13
C005634,Z006,200,Activo,2024-11-01
C005635,Z006,200,ACTIVO,2024-02-21
C005636,Z006,200,ACTIVO,2024-03-16
C005637,Z006,200,ACTIVO,2024-12-09
C005638,Z006,300,ACTIVO,2026-04-20
C005639,Z006,200, activo ,2024-02-07
C005640,Z006,500,ACTIVO,2024-08-22
C005641,Z006,100,ACTIVO,2025-03-05
C005642,Z006,600, activo ,2026-03-26
C005643,Z006,200,Activo,2025-04-06
C005644,Z006,200,Activo,2024-07-19
C005645,Z006,600,ACTIVO,2025-03-29
C005646,Z006,100,ACTIVO,2025-03-22
C005647,Z006,100, activo ,2025-05-01
C005648,Z006,300,ACTIVO,2024-01-22
C005649,Z006,200,ACTIVO,2024-08-25
C005650,Z006,300,Activo,2024-12-26
C005651,Z006,500,ACTIVO,2024-02-07
C005652,Z006,500,ACTIVO,2025-06-10
C005653,Z006,500,SUSPENDIDO,2024-07-29
C005654,Z006,300,Activo,2026-02-01
C005655,Z006,200,ACTIVO,2025-02-28
C005656,Z006,200, activo ,2026-05-27
C005657,Z006,200,ACTIVO,2026-04-30
C005658,Z006,500,ACTIVO,2025-08-02
C005659,Z006,500,ACTIVO,2024-09-02
C005660,Z006,300, activo ,2026-04-02
C005661,Z006,200,ACTIVO,2024-09-23
C005662,Z006,100,ACTIVO,2026-03-29
C005663,Z006,300,Activo,2025-09-05
C005664,Z006,300, activo ,2026-02-05
C005665,Z006,200,Activo,2025-08-05
C005666,Z006,300,ACTIVO,2026-02-01
C005667,Z006,200,ACTIVO,2025-06-26
C005668,Z006,300,Activo,2025-11-10
C005669,Z006,500,ACTIVO,2026-02-09
C005670,Z006,300,ACTIVO,2025-07-08
C005671,Z006,200,ACTIVO,2025-10-15
C005672,Z006,200,ACTIVO,2026-01-05
C005673,Z006,200, activo ,2025-01-02
C005674,Z006,200, activo ,2025-05-29
C005675,Z006,100,ACTIVO,2024-06-30
C005676,Z006,300, activo ,2025-01-28
C005677,Z006,100, activo ,2024-11-02
C005678,Z006,500, activo ,2025-10-10
C005679,Z006,300,ACTIVO,2024-07-29
C005680,Z006,500,ACTIVO,2024-10-09
C005681,Z006,200, activo ,2026-05-21
C005682,Z006,300, activo ,2026-02-25
C005683,Z006,100,Activo,2024-05-04
C005684,Z006,100,ACTIVO,2026-05-19
C005685,Z006,500,ACTIVO,2026-06-08
C005686,Z006,200,ACTIVO,2024-03-18
C005687,Z006,200, activo ,2024-04-11
C005688,Z006,300,ACTIVO,2025-08-18
C005689,Z006,200,ACTIVO,2024-08-15
C005690,Z006,600,ACTIVO,2026-02-05
C005691,Z006,600,ACTIVO,2025-11-04
C005692,Z006,300,ACTIVO,2024-10-20
C005693,Z006,500,ACTIVO,2024-12-16
C005694,Z006,100,ACTIVO,2025-12-17
C005695,Z006,200, activo ,2025-08-09
C005696,Z006,300,ACTIVO,2025-06-10
C005697,Z006,100,ACTIVO,2025-06-17
C005698,Z006,100,ACTIVO,2026-01-07
C005699,Z006,300,ACTIVO,2024-03-30
C005700,Z006,100,ACTIVO,2025-01-04
C005701,Z006,300,ACTIVO,2026-06-06
C005702,Z006,100, activo ,2025-09-29
C005703,Z006,600,ACTIVO,2025-12-26
C005704,Z006,200, activo ,2025-02-16
C005705,Z006,300,Activo,2025-03-25
C005706,Z006,100,Activo,2024-07-01
C005707,Z006,300, activo ,2024-07-31
C005708,Z006,300,ACTIVO,2026-01-30
C005709,Z006,500, activo ,2025-05-17
C005710,Z006,600,ACTIVO,2026-03-05
C005711,Z006,300,Activo,2025-06-24
C005712,Z006,300,ACTIVO,2024-06-05
C005713,Z006,200,ACTIVO,2025-09-20
C005714,Z006,300,ACTIVO,2025-11-01
C005715,Z006,100,ACTIVO,2024-11-18
C005716,Z006,200,ACTIVO,2024-03-31
C005717,Z006,500,ACTIVO,2024-12-16
C005718,Z006,500,ACTIVO,2025-06-22
C005719,Z006,500,ACTIVO,2024-06-03
C005720,Z006,100,ACTIVO,2024-11-24
C005721,Z006,600,Activo,2024-10-29
C005722,Z006,200, activo ,2025-07-17
C005723,Z006,200,ACTIVO,2024-07-16
C005724,Z006,200,ACTIVO,2026-06-07
C005725,Z006,100,ACTIVO,2024-08-05
C005726,Z006,200,SUSPENDIDO,2025-12-29
C005727,Z006,100,Activo,2024-10-30
C005728,Z006,300,ACTIVO,2025-10-09
C005729,Z006,300,Activo,2025-11-08
C005730,Z006,200,ACTIVO,2026-02-15
C005731,Z006,300,ACTIVO,2024-10-20
C005732,Z006,600,ACTIVO,2024-06-09
C005733,Z006,100,Activo,2026-02-12
C005734,Z006,100,ACTIVO,2024-03-10
C005735,Z006,100,ACTIVO,2025-04-30
C005736,Z006,200,ACTIVO,2026-01-16
C005737,Z006,300,ACTIVO,2025-06-14
C005738,Z006,200,ACTIVO,2025-01-24
C005739,Z006,200,ACTIVO,2024-10-08
C005740,Z006,600, activo ,2026-03-08
C005741,Z006,100,Activo,2025-06-16
C005742,Z006,100, activo ,2025-05-30
C005743,Z006,300,ACTIVO,2025-04-15
C005744,Z006,100,ACTIVO,2026-05-17
C005745,Z006,100,ACTIVO,2024-06-29
C005746,Z006,300,ACTIVO,2026-05-21
C005747,Z006,300, activo ,2024-06-14
C005748,Z006,500, activo ,2026-04-05
C005749,Z006,300,ACTIVO,2026-01-21
C005750,Z006,100,ACTIVO,2026-04-13
C005751,Z006,200,ACTIVO,2024-05-29
C005752,Z006,500,ACTIVO,2025-07-08
C005753,Z006,300,ACTIVO,2025-11-10
C005754,Z006,100,ACTIVO,2025-09-28
C005755,Z006,300,ACTIVO,2024-12-27
C005756,Z006,200,ACTIVO,2025-01-01
C005757,Z006,300,ACTIVO,2025-09-13
C005758,Z006,500,Activo,2025-02-04
C005759,Z006,100,Activo,2025-09-17
C005760,Z006,100,Activo,2024-04-29
C005761,Z006,100,ACTIVO,2026-01-13
C005762,Z006,300, activo ,2026-03-19
C005763,Z006,500,ACTIVO,2026-01-11
C005764,Z006,200,Activo,2025-07-23
C005765,Z006,200,ACTIVO,2024-01-07
C005766,Z006,300,ACTIVO,2024-03-25
C005767,Z006,300, activo ,2024-08-23
C005768,Z006,200,ACTIVO,2025-10-28
C005769,Z006,500,ACTIVO,2025-09-16
C005770,Z006,500,ACTIVO,2024-12-30
C005771,Z006,200,ACTIVO,2025-03-07
C005772,Z006,200,Activo,2024-04-22
C005773,Z006,200,Activo,2025-03-16
C005774,Z006,500,ACTIVO,2025-12-25
C005775,Z006,300,ACTIVO,2025-11-06
C005776,Z006,200,Activo,2025-09-20
C005777,Z006,100,Activo,2024-04-16
C005778,Z006,100,Activo,2024-04-22
C005779,Z006,200,Activo,2025-06-24
C005780,Z006,300,Activo,2025-09-08
C005781,Z006,500, activo ,2025-01-26
C005782,Z006,300,Activo,2024-03-13
C005783,Z006,100,ACTIVO,2024-04-16
C005784,Z006,300,ACTIVO,2024-08-28
C005785,Z006,300,Activo,2026-06-11
C005786,Z006,200,Activo,2025-08-14
C005787,Z006,300,ACTIVO,2025-08-02
C005788,Z006,200, activo ,2024-06-29
C005789,Z006,200,ACTIVO,2025-04-09
C005790,Z006,100,ACTIVO,2024-05-07
C005791,Z006,500,ACTIVO,2025-03-01
C005792,Z006,100,ACTIVO,2026-01-25
C005793,Z006,300,Activo,2024-07-09
C005794,Z006,200,ACTIVO,2026-02-06
C005795,Z006,300,ACTIVO,2024-12-21
C005796,Z006,200,ACTIVO,2026-01-04
C005797,Z006,300,Activo,2025-03-20
C005798,Z006,500,ACTIVO,2026-03-06
C005799,Z006,300,SUSPENDIDO,2024-06-20
C005800,Z006,200, activo ,2024-08-07
C005801,Z006,100, activo ,2024-01-03
C005802,Z006,500,Activo,2025-03-15
C005803,Z006,300,Activo,2025-02-11
C005804,Z006,300, activo ,2024-03-01
C005805,Z006,600,SUSPENDIDO,2024-05-03
C005806,Z006,300,ACTIVO,2025-08-04
C005807,Z006,300,Activo,2024-12-08
C005808,Z006,100,Activo,2024-02-08
C005809,Z006,200,ACTIVO,2025-06-01
C005810,Z006,500,SUSPENDIDO,2024-06-23
C005811,Z006 ,300, activo ,2025-08-21
C005812,Z006,100,ACTIVO,2026-03-06
C005813,Z006,100,ACTIVO,2025-10-17
C005814,Z006,200, activo ,2025-06-08
C005815,Z006,300,ACTIVO,2025-06-23
C005816,Z006,600,Activo,2026-06-05
C005817,Z006,500,SUSPENDIDO,2026-04-06
C005818,Z006,500,ACTIVO,2025-06-24
C005819,Z006,300,ACTIVO,2025-04-10
C005820,Z006,100,ACTIVO,2024-02-03
C005821,Z006,200,ACTIVO,2024-01-30
C005822,Z006,500,Activo,2025-01-15
C005823,Z006,300,ACTIVO,2025-01-20
C005824,Z006,100,ACTIVO,2026-01-25
C005825,Z006,200, activo ,2025-09-16
C005826,Z006,300,Activo,2026-06-17
C005827,Z006,200,Activo,2024-07-13
C005828,Z006,200,SUSPENDIDO,2024-05-09
C005829,Z006,600,ACTIVO,2026-04-28
C005830,Z006,100,ACTIVO,2024-08-04
C005831,Z006,100,Activo,2026-02-11
C005832,Z006,100,ACTIVO,2024-03-08
C005833,Z006,300,ACTIVO,2024-10-12
C005834,Z006,300, activo ,2025-02-27
C005835,Z006,200,Activo,2024-05-06
C005836,Z006,300,ACTIVO,2024-09-14
C005837,Z006,500,SUSPENDIDO,2025-06-30
C005838,Z006,500,ACTIVO,2025-11-27
C005839,Z006,300,ACTIVO,2026-03-01
C005840,Z006,200,Activo,2024-09-06
C005841,Z006,300, activo ,2024-11-19
C005842,Z006,500, activo ,2025-05-18
C005843,Z006,500,ACTIVO,2024-08-25
C005844,Z006,300,SUSPENDIDO,2025-04-23
C005845,Z006,100,ACTIVO,2025-07-24
C005846,Z006,200, activo ,2024-11-04
C005847,Z006,100,ACTIVO,2025-07-04
C005848,Z006,200,ACTIVO,2025-10-02
C005849,Z006,300,ACTIVO,2024-02-24
C005850,Z006,300,SUSPENDIDO,2026-06-02
C005851,Z006,100,Activo,2026-01-21
C005852,Z006,300,ACTIVO,2025-05-11
C005853,Z006,100,ACTIVO,2026-01-25
C005854,Z006,500,ACTIVO,2026-01-24
C005855,Z006,300,Activo,2025-06-18
C005856,Z006,200, activo ,2025-05-16
C005857,Z006,300,Activo,2025-02-17
C005858,Z006,300,ACTIVO,2025-08-09
C005859,Z006,500,ACTIVO,2024-11-04
C005860,Z006,500,Activo,2026-01-22
C005861,Z006,300,ACTIVO,2026-01-19
C005862,Z006,300,ACTIVO,2025-01-27
C005863,Z006,100,SUSPENDIDO,2026-06-17
C005864,Z006,200,ACTIVO,2024-10-26
C005865,Z006,300,ACTIVO,2025-08-21
C005866,Z006,200,ACTIVO,2025-12-12
C005867,Z006,200,ACTIVO,2026-05-01
C005868,Z006,100,ACTIVO,2026-01-14
C005869,Z006,200,ACTIVO,2024-12-23
C005870,Z006,200,SUSPENDIDO,2025-04-30
C005871,Z006,100,ACTIVO,2025-02-28
C005872,Z006,100,Activo,2025-10-10
C005873,Z006,500, activo ,2025-05-28
C005874,Z006,300,ACTIVO,2026-04-21
C005875,Z006,500,ACTIVO,2026-02-18
C005876,Z006,300, activo ,2025-06-09
C005877,Z006,500,ACTIVO,2025-11-21
C005878,Z006,100,Activo,2025-10-15
C005879,Z006,300,ACTIVO,2025-08-20
C005880,Z006,200,ACTIVO,2026-01-19
C005881,Z006,600,Activo,2025-04-06
C005882,Z006,100,ACTIVO,2025-06-13
C005883,Z006,100,ACTIVO,2025-02-10
C005884,Z006,200,Activo,2024-11-06
C005885,Z006,100,Activo,2024-10-05
C005886,Z006,100,Activo,2026-04-05
C005887,Z006,100,ACTIVO,2026-05-22
C005888,Z006,100,ACTIVO,2025-10-29
C005889,Z006,500,ACTIVO,2024-08-04
C005890,Z006,300,ACTIVO,2025-10-12
C005891,Z006,300,ACTIVO,2025-01-19
C005892,Z006,500,ACTIVO,2024-04-10
C005893,Z006,300,ACTIVO,2026-05-06
C005894,Z006,300,Activo,2024-05-03
C005895,Z006,200,Activo,2025-12-27
C005896,Z006,200, activo ,2025-03-30
C005897,Z006,300,ACTIVO,2026-02-04
C005898,Z006,300, activo ,2025-11-26
C005899,Z006,500,ACTIVO,2024-12-05
C005900,Z006,600, activo ,2025-02-22
C005901,Z006,100,ACTIVO,2025-08-08
C005902,Z006,500, activo ,2024-11-23
C005903,Z006,500,ACTIVO,2026-04-17
C005904,Z006,100,ACTIVO,2026-03-09
C005905,Z006,200,ACTIVO,2024-05-01
C005906,Z006 ,100,ACTIVO,2025-05-19
C005907,Z006,500,ACTIVO,2026-05-14
C005908,Z006,100,ACTIVO,2025-03-19
C005909,Z006,200,Activo,2025-02-11
C005910,Z006,200, activo ,2025-02-14
C005911,Z006,100,Activo,2024-11-21
C005912,Z006,500,ACTIVO,2024-08-11
C005913,Z006,300,Activo,2025-09-11
C005914,Z006,500,ACTIVO,2025-06-03
C005915,Z006,200, activo ,2024-01-30
C005916,Z006,200,ACTIVO,2026-03-10
C005917,Z006,300,Activo,2025-05-25
C005918,Z006,500,ACTIVO,2026-03-10
C005919,Z006,300,ACTIVO,2025-02-20
C005920,Z006,500,Activo,2024-04-16
C005921,Z006,100,Activo,2025-07-31
C005922,Z006,100,Activo,2024-09-11
C005923,Z006,300,ACTIVO,2024-08-24
C005924,Z006,300,ACTIVO,2024-01-06
C005925,Z006,500,ACTIVO,2025-07-11
C005926,Z006,100,ACTIVO,2026-02-22
C005927,Z006,200,Activo,2024-04-11
C005928,Z006,200,ACTIVO,2026-04-28
C005929,Z006,100,ACTIVO,2025-05-27
C005930,Z006,500,ACTIVO,2024-12-08
C005931,Z006,300, activo ,2024-03-17
C005932,Z006,200, activo ,2024-03-29
C005933,Z006,200,ACTIVO,2025-08-14
C005934,Z006,100, activo ,2026-02-24
C005935,Z006,200,ACTIVO,2024-08-30
C005936,Z006,200,ACTIVO,2024-10-22
C005937,Z006,100,ACTIVO,2026-03-02
C005938,Z006,300,ACTIVO,2024-10-28
C005939,Z006,100,ACTIVO,2026-06-12
C005940,Z006,200,ACTIVO,2025-01-31
C005941,Z006,300,Activo,2026-03-09
C005942,Z006,200, activo ,2025-09-08
C005943,Z006,300,Activo,2024-04-23
C005944,Z006,200,ACTIVO,2024-07-10
C005945,Z006,100,Activo,2024-06-03
C005946,Z006,100,ACTIVO,2024-10-04
C005947,Z006,100,ACTIVO,2025-09-14
C005948,Z006,300,ACTIVO,2024-01-03
C005949,Z006,300, activo ,2024-12-30
C005950,Z006,300,ACTIVO,2026-02-21
C005951,Z006,300, activo ,2025-08-10
C005952,Z006,100,Activo,2025-03-16
C005953,Z006,100,Activo,2025-06-06
C005954,Z006,100, activo ,2024-03-17
C005955,Z006,300,ACTIVO,2024-09-01
C005956,Z006,500,ACTIVO,2026-01-08
C005957,Z006,600,ACTIVO,2025-08-04
C005958,Z006,500,ACTIVO,2024-06-03
C005959,Z006,500,ACTIVO,2024-03-06
C005960,Z006,100,Activo,2024-04-09
C005961,Z006,500,ACTIVO,2024-07-28
C005962,Z006,200,ACTIVO,2024-03-22
C005963,Z006,300,Activo,2024-10-03
C005964,Z006,200,Activo,2024-04-02
C005965,Z006,200,ACTIVO,2024-05-02
C005966,Z006,200,ACTIVO,2025-07-06
C005967,Z006,100,Activo,2024-05-18
C005968,Z006,500,ACTIVO,2024-08-11
C005969,Z006,200,Activo,2024-06-03
C005970,Z006,100,ACTIVO,2024-12-10
C005971,Z006,300,ACTIVO,2025-11-18
C005972,Z006,200,ACTIVO,2025-12-29
C005973,Z006,200,ACTIVO,2025-08-12
C005974,Z006,100, activo ,2026-01-17
C005975,Z006,100,ACTIVO,2026-02-14
C005976,Z006,300,ACTIVO,2024-02-22
C005977,Z006,300, activo ,2024-03-23
C005978,Z006,100, activo ,2025-08-07
C005979,Z006,200,ACTIVO,2025-02-10
C005980,Z006,500,ACTIVO,2025-03-14
C005981,Z006,300,Activo,2024-04-06
C005982,Z006,200,Activo,2025-02-15
C005983,Z006,200,ACTIVO,2025-11-12
C005984,Z006,500,ACTIVO,2024-10-15
C005985,Z006,100,ACTIVO,2026-03-04
C005986,Z006,600,ACTIVO,2024-02-19
C005987,Z006,300,Activo,2024-05-14
C005988,Z006,500,SUSPENDIDO,2024-11-13
C005989,Z006,300,Activo,2025-06-20
C005990,Z006,500,ACTIVO,2025-01-24
C005991,Z006,300,ACTIVO,2025-10-28
C005992,Z006,500,Activo,2025-05-24
C005993,Z006,100,Activo,2024-10-21
C005994,Z006,300, activo ,2026-04-16
C005995,Z006,500, activo ,2024-04-03
C005996,Z006,200, activo ,2024-11-05
C005997,Z006,500,ACTIVO,2025-04-04
C005998,Z006,200,Activo,2024-06-12
C005999,Z006,500,ACTIVO,2026-06-11
C006000,Z006,200, activo ,2024-04-11
C006001,Z006,200,ACTIVO,2024-04-07
C006002,Z006,500,ACTIVO,2024-09-28
C006003,Z006,100,ACTIVO,2024-09-05
C006004,Z006,200,ACTIVO,2026-05-08
C006005,Z006,100,ACTIVO,2025-03-09
C006006,Z006,300,ACTIVO,2026-01-03
C006007,Z006,500,ACTIVO,2024-09-27
C006008,Z006,100,ACTIVO,2026-02-16
C006009,Z006,500, activo ,2026-05-04
C006010,Z006,300, activo ,2025-11-11
C006011,Z006,300,ACTIVO,2025-08-28
C006012,Z006,300,ACTIVO,2025-02-23
C006013,Z006,500,ACTIVO,2025-10-01
C006014,Z006,100, activo ,2024-06-09
C006015,Z006,100, activo ,2025-10-06
C006016,Z006,200, activo ,2024-02-20
C006017,Z006,200, activo ,2024-04-13
C006018,Z006,200,ACTIVO,2024-03-31
C006019,Z006,500,ACTIVO,2025-09-16
C006020,Z006,300,SUSPENDIDO,2024-10-31
C006021,Z006,500, activo ,2026-04-27
C006022,Z006,300, activo ,2025-04-10
C006023,Z006,500, activo ,2024-11-22
C006024,Z006,500,ACTIVO,2026-01-06
C006025,Z006,200,SUSPENDIDO,2025-09-09
C006026,Z006,100,ACTIVO,2025-05-05
C006027,Z006,300, activo ,2026-01-28
C006028,Z006,100,ACTIVO,2025-12-31
C006029,Z006,100, activo ,2026-04-15
C006030,Z006,300,ACTIVO,2024-06-05
C006031,Z006,300,ACTIVO,2025-09-01
C006032,Z006,300,ACTIVO,2025-10-06
C006033,Z006,200,ACTIVO,2026-05-28
C006034,Z006,300,ACTIVO,2024-10-19
C006035,Z006,500,ACTIVO,2024-12-25
C006036,Z006,100,ACTIVO,2025-11-23
C006037,Z006,200,Activo,2025-12-27
C006038,Z006,500,ACTIVO,2024-07-10
C006039,Z006,600,Activo,2026-03-23
C006040,Z006,500,ACTIVO,2025-06-30
C006041,Z006,300,ACTIVO,2025-03-20
C006042,Z006,100,ACTIVO,2025-10-31
C006043,Z006,300,ACTIVO,2026-05-20
C006044,Z006,200, activo ,2024-08-02
C006045,Z006,100,ACTIVO,2026-03-30
C006046,Z006,500,ACTIVO,2026-06-10
C006047,Z006,200,ACTIVO,2025-10-12
C006048,Z006,200,ACTIVO,2026-04-11
C006049,Z006,200,ACTIVO,2024-07-15
C006050,Z006,500,ACTIVO,2024-05-10
C006051,Z006,300, activo ,2025-10-19
C006052,Z006,100,ACTIVO,2024-06-15
C006053,Z006,300,ACTIVO,2025-03-24
C006054,Z006,200,ACTIVO,2025-12-16
C006055,Z006,300,ACTIVO,2025-09-17
C006056,Z006,300,ACTIVO,2024-08-12
C006057,Z006,300, activo ,2025-08-09
C006058,Z006,200,ACTIVO,2024-02-11
C006059,Z006,100,SUSPENDIDO,2024-12-22
C006060,Z006,200, activo ,2026-05-15
C006061,Z006,100,SUSPENDIDO,2024-05-19
C006062,Z006,100,ACTIVO,2026-01-22
C006063,Z006,500,ACTIVO,2026-04-26
C006064,Z006,300,ACTIVO,2024-11-14
C006065,Z006,100,ACTIVO,2024-04-06
C006066,Z006,200,ACTIVO,2025-10-29
C006067,Z006,100,ACTIVO,2024-02-19
C006068,Z006,100,Activo,2025-08-08
C006069,Z006,200,Activo,2025-09-22
C006070,Z006,500,ACTIVO,2024-12-09
C006071,Z006,500,ACTIVO,2025-03-27
C006072,Z006,300,ACTIVO,2024-02-08
C006073,Z006,200, activo ,2025-08-24
C006074,Z006,300,SUSPENDIDO,2025-12-13
C006075,Z006,200,ACTIVO,2026-05-10
C006076,Z006,100,ACTIVO,2026-01-07
C006077,Z006,100,ACTIVO,2025-12-16
C006078,Z006,200,ACTIVO,2024-10-20
C006079,Z006,300, activo ,2024-04-15
C006080,Z006,100,ACTIVO,2024-03-25
C006081,Z006,100,ACTIVO,2026-01-25
C006082,Z006,300,ACTIVO,2025-07-16
C006083,Z006,300,Activo,2024-12-20
C006084,Z006,200,Activo,2026-02-12
C006085,Z006,300,ACTIVO,2026-01-13
C006086,Z006,300,ACTIVO,2025-07-13
C006087,Z006,200,ACTIVO,2024-09-24
C006088,Z006,100,ACTIVO,2025-11-27
C006089,Z006,100,Activo,2025-09-01
C006090,Z006,200,ACTIVO,2025-09-04
C006091,Z006,200,ACTIVO,2025-11-05
C006092,Z006,100,Activo,2025-11-01
C006093,Z006,300, activo ,2024-07-22
C006094,Z006,200,ACTIVO,2024-08-22
C006095,Z006,500,Activo,2024-08-12
C006096,Z006,300,ACTIVO,2025-07-14
C006097,Z006,300, activo ,2024-01-13
C006098,Z006,600, activo ,2024-03-22
C006099,Z006,600, activo ,2026-02-28
C006100,Z006,300,ACTIVO,2024-09-21
C006101,Z006,300,ACTIVO,2026-03-11
C006102,Z006,200,ACTIVO,2026-02-19
C006103,Z006,100,Activo,2024-06-27
C006104,Z006,100,ACTIVO,2024-06-16
C006105,Z006,200, activo ,2024-07-07
C006106,Z006,200,ACTIVO,2025-03-13
C006107,Z006,100,ACTIVO,2024-11-11
C006108,Z006,100,ACTIVO,2024-04-09
C006109,Z006,200,Activo,2024-02-15
C006110,Z006,300,Activo,2024-03-01
C006111,Z006,500,ACTIVO,2024-05-24
C006112,Z006,500,SUSPENDIDO,2025-12-15
C006113,Z006,500,ACTIVO,2025-11-01
C006114,Z006,500,ACTIVO,2026-05-02
C006115,Z006,100, activo ,2024-05-21
C006116,Z006,300,ACTIVO,2024-05-20
C006117,Z006,300,ACTIVO,2025-04-22
C006118,Z006,200, activo ,2025-10-14
C006119,Z006,100,ACTIVO,2025-12-24
C006120,Z006,100,SUSPENDIDO,2024-06-25
C006121,Z006,100,ACTIVO,2025-06-14
C006122,Z006,200,ACTIVO,2025-12-29
C006123,Z006,300,ACTIVO,2024-02-25
C006124,Z006,300,ACTIVO,2026-01-21
C006125,Z006,300, activo ,2025-04-14
C006126,Z006,300,ACTIVO,2024-11-24
C006127,Z006,300,Activo,2024-09-16
C006128,Z006,200,ACTIVO,2024-02-24
C006129,Z006,300,Activo,2025-02-21
C006130,Z006,100, activo ,2024-10-21
C006131,Z006,200,ACTIVO,2026-01-12
C006132,Z006,300,ACTIVO,2024-03-31
C006133,Z006,500,Activo,2025-01-11
C006134,Z006,300,ACTIVO,2024-01-04
C006135,Z006,100,Activo,2025-05-21
C006136,Z006,500,ACTIVO,2024-07-03
C006137,Z006,100,SUSPENDIDO,2025-11-23
C006138,Z006,100,ACTIVO,2025-05-06
C006139,Z006,600,ACTIVO,2024-03-20
C006140,Z006,200,ACTIVO,2025-01-17
C006141,Z006,100,ACTIVO,2026-05-30
C006142,Z006,300,ACTIVO,2026-03-15
C006143,Z006,200,ACTIVO,2025-03-28
C006144,Z006,300,ACTIVO,2024-10-04
C006145,Z006,500,ACTIVO,2026-04-09
C006146,Z006,500,Activo,2025-08-25
C006147,Z006,500, activo ,2025-09-21
C006148,Z006,200,ACTIVO,2025-05-25
C006149,Z006,500,ACTIVO,2026-01-12
C006150,Z006,200,Activo,2026-04-27
C006151,Z006,200,SUSPENDIDO,2025-08-31
C006152,Z006,200, activo ,2024-02-02
C006153,Z006,200,ACTIVO,2024-07-30
C006154,Z006,500,ACTIVO,2026-03-19
C006155,Z006,300,ACTIVO,2024-11-09
C006156,Z006,300,ACTIVO,2024-07-12
C006157,Z006,200,ACTIVO,2024-02-05
C006158,Z006,300,ACTIVO,2026-02-07
C006159,Z006,500, activo ,2024-10-01
C006160,Z006,600,ACTIVO,2024-08-26
C006161,Z006,200,ACTIVO,2024-02-26
C006162,Z006,300,ACTIVO,2024-05-28
C006163,Z006,500,ACTIVO,2025-10-03
C006164,Z006,200,ACTIVO,2024-06-02
C006165,Z006,500,Activo,2024-02-29
C006166,Z006,300,ACTIVO,2025-12-17
C006167,Z006,100,ACTIVO,2025-12-03
C006168,Z006,200,ACTIVO,2026-01-16
C006169,Z006,300,ACTIVO,2025-06-15
C006170,Z006,100,ACTIVO,2025-05-03
C006171,Z006,200, activo ,2025-01-07
C006172,Z006,100, activo ,2025-10-11
C006173,Z006,500,Activo,2026-06-06
C006174,Z006,500,ACTIVO,2026-04-16
C006175,Z006,200,ACTIVO,2024-04-01
C006176,Z006,600,Activo,2025-03-30
C006177,Z006,200, activo ,2024-04-22
C006178,Z006,200, activo ,2025-09-22
C006179,Z006,200,ACTIVO,2025-10-22
C006180,Z006,500,ACTIVO,2025-03-07
C006181,Z006,200,Activo,2024-04-30
C006182,Z006,100,ACTIVO,2026-03-08
C006183,Z006,500,Activo,2025-03-21
C006184,Z006,200,ACTIVO,2024-11-07
C006185,Z006,300,ACTIVO,2025-11-09
C006186,Z006,100, activo ,2025-11-29
C006187,Z006,100, activo ,2024-07-21
C006188,Z006,100,ACTIVO,2024-02-08
C006189,Z006,100,ACTIVO,2025-08-11
C006190,Z006,500,ACTIVO,2025-08-12
C006191,Z006,200,ACTIVO,2026-04-26
C006192,Z006,100,ACTIVO,2025-12-21
C006193,Z006,100,ACTIVO,2024-01-31
C006194,Z006,100,ACTIVO,2025-06-11
C006195,Z006,500,ACTIVO,2024-03-27
C006196,Z006,200, activo ,2025-07-01
C006197,Z006,300,ACTIVO,2024-08-11
C006198,Z006,200,ACTIVO,2026-03-16
C006199,Z006,300,Activo,2024-05-12
C006200,Z006,200,ACTIVO,2024-09-29
C006201,Z006,300,SUSPENDIDO,2025-03-06
C006202,Z006,600,ACTIVO,2025-01-09
C006203,Z006,500, activo ,2025-05-18
C006204,Z006,100,ACTIVO,2025-09-11
C006205,Z006,100,Activo,2026-03-02
C006206,Z006,200,ACTIVO,2026-06-17
C006207,Z006,200,ACTIVO,2024-04-24
C006208,Z006,100,Activo,2025-05-27
C006209,Z006,100,Activo,2025-09-07
C006210,Z006,100,Activo,2025-01-18
C006211,Z006,300,ACTIVO,2024-02-12
C006212,Z006,200,ACTIVO,2025-12-19
C006213,Z006,600, activo ,2024-04-11
C006214,Z006,500,Activo,2024-03-27
C006215,Z006,100,ACTIVO,2025-10-24
C006216,Z006,300, activo ,2024-02-01
C006217,Z006,200,ACTIVO,2025-07-11
C006218,Z006,300, activo ,2024-07-23
C006219,Z006,100,ACTIVO,2026-05-20
C006220,Z006,300,Activo,2024-11-15
C006221,Z006,300,ACTIVO,2025-01-20
C006222,Z006,300,Activo,2025-06-23
C006223,Z006,300, activo ,2024-08-18
C006224,Z006,100,SUSPENDIDO,2024-08-11
C006225,Z006,100, activo ,2024-02-16
C006226,Z006,500,ACTIVO,2025-07-05
C006227,Z006,500,Activo,2025-12-25
C006228,Z006,200,ACTIVO,2025-04-17
C006229,Z006,200,SUSPENDIDO,2026-02-27
C006230,Z006,300,ACTIVO,2024-09-04
C006231,Z006,200,SUSPENDIDO,2024-07-16
C006232,Z006,300,ACTIVO,2024-02-12
C006233,Z006,100,ACTIVO,2025-02-15
C006234,Z006,100, activo ,2025-09-16
C006235,Z006,300,ACTIVO,2025-05-12
C006236,Z006,100, activo ,2024-09-15
C006237,Z006,200,ACTIVO,2025-10-13
C006238,Z006,200,Activo,2025-05-03
C006239,Z006,100,ACTIVO,2025-08-08
C006240,Z006,300,Activo,2024-11-10
C006241,Z006,200,ACTIVO,2025-12-31
C006242,Z006,100,ACTIVO,2025-09-06
C006243,Z006,200,ACTIVO,2026-02-07
C006244,Z006,100,ACTIVO,2025-04-13
C006245,Z006,100,ACTIVO,2024-05-16
C006246,Z006,100,Activo,2025-04-04
C006247,Z006,300,SUSPENDIDO,2025-12-12
C006248,Z006,100,ACTIVO,2024-07-01
C006249,Z006,500,ACTIVO,2024-09-23
C006250,Z006,300,ACTIVO,2024-09-28
C006251,Z006,300,ACTIVO,2025-11-30
C006252,Z006,300,ACTIVO,2025-07-16
C006253,Z006,300,ACTIVO,2024-11-04
C006254,Z006,500,Activo,2024-04-30
C006255,Z006,500,Activo,2024-03-03
C006256,Z006,200,ACTIVO,2024-08-08
C006257,Z006,100,ACTIVO,2025-01-10
C006258,Z006,100, activo ,2024-11-07
C006259,Z006,100,ACTIVO,2024-08-19
C006260,Z006,300,ACTIVO,2025-12-07
C006261,Z006,300,Activo,2025-07-12
C006262,Z006,200,ACTIVO,2026-02-08
C006263,Z006,300,ACTIVO,2024-06-28
C006264,Z006,300,Activo,2025-12-03
C006265,Z006,600,ACTIVO,2024-11-02
C006266,Z006,300,ACTIVO,2026-03-24
C006267,Z006,500,Activo,2025-05-29
C006268,Z006,200,ACTIVO,2026-05-30
C006269,Z006,500,ACTIVO,2026-02-09
C006270,Z006,200,ACTIVO,2025-07-23
C006271,Z006,100, activo ,2025-03-13
C006272,Z006,300,Activo,2024-01-14
C006273,Z006,300,ACTIVO,2025-04-28
C006274,Z006,500,ACTIVO,2024-01-26
C006275,Z006,200, activo ,2026-01-11
C006276,Z006,200,SUSPENDIDO,2024-09-28
C006277,Z006,100,ACTIVO,2025-09-05
C006278,Z006,300, activo ,2025-01-29
C006279,Z006,300,SUSPENDIDO,2025-05-19
C006280,Z006,300,ACTIVO,2024-01-16
C006281,Z006,500, activo ,2025-12-23
C006282,Z006,500,Activo,2024-09-29
C006283,Z006,100,Activo,2024-03-05
C006284,Z006,200,ACTIVO,2026-05-28
C006285,Z006,600,ACTIVO,2025-08-18
C006286,Z006,300,Activo,2025-01-22
C006287,Z006,200,ACTIVO,2024-04-08
C006288,Z006,200,Activo,2026-01-14
C006289,Z006,500,ACTIVO,2024-04-29
C006290,Z006,300, activo ,2026-02-12
C006291,Z006,100,ACTIVO,2025-04-12
C006292,Z006,500,SUSPENDIDO,2025-08-18
C006293,Z006,200,ACTIVO,2024-01-01
C006294,Z006,300, activo ,2024-06-02
C006295,Z006 ,500,ACTIVO,2026-03-25
C006296,Z006,100,ACTIVO,2026-05-16
C006297,Z006,300,ACTIVO,2025-08-17
C006298,Z006,300,ACTIVO,2025-11-13
C006299,Z006,100,ACTIVO,2024-03-15
C006300,Z006,200,ACTIVO,2025-09-17
C006301,Z006,100, activo ,2024-04-19
C006302,Z006,200,ACTIVO,2025-03-23
C006303,Z006,200,ACTIVO,2025-04-03
C006304,Z006,300,ACTIVO,2024-02-27
C006305,Z006,200,SUSPENDIDO,2025-08-08
C006306,Z006,200,ACTIVO,2024-12-13
C006307,Z006,200,ACTIVO,2025-03-18
C006308,Z006,200,Activo,2026-02-08
C006309,Z006,600,ACTIVO,2026-03-21
C006310,Z006,100,ACTIVO,2025-08-30
C006311,Z006,500,ACTIVO,2024-07-29
C006312,Z006,300,ACTIVO,2026-06-09
C006313,Z006,100,ACTIVO,2024-01-14
C006314,Z006,100,ACTIVO,2025-03-21
C006315,Z006,100,SUSPENDIDO,2024-10-29
C006316,Z006,200, activo ,2024-10-25
C006317,Z006,300, activo ,2025-10-14
C006318,Z006,100,ACTIVO,2026-04-27
C006319,Z006,300,ACTIVO,2024-03-07
C006320,Z006,100, activo ,2025-10-07
C006321,Z006,300,ACTIVO,2024-08-18
C006322,Z006,600,Activo,2025-01-21
C006323,Z006,500, activo ,2024-03-06
C006324,Z006,100,ACTIVO,2024-01-20
C006325,Z006,300,Activo,2025-10-21
C006326,Z006,600,ACTIVO,2024-10-19
C006327,Z006,300,ACTIVO,2024-10-22
C006328,Z006,100,Activo,2025-01-11
C006329,Z006,300,ACTIVO,2025-02-13
C006330,Z006,300,ACTIVO,2025-04-10
C006331,Z006,300,ACTIVO,2026-05-10
C006332,Z006,300,ACTIVO,2026-03-01
C006333,Z006,500,ACTIVO,2025-12-19
C006334,Z006,300,ACTIVO,2026-04-22
C006335,Z006,300,ACTIVO,2024-05-11
C006336,Z006 ,500,Activo,2026-02-28
C006337,Z006,200,Activo,2024-01-07
C006338,Z006,100, activo ,2025-01-20
C006339,Z006,200,ACTIVO,2024-04-14
C006340,Z006,600, activo ,2024-06-21
C006341,Z006,200,ACTIVO,2024-06-11
C006342,Z006,200,SUSPENDIDO,2025-12-25
C006343,Z006,500,Activo,2024-05-21
C006344,Z006,300,SUSPENDIDO,2024-03-21
C006345,Z006,200, activo ,2024-04-19
C006346,Z006,600,Activo,2025-01-02
C006347,Z006,100,ACTIVO,2025-04-07
C006348,Z006,200, activo ,2024-02-14
C006349,Z006,100,SUSPENDIDO,2026-01-12
C006350,Z006,300,SUSPENDIDO,2024-03-30
C006351,Z006,300, activo ,2026-04-28
C006352,Z006,300, activo ,2026-06-10
C006353,Z006,100,ACTIVO,2026-02-25
C006354,Z006,500,Activo,2024-09-16
C006355,Z006,300, activo ,2025-03-18
C006356,Z006,600,ACTIVO,2024-03-20
C006357,Z006,200,Activo,2026-05-25
C006358,Z006,300,Activo,2024-11-03
C006359,Z006,500,ACTIVO,2025-03-21
C006360,Z006,100,ACTIVO,2024-06-12
C006361,Z006,100,ACTIVO,2025-11-13
C006362,Z006,500, activo ,2026-01-26
C006363,Z006,100,ACTIVO,2024-02-03
C006364,Z006,200,ACTIVO,2024-05-29
C006365,Z006,500,Activo,2026-02-16
C006366,Z006,300,SUSPENDIDO,2024-08-28
C006367,Z006,100, activo ,2024-12-03
C006368,Z006,100, activo ,2024-07-14
C006369,Z006,100,Activo,2025-11-12
C006370,Z006,300,Activo,2024-03-19
C006371,Z006,500, activo ,2026-04-25
C006372,Z006,200,ACTIVO,2025-09-08
C006373,Z006,300,ACTIVO,2025-03-03
C006374,Z006,600,ACTIVO,2024-03-11
C006375,Z006,100, activo ,2024-06-04
C006376,Z006,300,ACTIVO,2025-06-03
C006377,Z006,200,Activo,2024-01-10
C006378,Z006,300,ACTIVO,2024-08-13
C006379,Z006,100,ACTIVO,2026-01-02
C006380,Z006,200,Activo,2024-09-10
C006381,Z006,300,ACTIVO,2025-09-08
C006382,Z006,100,ACTIVO,2025-05-26
C006383,Z006,500,Activo,2024-05-21
C006384,Z006,200,ACTIVO,2025-08-08
C006385,Z006,300,ACTIVO,2025-08-04
C006386,Z006,600,ACTIVO,2025-07-14
C006387,Z006,500,ACTIVO,2026-01-03
C006388,Z006,100,Activo,2024-07-30
C006389,Z006,200,Activo,2024-03-17
C006390,Z006,200,ACTIVO,2025-09-22
C006391,Z006,300,ACTIVO,2024-01-21
C006392,Z006,100,SUSPENDIDO,2026-02-28
C006393,Z006,100,ACTIVO,2024-08-04
C006394,Z006,100,ACTIVO,2025-09-29
C006395,Z006,100,Activo,2024-08-03
C006396,Z006,100,ACTIVO,2025-06-05
C006397,Z006,100,SUSPENDIDO,2024-11-05
C006398,Z006,300,ACTIVO,2024-04-07
C006399,Z006,300,SUSPENDIDO,2026-04-25
C006400,Z006,300,ACTIVO,2024-11-03
C006401,Z006,300,ACTIVO,2025-11-09
C006402,Z006,100,ACTIVO,2024-07-23
C006403,Z006,600, activo ,2025-03-06
C006404,Z006,200,Activo,2024-08-08
C006405,Z006,200,ACTIVO,2025-06-26
C006406,Z006,100,ACTIVO,2025-10-08
C006407,Z006,100,ACTIVO,2026-02-18
C006408,Z006,300,SUSPENDIDO,2025-09-13
C006409,Z006,100,Activo,2024-10-06
C006410,Z006,300,SUSPENDIDO,2026-05-03
C006411,Z006,600, activo ,2024-08-08
C006412,Z006,300,ACTIVO,2026-06-18
C006413,Z006,500, activo ,2026-03-26
C006414,Z006,200,ACTIVO,2024-04-09
C006415,Z006,500,ACTIVO,2024-09-23
C006416,Z006,200,ACTIVO,2024-09-30
C006417,Z006,600,ACTIVO,2025-11-15
C006418,Z006,200, activo ,2024-06-20
C006419,Z006,300,ACTIVO,2024-08-04
C006420,Z006,500,Activo,2024-10-25
C006421,Z006,300,ACTIVO,2025-08-09
C006422,Z006,300,ACTIVO,2026-06-02
C006423,Z006,600, activo ,2025-02-10
C006424,Z006,300,ACTIVO,2025-10-27
C006425,Z006,200,ACTIVO,2025-10-18
C006426,Z006,200,ACTIVO,2025-06-19
C006427,Z006,500,ACTIVO,2024-07-22
C006428,Z006,200,ACTIVO,2026-01-16
C006429,Z006,100,ACTIVO,2024-07-15
C006430,Z006,200,Activo,2025-02-13
C006431,Z006,200,ACTIVO,2026-01-18
C006432,Z006,100,ACTIVO,2024-11-09
C006433,Z006,100,Activo,2024-11-14
C006434,Z006,500,Activo,2025-09-18
C006435,Z006,200,ACTIVO,2025-09-09
C006436,Z006,300,ACTIVO,2024-01-06
C006437,Z006,200,SUSPENDIDO,2024-01-31
C006438,Z006,100, activo ,2024-06-05
C006439,Z006,200,ACTIVO,2025-05-02
C006440,Z006,200,SUSPENDIDO,2024-03-13
C006441,Z006,300,ACTIVO,2024-03-04
C006442,Z006,200,Activo,2024-10-03
C006443,Z006,200,ACTIVO,2024-04-22
C006444,Z006,500, activo ,2025-09-18
C006445,Z006,500,ACTIVO,2026-04-30
C006446,Z006,500,ACTIVO,2025-12-10
C006447,Z006,200,ACTIVO,2024-03-05
C006448,Z006,500, activo ,2026-06-16
C006449,Z006,200,SUSPENDIDO,2025-02-18
C006450,Z006,100,Activo,2024-01-27
C006451,Z006,500, activo ,2024-04-25
C006452,Z006,200,ACTIVO,2024-09-27
C006453,Z006,100, activo ,2026-01-06
C006454,Z006,100,ACTIVO,2024-10-31
C006455,Z006,300, activo ,2025-10-13
C006456,Z006,100, activo ,2024-07-12
C006457,Z006,300,ACTIVO,2026-05-11
C006458,Z006,600,Activo,2024-06-28
C006459,Z006,100,ACTIVO,2024-01-13
C006460,Z006,200,ACTIVO,2024-06-28
C006461,Z006,100,ACTIVO,2026-05-23
C006462,Z006,200,ACTIVO,2024-12-05
C006463,Z006,500,ACTIVO,2024-03-16
C006464,Z006,500,SUSPENDIDO,2026-03-09
C006465,Z006,100,ACTIVO,2025-01-30
C006466,Z006,100,ACTIVO,2025-07-15
C006467,Z006,100,Activo,2025-10-27
C006468,Z006,200, activo ,2025-12-25
C006469,Z006,500,ACTIVO,2025-05-30
C006470,Z006,100, activo ,2025-01-01
C006471,Z006,300,Activo,2024-04-24
C006472,Z006,200, activo ,2025-09-06
C006473,Z006,500,Activo,2025-03-07
C006474,Z006,100,ACTIVO,2025-02-26
C006475,Z006,100,ACTIVO,2025-07-31
C006476,Z006,500,ACTIVO,2025-12-19
C006477,Z006,200,ACTIVO,2026-05-09
C006478,Z006,300,ACTIVO,2026-06-09
C006479,Z006,300,ACTIVO,2024-05-02
C006480,Z006,100,ACTIVO,2024-08-16
C006481,Z006,200,ACTIVO,2025-07-09
C006482,Z006,300,ACTIVO,2024-10-04
C006483,Z006,200,SUSPENDIDO,2024-12-05
C006484,Z006,300,ACTIVO,2024-10-17
C006485,Z006,300,ACTIVO,2025-04-08
C006486,Z006,100,Activo,2024-07-06
C006487,Z006,300,Activo,2025-12-02
C006488,Z006,300,ACTIVO,2025-01-28
C006489,Z006,100,ACTIVO,2025-08-03
C006490,Z006,500,ACTIVO,2025-04-08
C006491,Z006,200,SUSPENDIDO,2024-12-10
C006492,Z006,200, activo ,2026-03-16
C006493,Z006,100, activo ,2025-08-05
C006494,Z006,200,SUSPENDIDO,2024-06-13
C006495,Z006,100, activo ,2025-02-01
C006496,Z006,100,SUSPENDIDO,2025-03-21
C006497,Z006,300, activo ,2025-05-18
C006498,Z006,100,ACTIVO,2026-02-21
C006499,Z006,200,ACTIVO,2026-05-15
C006500,Z006,200, activo ,2024-03-05
C006501,Z006,100,Activo,2025-09-26
C006502,Z006,100,ACTIVO,2025-02-18
C006503,Z006,100,Activo,2024-11-06
C006504,Z006,500, activo ,2024-03-19
C006505,Z006,100, activo ,2026-03-06
C006506,Z006,100,SUSPENDIDO,2026-05-13
C006507,Z006,200,Activo,2026-04-02
C006508,Z006,500, activo ,2024-06-06
C006509,Z006,600,SUSPENDIDO,2024-02-12
C006510,Z006,300,ACTIVO,2024-03-09
C006511,Z006,100,ACTIVO,2026-05-08
C006512,Z006,300,ACTIVO,2026-04-22
C006513,Z006,600, activo ,2024-11-28
C006514,Z006,200,Activo,2024-10-05
C006515,Z006,300,ACTIVO,2024-09-29
C006516,Z006,100,ACTIVO,2025-04-06
C006517,Z006,200,ACTIVO,2025-08-05
C006518,Z006,300,ACTIVO,2024-08-30
C006519,Z006,200,ACTIVO,2026-01-08
C006520,Z006,100,ACTIVO,2026-05-15
C006521,Z006,100,Activo,2026-03-16
C006522,Z006,200, activo ,2025-01-27
C006523,Z006,300,ACTIVO,2025-06-02
C006524,Z006,600,SUSPENDIDO,2025-02-25
C006525,Z006,300,Activo,2025-06-11
C006526,Z006,600,ACTIVO,2026-03-20
C006527,Z006,600,Activo,2025-07-16
C006528,Z006,200,ACTIVO,2025-06-17
C006529,Z006,500,Activo,2024-07-22
C006530,Z006,300,ACTIVO,2024-06-29
C006531,Z006,200,ACTIVO,2025-01-25
C006532,Z006,100,ACTIVO,2025-07-26
C006533,Z006,200,Activo,2024-08-13
C006534,Z006,300,Activo,2026-04-18
C006535,Z006,200,ACTIVO,2024-09-27
C006536,Z006,200,ACTIVO,2026-03-13
C006537,Z006,200,Activo,2024-04-28
C006538,Z006,100,Activo,2024-10-14
C006539,Z006,100,ACTIVO,2024-11-16
C006540,Z006,600,ACTIVO,2026-01-12
C006541,Z006,100,ACTIVO,2025-08-16
C006542,Z006,500,Activo,2024-09-05
C006543,Z006,200,Activo,2024-07-23
C006544,Z006,200, activo ,2024-11-03
C006545,Z006,100,ACTIVO,2024-11-16
C006546,Z006,200,ACTIVO,2026-03-08
C006547,Z006,100,ACTIVO,2025-08-26
C006548,Z006,200,ACTIVO,2025-03-26
C006549,Z006,200,Activo,2026-01-16
C006550,Z006,300,Activo,2026-03-13
C006551,Z006,500,ACTIVO,2025-01-18
C006552,Z006,100,ACTIVO,2024-09-27
C006553,Z006,600,ACTIVO,2026-04-03
C006554,Z006,100,ACTIVO,2026-02-12
C006555,Z006,200,ACTIVO,2025-07-07
C006556,Z006,300,ACTIVO,2024-12-01
C006557,Z006,500, activo ,2024-02-14
C006558,Z006,600,ACTIVO,2025-03-09
C006559,Z006,200,ACTIVO,2024-10-13
C006560,Z006,300,ACTIVO,2025-06-08
C006561,Z006,500,ACTIVO,2026-04-06
C006562,Z006,300,ACTIVO,2026-01-05
C006563,Z006,200,ACTIVO,2024-01-10
C006564,Z006,300,ACTIVO,2024-12-15
C006565,Z006,100,Activo,2026-04-07
C006566,Z006,500,ACTIVO,2025-08-20
C006567,Z006,300,ACTIVO,2024-10-13
C006568,Z006,200,ACTIVO,2025-09-04
C006569,Z006,600,Activo,2026-02-15
C006570,Z006,200,Activo,2025-07-01
C006571,Z006,100,ACTIVO,2024-11-19
C006572,Z006,100,ACTIVO,2024-04-22
C006573,Z006,300,ACTIVO,2025-01-16
C006574,Z006,500,ACTIVO,2026-01-18
C006575,Z006,300,ACTIVO,2024-11-13
C006576,Z006,200,ACTIVO,2026-04-07
C006577,Z006,200, activo ,2024-06-03
C006578,Z006,500,ACTIVO,2024-07-22
C006579,Z006,300,ACTIVO,2024-03-08
C006580,Z006,100,ACTIVO,2024-04-04
C006581,Z006,300,Activo,2025-05-02
C006582,Z006,200,ACTIVO,2024-07-03
C006583,Z006,300, activo ,2025-10-30
C006584,Z006,500,ACTIVO,2026-03-15
C006585,Z006,200, activo ,2026-01-23
C006586,Z006,100,ACTIVO,2024-05-11
C006587,Z006,300,Activo,2025-11-19
C006588,Z006,200,ACTIVO,2026-06-07
C006589,Z006,200, activo ,2025-06-23
C006590,Z006,500,ACTIVO,2024-07-11
C006591,Z006,300, activo ,2025-12-17
C006592,Z006,300,ACTIVO,2025-03-06
C006593,Z006,500, activo ,2024-09-20
C006594,Z006,100,SUSPENDIDO,2025-05-24
C006595,Z006,500,Activo,2025-04-04
C006596,Z006,200,ACTIVO,2026-06-04
C006597,Z006,200,ACTIVO,2025-03-26
C006598,Z006,300,ACTIVO,2025-05-09
C006599,Z006,200,Activo,2025-03-06
C006600,Z006,600,ACTIVO,2025-12-15
C006601,Z006,500,ACTIVO,2026-06-10
C006602,Z006,300,ACTIVO,2024-04-27
C006603,Z006,500,ACTIVO,2026-02-04
C006604,Z006,300,ACTIVO,2024-07-10
C006605,Z006,200,ACTIVO,2026-04-13
C006606,Z006,300,ACTIVO,2024-10-15
C006607,Z006,300,ACTIVO,2024-08-12
C006608,Z006,200,Activo,2025-04-29
C006609,Z006,500,ACTIVO,2024-07-30
C006610,Z006,100,ACTIVO,2026-01-02
C006611,Z006,200,ACTIVO,2026-01-23
C006612,Z006,100,ACTIVO,2024-03-21
C006613,Z006,300,ACTIVO,2026-04-09
C006614,Z006,500,ACTIVO,2025-12-28
C006615,Z006,100,ACTIVO,2025-08-03
C006616,Z006,200,ACTIVO,2026-03-04
C006617,Z006,600,ACTIVO,2026-02-02
C006618,Z006,500, activo ,2024-11-04
C006619,Z006,200,ACTIVO,2026-05-16
C006620,Z006,100,ACTIVO,2025-03-10
C006621,Z006,100,Activo,2024-09-07
C006622,Z006,600, activo ,2025-11-14
C006623,Z006,100,ACTIVO,2024-05-04
C006624,Z006,200,ACTIVO,2025-04-23
C006625,Z006,300,ACTIVO,2025-04-02
C006626,Z006,200,SUSPENDIDO,2024-02-29
C006627,Z006,300,ACTIVO,2024-02-10
C006628,Z006,500,ACTIVO,2025-04-07
C006629,Z006,300,Activo,2025-05-16
C006630,Z006,100, activo ,2025-09-25
C006631,Z006,200,ACTIVO,2026-04-30
C006632,Z006,200,ACTIVO,2024-03-15
C006633,Z006,300, activo ,2024-11-20
C006634,Z006,500,SUSPENDIDO,2024-01-13
C006635,Z006,100,Activo,2024-02-26
C006636,Z006,500,ACTIVO,2026-06-18
C006637,Z006,500,Activo,2024-12-15
C006638,Z006,100,ACTIVO,2024-09-20
C006639,Z006,200,ACTIVO,2026-06-08
C006640,Z006,500,Activo,2024-06-09
C006641,Z006,200,ACTIVO,2025-11-05
C006642,Z006,100,Activo,2024-04-25
C006643,Z006,100,SUSPENDIDO,2025-06-14
C006644,Z006,100, activo ,2024-09-08
C006645,Z006,200,ACTIVO,2024-12-10
C006646,Z006,300,ACTIVO,2024-04-16
C006647,Z006,500,Activo,2025-10-25
C006648,Z006,300,Activo,2026-03-02
C006649,Z006,300,ACTIVO,2024-03-09
C006650,Z006,300,ACTIVO,2025-09-11
C006651,Z007,300,ACTIVO,2025-10-06
C006652,Z007,100,ACTIVO,2025-05-02
C006653,Z007,100,ACTIVO,2024-10-20
C006654,Z007,100,ACTIVO,2024-01-18
C006655,Z007,200,SUSPENDIDO,2025-06-17
C006656,Z007,100,ACTIVO,2025-12-28
C006657,Z007,200,ACTIVO,2024-07-28
C006658,Z007,300,Activo,2025-03-22
C006659,Z007,200,Activo,2026-04-16
C006660,Z007,500,SUSPENDIDO,2024-09-17
C006661,Z007,200, activo ,2024-09-19
C006662,Z007,200,ACTIVO,2026-01-02
C006663,Z007,300,ACTIVO,2025-04-10
C006664,Z007,300,ACTIVO,2024-07-06
C006665,Z007,100,SUSPENDIDO,2024-09-06
C006666,Z007,200,Activo,2024-08-08
C006667,Z007,100,Activo,2025-04-14
C006668,Z007,200,ACTIVO,2025-08-06
C006669,Z007,600, activo ,2025-10-14
C006670,Z007,200,ACTIVO,2024-04-10
C006671,Z007,500, activo ,2026-01-17
C006672,Z007,500,ACTIVO,2024-12-13
C006673,Z007,200,Activo,2025-04-11
C006674,Z007,300,ACTIVO,2024-11-16
C006675,Z007,500,SUSPENDIDO,2024-02-25
C006676,Z007,200,Activo,2024-08-31
C006677,Z007,100, activo ,2025-11-07
C006678,Z007,100, activo ,2025-06-08
C006679,Z007,200,ACTIVO,2025-06-16
C006680,Z007,300, activo ,2024-06-24
C006681,Z007,200,ACTIVO,2026-04-22
C006682,Z007,300,ACTIVO,2024-03-31
C006683,Z007,200,ACTIVO,2026-05-06
C006684,Z007,300,ACTIVO,2025-02-22
C006685,Z007,100,ACTIVO,2026-05-25
C006686,Z007,300,ACTIVO,2025-02-18
C006687,Z007,100,ACTIVO,2026-04-10
C006688,Z007,300,ACTIVO,2024-09-04
C006689,Z007,100,Activo,2025-11-13
C006690,Z007,100, activo ,2024-12-20
C006691,Z007,200, activo ,2026-06-09
C006692,Z007,500, activo ,2024-06-23
C006693,Z007,100,ACTIVO,2024-09-13
C006694,Z007,200,ACTIVO,2025-08-11
C006695,Z007,500,Activo,2024-10-24
C006696,Z007,500, activo ,2026-05-19
C006697,Z007,300,Activo,2024-12-16
C006698,Z007,300,ACTIVO,2026-03-09
C006699,Z007,300,ACTIVO,2024-07-29
C006700,Z007,300,ACTIVO,2026-05-04
C006701,Z007,100,ACTIVO,2024-10-08
C006702,Z007,300,Activo,2024-11-04
C006703,Z007,200,ACTIVO,2024-06-01
C006704,Z007,200, activo ,2025-04-18
C006705,Z007,500,Activo,2024-05-10
C006706,Z007,100, activo ,2024-10-14
C006707,Z007,600,ACTIVO,2025-11-17
C006708,Z007,200,ACTIVO,2025-09-09
C006709,Z007,600, activo ,2024-12-20
C006710,Z007,100,ACTIVO,2026-06-03
C006711,Z007,500,Activo,2026-04-07
C006712,Z007,200,ACTIVO,2025-01-26
C006713,Z007,300, activo ,2025-07-22
C006714,Z007,100,ACTIVO,2024-01-03
C006715,Z007,300,ACTIVO,2024-01-07
C006716,Z007,300,ACTIVO,2024-01-26
C006717,Z007,300,ACTIVO,2024-02-03
C006718,Z007,300,Activo,2025-01-22
C006719,Z007,300,ACTIVO,2024-08-26
C006720,Z007,200,ACTIVO,2025-01-27
C006721,Z007,200,ACTIVO,2026-03-26
C006722,Z007,300,ACTIVO,2024-07-08
C006723,Z007,500,Activo,2025-06-11
C006724,Z007,300,ACTIVO,2024-02-14
C006725,Z007,500, activo ,2026-01-04
C006726,Z007,300, activo ,2026-01-31
C006727,Z007,300, activo ,2025-03-16
C006728,Z007,500,Activo,2024-05-24
C006729,Z007,200,SUSPENDIDO,2026-04-20
C006730,Z007,500,ACTIVO,2025-09-10
C006731,Z007,300,Activo,2025-04-07
C006732,Z007,300,Activo,2024-01-13
C006733,Z007,200,Activo,2025-03-29
C006734,Z007,500, activo ,2024-04-27
C006735,Z007,200,ACTIVO,2024-05-01
C006736,Z007,200, activo ,2024-12-27
C006737,Z007,200,ACTIVO,2025-11-20
C006738,Z007,300, activo ,2024-09-26
C006739,Z007,100,ACTIVO,2024-12-19
C006740,Z007,100,ACTIVO,2024-04-03
C006741,Z007,300,ACTIVO,2024-06-09
C006742,Z007,300, activo ,2024-02-17
C006743,Z007,200,ACTIVO,2025-12-09
C006744,Z007,100, activo ,2025-11-18
C006745,Z007,500, activo ,2025-07-17
C006746,Z007,100, activo ,2024-03-21
C006747,Z007,200,ACTIVO,2024-08-05
C006748,Z007,100,Activo,2025-05-30
C006749,Z007,500,Activo,2024-07-09
C006750,Z007,600,Activo,2025-02-22
C006751,Z007,100,Activo,2024-07-26
C006752,Z007,200,Activo,2024-02-23
C006753,Z007,100,ACTIVO,2025-11-07
C006754,Z007,200,ACTIVO,2025-07-10
C006755,Z007,200,Activo,2024-01-12
C006756,Z007,100, activo ,2026-03-17
C006757,Z007,100,ACTIVO,2024-09-21
C006758,Z007,100,ACTIVO,2024-11-17
C006759,Z007,300, activo ,2025-10-25
C006760,Z007,500,ACTIVO,2026-06-16
C006761,Z007,100,ACTIVO,2024-03-27
C006762,Z007,500,ACTIVO,2025-04-23
C006763,Z007,100,ACTIVO,2026-06-12
C006764,Z007,200,Activo,2026-03-15
C006765,Z007,200,ACTIVO,2025-03-01
C006766,Z007,300,Activo,2025-01-31
C006767,Z007,200,ACTIVO,2026-02-07
C006768,Z007,100,ACTIVO,2024-05-05
C006769,Z007,100,Activo,2024-09-16
C006770,Z007,300,Activo,2026-01-06
C006771,Z007,600,SUSPENDIDO,2025-09-23
C006772,Z007,100,ACTIVO,2024-08-29
C006773,Z007,500,ACTIVO,2024-08-31
C006774,Z007,200,Activo,2024-11-02
C006775,Z007,300, activo ,2024-08-21
C006776,Z007,500,ACTIVO,2025-05-29
C006777,Z007,500,ACTIVO,2025-05-01
C006778,Z007,600, activo ,2024-07-19
C006779,Z007,500, activo ,2024-10-21
C006780,Z007,100,ACTIVO,2024-12-09
C006781,Z007,500, activo ,2026-01-03
C006782,Z007,500,Activo,2026-06-01
C006783,Z007,100,ACTIVO,2025-10-10
C006784,Z007,300,ACTIVO,2025-03-02
C006785,Z007,500,Activo,2025-10-01
C006786,Z007,500,ACTIVO,2024-10-08
C006787,Z007,300,ACTIVO,2025-08-29
C006788,Z007,100,ACTIVO,2024-12-20
C006789,Z007,300,SUSPENDIDO,2024-09-04
C006790,Z007,100,SUSPENDIDO,2026-03-14
C006791,Z007,100,ACTIVO,2024-10-28
C006792,Z007,500, activo ,2025-11-05
C006793,Z007,500,ACTIVO,2024-08-05
C006794,Z007,100,ACTIVO,2024-05-18
C006795,Z007,200,ACTIVO,2026-06-08
C006796,Z007,300,Activo,2025-02-22
C006797,Z007,200,ACTIVO,2025-09-21
C006798,Z007,300,ACTIVO,2025-08-22
C006799,Z007,100, activo ,2026-02-08
C006800,Z007,100,ACTIVO,2025-11-10
C006801,Z007,300,ACTIVO,2024-06-02
C006802,Z007,600,ACTIVO,2024-06-21
C006803,Z007,100, activo ,2025-11-07
C006804,Z007,300,ACTIVO,2025-02-27
C006805,Z007,100,ACTIVO,2026-01-01
C006806,Z007,300, activo ,2026-05-25
C006807,Z007,100,Activo,2026-04-12
C006808,Z007,300,ACTIVO,2025-03-12
C006809,Z007,300,ACTIVO,2025-01-05
C006810,Z007,500,ACTIVO,2024-02-11
C006811,Z007,100, activo ,2024-01-30
C006812,Z007,300, activo ,2024-08-26
C006813,Z007,300,ACTIVO,2026-04-10
C006814,Z007,300,ACTIVO,2025-05-19
C006815,Z007,300,SUSPENDIDO,2024-02-26
C006816,Z007,100,Activo,2024-05-12
C006817,Z007,200, activo ,2025-07-22
C006818,Z007,100,Activo,2024-05-06
C006819,Z007,600,ACTIVO,2026-03-06
C006820,Z007,200,ACTIVO,2026-02-16
C006821,Z007,200,ACTIVO,2025-11-26
C006822,Z007,200,ACTIVO,2025-09-16
C006823,Z007,100, activo ,2025-01-06
C006824,Z007,200,ACTIVO,2026-04-12
C006825,Z007,600,ACTIVO,2024-03-05
C006826,Z007,300, activo ,2025-12-28
C006827,Z007,200,ACTIVO,2024-09-11
C006828,Z007,100,ACTIVO,2024-10-20
C006829,Z007,600,ACTIVO,2025-04-06
C006830,Z007,200,ACTIVO,2024-01-18
C006831,Z007,300,ACTIVO,2026-04-30
C006832,Z007,500,ACTIVO,2025-12-12
C006833,Z007,500,ACTIVO,2025-07-03
C006834,Z007,500, activo ,2025-01-15
C006835,Z007,200,ACTIVO,2024-04-24
C006836,Z007,200,Activo,2024-09-14
C006837,Z007,100, activo ,2024-04-24
C006838,Z007,100, activo ,2025-10-08
C006839,Z007,300,ACTIVO,2024-09-19
C006840,Z007,500,SUSPENDIDO,2025-04-14
C006841,Z007,200,Activo,2024-01-31
C006842,Z007,600,ACTIVO,2026-02-13
C006843,Z007,200, activo ,2025-06-08
C006844,Z007,200,ACTIVO,2024-01-03
C006845,Z007,200,Activo,2025-07-23
C006846,Z007,300,ACTIVO,2024-02-28
C006847,Z007,500,ACTIVO,2024-06-14
C006848,Z007,600, activo ,2024-02-08
C006849,Z007,200,ACTIVO,2024-07-19
C006850,Z007,600,ACTIVO,2025-06-14
C006851,Z007,500,ACTIVO,2026-05-22
C006852,Z007,200,ACTIVO,2025-09-25
C006853,Z007,500,ACTIVO,2026-02-12
C006854,Z007,100,ACTIVO,2026-04-30
C006855,Z007,500,Activo,2024-03-07
C006856,Z007,300,ACTIVO,2024-06-19
C006857,Z007,500,ACTIVO,2024-04-04
C006858,Z007,100,Activo,2025-04-21
C006859,Z007,500, activo ,2024-02-09
C006860,Z007,100,ACTIVO,2024-11-30
C006861,Z007,500,ACTIVO,2025-06-20
C006862,Z007,200,SUSPENDIDO,2025-07-19
C006863,Z007,200,ACTIVO,2024-01-04
C006864,Z007,600,ACTIVO,2026-04-06
C006865,Z007,500,Activo,2024-05-13
C006866,Z007,100,Activo,2025-01-19
C006867,Z007,300,ACTIVO,2025-11-19
C006868,Z007,300,ACTIVO,2024-07-26
C006869,Z007,300,Activo,2025-03-30
C006870,Z007,200,ACTIVO,2024-11-14
C006871,Z007,200,Activo,2025-03-05
C006872,Z007,500,ACTIVO,2025-10-31
C006873,Z007,300,ACTIVO,2024-02-17
C006874,Z007,100,ACTIVO,2026-01-24
C006875,Z007,300,ACTIVO,2025-10-15
C006876,Z007 ,100,ACTIVO,2026-05-23
C006877,Z007,300,ACTIVO,2026-06-17
C006878,Z007,200,ACTIVO,2024-08-26
C006879,Z007,500,ACTIVO,2025-04-04
C006880,Z007,200, activo ,2024-08-08
C006881,Z007,500,ACTIVO,2024-07-17
C006882,Z007,100,ACTIVO,2025-08-11
C006883,Z007,500, activo ,2025-01-02
C006884,Z007,500,Activo,2024-03-15
C006885,Z007,300, activo ,2025-05-16
C006886,Z007,500,ACTIVO,2025-04-01
C006887,Z007,200,ACTIVO,2024-02-10
C006888,Z007,100,ACTIVO,2026-01-10
C006889,Z007,300,ACTIVO,2024-12-30
C006890,Z007,200,Activo,2024-08-04
C006891,Z007,200,ACTIVO,2024-01-20
C006892,Z007,500, activo ,2025-05-06
C006893,Z007,100, activo ,2024-08-18
C006894,Z007,300,ACTIVO,2026-01-30
C006895,Z007,100,Activo,2024-04-03
C006896,Z007,200,ACTIVO,2025-04-11
C006897,Z007,100,Activo,2025-01-14
C006898,Z007,300, activo ,2024-04-11
C006899,Z007,200,ACTIVO,2024-06-03
C006900,Z007,200, activo ,2024-05-05
C006901,Z007,300, activo ,2024-01-06
C006902,Z007,100,Activo,2026-06-13
C006903,Z007,200,ACTIVO,2025-03-07
C006904,Z007,200,Activo,2024-10-20
C006905,Z007,300,ACTIVO,2024-08-19
C006906,Z007,300,Activo,2024-04-16
C006907,Z007,300,ACTIVO,2024-07-24
C006908,Z007,300,Activo,2024-09-11
C006909,Z007,100,ACTIVO,2025-03-07
C006910,Z007,300,ACTIVO,2025-01-28
C006911,Z007,300, activo ,2025-03-04
C006912,Z007,200,ACTIVO,2024-11-30
C006913,Z007,100, activo ,2024-03-05
C006914,Z007,100, activo ,2026-05-27
C006915,Z007,100,ACTIVO,2025-07-25
C006916,Z007,200,ACTIVO,2025-09-02
C006917,Z007,300,ACTIVO,2025-05-02
C006918,Z007,100,ACTIVO,2026-06-13
C006919,Z007,500,ACTIVO,2024-10-23
C006920,Z007,200,ACTIVO,2024-12-24
C006921,Z007,200,ACTIVO,2024-02-01
C006922,Z007,200, activo ,2025-04-13
C006923,Z007,500,ACTIVO,2025-01-14
C006924,Z007,500, activo ,2026-05-13
C006925,Z007,300,ACTIVO,2025-10-23
C006926,Z007,500,ACTIVO,2024-06-24
C006927,Z007,500,Activo,2024-04-15
C006928,Z007,200,SUSPENDIDO,2024-07-10
C006929,Z007,100,Activo,2026-04-14
C006930,Z007,100,ACTIVO,2026-05-30
C006931,Z007,300, activo ,2026-06-08
C006932,Z007,100,ACTIVO,2025-03-31
C006933,Z007,200,ACTIVO,2025-05-05
C006934,Z007,500,ACTIVO,2024-07-16
C006935,Z007,500, activo ,2024-09-23
C006936,Z007,300,ACTIVO,2025-07-21
C006937,Z007,300,ACTIVO,2026-03-08
C006938,Z007,300,ACTIVO,2024-07-25
C006939,Z007,200,Activo,2025-03-08
C006940,Z007,100,ACTIVO,2025-02-13
C006941,Z007,200,ACTIVO,2024-12-12
C006942,Z007,100,Activo,2025-04-26
C006943,Z007,600,ACTIVO,2025-12-14
C006944,Z007,300, activo ,2025-04-19
C006945,Z007,500,ACTIVO,2024-12-28
C006946,Z007,100,Activo,2024-07-03
C006947,Z007,100, activo ,2024-01-15
C006948,Z007,300,ACTIVO,2024-01-19
C006949,Z007,200,ACTIVO,2026-05-08
C006950,Z007,200,ACTIVO,2025-11-05
C006951,Z007,300, activo ,2024-04-04
C006952,Z007,300,ACTIVO,2025-12-15
C006953,Z007,500,ACTIVO,2026-02-16
C006954,Z007,500,ACTIVO,2026-04-17
C006955,Z007,100,Activo,2024-12-16
C006956,Z007,300,SUSPENDIDO,2025-09-09
C006957,Z007,300,ACTIVO,2025-07-29
C006958,Z007,100,ACTIVO,2025-05-23
C006959,Z007,500,ACTIVO,2025-03-16
C006960,Z007,500,ACTIVO,2026-01-30
C006961,Z007,500,Activo,2024-02-02
C006962,Z007,200,ACTIVO,2025-03-17
C006963,Z007,300,ACTIVO,2025-06-12
C006964,Z007,500,Activo,2024-10-19
C006965,Z007,300,SUSPENDIDO,2025-05-25
C006966,Z007,200,Activo,2024-01-06
C006967,Z007,200,ACTIVO,2024-07-09
C006968,Z007,100,ACTIVO,2025-12-04
C006969,Z007,300,Activo,2026-05-02
C006970,Z007,100, activo ,2024-10-11
C006971,Z007,500,ACTIVO,2024-06-11
C006972,Z007,300,ACTIVO,2024-01-19
C006973,Z007,100,ACTIVO,2026-02-13
C006974,Z007,200,ACTIVO,2024-06-10
C006975,Z007,500,ACTIVO,2024-11-14
C006976,Z007,100, activo ,2025-01-19
C006977,Z007,100,ACTIVO,2025-08-11
C006978,Z007,300, activo ,2025-07-13
C006979,Z007,200,ACTIVO,2024-11-18
C006980,Z007,300,ACTIVO,2024-09-16
C006981,Z007,200,ACTIVO,2025-11-19
C006982,Z007,100,ACTIVO,2026-05-03
C006983,Z007,500,Activo,2025-03-26
C006984,Z007,300,ACTIVO,2025-06-04
C006985,Z007,500,ACTIVO,2026-05-21
C006986,Z007,100,Activo,2026-05-10
C006987,Z007,300,ACTIVO,2025-06-26
C006988,Z007,300,ACTIVO,2024-11-22
C006989,Z007,600,ACTIVO,2024-05-25
C006990,Z007,300,ACTIVO,2025-07-18
C006991,Z007,300,Activo,2024-02-02
C006992,Z007,300,Activo,2025-07-11
C006993,Z007,200,ACTIVO,2026-01-02
C006994,Z007,300, activo ,2024-05-23
C006995,Z007,100,ACTIVO,2024-11-17
C006996,Z007,300,Activo,2024-08-14
C006997,Z007,300,Activo,2024-09-24
C006998,Z007,100,ACTIVO,2025-12-02
C006999,Z007,200, activo ,2024-09-19
C007000,Z007,100,ACTIVO,2025-12-05
C007001,Z007,200,SUSPENDIDO,2024-02-13
C007002,Z007,300,ACTIVO,2024-04-08
C007003,Z007,300,Activo,2024-01-04
C007004,Z007,300,ACTIVO,2024-08-04
C007005,Z007,500,ACTIVO,2025-01-13
C007006,Z007,200,Activo,2025-06-14
C007007,Z007,200,ACTIVO,2025-03-27
C007008,Z007,200, activo ,2024-01-08
C007009,Z007,200,ACTIVO,2025-12-13
C007010,Z007,200, activo ,2025-07-13
C007011,Z007,200, activo ,2025-12-17
C007012,Z007,200,ACTIVO,2026-02-28
C007013,Z007,300,Activo,2024-06-21
C007014,Z007,200,ACTIVO,2024-06-16
C007015,Z007,300,Activo,2025-09-05
C007016,Z007,200,Activo,2024-06-19
C007017,Z007,500,ACTIVO,2026-01-12
C007018,Z007,200,Activo,2024-09-30
C007019,Z007,100,ACTIVO,2024-06-22
C007020,Z007,300,ACTIVO,2025-12-03
C007021,Z007,200,ACTIVO,2026-03-19
C007022,Z007,200,ACTIVO,2024-11-22
C007023,Z007,100, activo ,2024-11-21
C007024,Z007,100,Activo,2026-03-09
C007025,Z007,100, activo ,2024-03-23
C007026,Z007,300,Activo,2026-03-02
C007027,Z007,200,ACTIVO,2024-02-23
C007028,Z007,100,Activo,2025-03-25
C007029,Z007,200,ACTIVO,2025-03-26
C007030,Z007,500,ACTIVO,2025-06-13
C007031,Z007,200, activo ,2026-01-21
C007032,Z007,300,ACTIVO,2024-01-10
C007033,Z007,100,SUSPENDIDO,2026-02-12
C007034,Z007,200,ACTIVO,2024-12-29
C007035,Z007,600, activo ,2026-01-17
C007036,Z007,300,ACTIVO,2024-03-03
C007037,Z007,300,ACTIVO,2024-03-08
C007038,Z007,300, activo ,2024-04-09
C007039,Z007,200,ACTIVO,2026-01-15
C007040,Z007,100,ACTIVO,2026-04-30
C007041,Z007,300,ACTIVO,2024-10-19
C007042,Z007,100,ACTIVO,2024-06-08
C007043,Z007,200, activo ,2025-03-26
C007044,Z007,300,ACTIVO,2024-04-24
C007045,Z007,100,ACTIVO,2024-11-23
C007046,Z007,300,ACTIVO,2024-08-14
C007047,Z007,300, activo ,2025-05-14
C007048,Z007,500,ACTIVO,2024-08-08
C007049,Z007,100,ACTIVO,2024-12-11
C007050,Z007,300,SUSPENDIDO,2026-01-03
C007051,Z007,300,ACTIVO,2026-01-24
C007052,Z007,600, activo ,2026-03-14
C007053,Z007,300, activo ,2025-04-15
C007054,Z007,500,SUSPENDIDO,2024-06-10
C007055,Z007,300,ACTIVO,2025-03-01
C007056,Z007,600, activo ,2024-05-09
C007057,Z007,300, activo ,2024-08-16
C007058,Z007,500,ACTIVO,2025-03-29
C007059,Z007,100,ACTIVO,2026-04-18
C007060,Z007,200, activo ,2024-10-26
C007061,Z007,100,Activo,2025-05-16
C007062,Z007,500,ACTIVO,2024-03-20
C007063,Z007,300,ACTIVO,2025-03-19
C007064,Z007,200,ACTIVO,2024-12-13
C007065,Z007,200,ACTIVO,2025-06-16
C007066,Z007,300,ACTIVO,2024-05-02
C007067,Z007,100,ACTIVO,2026-05-19
C007068,Z007,200,Activo,2025-02-20
C007069,Z007,300,ACTIVO,2025-02-06
C007070,Z007,200,Activo,2024-12-20
C007071,Z007,200, activo ,2024-06-12
C007072,Z007,300,ACTIVO,2025-06-11
C007073,Z007,500,ACTIVO,2026-02-10
C007074,Z007,500,Activo,2025-01-19
C007075,Z007,200,ACTIVO,2025-05-23
C007076,Z007,500,ACTIVO,2024-08-08
C007077,Z007,100,ACTIVO,2024-04-25
C007078,Z007,300,ACTIVO,2026-05-30
C007079,Z007,500,ACTIVO,2024-04-17
C007080,Z007,300,ACTIVO,2025-12-16
C007081,Z007,300,SUSPENDIDO,2024-11-03
C007082,Z007,100, activo ,2024-06-29
C007083,Z007,200,ACTIVO,2024-05-04
C007084,Z007,500,Activo,2024-07-19
C007085,Z007,600,ACTIVO,2024-07-22
C007086,Z007,200,Activo,2026-05-28
C007087,Z007,300,ACTIVO,2024-02-13
C007088,Z007,100,ACTIVO,2025-05-21
C007089,Z007,300,ACTIVO,2026-05-03
C007090,Z007,200,ACTIVO,2025-09-22
C007091,Z007,300,ACTIVO,2024-08-12
C007092,Z007,600,ACTIVO,2026-05-15
C007093,Z007,200,ACTIVO,2024-01-29
C007094,Z007,100, activo ,2025-12-01
C007095,Z007,600,ACTIVO,2025-05-22
C007096,Z007,200,ACTIVO,2025-09-06
C007097,Z007,100,Activo,2025-08-01
C007098,Z007,500,ACTIVO,2024-05-29
C007099,Z007,300, activo ,2025-05-12
C007100,Z007,300,ACTIVO,2025-10-26
C007101,Z007,200,ACTIVO,2025-02-20
C007102,Z007,200,ACTIVO,2026-05-01
C007103,Z007,300,ACTIVO,2025-03-07
C007104,Z007,200,ACTIVO,2026-03-08
C007105,Z007,300,ACTIVO,2024-12-25
C007106,Z007,200,ACTIVO,2026-04-19
C007107,Z007,200,ACTIVO,2025-07-29
C007108,Z007,200,ACTIVO,2025-06-08
C007109,Z007,500,ACTIVO,2025-04-25
C007110,Z007,100, activo ,2025-08-09
C007111,Z007,200,ACTIVO,2024-07-06
C007112,Z007,100,ACTIVO,2024-09-27
C007113,Z007,100, activo ,2025-12-25
C007114,Z007,600,ACTIVO,2024-08-27
C007115,Z007,100,ACTIVO,2025-10-10
C007116,Z007,500,ACTIVO,2024-06-14
C007117,Z007,500,ACTIVO,2025-05-01
C007118,Z007,100,Activo,2024-09-26
C007119,Z007,200, activo ,2024-08-27
C007120,Z007,100,Activo,2024-11-25
C007121,Z007,300, activo ,2025-07-12
C007122,Z007,300,ACTIVO,2025-01-18
C007123,Z007,600,ACTIVO,2026-06-14
C007124,Z007,100, activo ,2026-01-16
C007125,Z007,500, activo ,2025-06-20
C007126,Z007,200, activo ,2025-03-04
C007127,Z007,300,Activo,2024-08-14
C007128,Z007,200,ACTIVO,2024-07-31
C007129,Z007,300,ACTIVO,2025-05-20
C007130,Z007,500,ACTIVO,2024-12-31
C007131,Z007,500,ACTIVO,2024-03-22
C007132,Z007,200,ACTIVO,2025-01-30
C007133,Z007,300,ACTIVO,2024-10-12
C007134,Z007,100,Activo,2025-04-12
C007135,Z007,500,ACTIVO,2025-06-02
C007136,Z007,200,Activo,2025-02-15
C007137,Z007,100,ACTIVO,2025-04-02
C007138,Z007,200,Activo,2025-12-07
C007139,Z007,200, activo ,2025-05-13
C007140,Z007,100,ACTIVO,2024-03-10
C007141,Z007,200,Activo,2025-08-10
C007142,Z007,100,Activo,2024-07-25
C007143,Z007,200,Activo,2024-07-30
C007144,Z007,100,Activo,2025-07-30
C007145,Z007,500, activo ,2024-06-09
C007146,Z007,200, activo ,2024-01-08
C007147,Z007,300,ACTIVO,2024-01-02
C007148,Z007,300,Activo,2024-06-24
C007149,Z007,500, activo ,2025-08-06
C007150,Z007,300,ACTIVO,2024-11-01
C007151,Z007,100,ACTIVO,2025-07-13
C007152,Z007,100,ACTIVO,2026-04-14
C007153,Z007,200,ACTIVO,2026-03-26
C007154,Z007,100,ACTIVO,2025-04-28
C007155,Z007,200, activo ,2025-05-03
C007156,Z007,500,ACTIVO,2025-09-22
C007157,Z007,100,ACTIVO,2025-12-26
C007158,Z007,100,ACTIVO,2026-05-16
C007159,Z007,500, activo ,2024-04-30
C007160,Z007,300,ACTIVO,2024-05-14
C007161,Z007,200,ACTIVO,2024-12-07
C007162,Z007,100,Activo,2026-05-21
C007163,Z007,100,Activo,2025-10-29
C007164,Z007,300, activo ,2025-08-10
C007165,Z007,300,Activo,2025-10-20
C007166,Z007,600,ACTIVO,2024-08-16
C007167,Z007,200,ACTIVO,2024-08-03
C007168,Z007,300,ACTIVO,2024-12-20
C007169,Z007,100, activo ,2025-11-25
C007170,Z007,200,SUSPENDIDO,2026-04-15
C007171,Z007,200,ACTIVO,2024-12-20
C007172,Z007,300,Activo,2026-04-05
C007173,Z007,200,ACTIVO,2024-03-19
C007174,Z007,600,ACTIVO,2024-03-15
C007175,Z007,200,ACTIVO,2024-12-13
C007176,Z007 ,200,Activo,2025-08-05
C007177,Z007,200,ACTIVO,2024-05-21
C007178,Z007,100,Activo,2024-01-10
C007179,Z007,500,ACTIVO,2024-02-16
C007180,Z007,200, activo ,2025-04-27
C007181,Z007,600,Activo,2026-06-10
C007182,Z007,200,SUSPENDIDO,2024-03-20
C007183,Z007,100,Activo,2026-05-06
C007184,Z007,300,Activo,2026-04-24
C007185,Z007,200, activo ,2024-11-26
C007186,Z007,500,ACTIVO,2024-12-21
C007187,Z007,300, activo ,2024-10-26
C007188,Z007,200,ACTIVO,2025-05-10
C007189,Z007,500,Activo,2025-11-20
C007190,Z007,500, activo ,2024-08-24
C007191,Z007,500,Activo,2025-08-23
C007192,Z007,500,ACTIVO,2026-05-28
C007193,Z007,600,ACTIVO,2026-04-14
C007194,Z007,300,Activo,2026-04-08
C007195,Z007,200,ACTIVO,2026-02-09
C007196,Z007,300, activo ,2024-09-06
C007197,Z007,100,ACTIVO,2025-08-03
C007198,Z007,200,ACTIVO,2025-08-28
C007199,Z007,100,Activo,2026-01-27
C007200,Z007,500,ACTIVO,2025-06-19
C007201,Z007,100, activo ,2025-07-01
C007202,Z007,200, activo ,2026-06-08
C007203,Z007,300, activo ,2024-08-01
C007204,Z007,100,ACTIVO,2025-01-16
C007205,Z007,300, activo ,2024-02-14
C007206,Z007,100,ACTIVO,2025-02-15
C007207,Z007,300, activo ,2024-12-14
C007208,Z007,300,ACTIVO,2024-12-25
C007209,Z007,500, activo ,2025-01-24
C007210,Z007,300, activo ,2024-06-28
C007211,Z007,500,ACTIVO,2024-01-13
C007212,Z007,300,Activo,2024-06-07
C007213,Z007,200,SUSPENDIDO,2025-03-10
C007214,Z007,500,ACTIVO,2024-07-25
C007215,Z007,100,ACTIVO,2025-08-11
C007216,Z007,500,ACTIVO,2025-07-19
C007217,Z007,100, activo ,2025-08-18
C007218,Z007,200, activo ,2025-05-23
C007219,Z007,100,ACTIVO,2026-04-22
C007220,Z007,300,ACTIVO,2025-04-26
C007221,Z007,500,ACTIVO,2024-08-03
C007222,Z007,100,ACTIVO,2026-06-10
C007223,Z007,100,ACTIVO,2026-01-21
C007224,Z007,500, activo ,2025-01-29
C007225,Z007,300,ACTIVO,2026-02-20
C007226,Z007,200,Activo,2026-02-18
C007227,Z007,300,ACTIVO,2026-03-22
C007228,Z007,500,ACTIVO,2025-04-08
C007229,Z007,300,SUSPENDIDO,2024-08-09
C007230,Z007,200,ACTIVO,2024-11-20
C007231,Z007,500,ACTIVO,2026-02-16
C007232,Z007,100,SUSPENDIDO,2025-03-13
C007233,Z007,500,Activo,2025-11-18
C007234,Z007,300,SUSPENDIDO,2026-05-14
C007235,Z007,100,ACTIVO,2024-10-14
C007236,Z007,200,ACTIVO,2026-03-07
C007237,Z007,300,Activo,2025-03-10
C007238,Z007,200,ACTIVO,2024-11-05
C007239,Z007,100,ACTIVO,2024-03-24
C007240,Z007,300,ACTIVO,2025-04-28
C007241,Z007,200,Activo,2025-04-26
C007242,Z007,200,ACTIVO,2024-05-21
C007243,Z007,300,ACTIVO,2025-06-19
C007244,Z007,300, activo ,2025-02-07
C007245,Z007,300, activo ,2025-01-02
C007246,Z007,200,ACTIVO,2025-09-03
C007247,Z007,100,ACTIVO,2024-03-28
C007248,Z007,200,Activo,2024-05-03
C007249,Z007,300,ACTIVO,2024-03-30
C007250,Z007,100,ACTIVO,2025-04-02
C007251,Z007,200,ACTIVO,2024-07-15
C007252,Z007,600,ACTIVO,2024-08-21
C007253,Z007,300,ACTIVO,2024-07-02
C007254,Z007,200,SUSPENDIDO,2024-06-12
C007255,Z007,100,ACTIVO,2024-07-09
C007256,Z007,200,ACTIVO,2026-06-10
C007257,Z007,300,ACTIVO,2024-06-15
C007258,Z007,100, activo ,2026-05-11
C007259,Z007,200, activo ,2026-05-11
C007260,Z007,500, activo ,2026-02-01
C007261,Z007,300,ACTIVO,2025-08-12
C007262,Z007,200,ACTIVO,2024-02-16
C007263,Z007,200,Activo,2024-07-18
C007264,Z007,600,ACTIVO,2025-10-12
C007265,Z007,300,Activo,2025-03-18
C007266,Z007,300,ACTIVO,2026-06-08
C007267,Z007,100,SUSPENDIDO,2026-06-11
C007268,Z007,500, activo ,2025-10-06
C007269,Z007,300,Activo,2025-06-26
C007270,Z007,500,ACTIVO,2026-04-16
C007271,Z007,100,ACTIVO,2025-11-21
C007272,Z007,500, activo ,2025-02-05
C007273,Z007,200,ACTIVO,2026-04-25
C007274,Z007,500,Activo,2025-03-31
C007275,Z007,100,ACTIVO,2024-03-29
C007276,Z007,200, activo ,2025-05-14
C007277,Z007,500,ACTIVO,2025-04-03
C007278,Z007,200,ACTIVO,2024-07-20
C007279,Z007,200,ACTIVO,2025-02-10
C007280,Z007,500,ACTIVO,2024-02-29
C007281,Z007,500,ACTIVO,2026-01-18
C007282,Z007,100,ACTIVO,2024-10-05
C007283,Z007,200, activo ,2026-05-20
C007284,Z007,100,ACTIVO,2026-04-07
C007285,Z007,100,Activo,2025-06-10
C007286,Z007,100, activo ,2024-07-03
C007287,Z007,500,Activo,2024-08-23
C007288,Z007,200,ACTIVO,2024-05-27
C007289,Z007,300,Activo,2025-10-13
C007290,Z007,500,ACTIVO,2024-05-07
C007291,Z007,500,ACTIVO,2025-12-22
C007292,Z007,100,Activo,2024-11-20
C007293,Z007,100,ACTIVO,2024-02-01
C007294,Z007,300,Activo,2025-12-04
C007295,Z007,300,Activo,2025-08-03
C007296,Z007,200,ACTIVO,2025-07-31
C007297,Z007,200,ACTIVO,2024-07-14
C007298,Z007,200,ACTIVO,2025-02-25
C007299,Z007,300,Activo,2024-04-26
C007300,Z007,500,ACTIVO,2025-05-18
C007301,Z008,200,ACTIVO,2024-05-27
C007302,Z008,100, activo ,2025-05-04
C007303,Z008,200,ACTIVO,2024-08-17
C007304,Z008,200,Activo,2025-04-21
C007305,Z008,300,Activo,2025-10-18
C007306,Z008,200,ACTIVO,2025-06-29
C007307,Z008,300,ACTIVO,2025-10-21
C007308,Z008,100,Activo,2025-01-28
C007309,Z008,100,SUSPENDIDO,2024-05-14
C007310,Z008,200,ACTIVO,2024-05-09
C007311,Z008,200,ACTIVO,2024-08-19
C007312,Z008,100,ACTIVO,2025-10-08
C007313,Z008,100,ACTIVO,2024-11-23
C007314,Z008,200,Activo,2026-04-27
C007315,Z008,200,ACTIVO,2024-11-10
C007316,Z008,100, activo ,2026-01-11
C007317,Z008,200,ACTIVO,2024-08-02
C007318,Z008,200,SUSPENDIDO,2026-03-27
C007319,Z008,500,ACTIVO,2025-05-29
C007320,Z008,500,ACTIVO,2024-11-02
C007321,Z008,300,ACTIVO,2024-08-13
C007322,Z008,200,Activo,2024-07-04
C007323,Z008,300,Activo,2024-07-08
C007324,Z008,200,ACTIVO,2024-09-01
C007325,Z008,200,ACTIVO,2024-06-05
C007326,Z008,100,ACTIVO,2025-06-22
C007327,Z008,300,ACTIVO,2024-05-22
C007328,Z008,200,ACTIVO,2026-05-23
C007329,Z008,500,ACTIVO,2024-11-06
C007330,Z008,200,ACTIVO,2026-01-05
C007331,Z008,300,ACTIVO,2024-08-16
C007332,Z008,200,ACTIVO,2025-05-15
C007333,Z008,100, activo ,2024-02-01
C007334,Z008,600,ACTIVO,2024-11-09
C007335,Z008,200,ACTIVO,2024-04-24
C007336,Z008,500,ACTIVO,2025-09-16
C007337,Z008,200,Activo,2026-03-29
C007338,Z008,300,Activo,2024-06-21
C007339,Z008,200,Activo,2024-10-08
C007340,Z008,100,ACTIVO,2025-10-23
C007341,Z008,200,Activo,2024-06-03
C007342,Z008,200,ACTIVO,2025-05-25
C007343,Z008,100,ACTIVO,2026-06-04
C007344,Z008,100,ACTIVO,2024-08-04
C007345,Z008,300,Activo,2025-12-26
C007346,Z008,300,ACTIVO,2024-02-10
C007347,Z008,200,SUSPENDIDO,2024-11-27
C007348,Z008,100,ACTIVO,2025-04-14
C007349,Z008,300,ACTIVO,2024-12-16
C007350,Z008,200,ACTIVO,2026-05-18
C007351,Z008,300,Activo,2025-09-23
C007352,Z008,500, activo ,2025-02-14
C007353,Z008,100,ACTIVO,2024-07-09
C007354,Z008,300,Activo,2024-10-08
C007355,Z008,200,SUSPENDIDO,2024-10-12
C007356,Z008,500, activo ,2024-10-03
C007357,Z008,100,ACTIVO,2024-01-21
C007358,Z008,500,ACTIVO,2024-07-12
C007359,Z008,500,ACTIVO,2026-04-09
C007360,Z008,500,ACTIVO,2025-02-15
C007361,Z008,300,ACTIVO,2024-02-12
C007362,Z008,100,ACTIVO,2024-04-01
C007363,Z008,300,ACTIVO,2026-04-12
C007364,Z008,100,Activo,2025-02-12
C007365,Z008,500,Activo,2025-07-12
C007366,Z008,100,ACTIVO,2026-06-05
C007367,Z008,200,ACTIVO,2024-11-07
C007368,Z008,500,ACTIVO,2025-09-09
C007369,Z008,500,ACTIVO,2024-10-10
C007370,Z008,200,Activo,2025-09-11
C007371,Z008,100, activo ,2025-07-03
C007372,Z008,200,ACTIVO,2026-04-23
C007373,Z008,300,ACTIVO,2024-12-05
C007374,Z008,300, activo ,2025-05-04
C007375,Z008,300,ACTIVO,2026-02-03
C007376,Z008,100,ACTIVO,2026-04-02
C007377,Z008,600,ACTIVO,2026-06-09
C007378,Z008,300, activo ,2024-03-31
C007379,Z008,100,ACTIVO,2026-05-16
C007380,Z008,200,ACTIVO,2024-03-02
C007381,Z008,100, activo ,2024-12-29
C007382,Z008,500, activo ,2025-07-25
C007383,Z008,500,Activo,2025-03-19
C007384,Z008,500,ACTIVO,2024-10-03
C007385,Z008,200,ACTIVO,2025-02-14
C007386,Z008,200, activo ,2024-09-28
C007387,Z008,200,ACTIVO,2024-10-11
C007388,Z008,500,ACTIVO,2024-03-19
C007389,Z008,200,Activo,2024-09-12
C007390,Z008,200,Activo,2026-02-03
C007391,Z008,100, activo ,2024-01-26
C007392,Z008,300,ACTIVO,2025-05-26
C007393,Z008,300,ACTIVO,2025-04-23
C007394,Z008,300, activo ,2025-02-09
C007395,Z008,200, activo ,2025-08-02
C007396,Z008,300,ACTIVO,2024-07-16
C007397,Z008,200, activo ,2024-09-17
C007398,Z008,500,ACTIVO,2024-01-11
C007399,Z008,300,ACTIVO,2025-06-18
C007400,Z008,500,ACTIVO,2025-07-31
C007401,Z008,200, activo ,2025-09-25
C007402,Z008,100,Activo,2025-10-03
C007403,Z008,300,Activo,2024-09-06
C007404,Z008,200,SUSPENDIDO,2024-10-11
C007405,Z008,300,ACTIVO,2024-03-09
C007406,Z008,100,ACTIVO,2026-06-07
C007407,Z008,300,Activo,2024-01-30
C007408,Z008,300,ACTIVO,2026-05-20
C007409,Z008,200,ACTIVO,2024-05-11
C007410,Z008,100,ACTIVO,2026-04-11
C007411,Z008,200,ACTIVO,2024-09-26
C007412,Z008,300,ACTIVO,2024-09-20
C007413,Z008,600, activo ,2024-05-29
C007414,Z008,500,ACTIVO,2024-03-17
C007415,Z008,100,ACTIVO,2025-12-26
C007416,Z008,300,ACTIVO,2025-12-28
C007417,Z008,300,Activo,2025-10-13
C007418,Z008,300, activo ,2025-10-30
C007419,Z008,300,ACTIVO,2025-12-18
C007420,Z008,200,Activo,2025-12-30
C007421,Z008,300,ACTIVO,2025-03-31
C007422,Z008,300, activo ,2024-05-25
C007423,Z008,500,Activo,2024-12-11
C007424,Z008,200,Activo,2024-07-23
C007425,Z008,200,Activo,2026-04-21
C007426,Z008,100,Activo,2024-10-05
C007427,Z008,300,Activo,2026-03-05
C007428,Z008,500,ACTIVO,2024-08-29
C007429,Z008,300,Activo,2024-12-22
C007430,Z008,300,ACTIVO,2025-01-09
C007431,Z008,200,Activo,2026-05-02
C007432,Z008,500,ACTIVO,2024-03-18
C007433,Z008,100,Activo,2024-06-12
C007434,Z008,600,ACTIVO,2024-07-27
C007435,Z008,200,ACTIVO,2025-07-06
C007436,Z008,100,ACTIVO,2024-02-07
C007437,Z008,200,ACTIVO,2026-04-24
C007438,Z008,100,ACTIVO,2025-01-22
C007439,Z008,100,ACTIVO,2024-05-23
C007440,Z008,100,ACTIVO,2024-10-11
C007441,Z008,500,ACTIVO,2024-08-02
C007442,Z008,300,ACTIVO,2024-05-31
C007443,Z008,100, activo ,2025-04-26
C007444,Z008,600, activo ,2025-10-05
C007445,Z008,300,Activo,2025-04-06
C007446,Z008,500,ACTIVO,2025-01-03
C007447,Z008,200,ACTIVO,2024-10-17
C007448,Z008,200, activo ,2025-06-11
C007449,Z008,100, activo ,2024-07-10
C007450,Z008,300,ACTIVO,2024-01-14
C007451,Z008,200,ACTIVO,2026-03-11
C007452,Z008,100, activo ,2024-07-20
C007453,Z008,100,Activo,2024-02-11
C007454,Z008,100, activo ,2025-10-02
C007455,Z008,300, activo ,2025-03-22
C007456,Z008,300,SUSPENDIDO,2025-12-29
C007457,Z008,100,ACTIVO,2025-11-29
C007458,Z008,200,Activo,2025-09-25
C007459,Z008,200,ACTIVO,2026-01-18
C007460,Z008,100,ACTIVO,2026-03-14
C007461,Z008,300, activo ,2024-10-26
C007462,Z008,100, activo ,2026-01-18
C007463,Z008,300, activo ,2024-07-27
C007464,Z008,200,ACTIVO,2024-03-02
C007465,Z008,300,ACTIVO,2024-09-15
C007466,Z008,300,ACTIVO,2025-04-29
C007467,Z008,200,ACTIVO,2026-02-03
C007468,Z008,300,ACTIVO,2026-02-22
C007469,Z008,500,Activo,2024-02-29
C007470,Z008,300,SUSPENDIDO,2024-09-08
C007471,Z008,100,Activo,2026-02-28
C007472,Z008,500,Activo,2024-05-21
C007473,Z008,500,Activo,2026-06-05
C007474,Z008,200, activo ,2024-01-16
C007475,Z008,100,ACTIVO,2024-03-26
C007476,Z008,200,ACTIVO,2025-10-09
C007477,Z008,200,ACTIVO,2024-07-12
C007478,Z008,200,ACTIVO,2025-08-24
C007479,Z008,500,ACTIVO,2024-08-10
C007480,Z008,200,ACTIVO,2025-08-28
C007481,Z008,300,Activo,2026-03-18
C007482,Z008,200,ACTIVO,2026-04-30
C007483,Z008,200,ACTIVO,2025-10-08
C007484,Z008,500, activo ,2024-07-24
C007485,Z008,200,ACTIVO,2024-05-09
C007486,Z008,200,ACTIVO,2024-02-06
C007487,Z008,500,ACTIVO,2025-04-23
C007488,Z008,100,ACTIVO,2024-05-21
C007489,Z008,500, activo ,2024-12-19
C007490,Z008,500,ACTIVO,2026-01-12
C007491,Z008,300,Activo,2026-06-13
C007492,Z008,200,Activo,2024-07-21
C007493,Z008,500,ACTIVO,2024-06-05
C007494,Z008,500, activo ,2026-03-13
C007495,Z008,100,ACTIVO,2024-08-08
C007496,Z008,200,ACTIVO,2025-09-14
C007497,Z008,300,ACTIVO,2025-12-09
C007498,Z008,500,ACTIVO,2025-02-05
C007499,Z008,500,ACTIVO,2025-05-28
C007500,Z008,100,ACTIVO,2024-11-08
C007501,Z008,200, activo ,2024-11-12
C007502,Z008,100,ACTIVO,2026-04-07
C007503,Z008,300,ACTIVO,2025-01-02
C007504,Z008,200,ACTIVO,2024-09-24
C007505,Z008,200,ACTIVO,2025-02-17
C007506,Z008,200,ACTIVO,2025-10-26
C007507,Z008,200,ACTIVO,2024-03-07
C007508,Z008,300, activo ,2026-03-06
C007509,Z008,200,ACTIVO,2024-07-31
C007510,Z008,300,ACTIVO,2024-08-01
C007511,Z008,200,ACTIVO,2026-05-06
C007512,Z008,100,ACTIVO,2024-09-02
C007513,Z008,300,SUSPENDIDO,2025-05-15
C007514,Z008,100,ACTIVO,2024-06-09
C007515,Z008,100,Activo,2025-07-13
C007516,Z008,600, activo ,2024-01-06
C007517,Z008,200, activo ,2025-10-01
C007518,Z008,600,ACTIVO,2025-07-19
C007519,Z008,600,ACTIVO,2026-01-03
C007520,Z008,500,ACTIVO,2024-11-14
C007521,Z008,100,ACTIVO,2024-07-23
C007522,Z008,200,ACTIVO,2024-05-14
C007523,Z008,300, activo ,2024-08-13
C007524,Z008,500,ACTIVO,2024-01-13
C007525,Z008,300,Activo,2024-09-12
C007526,Z008,100,ACTIVO,2026-03-23
C007527,Z008,500,Activo,2024-05-28
C007528,Z008,300, activo ,2024-03-27
C007529,Z008,200,Activo,2024-02-11
C007530,Z008,200,ACTIVO,2026-01-26
C007531,Z008,300,ACTIVO,2026-02-02
C007532,Z008,300,ACTIVO,2024-12-28
C007533,Z008,500, activo ,2025-05-21
C007534,Z008,200,ACTIVO,2025-12-25
C007535,Z008,300,ACTIVO,2024-01-06
C007536,Z008,100,ACTIVO,2025-04-10
C007537,Z008,300,ACTIVO,2026-05-04
C007538,Z008,100,ACTIVO,2025-01-10
C007539,Z008,200, activo ,2024-01-11
C007540,Z008,600,ACTIVO,2026-03-19
C007541,Z008,200,ACTIVO,2024-05-28
C007542,Z008,300, activo ,2025-07-31
C007543,Z008,200,ACTIVO,2026-05-25
C007544,Z008,200, activo ,2026-05-14
C007545,Z008,300,ACTIVO,2024-08-03
C007546,Z008,500,Activo,2026-04-13
C007547,Z008,100,ACTIVO,2025-07-30
C007548,Z008,100,ACTIVO,2025-09-06
C007549,Z008,200,ACTIVO,2025-09-23
C007550,Z008,300,ACTIVO,2025-10-11
C007551,Z008,300,ACTIVO,2024-07-14
C007552,Z008,200,ACTIVO,2024-03-04
C007553,Z008,200,Activo,2024-07-28
C007554,Z008,300,ACTIVO,2024-12-14
C007555,Z008,300,ACTIVO,2025-07-14
C007556,Z008,300, activo ,2024-05-24
C007557,Z008,100,Activo,2024-11-24
C007558,Z008,100, activo ,2025-12-12
C007559,Z008,200,Activo,2025-06-28
C007560,Z008,600,ACTIVO,2026-03-20
C007561,Z008,300,ACTIVO,2026-02-12
C007562,Z008,500,ACTIVO,2024-09-18
C007563,Z008,500,ACTIVO,2026-01-26
C007564,Z008,100,ACTIVO,2024-07-15
C007565,Z008,100,ACTIVO,2025-08-06
C007566,Z008,500,Activo,2026-06-06
C007567,Z008,100,ACTIVO,2025-10-18
C007568,Z008,100,ACTIVO,2025-09-04
C007569,Z008,500,ACTIVO,2025-01-28
C007570,Z008,100,ACTIVO,2026-03-26
C007571,Z008,100, activo ,2024-02-10
C007572,Z008,300,ACTIVO,2025-06-27
C007573,Z008,500,ACTIVO,2024-04-18
C007574,Z008,300,Activo,2025-06-23
C007575,Z008,300,ACTIVO,2024-11-22
C007576,Z008,200,SUSPENDIDO,2026-02-19
C007577,Z008,200,ACTIVO,2024-10-21
C007578,Z008,300,ACTIVO,2024-10-11
C007579,Z008,500,Activo,2025-06-08
C007580,Z008,200, activo ,2024-07-11
C007581,Z008,500,ACTIVO,2024-11-16
C007582,Z008,100,Activo,2026-04-12
C007583,Z008,300,ACTIVO,2024-05-25
C007584,Z008,300,ACTIVO,2024-01-10
C007585,Z008,100,ACTIVO,2024-02-18
C007586,Z008,100,ACTIVO,2025-11-23
C007587,Z008,600,Activo,2025-12-28
C007588,Z008,200,ACTIVO,2025-05-07
C007589,Z008,200,ACTIVO,2025-02-07
C007590,Z008,100,Activo,2024-03-16
C007591,Z008,100,ACTIVO,2025-05-15
C007592,Z008,100,Activo,2026-02-19
C007593,Z008,200,ACTIVO,2025-02-08
C007594,Z008,100, activo ,2024-01-22
C007595,Z008,200,ACTIVO,2026-01-03
C007596,Z008,200,ACTIVO,2024-11-05
C007597,Z008,300,ACTIVO,2024-10-21
C007598,Z008,500,ACTIVO,2025-06-26
C007599,Z008,500,ACTIVO,2025-09-22
C007600,Z008,300,Activo,2025-02-15
C007601,Z008,100,SUSPENDIDO,2025-07-29
C007602,Z008,200,ACTIVO,2026-04-28
C007603,Z008,300, activo ,2026-01-29
C007604,Z008,100,Activo,2025-06-11
C007605,Z008,100,Activo,2025-03-16
C007606,Z008,300,ACTIVO,2025-06-12
C007607,Z008,200,Activo,2025-11-01
C007608,Z008,100,ACTIVO,2024-09-27
C007609,Z008,500,ACTIVO,2024-11-29
C007610,Z008,200, activo ,2025-08-17
C007611,Z008,200,ACTIVO,2026-01-20
C007612,Z008,100, activo ,2024-06-27
C007613,Z008,300,Activo,2026-06-17
C007614,Z008,500,SUSPENDIDO,2025-10-05
C007615,Z008,300,ACTIVO,2025-01-23
C007616,Z008,300,Activo,2024-04-01
C007617,Z008,300,ACTIVO,2025-05-07
C007618,Z008,200,ACTIVO,2025-10-09
C007619,Z008,500,ACTIVO,2024-02-04
C007620,Z008,200,ACTIVO,2024-09-12
C007621,Z008,200,ACTIVO,2026-01-03
C007622,Z008,300,ACTIVO,2025-07-03
C007623,Z008,200,ACTIVO,2024-03-22
C007624,Z008,200,ACTIVO,2024-10-25
C007625,Z008,200, activo ,2024-05-02
C007626,Z008,600,ACTIVO,2025-02-26
C007627,Z008,300,ACTIVO,2026-01-20
C007628,Z008,500,ACTIVO,2025-11-17
C007629,Z008,200, activo ,2024-02-08
C007630,Z008,600,ACTIVO,2026-04-20
C007631,Z008,100,ACTIVO,2025-03-03
C007632,Z008,100,ACTIVO,2025-10-22
C007633,Z008,300,ACTIVO,2024-06-19
C007634,Z008,100, activo ,2025-10-20
C007635,Z008,200,ACTIVO,2025-03-09
C007636,Z008,200,ACTIVO,2025-05-04
C007637,Z008,500,ACTIVO,2026-01-23
C007638,Z008,300,ACTIVO,2024-02-20
C007639,Z008,200,ACTIVO,2024-02-19
C007640,Z008,100,ACTIVO,2025-03-13
C007641,Z008,100,ACTIVO,2025-03-24
C007642,Z008,300,ACTIVO,2025-07-13
C007643,Z008,100,Activo,2026-02-22
C007644,Z008,500,ACTIVO,2025-04-23
C007645,Z008,100,ACTIVO,2024-05-17
C007646,Z008,200,ACTIVO,2025-07-27
C007647,Z008,100,Activo,2026-06-06
C007648,Z008,300,ACTIVO,2024-09-24
C007649,Z008,200,ACTIVO,2024-08-23
C007650,Z008,100,ACTIVO,2026-06-04
C007651,Z008,500,ACTIVO,2026-05-28
C007652,Z008,200,Activo,2024-09-09
C007653,Z008,200, activo ,2026-01-26
C007654,Z008,200,ACTIVO,2025-11-03
C007655,Z008,500, activo ,2025-01-20
C007656,Z008,100,Activo,2026-01-22
C007657,Z008,300, activo ,2024-10-01
C007658,Z008,300,Activo,2024-08-25
C007659,Z008,500,Activo,2025-06-21
C007660,Z008,200,ACTIVO,2026-02-06
C007661,Z008,200, activo ,2025-08-06
C007662,Z008,300,SUSPENDIDO,2024-04-28
C007663,Z008,500,Activo,2025-05-05
C007664,Z008,100,ACTIVO,2025-12-14
C007665,Z008,200, activo ,2026-03-19
C007666,Z008,100,Activo,2024-09-11
C007667,Z008,200, activo ,2024-04-08
C007668,Z008,500,ACTIVO,2025-03-09
C007669,Z008,300,Activo,2026-05-22
C007670,Z008,200, activo ,2024-08-27
C007671,Z008,100,Activo,2026-04-07
C007672,Z008,300,ACTIVO,2024-05-10
C007673,Z008,300,ACTIVO,2024-02-13
C007674,Z008,200, activo ,2024-07-02
C007675,Z008,300,SUSPENDIDO,2026-04-04
C007676,Z008,300,ACTIVO,2025-12-07
C007677,Z008,500,ACTIVO,2026-02-22
C007678,Z008,500, activo ,2024-12-28
C007679,Z008,200,ACTIVO,2026-06-15
C007680,Z008,300,ACTIVO,2025-07-01
C007681,Z008,300,ACTIVO,2025-05-18
C007682,Z008,300,ACTIVO,2024-09-28
C007683,Z008,300,ACTIVO,2024-10-17
C007684,Z008,200,SUSPENDIDO,2026-01-06
C007685,Z008,300,ACTIVO,2024-04-03
C007686,Z008,200,ACTIVO,2026-05-30
C007687,Z008,500, activo ,2025-11-19
C007688,Z008,600,ACTIVO,2025-09-19
C007689,Z008,100,ACTIVO,2026-03-18
C007690,Z008,300,ACTIVO,2024-11-07
C007691,Z008,300,ACTIVO,2025-02-19
C007692,Z008,300,ACTIVO,2024-11-14
C007693,Z008,300,Activo,2026-03-03
C007694,Z008,500,SUSPENDIDO,2025-05-26
C007695,Z008,100,Activo,2025-05-26
C007696,Z008,200,Activo,2024-08-01
C007697,Z008,300, activo ,2024-02-18
C007698,Z008,300,ACTIVO,2025-09-26
C007699,Z008,100,ACTIVO,2024-03-24
C007700,Z008,300,ACTIVO,2025-04-21
C007701,Z008,200,ACTIVO,2024-04-24
C007702,Z008,200,ACTIVO,2025-05-25
C007703,Z008,100,ACTIVO,2025-02-09
C007704,Z008,500,ACTIVO,2025-04-09
C007705,Z008,200,ACTIVO,2026-02-20
C007706,Z008,200,ACTIVO,2025-08-07
C007707,Z008,500,SUSPENDIDO,2026-02-12
C007708,Z008,300,ACTIVO,2025-01-29
C007709,Z008,100,ACTIVO,2024-10-11
C007710,Z008,100,ACTIVO,2025-10-26
C007711,Z008,100,ACTIVO,2025-07-01
C007712,Z008,300,ACTIVO,2024-12-30
C007713,Z008,200,ACTIVO,2026-05-10
C007714,Z008,200,ACTIVO,2025-11-08
C007715,Z008,500,Activo,2024-11-29
C007716,Z008,200,ACTIVO,2025-03-05
C007717,Z008,100, activo ,2025-01-14
C007718,Z008,100,ACTIVO,2025-06-18
C007719,Z008,200,ACTIVO,2024-04-23
C007720,Z008,200, activo ,2025-05-08
C007721,Z008,300, activo ,2025-01-30
C007722,Z008,500,SUSPENDIDO,2026-02-15
C007723,Z008,200,ACTIVO,2025-05-31
C007724,Z008,300,Activo,2024-05-28
C007725,Z008,100, activo ,2024-05-06
C007726,Z008,300,ACTIVO,2025-12-05
C007727,Z008,100,ACTIVO,2026-03-01
C007728,Z008,300,ACTIVO,2024-05-23
C007729,Z008,200,ACTIVO,2025-03-07
C007730,Z008,200,SUSPENDIDO,2025-06-06
C007731,Z008,100, activo ,2024-05-21
C007732,Z008,100,SUSPENDIDO,2024-01-01
C007733,Z008,300,Activo,2024-04-29
C007734,Z008,200, activo ,2025-10-15
C007735,Z008,100, activo ,2026-04-23
C007736,Z008,500,Activo,2026-04-25
C007737,Z008,300,ACTIVO,2024-07-22
C007738,Z008,500,Activo,2024-12-21
C007739,Z008,200, activo ,2024-06-15
C007740,Z008,500, activo ,2024-02-18
C007741,Z008,100,ACTIVO,2026-03-16
C007742,Z008,100,SUSPENDIDO,2025-10-04
C007743,Z008,100,ACTIVO,2025-09-01
C007744,Z008,300,ACTIVO,2024-02-07
C007745,Z008,500,SUSPENDIDO,2024-04-14
C007746,Z008,100,ACTIVO,2025-07-03
C007747,Z008,500,ACTIVO,2025-02-16
C007748,Z008,500,Activo,2026-03-15
C007749,Z008,300,SUSPENDIDO,2025-02-07
C007750,Z008,300,ACTIVO,2025-11-11
C007751,Z008,200,ACTIVO,2026-05-16
C007752,Z008,300, activo ,2026-05-01
C007753,Z008,100, activo ,2024-03-14
C007754,Z008,300,ACTIVO,2025-01-10
C007755,Z008,500,Activo,2025-09-09
C007756,Z008,200,ACTIVO,2025-02-15
C007757,Z008,200,ACTIVO,2025-01-01
C007758,Z008,200,ACTIVO,2025-02-21
C007759,Z008,300,ACTIVO,2024-01-21
C007760,Z008,500,ACTIVO,2024-03-21
C007761,Z008,300, activo ,2024-08-26
C007762,Z008,200,ACTIVO,2025-11-21
C007763,Z008,500, activo ,2026-01-15
C007764,Z008,300, activo ,2024-06-09
C007765,Z008,500,ACTIVO,2024-02-04
C007766,Z008,200,ACTIVO,2025-01-27
C007767,Z008,300,ACTIVO,2026-04-25
C007768,Z008,200, activo ,2024-09-24
C007769,Z008,500, activo ,2026-01-03
C007770,Z008,600,ACTIVO,2026-04-02
C007771,Z008,100, activo ,2025-11-04
C007772,Z008,200,SUSPENDIDO,2025-07-24
C007773,Z008,200, activo ,2025-04-22
C007774,Z008,100, activo ,2025-06-17
C007775,Z008,300,Activo,2024-06-04
C007776,Z008,100,ACTIVO,2025-07-07
C007777,Z008,100,ACTIVO,2026-02-22
C007778,Z008,300,ACTIVO,2024-10-29
C007779,Z008,300,ACTIVO,2024-03-15
C007780,Z008,500,SUSPENDIDO,2024-08-16
C007781,Z008,500,ACTIVO,2025-07-06
C007782,Z008,100,ACTIVO,2025-10-17
C007783,Z008,500,ACTIVO,2025-04-17
C007784,Z008,300,ACTIVO,2026-04-15
C007785,Z008,100, activo ,2024-04-02
C007786,Z008,100,ACTIVO,2025-02-16
C007787,Z008,600,ACTIVO,2025-03-25
C007788,Z008,300,ACTIVO,2026-05-19
C007789,Z008,200,Activo,2025-08-28
C007790,Z008,100,ACTIVO,2025-01-26
C007791,Z008,500,Activo,2024-08-26
C007792,Z008,200,ACTIVO,2025-03-26
C007793,Z008,300,ACTIVO,2025-06-06
C007794,Z008,500,ACTIVO,2026-06-14
C007795,Z008,500,Activo,2026-04-22
C007796,Z008,100, activo ,2025-08-22
C007797,Z008,200, activo ,2026-05-20
C007798,Z008,200,SUSPENDIDO,2024-09-26
C007799,Z008,200,ACTIVO,2024-02-17
C007800,Z008,100, activo ,2026-01-22
C007801,Z008,500,ACTIVO,2025-08-22
C007802,Z008,600, activo ,2025-06-08
C007803,Z008,200,Activo,2024-07-19
C007804,Z008,100,Activo,2025-06-27
C007805,Z008,200,ACTIVO,2026-05-02
C007806,Z008,500,ACTIVO,2025-01-12
C007807,Z008,200,ACTIVO,2025-08-18
C007808,Z008,600,ACTIVO,2024-05-19
C007809,Z008,100,SUSPENDIDO,2024-11-16
C007810,Z008,200, activo ,2024-01-25
C007811,Z008,300,ACTIVO,2025-06-27
C007812,Z008,300,Activo,2025-09-29
C007813,Z008,200, activo ,2024-06-08
C007814,Z008,300, activo ,2025-05-18
C007815,Z008,500, activo ,2024-05-01
C007816,Z008,100,ACTIVO,2024-09-17
C007817,Z008,100,Activo,2024-06-30
C007818,Z008,300,ACTIVO,2025-10-25
C007819,Z008,500,ACTIVO,2025-05-02
C007820,Z008,300,ACTIVO,2025-04-08
C007821,Z008,300,ACTIVO,2024-07-16
C007822,Z008,100,ACTIVO,2025-06-04
C007823,Z008,100,ACTIVO,2026-04-22
C007824,Z008,500,ACTIVO,2026-03-13
C007825,Z008,100, activo ,2025-07-09
C007826,Z008,200,ACTIVO,2024-01-07
C007827,Z008,300,SUSPENDIDO,2025-02-17
C007828,Z008,600, activo ,2024-06-03
C007829,Z008,600,Activo,2026-02-05
C007830,Z008,300, activo ,2026-02-10
C007831,Z008,100,Activo,2024-12-20
C007832,Z008,100,ACTIVO,2025-07-19
C007833,Z008,100,ACTIVO,2026-03-18
C007834,Z008,200,ACTIVO,2024-06-27
C007835,Z008,300,ACTIVO,2024-05-21
C007836,Z008,200,ACTIVO,2024-08-04
C007837,Z008,100,SUSPENDIDO,2026-04-26
C007838,Z008,200,ACTIVO,2024-09-27
C007839,Z008,500,ACTIVO,2025-05-27
C007840,Z008,300,ACTIVO,2024-08-11
C007841,Z008,200,SUSPENDIDO,2024-10-28
C007842,Z008,300,ACTIVO,2026-06-15
C007843,Z008,300,SUSPENDIDO,2025-03-12
C007844,Z008,100,ACTIVO,2026-04-13
C007845,Z008,100, activo ,2024-01-09
C007846,Z008,200,ACTIVO,2025-03-17
C007847,Z008,200, activo ,2024-06-08
C007848,Z008,200,Activo,2025-01-03
C007849,Z008,300,Activo,2025-08-10
C007850,Z008,100,ACTIVO,2026-01-09
C007851,Z008,100,Activo,2025-06-21
C007852,Z008,200, activo ,2026-04-21
C007853,Z008,300,SUSPENDIDO,2024-06-12
C007854,Z008,100,Activo,2025-02-27
C007855,Z008,500,Activo,2024-08-06
C007856,Z008,200,Activo,2026-02-15
C007857,Z008,200,ACTIVO,2024-02-23
C007858,Z008,100,ACTIVO,2024-08-06
C007859,Z008,300, activo ,2025-06-18
C007860,Z008,200,ACTIVO,2024-10-09
C007861,Z008,200,ACTIVO,2025-11-03
C007862,Z008,500,ACTIVO,2025-05-31
C007863,Z008,300,Activo,2025-08-14
C007864,Z008,200,ACTIVO,2024-05-17
C007865,Z008,200, activo ,2026-04-26
C007866,Z008,200,ACTIVO,2025-03-08
C007867,Z008,200, activo ,2025-05-06
C007868,Z008,300,ACTIVO,2024-09-29
C007869,Z008,100,ACTIVO,2025-03-02
C007870,Z008,100,Activo,2026-03-22
C007871,Z008,100,Activo,2025-02-05
C007872,Z008,300,ACTIVO,2025-06-12
C007873,Z008,100, activo ,2025-03-02
C007874,Z008,100,ACTIVO,2025-05-27
C007875,Z008,100,ACTIVO,2025-12-04
C007876,Z008,100,ACTIVO,2025-01-16
C007877,Z008,300, activo ,2024-03-19
C007878,Z008,200,Activo,2025-09-24
C007879,Z008,200,Activo,2026-01-31
C007880,Z008,100,Activo,2024-01-05
C007881,Z008,100,Activo,2025-08-21
C007882,Z008,100,ACTIVO,2025-07-27
C007883,Z008,300,Activo,2024-08-09
C007884,Z008,200, activo ,2026-01-04
C007885,Z008,200,ACTIVO,2024-05-30
C007886,Z008,200,ACTIVO,2025-07-03
C007887,Z008,200, activo ,2025-03-06
C007888,Z008,600,ACTIVO,2026-04-02
C007889,Z008,200, activo ,2025-02-07
C007890,Z008,200,ACTIVO,2024-10-13
C007891,Z008,300,Activo,2024-11-13
C007892,Z008,100,Activo,2024-10-13
C007893,Z008,300,ACTIVO,2025-06-23
C007894,Z008,600,Activo,2024-10-10
C007895,Z008,300,Activo,2025-12-07
C007896,Z008,200,ACTIVO,2026-05-09
C007897,Z008,200, activo ,2025-08-22
C007898,Z008,100,ACTIVO,2024-04-18
C007899,Z008,300,Activo,2025-03-17
C007900,Z008,200,Activo,2024-11-30
C007901,Z008,100,Activo,2024-01-20
C007902,Z008,500,ACTIVO,2024-07-08
C007903,Z008,300,ACTIVO,2024-08-21
C007904,Z008,300,ACTIVO,2024-08-16
C007905,Z008,300,ACTIVO,2026-01-24
C007906,Z008,500,ACTIVO,2025-05-27
C007907,Z008,500,ACTIVO,2025-10-21
C007908,Z008,300,ACTIVO,2024-10-22
C007909,Z008,100,ACTIVO,2025-06-14
C007910,Z008,300,ACTIVO,2025-04-05
C007911,Z008,100,ACTIVO,2025-01-20
C007912,Z008,100,ACTIVO,2024-09-21
C007913,Z008,500,Activo,2024-03-02
C007914,Z008,200,ACTIVO,2024-09-23
C007915,Z008,200,ACTIVO,2026-01-14
C007916,Z008,300,ACTIVO,2026-03-24
C007917,Z008 ,100,Activo,2024-01-05
C007918,Z008,100, activo ,2026-04-22
C007919,Z008,100,Activo,2024-04-29
C007920,Z008,300,ACTIVO,2024-06-14
C007921,Z008,300,Activo,2024-08-09
C007922,Z008,300,ACTIVO,2025-07-10
C007923,Z008,300,ACTIVO,2025-05-13
C007924,Z008,100,ACTIVO,2025-09-01
C007925,Z008,200,SUSPENDIDO,2026-03-11
C007926,Z008,100,Activo,2025-07-21
C007927,Z008,100,ACTIVO,2024-04-07
C007928,Z008,300, activo ,2024-12-06
C007929,Z008,500,ACTIVO,2025-08-05
C007930,Z008,500,ACTIVO,2024-02-24
C007931,Z008,300,SUSPENDIDO,2024-10-22
C007932,Z008,200, activo ,2024-06-16
C007933,Z008,300, activo ,2026-06-18
C007934,Z008,200, activo ,2025-07-22
C007935,Z008,300, activo ,2024-09-19
C007936,Z008,200,ACTIVO,2025-03-04
C007937,Z008,200,SUSPENDIDO,2024-04-02
C007938,Z008,200,SUSPENDIDO,2026-05-29
C007939,Z008,200, activo ,2024-07-14
C007940,Z008,300,Activo,2025-07-25
C007941,Z008 ,300, activo ,2024-06-03
C007942,Z008,500,ACTIVO,2024-12-18
C007943,Z008,100,Activo,2025-09-30
C007944,Z008,500,ACTIVO,2025-11-06
C007945,Z008,100,ACTIVO,2025-08-15
C007946,Z008,600, activo ,2026-02-26
C007947,Z008,200, activo ,2024-10-08
C007948,Z008,500,ACTIVO,2024-07-11
C007949,Z008,200,ACTIVO,2024-06-06
C007950,Z008,200,ACTIVO,2025-12-06
C007951,Z008,300,SUSPENDIDO,2024-09-25
C007952,Z008,100,Activo,2025-07-27
C007953,Z008,100,ACTIVO,2024-09-07
C007954,Z008,200,ACTIVO,2024-01-29
C007955,Z008,100,ACTIVO,2025-11-14
C007956,Z008,200,ACTIVO,2025-08-05
C007957,Z008,300,Activo,2026-05-17
C007958,Z008,200,Activo,2026-01-17
C007959,Z008,500,Activo,2026-05-03
C007960,Z008,100,ACTIVO,2025-04-19
C007961,Z008,200,ACTIVO,2025-09-19
C007962,Z008,100,ACTIVO,2026-05-05
C007963,Z008,600,Activo,2026-06-02
C007964,Z008,600,ACTIVO,2024-07-07
C007965,Z008,100,ACTIVO,2025-08-24
C007966,Z008,500,ACTIVO,2024-08-04
C007967,Z008,500,ACTIVO,2024-09-27
C007968,Z008,100, activo ,2026-04-16
C007969,Z008,100, activo ,2026-01-10
C007970,Z008,300,ACTIVO,2026-01-18
C007971,Z008,300,Activo,2025-01-31
C007972,Z008,300,SUSPENDIDO,2025-05-16
C007973,Z008,600,ACTIVO,2024-03-08
C007974,Z008,100,Activo,2024-03-23
C007975,Z008,600,ACTIVO,2025-01-23
C007976,Z008,200,ACTIVO,2024-03-29
C007977,Z008,600,Activo,2026-06-02
C007978,Z008,200,ACTIVO,2024-04-16
C007979,Z008,300,Activo,2025-10-09
C007980,Z008,200, activo ,2024-02-21
C007981,Z008,500,ACTIVO,2024-04-14
C007982,Z008,600,Activo,2025-03-12
C007983,Z008,600,ACTIVO,2024-11-27
C007984,Z008,100, activo ,2024-07-09
C007985,Z008,300,ACTIVO,2024-01-31
C007986,Z008,600,ACTIVO,2026-05-26
C007987,Z008,300,Activo,2025-02-11
C007988,Z008,300,ACTIVO,2024-01-04
C007989,Z008,500, activo ,2025-01-31
C007990,Z008,300,ACTIVO,2026-03-25
C007991,Z008,200,Activo,2025-11-25
C007992,Z008,300,ACTIVO,2024-10-17
C007993,Z008,100,ACTIVO,2025-08-30
C007994,Z008,200,Activo,2025-09-09
C007995,Z008,200,Activo,2025-11-12
C007996,Z008,300,ACTIVO,2025-08-07
C007997,Z008,200,ACTIVO,2026-05-09
C007998,Z008,100, activo ,2025-08-23
C007999,Z008,500,ACTIVO,2026-01-14
C008000,Z008,300,ACTIVO,2026-02-01
