timestamp,zona_id,trafico_down_mbps,trafico_up_mbps,latencia_ms,perdida_paquetes_pct
2026-08-01 00:00:00,Z001,2273.31,271.64,13.99,0.082
2026-08-01 01:00:00,Z001,1966.15,191.25,13.54,0.055
2026-08-01 02:00:00,Z001,2171.61,306.33,13.91,0.04
2026-08-01 03:00:00,Z001,2116.18,308.24,15.84,0.098
2026-08-01 04:00:00,Z001,2040.2,254.21,14.46,0.081
2026-08-01 05:00:00,Z001,2138.21,244.95,13.23,0.046
2026-08-01 06:00:00,Z001,2329.41,310.36,13.66,0.091
2026-08-01 07:00:00,Z001,2233.04,346.44,15.05,0.105
2026-08-01 08:00:00,Z001,2198.5,249.49,15.66,0.1
2026-08-01 09:00:00,Z001,2113.56,268.02,15.0,0.017
2026-08-01 10:00:00,Z001,2107.01,264.31,11.69,0.027
2026-08-01 11:00:00,Z001,2180.0,277.67,14.65,0.127
2026-08-01 12:00:00,Z001,2239.04,256.17,12.43,0.068
2026-08-01 13:00:00,Z001,2362.52,310.18,14.32,0.096
2026-08-01 14:00:00,Z001,2555.96,309.6,15.64,0.058
2026-08-01 15:00:00,Z001,2650.92,298.99,14.95,0.05
2026-08-01 16:00:00,Z001,3018.01,277.97,14.71,0.117
2026-08-01 17:00:00,Z001,3789.2,500.89,15.01,0.101
2026-08-01 18:00:00,Z001,4464.24,581.17,13.21,0.074
2026-08-01 19:00:00,Z001,5064.53,582.24,12.12,0.043
2026-08-01 20:00:00,Z001,5635.39,752.81,14.01,0.163
2026-08-01 21:00:00,Z001,5535.98,701.27,15.55,0.112
2026-08-01 22:00:00,Z001,5742.09,781.23,14.07,0.13
2026-08-01 23:00:00,Z001,5340.08,572.55,14.39,0.034
2026-08-02 00:00:00,Z001,2344.78,289.26,15.62,0.077
2026-08-02 01:00:00,Z001,2011.19,320.91,14.16,0.05
2026-08-02 02:00:00,Z001,2307.65,347.39,13.76,0.077
2026-08-02 03:00:00,Z001,2218.01,229.2,13.17,0.133
2026-08-02 04:00:00,Z001,2181.44,234.37,13.46,0.112
2026-08-02 05:00:00,Z001,1999.38,247.56,16.95,0.141
2026-08-02 06:00:00,Z001,2251.12,314.59,15.57,0.076
2026-08-02 07:00:00,Z001,2285.88,335.63,12.48,0.097
2026-08-02 08:00:00,Z001,-100.0,271.11,14.02,0.087
2026-08-02 09:00:00,Z001,2226.7,304.57,14.57,0.075
2026-08-02 10:00:00,Z001,2115.17,238.83,14.31,0.059
2026-08-02 11:00:00,Z001,2300.79,290.94,15.37,0.061
2026-08-02 12:00:00,Z001,2147.36,294.28,14.16,0.074
2026-08-02 13:00:00,Z001,2361.61,306.82,12.49,0.122
2026-08-02 14:00:00,Z001,2372.48,345.2,12.4,0.09
2026-08-02 15:00:00,Z001,2637.47,238.35,14.79,0.022
2026-08-02 16:00:00,Z001,3022.16,412.72,13.36,0.053
2026-08-02 17:00:00,Z001,3771.12,438.42,13.51,0.118
2026-08-02 18:00:00,Z001,4115.95,465.54,15.04,0.043
2026-08-02 19:00:00,Z001,5451.9,636.49,15.05,0.106
2026-08-02 20:00:00,Z001,5539.45,624.93,13.95,0.101
2026-08-02 21:00:00,Z001,5518.65,562.63,15.78,0.058
2026-08-02 22:00:00,Z001,5666.54,662.8,13.81,0.123
2026-08-02 23:00:00,Z001,5029.22,576.59,13.68,0.065
2026-08-03 00:00:00,Z001,2026.98,228.05,16.0,0.101
2026-08-03 01:00:00,Z001,2057.53,277.2,12.1,0.121
2026-08-03 02:00:00,Z001,2211.81,339.61,15.21,0.093
2026-08-03 03:00:00,Z001,2211.43,244.61,13.53,0.078
2026-08-03 04:00:00,Z001,2218.74,237.76,12.85,0.087
2026-08-03 05:00:00,Z001,2157.49,236.14,14.8,0.121
2026-08-03 06:00:00,Z001,2202.91,276.02,13.89,0.132
2026-08-03 07:00:00,Z001,2091.5,280.48,16.35,0.105
2026-08-03 08:00:00,Z001,1996.45,202.47,13.64,0.101
2026-08-03 09:00:00,Z001,2132.82,326.55,14.52,0.07
2026-08-03 10:00:00,Z001,1986.81,273.6,13.99,0.035
2026-08-03 11:00:00,Z001,2103.88,221.04,13.49,0.08
2026-08-03 12:00:00,Z001,2038.02,229.66,13.11,0.058
2026-08-03 13:00:00,Z001,2081.68,234.73,12.93,0.098
2026-08-03 14:00:00,Z001,2322.82,320.37,16.26,0.1
2026-08-03 15:00:00,Z001,2584.28,338.81,14.56,0.082
2026-08-03 16:00:00,Z001,2912.68,304.88,15.01,0.079
2026-08-03 17:00:00,Z001,3692.82,493.83,13.25,0.117
2026-08-03 18:00:00,Z001,3660.52,545.25,12.39,0.095
2026-08-03 19:00:00,Z001,4900.64,670.68,13.61,0.016
2026-08-03 20:00:00,Z001,5233.83,610.85,11.54,0.081
2026-08-03 21:00:00,Z001,5233.73,679.0,13.7,0.139
2026-08-03 22:00:00,Z001,5250.83,664.0,13.74,0.031
2026-08-03 23:00:00,Z001,4763.87,625.5,14.72,0.071
2026-08-04 00:00:00,Z001,1952.99,253.24,14.5,0.105
2026-08-04 01:00:00,Z001,2064.22,195.55,14.64,0.08
2026-08-04 02:00:00,Z001,2220.89,267.46,13.95,0.093
2026-08-04 03:00:00,Z001,2033.86,224.38,13.88,0.052
2026-08-04 04:00:00,Z001,2068.45,308.39,15.25,0.089
2026-08-04 05:00:00,Z001,2235.94,240.65,16.99,0.066
2026-08-04 06:00:00,Z001,2278.47,341.75,11.9,0.124
2026-08-04 07:00:00,Z001,2063.35,230.02,14.63,0.05
2026-08-04 08:00:00,Z001,2137.45,226.33,14.21,0.12
2026-08-04 09:00:00,Z001,2127.34,243.8,14.65,0.038
2026-08-04 10:00:00,Z001,2014.55,228.74,14.94,0.092
2026-08-04 11:00:00,Z001,2152.39,257.4,13.05,0.125
2026-08-04 12:00:00,Z001,2057.85,259.88,13.87,0.097
2026-08-04 13:00:00,Z001,2121.18,288.03,15.65,0.11
2026-08-04 14:00:00,Z001,2318.35,263.07,17.39,0.05
2026-08-04 15:00:00,Z001,2633.48,329.16,13.92,0.086
2026-08-04 16:00:00,Z001,2849.57,360.2,14.38,0.16
2026-08-04 17:00:00,Z001,3633.74,464.17,14.69,0.135
2026-08-04 18:00:00,Z001,3956.6,463.95,11.71,0.097
2026-08-04 19:00:00,Z001,4991.68,524.46,15.72,0.058
2026-08-04 20:00:00,Z001,5230.2,637.0,15.91,0.054
2026-08-04 21:00:00,Z001,5572.08,733.41,14.68,0.098
2026-08-04 22:00:00,Z001,5494.1,613.58,16.03,0.077
2026-08-04 23:00:00,Z001,4755.4,666.78,13.24,0.09
2026-08-05 00:00:00,Z001,2022.02,319.05,16.77,0.077
2026-08-05 01:00:00,Z001,2138.89,256.83,13.58,0.084
2026-08-05 02:00:00,Z001,2086.18,202.76,14.32,0.079
2026-08-05 03:00:00,Z001,2119.36,251.86,13.57,0.106
2026-08-05 04:00:00,Z001,2140.14,301.63,14.59,0.074
2026-08-05 05:00:00,Z001,2148.01,193.95,16.52,0.088
2026-08-05 06:00:00,Z001,2295.46,245.52,12.66,0.091
2026-08-05 07:00:00,Z001,2124.15,265.68,14.22,0.061
2026-08-05 08:00:00,Z001,1950.52,242.35,12.46,0.039
2026-08-05 09:00:00,Z001,2055.16,259.89,16.39,0.109
2026-08-05 10:00:00,Z001,2228.6,289.28,14.44,0.155
2026-08-05 11:00:00,Z001,1976.65,224.95,13.6,0.107
2026-08-05 12:00:00,Z001,2030.98,266.98,14.7,0.104
2026-08-05 13:00:00,Z001,2258.62,323.15,13.94,0.096
2026-08-05 14:00:00,Z001,2225.72,234.88,16.12,0.056
2026-08-05 15:00:00,Z001,2606.14,333.5,15.41,0.03
2026-08-05 16:00:00,Z001,3033.49,361.38,13.28,0.072
2026-08-05 17:00:00,Z001,3628.43,475.21,13.85,0.046
2026-08-05 18:00:00,Z001,3938.33,517.09,12.47,0.076
2026-08-05 19:00:00,Z001,5388.26,683.73,14.89,0.048
2026-08-05 20:00:00,Z001,5018.69,662.15,13.66,0.115
2026-08-05 21:00:00,Z001,5535.43,959.54,13.43,0.092
2026-08-05 22:00:00,Z001,5122.23,701.65,14.65,0.054
2026-08-05 23:00:00,Z001,4761.15,676.45,15.62,0.041
2026-08-06 00:00:00,Z001,2055.58,305.91,13.92,0.089
2026-08-06 01:00:00,Z001,2195.99,222.93,12.99,0.073
2026-08-06 02:00:00,Z001,2212.7,302.69,14.98,0.079
2026-08-06 03:00:00,Z001,2205.64,262.94,14.81,0.11
2026-08-06 04:00:00,Z001,2258.99,272.56,13.68,0.122
2026-08-06 05:00:00,Z001,2228.43,252.59,12.79,0.12
2026-08-06 06:00:00,Z001,1945.01,186.93,13.8,0.083
2026-08-06 07:00:00,Z001,1990.36,245.47,14.32,0.066
2026-08-06 08:00:00,Z001,2281.5,288.49,15.35,0.036
2026-08-06 09:00:00,Z001,1953.14,247.86,16.23,0.05
2026-08-06 10:00:00,Z001,2107.09,213.81,13.14,0.086
2026-08-06 11:00:00,Z001,2055.18,206.38,12.41,0.023
2026-08-06 12:00:00,Z001,2170.12,279.87,14.71,0.053
2026-08-06 13:00:00,Z001,2279.3,297.68,14.01,0.075
2026-08-06 14:00:00,Z001,2234.78,274.62,15.94,0.114
2026-08-06 15:00:00,Z001,2503.83,320.69,12.68,0.102
2026-08-06 16:00:00,Z001,2807.48,365.97,17.56,0.063
2026-08-06 17:00:00,Z001,3922.65,499.59,13.1,0.056
2026-08-06 18:00:00,Z001,4577.57,583.16,13.32,0.074
2026-08-06 19:00:00,Z001,4901.37,587.52,14.42,0.133
2026-08-06 20:00:00,Z001,5042.43,653.85,13.91,0.065
2026-08-06 21:00:00,Z001,5765.36,565.46,11.16,0.087
2026-08-06 22:00:00,Z001,5279.04,526.36,11.95,0.138
2026-08-06 23:00:00,Z001,4908.34,590.45,16.63,0.111
2026-08-07 00:00:00,Z001,2256.4,230.83,12.54,0.099
2026-08-07 01:00:00,Z001,2128.98,295.39,12.04,0.101
2026-08-07 02:00:00,Z001,2183.04,292.62,13.51,0.096
2026-08-07 03:00:00,Z001,2017.05,233.18,12.75,0.057
2026-08-07 04:00:00,Z001,2067.34,232.86,13.09,0.041
2026-08-07 05:00:00,Z001,2274.44,255.86,14.4,0.027
2026-08-07 06:00:00,Z001,2217.7,271.68,13.47,0.067
2026-08-07 07:00:00,Z001,2171.82,164.41,13.01,0.076
2026-08-07 08:00:00,Z001,2077.95,327.44,13.59,0.11
2026-08-07 09:00:00,Z001,2261.44,294.12,13.19,0.041
2026-08-07 10:00:00,Z001,2163.81,313.05,14.66,0.117
2026-08-07 11:00:00,Z001,2346.92,311.11,12.68,0.082
2026-08-07 12:00:00,Z001,2255.56,262.25,15.81,0.078
2026-08-07 13:00:00,Z001,2213.4,253.96,14.19,0.086
2026-08-07 14:00:00,Z001,2135.39,242.1,12.52,0.068
2026-08-07 15:00:00,Z001,2442.4,330.16,15.23,0.097
2026-08-07 16:00:00,Z001,2750.16,325.97,12.38,0.076
2026-08-07 17:00:00,Z001,3567.69,481.22,14.57,0.118
2026-08-07 18:00:00,Z001,4185.63,487.61,15.05,0.107
2026-08-07 19:00:00,Z001,4694.75,590.06,13.65,0.02
2026-08-07 20:00:00,Z001,5417.27,544.88,14.39,0.034
2026-08-07 21:00:00,Z001,5321.88,604.01,15.44,0.064
2026-08-07 22:00:00,Z001,5055.1,634.24,13.74,0.104
2026-08-07 23:00:00,Z001,4589.22,565.22,16.96,0.073
2026-08-08 00:00:00,Z001,2212.94,210.42,12.98,0.094
2026-08-08 01:00:00,Z001,2161.92,279.36,14.51,0.04
2026-08-08 02:00:00,Z001,2294.76,232.6,13.08,0.087
2026-08-08 03:00:00,Z001,2349.25,246.53,14.18,0.085
2026-08-08 04:00:00,Z001,2259.42,311.26,13.52,0.11
2026-08-08 05:00:00,Z001,2325.87,341.34,14.6,0.085
2026-08-08 06:00:00,Z001,2147.64,210.72,13.67,0.083
2026-08-08 07:00:00,Z001,2183.74,281.63,12.25,0.075
2026-08-08 08:00:00,Z001,2391.76,322.73,14.74,0.092
2026-08-08 09:00:00,Z001,2159.42,202.31,14.55,0.007
2026-08-08 10:00:00,Z001,2166.05,259.81,13.46,0.145
2026-08-08 11:00:00,Z001,2388.03,323.56,12.89,0.138
2026-08-08 12:00:00,Z001,2292.92,242.75,14.04,0.109
2026-08-08 13:00:00,Z001,2227.92,272.05,14.38,0.047
2026-08-08 14:00:00,Z001,2387.74,249.8,15.04,0.053
2026-08-08 15:00:00,Z001,2694.61,267.16,12.64,0.045
2026-08-08 16:00:00,Z001,3022.45,370.87,14.44,0.027
2026-08-08 17:00:00,Z001,3612.4,392.82,14.64,0.072
2026-08-08 18:00:00,Z001,4328.33,471.03,16.07,0.041
2026-08-08 19:00:00,Z001,4957.75,602.93,13.7,0.057
2026-08-08 20:00:00,Z001,5122.95,561.62,12.85,0.13
2026-08-08 21:00:00,Z001,6363.54,758.78,12.34,0.102
2026-08-08 22:00:00,Z001,5331.42,595.85,13.25,0.065
2026-08-08 23:00:00,Z001,4967.98,498.28,13.16,0.111
2026-08-09 00:00:00,Z001,2191.19,267.06,11.32,0.108
2026-08-09 01:00:00,Z001,2126.8,291.07,14.19,0.063
2026-08-09 02:00:00,Z001,2028.81,309.64,14.96,0.106
2026-08-09 03:00:00,Z001,2374.11,292.87,15.62,0.066
2026-08-09 04:00:00,Z001,2267.34,250.65,13.4,0.083
2026-08-09 05:00:00,Z001,2069.34,258.55,13.63,0.02
2026-08-09 06:00:00,Z001,2149.31,246.79,15.02,0.089
2026-08-09 07:00:00,Z001,2337.5,298.74,13.34,0.078
2026-08-09 08:00:00,Z001,2160.37,275.06,14.07,0.061
2026-08-09 09:00:00,Z001,2196.37,278.76,12.79,0.09
2026-08-09 10:00:00,Z001,2042.09,278.92,14.63,0.129
2026-08-09 11:00:00,Z001,2095.97,287.15,15.12,0.075
2026-08-09 12:00:00,Z001,2192.98,227.46,12.39,0.057
2026-08-09 13:00:00,Z001,2160.23,310.94,12.2,0.084
2026-08-09 14:00:00,Z001,2464.51,308.96,14.53,0.108
2026-08-09 15:00:00,Z001,2606.32,316.18,13.65,0.119
2026-08-09 16:00:00,Z001,3351.73,342.18,11.56,0.097
2026-08-09 17:00:00,Z001,3815.35,569.84,14.89,0.122
2026-08-09 18:00:00,Z001,4668.65,662.82,15.06,0.042
2026-08-09 19:00:00,Z001,5046.67,628.31,13.88,0.079
2026-08-09 20:00:00,Z001,5971.04,648.74,14.96,0.089
2026-08-09 21:00:00,Z001,5552.15,576.6,11.96,0.095
2026-08-09 22:00:00,Z001,5561.8,598.52,11.75,0.093
2026-08-09 23:00:00,Z001,5009.1,547.47,12.84,0.073
2026-08-10 00:00:00,Z001,2134.2,245.54,12.57,0.078
2026-08-10 01:00:00,Z001,2188.33,263.92,14.08,0.07
2026-08-10 02:00:00,Z001,2006.33,212.98,12.01,0.115
2026-08-10 03:00:00,Z001,2133.49,258.66,14.35,0.09
2026-08-10 04:00:00,Z001,2020.92,232.65,13.43,0.155
2026-08-10 05:00:00,Z001,2185.95,267.82,15.64,0.117
2026-08-10 06:00:00,Z001,1960.17,228.67,13.98,0.098
2026-08-10 07:00:00,Z001,2068.98,245.22,13.45,0.111
2026-08-10 08:00:00,Z001,1954.47,222.01,11.79,0.049
2026-08-10 09:00:00,Z001,2120.82,265.19,13.62,0.114
2026-08-10 10:00:00,Z001,2221.14,264.23,14.3,0.066
2026-08-10 11:00:00,Z001,2161.06,220.62,16.16,0.114
2026-08-10 12:00:00,Z001,2009.93,217.4,14.51,0.07
2026-08-10 13:00:00,Z001,2234.03,256.04,15.83,0.08
2026-08-10 14:00:00,Z001,2552.77,329.41,12.38,0.143
2026-08-10 15:00:00,Z001,2658.27,334.15,14.78,0.044
2026-08-10 16:00:00,Z001,2679.72,319.89,15.65,0.092
2026-08-10 17:00:00,Z001,3733.32,521.99,14.02,0.116
2026-08-10 18:00:00,Z001,4420.74,525.17,13.74,0.084
2026-08-10 19:00:00,Z001,4286.3,532.39,14.86,0.084
2026-08-10 20:00:00,Z001,5394.46,643.82,11.6,0.13
2026-08-10 21:00:00,Z001,5408.96,598.95,15.63,0.109
2026-08-10 22:00:00,Z001,5377.34,707.34,12.61,0.078
2026-08-10 23:00:00,Z001,5088.31,558.91,12.8,0.082
2026-08-11 00:00:00,Z001,2099.6,272.35,12.35,0.004
2026-08-11 01:00:00,Z001,2176.64,225.84,13.27,0.015
2026-08-11 02:00:00,Z001,2186.2,273.83,14.37,0.089
2026-08-11 03:00:00,Z001,1896.24,199.53,13.46,0.058
2026-08-11 04:00:00,Z001,2064.46,255.36,15.21,0.036
2026-08-11 05:00:00,Z001,2089.17,273.0,12.89,0.074
2026-08-11 06:00:00,Z001,2133.89,256.43,14.81,0.083
2026-08-11 07:00:00,Z001,2060.72,211.04,14.3,0.083
2026-08-11 08:00:00,Z001,1996.85,257.06,15.52,0.06
2026-08-11 09:00:00,Z001,2022.51,219.52,11.99,0.14
2026-08-11 10:00:00,Z001,2051.29,219.74,12.65,0.068
2026-08-11 11:00:00,Z001,2036.02,288.24,12.5,0.034
2026-08-11 12:00:00,Z001,2177.31,257.78,13.73,0.097
2026-08-11 13:00:00,Z001,2194.01,261.74,12.31,0.03
2026-08-11 14:00:00,Z001,2229.46,231.27,14.32,0.026
2026-08-11 15:00:00,Z001,2482.07,291.4,13.95,0.092
2026-08-11 16:00:00,Z001,2873.67,316.07,15.49,0.07
2026-08-11 17:00:00,Z001,3688.08,424.58,13.98,0.076
2026-08-11 18:00:00,Z001,4180.32,475.31,14.12,0.126
2026-08-11 19:00:00,Z001,5035.1,683.95,12.39,0.045
2026-08-11 20:00:00,Z001,5364.12,705.71,13.38,0.059
2026-08-11 21:00:00,Z001,5844.98,761.53,15.27,0.067
2026-08-11 22:00:00,Z001,5187.76,696.37,13.68,0.062
2026-08-11 23:00:00,Z001,4610.57,517.91,15.05,0.035
2026-08-12 00:00:00,Z001,2149.16,235.07,13.75,0.076
2026-08-12 01:00:00,Z001,2069.24,239.4,13.47,0.063
2026-08-12 02:00:00,Z001,2214.12,266.53,13.85,0.061
2026-08-12 03:00:00,Z001,2051.63,226.46,14.92,0.057
2026-08-12 04:00:00,Z001,1878.74,227.09,13.66,0.062
2026-08-12 05:00:00,Z001,2175.73,171.88,15.89,0.112
2026-08-12 06:00:00,Z001,2030.94,229.98,14.61,0.096
2026-08-12 07:00:00,Z001,2030.43,194.41,16.54,0.109
2026-08-12 08:00:00,Z001,2104.99,258.15,14.75,0.102
2026-08-12 09:00:00,Z001,1894.66,217.39,13.45,0.075
2026-08-12 10:00:00,Z001,2166.2,201.78,12.38,0.06
2026-08-12 11:00:00,Z001,2116.37,280.38,15.96,0.071
2026-08-12 12:00:00,Z001,2203.96,287.95,14.65,0.079
2026-08-12 13:00:00,Z001,2141.39,222.74,12.64,0.09
2026-08-12 14:00:00,Z001,2296.38,261.25,14.8,0.074
2026-08-12 15:00:00,Z001,2428.95,281.76,14.98,0.049
2026-08-12 16:00:00,Z001,2943.99,350.83,13.09,0.071
2026-08-12 17:00:00,Z001,3221.51,391.88,12.36,0.112
2026-08-12 18:00:00,Z001,4120.15,459.08,15.39,0.049
2026-08-12 19:00:00,Z001,4646.39,430.08,15.57,0.136
2026-08-12 20:00:00,Z001,4912.01,529.33,14.08,0.065
2026-08-12 21:00:00,Z001,5492.25,649.38,14.49,0.051
2026-08-12 22:00:00,Z001,5358.12,553.27,13.51,0.028
2026-08-12 23:00:00,Z001,4720.63,525.92,15.13,0.078
2026-08-13 00:00:00,Z001,2101.52,251.47,11.45,0.02
2026-08-13 01:00:00,Z001,2060.03,255.81,13.72,0.054
2026-08-13 02:00:00,Z001,2067.4,237.94,14.93,0.102
2026-08-13 03:00:00,Z001,2037.95,243.03,14.33,0.093
2026-08-13 04:00:00,Z001,2245.43,268.5,15.4,0.045
2026-08-13 05:00:00,Z001,2030.03,178.57,14.18,0.099
2026-08-13 06:00:00,Z001,1849.67,227.18,14.73,0.096
2026-08-13 07:00:00,Z001,1977.58,260.24,14.01,0.098
2026-08-13 08:00:00,Z001,2078.4,261.29,15.33,0.074
2026-08-13 09:00:00,Z001,2117.7,293.82,13.84,0.046
2026-08-13 10:00:00,Z001,2157.27,305.3,15.55,0.101
2026-08-13 11:00:00,Z001,1880.06,207.68,13.3,0.081
2026-08-13 12:00:00,Z001,2285.96,237.26,16.69,0.069
2026-08-13 13:00:00,Z001,2105.34,279.33,15.11,0.099
2026-08-13 14:00:00,Z001,2222.31,283.41,12.76,0.056
2026-08-13 15:00:00,Z001,2522.22,271.64,15.26,0.063
2026-08-13 16:00:00,Z001,2887.59,308.39,15.25,0.06
2026-08-13 17:00:00,Z001,3644.85,495.8,13.46,0.081
2026-08-13 18:00:00,Z001,4049.08,519.03,13.77,0.067
2026-08-13 19:00:00,Z001,4818.15,463.83,13.91,0.099
2026-08-13 20:00:00,Z001,5345.07,717.71,13.55,0.066
2026-08-13 21:00:00,Z001,5223.46,595.02,16.36,0.088
2026-08-13 22:00:00,Z001,5172.1,542.59,12.08,0.055
2026-08-13 23:00:00,Z001,4972.42,564.84,12.85,0.055
2026-08-14 00:00:00,Z001,2151.08,255.51,13.25,0.071
2026-08-14 01:00:00,Z001,2297.46,317.73,15.76,0.027
2026-08-14 02:00:00,Z001,2075.79,229.02,14.65,0.112
2026-08-14 03:00:00,Z001,2120.7,226.73,13.21,0.099
2026-08-14 04:00:00,Z001,2157.72,263.49,14.16,0.082
2026-08-14 05:00:00,Z001,2115.31,276.55,14.76,0.081
2026-08-14 06:00:00,Z001,2085.4,247.52,13.06,0.056
2026-08-14 07:00:00,Z001,2141.21,234.05,14.98,0.078
2026-08-14 08:00:00,Z001,2167.33,280.79,15.01,0.066
2026-08-14 09:00:00,Z001,2129.45,279.1,12.14,0.131
2026-08-14 10:00:00,Z001,2307.06,309.63,14.97,0.098
2026-08-14 11:00:00,Z001,2071.18,245.12,15.16,0.051
2026-08-14 12:00:00,Z001,2023.15,230.72,14.79,0.054
2026-08-14 13:00:00,Z001,2158.47,255.56,12.79,0.007
2026-08-14 14:00:00,Z001,2195.68,272.07,14.58,0.095
2026-08-14 15:00:00,Z001,2602.52,287.85,12.99,0.091
2026-08-14 16:00:00,Z001,2888.74,385.95,14.46,0.119
2026-08-14 17:00:00,Z001,3394.07,461.64,16.44,0.082
2026-08-14 18:00:00,Z001,4230.23,448.58,15.07,0.114
2026-08-14 19:00:00,Z001,4701.18,605.48,14.34,0.092
2026-08-14 20:00:00,Z001,5506.17,703.6,13.83,0.105
2026-08-14 21:00:00,Z001,5775.18,645.01,14.0,0.027
2026-08-14 22:00:00,Z001,5451.57,754.21,13.69,0.084
2026-08-14 23:00:00,Z001,4760.52,543.85,14.28,0.056
2026-08-15 00:00:00,Z001,2171.27,231.09,14.71,0.087
2026-08-15 01:00:00,Z001,2151.91,259.43,13.74,0.114
2026-08-15 02:00:00,Z001,2150.95,278.6,13.15,0.104
2026-08-15 03:00:00,Z001,2296.94,313.0,15.77,0.089
2026-08-15 04:00:00,Z001,2316.75,334.45,12.65,0.062
2026-08-15 05:00:00,Z001,2046.8,278.19,12.19,0.027
2026-08-15 06:00:00,Z001,2086.14,195.94,14.33,0.047
2026-08-15 07:00:00,Z001,2027.63,242.04,14.02,0.024
2026-08-15 08:00:00,Z001,2124.26,252.53,13.57,0.07
2026-08-15 09:00:00,Z001,2312.03,351.89,13.62,0.04
2026-08-15 10:00:00,Z001,2175.05,267.35,13.94,0.098
2026-08-15 11:00:00,Z001,2426.52,228.83,13.39,0.126
2026-08-15 12:00:00,Z001,2178.38,287.2,14.76,0.117
2026-08-15 13:00:00,Z001,2486.76,310.83,11.91,0.059
2026-08-15 14:00:00,Z001,2654.9,262.27,14.6,0.005
2026-08-15 15:00:00,Z001,2497.96,332.99,14.04,0.069
2026-08-15 16:00:00,Z001,2950.13,265.66,14.83,0.072
2026-08-15 17:00:00,Z001,3390.74,408.42,14.7,0.074
2026-08-15 18:00:00,Z001,4366.81,526.51,13.15,0.082
2026-08-15 19:00:00,Z001,5215.6,706.82,14.95,0.06
2026-08-15 20:00:00,Z001,5737.36,728.54,13.15,0.066
2026-08-15 21:00:00,Z001,5951.64,837.12,11.83,0.129
2026-08-15 22:00:00,Z001,5869.87,721.92,13.71,0.092
2026-08-15 23:00:00,Z001,4903.04,575.3,12.23,0.028
2026-08-16 00:00:00,Z001,2424.82,293.27,14.24,0.079
2026-08-16 01:00:00,Z001,2112.76,243.8,14.11,0.074
2026-08-16 02:00:00,Z001,2120.22,269.68,14.23,0.092
2026-08-16 03:00:00,Z001,2264.12,265.9,13.8,0.124
2026-08-16 04:00:00,Z001,2101.28,193.1,14.67,0.061
2026-08-16 05:00:00,Z001,2088.11,278.3,13.83,0.042
2026-08-16 06:00:00,Z001,2385.59,228.63,13.9,0.023
2026-08-16 07:00:00,Z001,2221.28,245.19,14.98,0.079
2026-08-16 08:00:00,Z001,2328.14,264.37,12.07,0.087
2026-08-16 09:00:00,Z001,2170.57,201.24,12.73,0.058
2026-08-16 10:00:00,Z001,2352.12,307.21,13.58,0.094
2026-08-16 11:00:00,Z001,2004.32,223.53,14.48,0.085
2026-08-16 12:00:00,Z001,2176.64,259.95,14.41,0.08
2026-08-16 13:00:00,Z001,2378.33,296.77,14.61,0.131
2026-08-16 14:00:00,Z001,2507.13,366.33,13.19,0.032
2026-08-16 15:00:00,Z001,2642.9,308.2,15.75,0.046
2026-08-16 16:00:00,Z001,3051.48,384.72,14.12,0.075
2026-08-16 17:00:00,Z001,3698.76,503.72,15.84,0.081
2026-08-16 18:00:00,Z001,4184.65,598.48,12.71,0.134
2026-08-16 19:00:00,Z001,5353.94,762.08,14.82,0.017
2026-08-16 20:00:00,Z001,5316.86,662.5,13.19,0.071
2026-08-16 21:00:00,Z001,5934.25,696.98,12.54,0.107
2026-08-16 22:00:00,Z001,5706.91,663.51,14.85,0.083
2026-08-16 23:00:00,Z001,5351.03,654.26,15.59,0.024
2026-08-17 00:00:00,Z001,2133.19,243.25,12.97,0.115
2026-08-17 01:00:00,Z001,2173.62,195.41,14.86,0.098
2026-08-17 02:00:00,Z001,2022.0,217.3,12.09,0.07
2026-08-17 03:00:00,Z001,2073.31,273.58,14.32,0.048
2026-08-17 04:00:00,Z001,2112.47,245.45,12.88,0.032
2026-08-17 05:00:00,Z001,2148.76,272.24,14.67,0.058
2026-08-17 06:00:00,Z001,2106.1,209.28,12.82,0.081
2026-08-17 07:00:00,Z001,2114.73,202.1,12.73,0.069
2026-08-17 08:00:00,Z001,2180.39,235.05,14.17,0.087
2026-08-17 09:00:00,Z001,2067.48,256.41,12.39,0.06
2026-08-17 10:00:00,Z001,2228.71,317.75,15.01,0.113
2026-08-17 11:00:00,Z001,1929.08,204.04,13.63,0.152
2026-08-17 12:00:00,Z001,2094.63,274.76,14.45,0.091
2026-08-17 13:00:00,Z001,2178.28,222.18,10.76,0.118
2026-08-17 14:00:00,Z001,2238.16,205.9,14.53,0.093
2026-08-17 15:00:00,Z001,2620.57,358.32,12.9,0.054
2026-08-17 16:00:00,Z001,2874.7,380.39,11.48,0.084
2026-08-17 17:00:00,Z001,3612.1,481.72,14.85,0.112
2026-08-17 18:00:00,Z001,3625.81,522.85,14.4,0.12
2026-08-17 19:00:00,Z001,4554.01,426.68,16.14,0.052
2026-08-17 20:00:00,Z001,5237.76,669.97,14.93,0.112
2026-08-17 21:00:00,Z001,5555.29,578.78,14.85,0.102
2026-08-17 22:00:00,Z001,4878.2,689.19,11.02,0.111
2026-08-17 23:00:00,Z001,4670.96,609.95,14.61,0.079
2026-08-18 00:00:00,Z001,2132.42,253.13,14.86,0.146
2026-08-18 01:00:00,Z001,1963.86,141.75,13.5,0.065
2026-08-18 02:00:00,Z001,2054.49,217.99,15.05,0.039
2026-08-18 03:00:00,Z001,2132.4,276.31,14.38,0.095
2026-08-18 04:00:00,Z001,2179.28,263.26,13.58,0.095
2026-08-18 05:00:00,Z001,2146.47,286.22,11.95,0.074
2026-08-18 06:00:00,Z001,1989.81,255.52,14.87,0.072
2026-08-18 07:00:00,Z001,2021.46,260.68,13.84,0.123
2026-08-18 08:00:00,Z001,,304.72,14.28,0.135
2026-08-18 09:00:00,Z001,2113.62,238.44,13.19,0.059
2026-08-18 10:00:00,Z001,2092.98,265.7,12.3,0.067
2026-08-18 11:00:00,Z001,2121.9,275.11,13.97,0.087
2026-08-18 12:00:00,Z001,2006.15,213.3,13.93,0.095
2026-08-18 13:00:00,Z001,2203.29,236.34,13.72,0.125
2026-08-18 14:00:00,Z001,2358.4,277.26,12.77,0.059
2026-08-18 15:00:00,Z001,2533.79,314.54,14.68,0.092
2026-08-18 16:00:00,Z001,2867.94,322.17,16.46,0.063
2026-08-18 17:00:00,Z001,3265.18,311.56,13.58,0.108
2026-08-18 18:00:00,Z001,4030.04,572.92,13.99,0.113
2026-08-18 19:00:00,Z001,4644.21,505.6,14.11,0.094
2026-08-18 20:00:00,Z001,5269.29,655.43,14.71,0.037
2026-08-18 21:00:00,Z001,5415.62,607.74,13.44,0.092
2026-08-18 22:00:00,Z001,5191.4,466.83,13.72,0.048
2026-08-18 23:00:00,Z001,4915.55,649.27,11.39,0.057
2026-08-19 00:00:00,Z001,2123.23,209.92,14.94,0.111
2026-08-19 01:00:00,Z001,2074.76,224.89,11.23,0.104
2026-08-19 02:00:00,Z001,2278.34,334.77,13.77,0.047
2026-08-19 03:00:00,Z001,2168.78,256.13,14.57,0.089
2026-08-19 04:00:00,Z001,2098.75,284.23,15.28,0.064
2026-08-19 05:00:00,Z001,2003.18,165.29,13.58,0.047
2026-08-19 06:00:00,Z001,2129.44,244.8,13.73,0.104
2026-08-19 07:00:00,Z001,2127.41,251.57,16.02,0.102
2026-08-19 08:00:00,Z001,2051.12,234.71,14.95,0.086
2026-08-19 09:00:00,Z001,1985.48,264.9,15.51,0.115
2026-08-19 10:00:00,Z001,2238.92,338.16,16.08,0.09
2026-08-19 11:00:00,Z001,2082.06,192.71,14.01,0.096
2026-08-19 12:00:00,Z001,2128.72,195.15,13.66,0.099
2026-08-19 13:00:00,Z001,2079.92,254.76,14.52,0.114
2026-08-19 14:00:00,Z001,2479.43,283.48,14.22,0.086
2026-08-19 15:00:00,Z001,2607.06,333.86,15.71,0.01
2026-08-19 16:00:00,Z001,2971.39,378.29,13.72,0.012
2026-08-19 17:00:00,Z001,3457.18,378.01,16.01,0.091
2026-08-19 18:00:00,Z001,3989.17,355.88,14.71,0.101
2026-08-19 19:00:00,Z001,4761.47,614.49,13.58,0.112
2026-08-19 20:00:00,Z001,5549.36,529.5,12.33,0.141
2026-08-19 21:00:00,Z001,5730.72,579.17,12.12,0.086
2026-08-19 22:00:00,Z001,5039.0,580.74,13.94,0.077
2026-08-19 23:00:00,Z001,5051.91,745.26,13.43,0.046
2026-08-20 00:00:00,Z001,2126.57,307.23,13.52,0.106
2026-08-20 01:00:00,Z001,2011.27,241.99,12.61,0.08
2026-08-20 02:00:00,Z001,2079.05,268.45,16.13,0.068
2026-08-20 03:00:00,Z001,1901.93,222.47,14.36,0.086
2026-08-20 04:00:00,Z001,2075.19,295.33,14.16,0.077
2026-08-20 05:00:00,Z001,2016.86,189.18,14.4,0.087
2026-08-20 06:00:00,Z001,1990.38,237.52,13.83,0.061
2026-08-20 07:00:00,Z001,2015.44,254.1,13.73,0.062
2026-08-20 08:00:00,Z001,2009.19,237.18,15.11,0.086
2026-08-20 09:00:00,Z001,2068.66,257.81,15.64,0.095
2026-08-20 10:00:00,Z001,2118.09,274.46,13.81,0.086
2026-08-20 11:00:00,Z001,2055.52,198.85,14.41,0.09
2026-08-20 12:00:00,Z001,2097.05,284.23,13.13,0.027
2026-08-20 13:00:00,Z001,2112.18,204.64,14.41,0.057
2026-08-20 14:00:00,Z001,2404.03,323.24,12.89,0.056
2026-08-20 15:00:00,Z001,2593.96,349.4,11.58,0.088
2026-08-20 16:00:00,Z001,2628.11,293.75,15.31,0.17
2026-08-20 17:00:00,Z001,3429.43,347.38,13.38,0.082
2026-08-20 18:00:00,Z001,4012.49,425.84,13.49,0.092
2026-08-20 19:00:00,Z001,4771.5,509.48,13.2,0.068
2026-08-20 20:00:00,Z001,5073.16,554.97,14.77,0.073
2026-08-20 21:00:00,Z001,5066.01,685.81,14.5,0.039
2026-08-20 22:00:00,Z001,5224.73,564.89,14.81,0.069
2026-08-20 23:00:00,Z001,4792.41,561.49,12.22,0.122
2026-08-21 00:00:00,Z001,2152.29,234.15,14.23,0.109
2026-08-21 01:00:00,Z001,2095.24,300.36,17.5,0.076
2026-08-21 02:00:00,Z001,2035.21,214.02,11.34,0.117
2026-08-21 03:00:00,Z001,2056.75,273.82,15.29,0.048
2026-08-21 04:00:00,Z001,2002.46,292.7,13.92,0.06
2026-08-21 05:00:00,Z001,1991.7,234.78,15.81,0.101
2026-08-21 06:00:00,Z001,2107.1,303.06,15.67,0.09
2026-08-21 07:00:00,Z001,2351.15,273.41,15.32,0.068
2026-08-21 08:00:00,Z001,2175.16,252.91,14.55,0.152
2026-08-21 09:00:00,Z001,2180.53,277.26,13.07,0.086
2026-08-21 10:00:00,Z001,1998.61,266.42,15.03,0.075
2026-08-21 11:00:00,Z001,2259.11,322.7,14.18,0.097
2026-08-21 12:00:00,Z001,2068.3,239.75,12.71,0.066
2026-08-21 13:00:00,Z001,2170.35,206.39,14.69,0.111
2026-08-21 14:00:00,Z001,2301.2,183.04,13.7,0.038
2026-08-21 15:00:00,Z001,2463.55,349.28,11.08,0.056
2026-08-21 16:00:00,Z001,3025.4,331.19,13.07,0.141
2026-08-21 17:00:00,Z001,3525.72,472.5,14.59,0.085
2026-08-21 18:00:00,Z001,4372.6,649.68,11.98,0.079
2026-08-21 19:00:00,Z001,4798.81,544.96,15.18,0.088
2026-08-21 20:00:00,Z001,5772.34,787.95,15.64,0.044
2026-08-21 21:00:00,Z001,5300.49,578.52,15.59,0.051
2026-08-21 22:00:00,Z001,5087.86,524.96,17.3,0.076
2026-08-21 23:00:00,Z001,4922.81,506.51,15.15,0.027
2026-08-22 00:00:00,Z001,2097.82,228.72,14.26,0.056
2026-08-22 01:00:00,Z001,2345.0,299.1,13.17,0.11
2026-08-22 02:00:00,Z001,2155.66,239.59,15.07,0.006
2026-08-22 03:00:00,Z001,2267.07,247.8,13.14,0.139
2026-08-22 04:00:00,Z001,2142.04,287.76,14.34,0.091
2026-08-22 05:00:00,Z001,2169.76,250.52,15.83,0.108
2026-08-22 06:00:00,Z001,2145.17,223.77,13.3,0.109
2026-08-22 07:00:00,Z001,2310.96,296.55,12.06,0.103
2026-08-22 08:00:00,Z001,2323.49,284.87,16.38,0.04
2026-08-22 09:00:00,Z001,2263.18,236.95,15.27,0.098
2026-08-22 10:00:00,Z001,2376.45,302.99,13.52,0.065
2026-08-22 11:00:00,Z001,2182.01,245.13,15.62,0.118
2026-08-22 12:00:00,Z001,2080.55,250.86,14.07,0.057
2026-08-22 13:00:00,Z001,2334.77,331.33,15.07,0.12
2026-08-22 14:00:00,Z001,2338.97,281.96,13.08,0.087
2026-08-22 15:00:00,Z001,2699.12,362.75,15.58,0.101
2026-08-22 16:00:00,Z001,2943.82,293.55,14.62,0.125
2026-08-22 17:00:00,Z001,3635.96,353.01,16.5,0.095
2026-08-22 18:00:00,Z001,4377.59,448.62,14.02,0.101
2026-08-22 19:00:00,Z001,5162.85,566.89,13.93,0.062
2026-08-22 20:00:00,Z001,5995.37,799.92,13.37,0.045
2026-08-22 21:00:00,Z001,5847.2,658.44,13.5,0.046
2026-08-22 22:00:00,Z001,5323.81,651.85,13.68,0.155
2026-08-22 23:00:00,Z001,5183.57,532.48,12.16,0.092
2026-08-23 00:00:00,Z001,2155.31,301.68,14.34,0.021
2026-08-23 01:00:00,Z001,2093.83,230.05,14.53,0.048
2026-08-23 02:00:00,Z001,2209.59,220.87,14.01,0.091
2026-08-23 03:00:00,Z001,2338.83,289.27,13.02,0.125
2026-08-23 04:00:00,Z001,2176.41,286.42,13.26,0.083
2026-08-23 05:00:00,Z001,2115.37,264.07,14.96,0.065
2026-08-23 06:00:00,Z001,2140.1,268.27,13.01,0.034
2026-08-23 07:00:00,Z001,2229.43,263.93,13.85,0.096
2026-08-23 08:00:00,Z001,2260.01,265.74,12.65,0.061
2026-08-23 09:00:00,Z001,2253.31,275.01,13.34,0.056
2026-08-23 10:00:00,Z001,2259.37,263.61,14.9,0.106
2026-08-23 11:00:00,Z001,2175.79,292.09,14.17,0.088
2026-08-23 12:00:00,Z001,2011.07,212.04,12.9,0.07
2026-08-23 13:00:00,Z001,2301.4,281.53,14.34,0.059
2026-08-23 14:00:00,Z001,2492.32,366.72,13.58,0.06
2026-08-23 15:00:00,Z001,2577.66,312.62,13.37,0.028
2026-08-23 16:00:00,Z001,2861.61,387.18,15.54,0.128
2026-08-23 17:00:00,Z001,3677.09,386.6,13.47,0.035
2026-08-23 18:00:00,Z001,4045.06,500.9,14.65,0.139
2026-08-23 19:00:00,Z001,5029.69,501.12,13.85,0.072
2026-08-23 20:00:00,Z001,5454.37,682.65,12.54,0.084
2026-08-23 21:00:00,Z001,5944.33,839.91,14.37,0.111
2026-08-23 22:00:00,Z001,5466.25,631.0,15.62,0.039
2026-08-23 23:00:00,Z001,4956.98,678.74,13.75,0.071
2026-08-24 00:00:00,Z001,2065.05,251.43,15.3,0.108
2026-08-24 01:00:00,Z001,2091.08,285.19,14.41,0.106
2026-08-24 02:00:00,Z001,1993.28,291.18,14.26,0.0
2026-08-24 03:00:00,Z001,2246.08,269.7,13.53,0.062
2026-08-24 04:00:00,Z001,2131.34,227.36,13.31,0.063
2026-08-24 05:00:00,Z001,2062.52,231.56,15.02,0.088
2026-08-24 06:00:00,Z001,2126.98,274.72,13.89,0.049
2026-08-24 07:00:00,Z001,2259.83,302.62,15.94,0.111
2026-08-24 08:00:00,Z001,2046.93,173.54,12.53,0.099
2026-08-24 09:00:00,Z001,2081.4,236.66,11.01,0.08
2026-08-24 10:00:00,Z001,1991.66,217.36,15.02,0.049
2026-08-24 11:00:00,Z001,2013.46,247.22,15.05,0.068
2026-08-24 12:00:00,Z001,2264.83,228.34,12.26,0.034
2026-08-24 13:00:00,Z001,2018.47,252.41,12.83,0.038
2026-08-24 14:00:00,Z001,2341.37,309.9,15.26,0.106
2026-08-24 15:00:00,Z001,2428.38,301.46,14.6,0.066
2026-08-24 16:00:00,Z001,2938.15,297.42,13.25,0.091
2026-08-24 17:00:00,Z001,3701.87,508.16,14.79,0.082
2026-08-24 18:00:00,Z001,4123.27,405.26,13.0,0.056
2026-08-24 19:00:00,Z001,4932.52,661.82,14.88,0.115
2026-08-24 20:00:00,Z001,5329.34,560.95,13.94,0.058
2026-08-24 21:00:00,Z001,5662.82,649.04,13.88,0.101
2026-08-24 22:00:00,Z001,5134.91,690.44,12.38,0.089
2026-08-24 23:00:00,Z001,4788.49,634.04,12.35,0.034
2026-08-25 00:00:00,Z001,2160.54,246.6,13.89,0.06
2026-08-25 01:00:00,Z001,2175.85,270.87,14.29,0.045
2026-08-25 02:00:00,Z001,2137.17,224.65,13.21,0.039
2026-08-25 03:00:00,Z001,2075.28,282.17,14.27,0.067
2026-08-25 04:00:00,Z001,2100.27,255.3,14.08,0.085
2026-08-25 05:00:00,Z001,1992.19,242.25,11.89,0.097
2026-08-25 06:00:00,Z001,1986.3,273.44,11.07,0.13
2026-08-25 07:00:00,Z001,1935.88,197.46,14.36,0.099
2026-08-25 08:00:00,Z001,2063.58,275.26,13.04,0.068
2026-08-25 09:00:00,Z001,2062.55,230.85,11.68,0.079
2026-08-25 10:00:00,Z001,2082.74,283.61,12.46,0.061
2026-08-25 11:00:00,Z001,2215.6,275.62,14.66,0.094
2026-08-25 12:00:00,Z001,2168.33,319.43,14.11,0.05
2026-08-25 13:00:00,Z001,2243.27,250.13,13.87,0.091
2026-08-25 14:00:00,Z001,2216.94,249.06,14.57,0.064
2026-08-25 15:00:00,Z001,2643.99,278.17,12.81,0.137
2026-08-25 16:00:00,Z001,2715.7,324.8,16.22,0.079
2026-08-25 17:00:00,Z001,3676.79,477.2,13.99,0.076
2026-08-25 18:00:00,Z001,3742.7,431.21,14.28,0.087
2026-08-25 19:00:00,Z001,5341.69,663.51,14.76,0.115
2026-08-25 20:00:00,Z001,5441.27,645.93,13.9,0.069
2026-08-25 21:00:00,Z001,5609.94,658.86,14.75,0.05
2026-08-25 22:00:00,Z001,5347.17,766.15,13.73,0.135
2026-08-25 23:00:00,Z001,4843.57,577.12,14.14,0.071
2026-08-26 00:00:00,Z001,1903.73,253.58,16.63,0.094
2026-08-26 01:00:00,Z001,2140.91,251.05,15.39,0.079
2026-08-26 02:00:00,Z001,2115.13,204.16,13.36,0.091
2026-08-26 03:00:00,Z001,2175.32,291.55,12.1,0.036
2026-08-26 04:00:00,Z001,2144.94,233.36,15.07,0.031
2026-08-26 05:00:00,Z001,2080.75,248.62,14.58,0.049
2026-08-26 06:00:00,Z001,1905.03,233.5,14.63,0.11
2026-08-26 07:00:00,Z001,2056.33,270.69,14.58,0.12
2026-08-26 08:00:00,Z001,2085.03,196.1,13.92,0.083
2026-08-26 09:00:00,Z001,2139.73,207.57,13.63,0.106
2026-08-26 10:00:00,Z001,2083.77,240.5,16.29,0.048
2026-08-26 11:00:00,Z001,2218.4,300.19,13.73,0.079
2026-08-26 12:00:00,Z001,2121.07,260.32,13.29,0.067
2026-08-26 13:00:00,Z001,2145.73,247.08,13.63,0.013
2026-08-26 14:00:00,Z001,2312.14,259.16,11.76,0.069
2026-08-26 15:00:00,Z001,2489.61,346.38,13.35,0.1
2026-08-26 16:00:00,Z001,3098.01,342.58,13.94,0.132
2026-08-26 17:00:00,Z001,3502.41,439.92,13.51,0.101
2026-08-26 18:00:00,Z001,4129.89,382.09,13.57,0.045
2026-08-26 19:00:00,Z001,4832.44,513.43,14.57,0.081
2026-08-26 20:00:00,Z001,5013.74,564.61,14.74,0.114
2026-08-26 21:00:00,Z001,5276.65,546.34,16.34,0.08
2026-08-26 22:00:00,Z001,5333.93,580.91,14.26,0.131
2026-08-26 23:00:00,Z001,4863.2,661.27,14.03,0.049
2026-08-27 00:00:00,Z001,2025.74,209.12,14.26,0.117
2026-08-27 01:00:00,Z001,2105.14,242.9,13.05,0.091
2026-08-27 02:00:00,Z001,1973.55,203.25,15.08,0.072
2026-08-27 03:00:00,Z001,2062.02,242.21,14.87,0.085
2026-08-27 04:00:00,Z001,2020.11,220.99,13.77,0.089
2026-08-27 05:00:00,Z001,2086.66,246.5,14.06,0.079
2026-08-27 06:00:00,Z001,2016.61,275.48,13.42,0.084
2026-08-27 07:00:00,Z001,1896.27,221.43,12.68,0.051
2026-08-27 08:00:00,Z001,2318.07,286.84,15.47,0.106
2026-08-27 09:00:00,Z001,2183.49,255.5,15.93,0.105
2026-08-27 10:00:00,Z001,2097.47,259.98,13.84,0.082
2026-08-27 11:00:00,Z001,2097.65,263.72,16.09,0.044
2026-08-27 12:00:00,Z001,2233.77,255.71,15.52,0.07
2026-08-27 13:00:00,Z001,2221.09,261.24,11.92,0.132
2026-08-27 14:00:00,Z001,2204.36,267.3,12.74,0.04
2026-08-27 15:00:00,Z001,2509.68,278.82,12.6,0.079
2026-08-27 16:00:00,Z001,2722.04,331.77,13.85,0.006
2026-08-27 17:00:00,Z001,3385.09,429.99,12.72,0.095
2026-08-27 18:00:00,Z001,4217.83,441.75,13.99,0.105
2026-08-27 19:00:00,Z001,4618.53,539.97,15.38,0.054
2026-08-27 20:00:00,Z001,5421.83,562.85,13.81,0.093
2026-08-27 21:00:00,Z001,4904.88,549.27,14.52,0.087
2026-08-27 22:00:00,Z001,5187.2,536.52,14.75,0.07
2026-08-27 23:00:00,Z001,4926.15,619.23,13.46,0.112
2026-08-28 00:00:00,Z001,2034.11,280.42,15.59,0.112
2026-08-28 01:00:00,Z001,2073.02,327.96,14.18,0.087
2026-08-28 02:00:00,Z001,2087.93,215.17,15.55,0.063
2026-08-28 03:00:00,Z001,2176.49,299.04,14.72,0.059
2026-08-28 04:00:00,Z001,2057.92,164.31,13.86,0.104
2026-08-28 05:00:00,Z001,2067.66,229.82,13.64,0.116
2026-08-28 06:00:00,Z001,2084.9,308.29,13.32,0.087
2026-08-28 07:00:00,Z001,2049.29,309.68,14.22,0.144
2026-08-28 08:00:00,Z001,2050.72,293.08,14.14,0.105
2026-08-28 09:00:00,Z001,1976.2,247.47,12.72,0.088
2026-08-28 10:00:00,Z001,1950.53,231.31,15.31,0.096
2026-08-28 11:00:00,Z001,1985.06,181.68,14.6,0.127
2026-08-28 12:00:00,Z001,2032.4,307.83,13.99,0.021
2026-08-28 13:00:00,Z001,2027.43,266.71,14.16,0.124
2026-08-28 14:00:00,Z001,2177.91,265.22,14.01,0.076
2026-08-28 15:00:00,Z001,2489.42,285.19,14.21,0.089
2026-08-28 16:00:00,Z001,2949.68,407.32,12.56,0.026
2026-08-28 17:00:00,Z001,3625.34,383.73,13.54,0.062
2026-08-28 18:00:00,Z001,4019.33,394.4,13.32,0.099
2026-08-28 19:00:00,Z001,4807.31,613.26,13.4,0.107
2026-08-28 20:00:00,Z001,5190.55,458.7,14.38,0.103
2026-08-28 21:00:00,Z001,5361.59,739.84,12.98,0.1
2026-08-28 22:00:00,Z001,5729.14,690.65,13.73,0.077
2026-08-28 23:00:00,Z001,5160.47,650.43,16.57,0.088
2026-08-29 00:00:00,Z001,2129.94,236.95,14.07,0.019
2026-08-29 01:00:00,Z001,2147.59,243.12,14.29,0.138
2026-08-29 02:00:00,Z001,2199.91,200.54,12.9,0.088
2026-08-29 03:00:00,Z001,2203.68,318.14,15.15,0.108
2026-08-29 04:00:00,Z001,2173.06,296.59,12.92,0.109
2026-08-29 05:00:00,Z001,2166.61,212.93,14.71,0.122
2026-08-29 06:00:00,Z001,2154.36,309.02,12.01,0.044
2026-08-29 07:00:00,Z001,2180.06,249.48,13.2,0.084
2026-08-29 08:00:00,Z001,2142.54,245.57,14.33,0.06
2026-08-29 09:00:00,Z001,2185.05,241.05,12.55,0.103
2026-08-29 10:00:00,Z001,2367.2,321.86,14.4,0.061
2026-08-29 11:00:00,Z001,2178.36,295.94,11.26,0.069
2026-08-29 12:00:00,Z001,2304.48,237.19,14.51,0.091
2026-08-29 13:00:00,Z001,2139.78,259.56,13.26,0.092
2026-08-29 14:00:00,Z001,2489.98,313.7,14.09,0.089
2026-08-29 15:00:00,Z001,2518.93,301.11,13.04,0.111
2026-08-29 16:00:00,Z001,3156.51,411.0,16.06,0.07
2026-08-29 17:00:00,Z001,3550.1,407.18,12.08,0.034
2026-08-29 18:00:00,Z001,4465.55,442.42,12.71,0.077
2026-08-29 19:00:00,Z001,4954.92,660.41,14.07,0.056
2026-08-29 20:00:00,Z001,5821.55,762.23,12.31,0.088
2026-08-29 21:00:00,Z001,5589.17,608.54,16.24,0.084
2026-08-29 22:00:00,Z001,5523.07,669.81,15.05,0.059
2026-08-29 23:00:00,Z001,4927.97,639.9,12.18,0.11
2026-08-30 00:00:00,Z001,2035.98,236.81,12.08,0.048
2026-08-30 01:00:00,Z001,2322.65,315.11,15.38,0.037
2026-08-30 02:00:00,Z001,2090.71,261.54,14.86,0.056
2026-08-30 03:00:00,Z001,2137.33,220.21,15.99,0.066
2026-08-30 04:00:00,Z001,2197.59,266.47,15.33,0.051
2026-08-30 05:00:00,Z001,2309.87,232.88,15.4,0.029
2026-08-30 06:00:00,Z001,2184.19,315.36,14.84,0.093
2026-08-30 07:00:00,Z001,2091.02,227.87,15.61,0.094
2026-08-30 08:00:00,Z001,2282.67,276.45,13.66,0.103
2026-08-30 09:00:00,Z001,2221.14,260.87,12.3,0.109
2026-08-30 10:00:00,Z001,2241.79,248.63,15.42,0.087
2026-08-30 11:00:00,Z001,2233.02,297.57,14.8,0.089
2026-08-30 12:00:00,Z001,2211.85,331.24,13.12,0.102
2026-08-30 13:00:00,Z001,2280.98,289.28,15.48,0.071
2026-08-30 14:00:00,Z001,2482.59,307.8,13.23,0.118
2026-08-30 15:00:00,Z001,2744.81,311.49,15.32,0.055
2026-08-30 16:00:00,Z001,3058.37,347.31,14.9,0.066
2026-08-30 17:00:00,Z001,3764.27,485.28,13.55,0.135
2026-08-30 18:00:00,Z001,4198.45,415.08,15.03,0.016
2026-08-30 19:00:00,Z001,5387.49,654.72,12.29,0.052
2026-08-30 20:00:00,Z001,5167.52,649.78,12.41,0.095
2026-08-30 21:00:00,Z001,5695.78,642.88,14.61,0.099
2026-08-30 22:00:00,Z001,5865.26,648.07,13.96,0.061
2026-08-30 23:00:00,Z001,5085.6,550.9,13.49,0.067
2026-08-31 00:00:00,Z001,2117.59,254.2,14.61,0.077
2026-08-31 01:00:00,Z001,2035.47,250.1,12.9,0.097
2026-08-31 02:00:00,Z001,2063.15,253.91,14.26,0.128
2026-08-31 03:00:00,Z001,2125.89,257.44,13.17,0.104
2026-08-31 04:00:00,Z001,2064.59,200.51,13.77,0.086
2026-08-31 05:00:00,Z001,2013.02,237.99,13.91,0.078
2026-08-31 06:00:00,Z001,2206.13,221.33,16.44,0.079
2026-08-31 07:00:00,Z001,2144.62,261.47,11.93,0.048
2026-08-31 08:00:00,Z001,2040.92,275.33,12.34,0.054
2026-08-31 09:00:00,Z001,2106.48,267.72,14.53,0.05
2026-08-31 10:00:00,Z001,1943.03,248.87,15.72,0.07
2026-08-31 11:00:00,Z001,1993.51,226.37,14.47,0.073
2026-08-31 12:00:00,Z001,2259.09,302.44,14.22,0.021
2026-08-31 13:00:00,Z001,2112.66,236.15,13.1,0.086
2026-08-31 14:00:00,Z001,2323.93,220.51,14.97,0.08
2026-08-31 15:00:00,Z001,2573.8,337.61,13.08,0.118
2026-08-31 16:00:00,Z001,2897.92,413.5,12.93,0.123
2026-08-31 17:00:00,Z001,3325.67,526.23,12.86,0.112
2026-08-31 18:00:00,Z001,4069.8,532.03,13.95,0.047
2026-08-31 19:00:00,Z001,4203.02,662.45,14.09,0.0
2026-08-31 20:00:00,Z001,5384.4,701.82,13.14,0.059
2026-08-31 21:00:00,Z001,5495.09,758.54,14.12,0.124
2026-08-31 22:00:00,Z001,5582.48,650.74,12.12,0.073
2026-08-31 23:00:00,Z001,4922.07,595.07,14.76,0.106
2026-08-01 00:00:00,Z002,2287.78,265.08,14.62,0.147
2026-08-01 01:00:00,Z002,2084.6,265.39,16.2,0.045
2026-08-01 02:00:00,Z002,2335.06,319.95,12.23,0.101
2026-08-01 03:00:00,Z002,2207.12,262.85,13.61,0.119
2026-08-01 04:00:00,Z002,2223.13,251.33,13.46,0.07
2026-08-01 05:00:00,Z002,2125.86,240.05,14.14,0.092
2026-08-01 06:00:00,Z002,2355.47,291.17,13.43,0.05
2026-08-01 07:00:00,Z002,2264.07,267.7,13.9,0.088
2026-08-01 08:00:00,Z002,2286.88,283.68,13.8,0.056
2026-08-01 09:00:00,Z002,2173.8,288.51,13.49,0.04
2026-08-01 10:00:00,Z002,2355.02,249.31,14.04,0.095
2026-08-01 11:00:00,Z002,2247.31,186.14,14.47,0.12
2026-08-01 12:00:00,Z002,2351.74,207.28,16.55,0.04
2026-08-01 13:00:00,Z002,2218.12,292.19,14.54,0.082
2026-08-01 14:00:00,Z002,2398.01,335.63,13.95,0.033
2026-08-01 15:00:00,Z002,2858.22,352.39,15.34,0.097
2026-08-01 16:00:00,Z002,3453.61,398.37,14.02,0.102
2026-08-01 17:00:00,Z002,3655.54,482.68,10.46,0.078
2026-08-01 18:00:00,Z002,4402.62,519.12,12.95,0.107
2026-08-01 19:00:00,Z002,5023.67,617.93,13.97,0.095
2026-08-01 20:00:00,Z002,6044.78,743.06,15.45,0.084
2026-08-01 21:00:00,Z002,5746.11,677.33,13.91,0.097
2026-08-01 22:00:00,Z002,5706.34,616.78,13.96,0.034
2026-08-01 23:00:00,Z002,5097.66,611.82,16.2,0.12
2026-08-02 00:00:00,Z002,2130.43,262.1,14.26,0.073
2026-08-02 01:00:00,Z002,2217.64,254.34,16.25,0.068
2026-08-02 02:00:00,Z002,2268.68,186.18,14.99,0.116
2026-08-02 03:00:00,Z002,2128.62,239.09,14.54,0.081
2026-08-02 04:00:00,Z002,2281.29,263.93,16.24,0.06
2026-08-02 05:00:00,Z002,2505.03,347.27,15.0,0.049
2026-08-02 06:00:00,Z002,2325.88,300.18,11.46,0.038
2026-08-02 07:00:00,Z002,2270.41,267.91,13.38,0.112
2026-08-02 08:00:00,Z002,2145.78,242.84,13.22,0.095
2026-08-02 09:00:00,Z002,2062.47,232.1,11.93,0.071
2026-08-02 10:00:00,Z002,2311.05,303.01,13.13,0.096
2026-08-02 11:00:00,Z002,2228.26,312.88,13.84,0.0
2026-08-02 12:00:00,Z002,2362.79,267.26,13.67,0.09
2026-08-02 13:00:00,Z002,2181.79,264.26,14.64,0.091
2026-08-02 14:00:00,Z002,2394.74,323.0,12.8,0.061
2026-08-02 15:00:00,Z002,2691.47,334.91,13.61,0.117
2026-08-02 16:00:00,Z002,3159.47,382.72,14.31,0.102
2026-08-02 17:00:00,Z002,3746.36,347.88,15.31,0.084
2026-08-02 18:00:00,Z002,4559.43,519.37,11.81,0.012
2026-08-02 19:00:00,Z002,4921.91,628.82,15.56,0.089
2026-08-02 20:00:00,Z002,5410.18,585.59,15.74,0.041
2026-08-02 21:00:00,Z002,6436.13,953.45,17.31,0.1
2026-08-02 22:00:00,Z002,5591.8,700.91,15.27,0.06
2026-08-02 23:00:00,Z002,4885.63,565.47,13.08,0.117
2026-08-03 00:00:00,Z002,2068.97,251.24,15.18,0.118
2026-08-03 01:00:00,Z002,2147.97,270.14,12.78,0.111
2026-08-03 02:00:00,Z002,2248.99,206.78,16.12,0.059
2026-08-03 03:00:00,Z002,2184.94,264.74,13.93,0.074
2026-08-03 04:00:00,Z002,2032.95,259.93,13.66,0.041
2026-08-03 05:00:00,Z002,2028.89,204.13,13.37,0.095
2026-08-03 06:00:00,Z002,2059.91,277.33,13.86,0.071
2026-08-03 07:00:00,Z002,2129.66,300.13,12.35,0.13
2026-08-03 08:00:00,Z002,2220.2,265.7,15.42,0.07
2026-08-03 09:00:00,Z002,2156.36,241.25,15.16,0.059
2026-08-03 10:00:00,Z002,2126.72,276.87,15.26,0.055
2026-08-03 11:00:00,Z002,2212.51,232.91,11.42,0.058
2026-08-03 12:00:00,Z002,2244.43,268.92,13.36,0.082
2026-08-03 13:00:00,Z002,2222.48,287.43,12.07,0.077
2026-08-03 14:00:00,Z002,2356.98,234.57,12.35,0.069
2026-08-03 15:00:00,Z002,2580.08,310.08,13.33,0.062
2026-08-03 16:00:00,Z002,2916.75,363.07,15.49,0.013
2026-08-03 17:00:00,Z002,3628.68,429.39,14.63,0.116
2026-08-03 18:00:00,Z002,4069.35,545.96,12.5,0.084
2026-08-03 19:00:00,Z002,4842.15,584.42,12.81,0.093
2026-08-03 20:00:00,Z002,5794.73,610.89,14.51,0.106
2026-08-03 21:00:00,Z002,5525.22,775.77,13.63,0.077
2026-08-03 22:00:00,Z002,5166.93,629.84,14.04,0.099
2026-08-03 23:00:00,Z002,4755.42,522.0,14.55,0.122
2026-08-04 00:00:00,Z002,2188.23,323.23,14.67,0.096
2026-08-04 01:00:00,Z002,2193.05,312.12,15.49,0.047
2026-08-04 02:00:00,Z002,2204.66,273.33,13.77,0.027
2026-08-04 03:00:00,Z002,1980.51,226.83,12.24,0.07
2026-08-04 04:00:00,Z002,2196.41,244.43,14.1,0.048
2026-08-04 05:00:00,Z002,2156.61,275.23,12.29,0.057
2026-08-04 06:00:00,Z002,2006.67,256.13,14.2,0.079
2026-08-04 07:00:00,Z002,2115.77,264.14,14.41,0.065
2026-08-04 08:00:00,Z002,2067.37,246.25,13.77,0.142
2026-08-04 09:00:00,Z002,2092.21,260.16,14.56,0.122
2026-08-04 10:00:00,Z002,2053.83,287.73,13.82,0.155
2026-08-04 11:00:00,Z002,2174.9,220.9,13.76,0.12
2026-08-04 12:00:00,Z002,2171.12,258.59,14.86,0.07
2026-08-04 13:00:00,Z002,2199.18,232.74,16.07,0.043
2026-08-04 14:00:00,Z002,2361.75,300.41,13.98,0.042
2026-08-04 15:00:00,Z002,2463.18,314.89,13.06,0.018
2026-08-04 16:00:00,Z002,3021.27,323.01,14.76,0.074
2026-08-04 17:00:00,Z002,3490.04,421.54,12.63,0.055
2026-08-04 18:00:00,Z002,4163.22,428.12,14.86,0.071
2026-08-04 19:00:00,Z002,4576.27,510.78,14.12,0.067
2026-08-04 20:00:00,Z002,5505.96,708.12,17.02,0.115
2026-08-04 21:00:00,Z002,5187.63,594.48,13.72,0.097
2026-08-04 22:00:00,Z002,5181.42,580.48,12.55,0.062
2026-08-04 23:00:00,Z002,4771.12,550.13,12.58,0.109
2026-08-05 00:00:00,Z002,2173.22,213.56,14.03,0.033
2026-08-05 01:00:00,Z002,2256.53,325.42,13.93,0.054
2026-08-05 02:00:00,Z002,2064.39,233.68,13.87,0.121
2026-08-05 03:00:00,Z002,2219.51,298.67,14.2,0.045
2026-08-05 04:00:00,Z002,2054.26,248.38,12.56,0.089
2026-08-05 05:00:00,Z002,2205.1,282.65,14.61,0.024
2026-08-05 06:00:00,Z002,2255.69,217.65,13.82,0.099
2026-08-05 07:00:00,Z002,2162.39,218.04,12.68,0.089
2026-08-05 08:00:00,Z002,2177.16,225.1,14.47,0.035
2026-08-05 09:00:00,Z002,2188.81,233.64,14.1,0.077
2026-08-05 10:00:00,Z002,2242.98,277.3,13.28,0.091
2026-08-05 11:00:00,Z002,2346.3,307.6,13.93,0.055
2026-08-05 12:00:00,Z002,2103.17,273.83,12.94,0.08
2026-08-05 13:00:00,Z002,2363.87,289.0,12.71,0.145
2026-08-05 14:00:00,Z002,2529.77,322.59,15.53,0.072
2026-08-05 15:00:00,Z002,2663.17,302.66,12.37,0.158
2026-08-05 16:00:00,Z002,2781.6,346.21,14.34,0.095
2026-08-05 17:00:00,Z002,3515.48,417.68,14.17,0.094
2026-08-05 18:00:00,Z002,4212.15,501.14,12.41,0.14
2026-08-05 19:00:00,Z002,5013.6,617.34,13.26,0.05
2026-08-05 20:00:00,Z002,5617.96,660.68,14.93,0.039
2026-08-05 21:00:00,Z002,5989.81,799.76,14.3,0.094
2026-08-05 22:00:00,Z002,5589.0,558.59,16.19,0.094
2026-08-05 23:00:00,Z002,,490.88,15.18,0.086
2026-08-06 00:00:00,Z002,2174.21,261.78,12.8,0.095
2026-08-06 01:00:00,Z002,2109.08,252.4,16.85,0.106
2026-08-06 02:00:00,Z002,2216.75,356.47,14.46,0.084
2026-08-06 03:00:00,Z002,2062.96,233.55,11.54,0.104
2026-08-06 04:00:00,Z002,2006.68,267.97,13.95,0.084
2026-08-06 05:00:00,Z002,2123.94,299.03,15.45,0.079
2026-08-06 06:00:00,Z002,2041.92,273.33,12.83,0.033
2026-08-06 07:00:00,Z002,2175.78,300.86,13.51,0.092
2026-08-06 08:00:00,Z002,2088.43,273.23,15.31,0.072
2026-08-06 09:00:00,Z002,2030.54,199.29,15.11,0.046
2026-08-06 10:00:00,Z002,2167.33,285.35,13.4,0.075
2026-08-06 11:00:00,Z002,2236.19,241.23,12.91,0.073
2026-08-06 12:00:00,Z002,2287.58,329.78,13.88,0.059
2026-08-06 13:00:00,Z002,2326.55,220.93,14.3,0.079
2026-08-06 14:00:00,Z002,2480.34,349.54,12.87,0.085
2026-08-06 15:00:00,Z002,2512.87,290.49,14.74,0.07
2026-08-06 16:00:00,Z002,2995.47,402.47,15.82,0.089
2026-08-06 17:00:00,Z002,3548.43,366.87,15.9,0.095
2026-08-06 18:00:00,Z002,4238.32,514.01,14.43,0.103
2026-08-06 19:00:00,Z002,5092.87,734.2,14.32,0.133
2026-08-06 20:00:00,Z002,5666.09,674.82,12.21,0.083
2026-08-06 21:00:00,Z002,5992.74,649.44,14.5,0.085
2026-08-06 22:00:00,Z002,5637.95,643.76,13.15,0.097
2026-08-06 23:00:00,Z002,4731.81,437.54,16.21,0.108
2026-08-07 00:00:00,Z002,2308.35,307.27,14.82,0.091
2026-08-07 01:00:00,Z002,2110.19,269.43,13.34,0.048
2026-08-07 02:00:00,Z002,2096.19,292.15,12.52,0.044
2026-08-07 03:00:00,Z002,2184.62,248.55,14.58,0.11
2026-08-07 04:00:00,Z002,2172.2,240.06,15.54,0.102
2026-08-07 05:00:00,Z002,2130.57,254.98,14.45,0.071
2026-08-07 06:00:00,Z002,1971.81,258.8,14.83,0.011
2026-08-07 07:00:00,Z002,2176.96,318.59,12.65,0.078
2026-08-07 08:00:00,Z002,2110.81,305.87,15.35,0.054
2026-08-07 09:00:00,Z002,2161.77,334.08,13.25,0.08
2026-08-07 10:00:00,Z002,2180.9,241.75,16.12,0.066
2026-08-07 11:00:00,Z002,2006.22,224.95,14.78,0.056
2026-08-07 12:00:00,Z002,2192.6,281.61,12.55,0.063
2026-08-07 13:00:00,Z002,2255.1,294.37,13.35,0.085
2026-08-07 14:00:00,Z002,2313.93,302.93,14.62,0.069
2026-08-07 15:00:00,Z002,2634.62,299.85,14.55,0.094
2026-08-07 16:00:00,Z002,3286.4,377.79,13.83,0.061
2026-08-07 17:00:00,Z002,3365.67,380.84,14.8,0.102
2026-08-07 18:00:00,Z002,4268.54,493.29,13.41,0.052
2026-08-07 19:00:00,Z002,4772.9,480.02,15.63,0.135
2026-08-07 20:00:00,Z002,4937.48,613.92,14.33,0.086
2026-08-07 21:00:00,Z002,5450.63,737.68,14.61,0.111
2026-08-07 22:00:00,Z002,5229.15,519.0,14.57,0.051
2026-08-07 23:00:00,Z002,5127.91,451.77,13.47,0.062
2026-08-08 00:00:00,Z002,2200.98,272.74,14.48,0.099
2026-08-08 01:00:00,Z002,2310.31,271.29,16.53,0.122
2026-08-08 02:00:00,Z002,2203.03,259.84,13.6,0.091
2026-08-08 03:00:00,Z002,2136.67,231.1,11.4,0.068
2026-08-08 04:00:00,Z002,2341.46,275.63,13.88,0.088
2026-08-08 05:00:00,Z002,2133.63,256.84,15.07,0.089
2026-08-08 06:00:00,Z002,2332.76,324.17,14.8,0.059
2026-08-08 07:00:00,Z002,2199.85,327.72,14.38,0.085
2026-08-08 08:00:00,Z002,2148.17,254.83,14.86,0.08
2026-08-08 09:00:00,Z002,2183.19,252.57,15.43,0.1
2026-08-08 10:00:00,Z002,2292.01,290.2,12.58,0.088
2026-08-08 11:00:00,Z002,2354.97,273.38,15.17,0.096
2026-08-08 12:00:00,Z002,2355.94,284.51,15.06,0.036
2026-08-08 13:00:00,Z002,2334.73,305.14,14.36,0.113
2026-08-08 14:00:00,Z002,2443.67,273.17,12.03,0.072
2026-08-08 15:00:00,Z002,2771.03,364.16,12.32,0.115
2026-08-08 16:00:00,Z002,2981.31,352.34,13.32,0.093
2026-08-08 17:00:00,Z002,3721.9,484.48,16.21,0.092
2026-08-08 18:00:00,Z002,4308.34,546.8,16.33,0.1
2026-08-08 19:00:00,Z002,5359.11,514.99,14.55,0.072
2026-08-08 20:00:00,Z002,5505.27,658.79,14.27,0.061
2026-08-08 21:00:00,Z002,5929.87,696.15,15.2,0.087
2026-08-08 22:00:00,Z002,5775.15,777.86,14.93,0.08
2026-08-08 23:00:00,Z002,4657.62,594.81,12.91,0.077
2026-08-09 00:00:00,Z002,2271.71,318.03,16.21,0.052
2026-08-09 01:00:00,Z002,2102.09,262.52,14.29,0.044
2026-08-09 02:00:00,Z002,2232.73,287.94,12.52,0.05
2026-08-09 03:00:00,Z002,2169.63,253.45,14.83,0.07
2026-08-09 04:00:00,Z002,2239.96,344.27,12.85,0.06
2026-08-09 05:00:00,Z002,2302.58,310.44,14.5,0.134
2026-08-09 06:00:00,Z002,2266.33,204.78,14.12,0.063
2026-08-09 07:00:00,Z002,2373.6,319.18,12.09,0.121
2026-08-09 08:00:00,Z002,2329.11,268.16,13.91,0.122
2026-08-09 09:00:00,Z002,2037.12,258.06,15.31,0.077
2026-08-09 10:00:00,Z002,2303.48,279.98,13.06,0.056
2026-08-09 11:00:00,Z002,2318.97,256.16,12.17,0.084
2026-08-09 12:00:00,Z002,2218.9,226.36,14.09,0.103
2026-08-09 13:00:00,Z002,2333.36,242.68,14.58,0.111
2026-08-09 14:00:00,Z002,2706.16,383.27,12.79,0.106
2026-08-09 15:00:00,Z002,2739.31,281.38,14.34,0.138
2026-08-09 16:00:00,Z002,3285.83,344.35,14.02,0.095
2026-08-09 17:00:00,Z002,3417.7,323.21,14.19,0.085
2026-08-09 18:00:00,Z002,4057.12,510.47,15.3,0.073
2026-08-09 19:00:00,Z002,5154.19,662.68,14.56,0.03
2026-08-09 20:00:00,Z002,5447.77,621.38,13.09,0.124
2026-08-09 21:00:00,Z002,6047.88,625.07,14.18,0.114
2026-08-09 22:00:00,Z002,5513.93,732.11,15.8,0.116
2026-08-09 23:00:00,Z002,5182.09,719.09,13.41,0.155
2026-08-10 00:00:00,Z002,2151.06,295.13,13.57,0.095
2026-08-10 01:00:00,Z002,2180.04,231.23,12.85,0.074
2026-08-10 02:00:00,Z002,2233.85,206.69,13.56,0.119
2026-08-10 03:00:00,Z002,2010.01,279.01,12.65,0.053
2026-08-10 04:00:00,Z002,2113.9,313.07,13.23,0.028
2026-08-10 05:00:00,Z002,1993.75,267.12,12.37,0.116
2026-08-10 06:00:00,Z002,2134.69,255.13,14.36,0.056
2026-08-10 07:00:00,Z002,2141.25,218.63,15.62,0.049
2026-08-10 08:00:00,Z002,2170.27,226.75,13.36,0.069
2026-08-10 09:00:00,Z002,2414.62,289.23,13.01,0.067
2026-08-10 10:00:00,Z002,1987.31,233.62,16.22,0.09
2026-08-10 11:00:00,Z002,2226.98,236.84,13.76,0.086
2026-08-10 12:00:00,Z002,2092.58,263.67,14.74,0.096
2026-08-10 13:00:00,Z002,2205.14,300.7,13.69,0.07
2026-08-10 14:00:00,Z002,2495.92,258.07,11.96,0.054
2026-08-10 15:00:00,Z002,2624.03,365.41,13.21,0.134
2026-08-10 16:00:00,Z002,2973.19,351.63,12.98,0.139
2026-08-10 17:00:00,Z002,3505.85,350.66,16.95,0.092
2026-08-10 18:00:00,Z002,4363.92,633.74,14.74,0.109
2026-08-10 19:00:00,Z002,4907.55,642.92,13.96,0.079
2026-08-10 20:00:00,Z002,5437.79,620.17,14.72,0.095
2026-08-10 21:00:00,Z002,5806.37,752.47,16.68,0.112
2026-08-10 22:00:00,Z002,5358.21,679.4,15.78,0.052
2026-08-10 23:00:00,Z002,5339.32,578.68,15.16,0.08
2026-08-11 00:00:00,Z002,2123.12,213.28,15.09,0.041
2026-08-11 01:00:00,Z002,1989.84,273.4,16.15,0.06
2026-08-11 02:00:00,Z002,2224.06,293.46,13.89,0.12
2026-08-11 03:00:00,Z002,2112.33,269.88,12.5,0.044
2026-08-11 04:00:00,Z002,2239.95,287.31,13.83,0.137
2026-08-11 05:00:00,Z002,2309.69,292.38,12.25,0.077
2026-08-11 06:00:00,Z002,2048.28,248.54,12.88,0.044
2026-08-11 07:00:00,Z002,1911.38,234.16,11.24,0.07
2026-08-11 08:00:00,Z002,2194.74,239.6,12.7,0.078
2026-08-11 09:00:00,Z002,2049.61,251.66,12.76,0.077
2026-08-11 10:00:00,Z002,2098.41,251.45,15.96,0.086
2026-08-11 11:00:00,Z002,2188.56,242.12,14.27,0.072
2026-08-11 12:00:00,Z002,2166.07,281.01,13.4,0.068
2026-08-11 13:00:00,Z002,2171.64,244.12,14.21,0.069
2026-08-11 14:00:00,Z002,2501.87,400.77,13.32,0.089
2026-08-11 15:00:00,Z002,2699.56,313.19,12.81,0.132
2026-08-11 16:00:00,Z002,3061.25,381.98,15.74,0.103
2026-08-11 17:00:00,Z002,3522.11,371.06,13.41,0.116
2026-08-11 18:00:00,Z002,4341.79,508.86,16.12,0.075
2026-08-11 19:00:00,Z002,5113.13,630.45,16.35,0.103
2026-08-11 20:00:00,Z002,5419.88,635.85,14.09,0.058
2026-08-11 21:00:00,Z002,5255.59,655.01,13.42,0.064
2026-08-11 22:00:00,Z002,5387.03,650.66,14.11,0.132
2026-08-11 23:00:00,Z002,5041.5,764.38,13.49,0.104
2026-08-12 00:00:00,Z002,2091.28,233.35,16.57,0.057
2026-08-12 01:00:00,Z002,1914.29,209.39,11.59,0.051
2026-08-12 02:00:00,Z002,2045.77,246.58,11.54,0.116
2026-08-12 03:00:00,Z002,1948.38,230.07,13.61,0.105
2026-08-12 04:00:00,Z002,2161.66,297.88,13.57,0.066
2026-08-12 05:00:00,Z002,2167.53,293.57,14.99,0.09
2026-08-12 06:00:00,Z002,2150.29,256.86,14.49,0.141
2026-08-12 07:00:00,Z002,2104.82,241.07,13.47,0.092
2026-08-12 08:00:00,Z002,1925.04,227.1,15.06,0.064
2026-08-12 09:00:00,Z002,2146.88,325.55,14.4,0.013
2026-08-12 10:00:00,Z002,1996.4,232.05,13.04,0.083
2026-08-12 11:00:00,Z002,2111.62,290.33,12.69,0.074
2026-08-12 12:00:00,Z002,-100.0,273.3,14.18,0.008
2026-08-12 13:00:00,Z002,2228.56,262.39,15.04,0.102
2026-08-12 14:00:00,Z002,2369.28,295.44,15.62,0.115
2026-08-12 15:00:00,Z002,2611.05,397.35,13.25,0.044
2026-08-12 16:00:00,Z002,2968.11,339.53,11.04,0.06
2026-08-12 17:00:00,Z002,3584.3,427.0,13.07,0.081
2026-08-12 18:00:00,Z002,4235.83,553.73,13.23,0.106
2026-08-12 19:00:00,Z002,4655.31,523.49,16.04,0.049
2026-08-12 20:00:00,Z002,5248.31,531.15,13.06,0.084
2026-08-12 21:00:00,Z002,5778.05,691.75,13.88,0.043
2026-08-12 22:00:00,Z002,5231.67,506.48,14.94,0.104
2026-08-12 23:00:00,Z002,4886.67,618.76,15.05,0.083
2026-08-13 00:00:00,Z002,,236.65,13.58,0.066
2026-08-13 01:00:00,Z002,2189.98,215.69,15.74,0.097
2026-08-13 02:00:00,Z002,2295.61,274.08,13.34,0.1
2026-08-13 03:00:00,Z002,2226.69,243.34,11.6,0.025
2026-08-13 04:00:00,Z002,2153.03,308.1,12.44,0.072
2026-08-13 05:00:00,Z002,2094.63,311.7,16.71,0.093
2026-08-13 06:00:00,Z002,2214.0,294.58,12.46,0.101
2026-08-13 07:00:00,Z002,2030.41,238.43,15.37,0.082
2026-08-13 08:00:00,Z002,2233.83,311.59,11.89,0.015
2026-08-13 09:00:00,Z002,2240.32,309.25,14.31,0.092
2026-08-13 10:00:00,Z002,2217.31,295.16,13.63,0.109
2026-08-13 11:00:00,Z002,2106.62,260.49,14.24,0.054
2026-08-13 12:00:00,Z002,2090.86,320.97,12.93,0.091
2026-08-13 13:00:00,Z002,2278.17,271.53,14.81,0.09
2026-08-13 14:00:00,Z002,2252.09,288.38,13.35,0.132
2026-08-13 15:00:00,Z002,2628.9,287.86,14.41,0.052
2026-08-13 16:00:00,Z002,3004.0,350.31,13.01,0.055
2026-08-13 17:00:00,Z002,3916.48,475.35,13.48,0.062
2026-08-13 18:00:00,Z002,4301.81,475.02,12.69,0.079
2026-08-13 19:00:00,Z002,4886.78,555.84,12.93,0.068
2026-08-13 20:00:00,Z002,5294.34,587.01,14.4,0.147
2026-08-13 21:00:00,Z002,5935.6,885.17,13.68,0.13
2026-08-13 22:00:00,Z002,5463.97,736.52,14.67,0.07
2026-08-13 23:00:00,Z002,5054.09,643.25,11.9,0.076
2026-08-14 00:00:00,Z002,2211.54,274.59,14.56,0.057
2026-08-14 01:00:00,Z002,2152.53,255.19,13.76,0.06
2026-08-14 02:00:00,Z002,2215.61,277.35,14.29,0.142
2026-08-14 03:00:00,Z002,2173.37,299.94,14.33,0.069
2026-08-14 04:00:00,Z002,2026.58,250.53,10.8,0.088
2026-08-14 05:00:00,Z002,2158.2,251.94,13.89,0.042
2026-08-14 06:00:00,Z002,2260.7,259.85,12.83,0.096
2026-08-14 07:00:00,Z002,2138.66,245.14,13.44,0.08
2026-08-14 08:00:00,Z002,2257.13,286.75,13.96,0.106
2026-08-14 09:00:00,Z002,2131.63,268.63,14.18,0.098
2026-08-14 10:00:00,Z002,2089.04,214.98,15.09,0.125
2026-08-14 11:00:00,Z002,2034.84,249.65,13.46,0.107
2026-08-14 12:00:00,Z002,2187.2,371.63,13.64,0.126
2026-08-14 13:00:00,Z002,2383.55,305.1,14.04,0.083
2026-08-14 14:00:00,Z002,2344.95,321.26,12.95,0.075
2026-08-14 15:00:00,Z002,2546.34,239.63,15.03,0.112
2026-08-14 16:00:00,Z002,2884.81,390.75,12.1,0.081
2026-08-14 17:00:00,Z002,3509.67,425.78,14.1,0.078
2026-08-14 18:00:00,Z002,4138.99,489.93,15.64,0.063
2026-08-14 19:00:00,Z002,5392.43,595.72,14.39,0.097
2026-08-14 20:00:00,Z002,5337.64,751.2,14.74,0.074
2026-08-14 21:00:00,Z002,5945.56,622.9,13.69,0.097
2026-08-14 22:00:00,Z002,5603.72,699.56,14.03,0.072
2026-08-14 23:00:00,Z002,5144.83,635.93,12.99,0.052
2026-08-15 00:00:00,Z002,2386.58,260.66,14.33,0.121
2026-08-15 01:00:00,Z002,2288.91,248.66,12.78,0.136
2026-08-15 02:00:00,Z002,2129.71,237.89,14.45,0.073
2026-08-15 03:00:00,Z002,2292.1,224.59,13.75,0.1
2026-08-15 04:00:00,Z002,2302.88,256.57,12.77,0.086
2026-08-15 05:00:00,Z002,2102.44,292.79,14.19,0.059
2026-08-15 06:00:00,Z002,2128.38,235.2,12.13,0.095
2026-08-15 07:00:00,Z002,2153.73,271.36,14.65,0.109
2026-08-15 08:00:00,Z002,2259.98,309.34,15.66,0.088
2026-08-15 09:00:00,Z002,2267.48,253.14,12.81,0.118
2026-08-15 10:00:00,Z002,2299.24,299.6,13.29,0.129
2026-08-15 11:00:00,Z002,2223.87,240.12,13.31,0.127
2026-08-15 12:00:00,Z002,2157.78,234.62,17.48,0.108
2026-08-15 13:00:00,Z002,2254.35,233.95,11.99,0.083
2026-08-15 14:00:00,Z002,2541.7,362.91,11.73,0.04
2026-08-15 15:00:00,Z002,2693.48,435.85,15.06,0.091
2026-08-15 16:00:00,Z002,2946.16,259.85,14.05,0.077
2026-08-15 17:00:00,Z002,3661.54,418.49,13.1,0.051
2026-08-15 18:00:00,Z002,4699.69,501.47,13.67,0.079
2026-08-15 19:00:00,Z002,5303.73,568.68,15.25,0.063
2026-08-15 20:00:00,Z002,5637.71,815.47,13.03,0.102
2026-08-15 21:00:00,Z002,6145.82,766.07,14.37,0.145
2026-08-15 22:00:00,Z002,5675.54,698.44,13.81,0.085
2026-08-15 23:00:00,Z002,5363.38,621.46,11.56,0.095
2026-08-16 00:00:00,Z002,2125.98,278.78,14.0,0.108
2026-08-16 01:00:00,Z002,2139.05,239.51,13.59,0.036
2026-08-16 02:00:00,Z002,2346.15,224.34,15.32,0.093
2026-08-16 03:00:00,Z002,2214.4,277.19,14.38,0.068
2026-08-16 04:00:00,Z002,2264.38,296.56,12.87,0.09
2026-08-16 05:00:00,Z002,1970.33,179.41,14.68,0.067
2026-08-16 06:00:00,Z002,2148.6,256.12,13.52,0.05
2026-08-16 07:00:00,Z002,2069.65,187.26,14.89,0.067
2026-08-16 08:00:00,Z002,2332.15,264.72,14.43,0.076
2026-08-16 09:00:00,Z002,2239.91,271.92,13.47,0.043
2026-08-16 10:00:00,Z002,2315.39,333.19,15.99,0.063
2026-08-16 11:00:00,Z002,2172.85,242.68,13.79,0.078
2026-08-16 12:00:00,Z002,2169.35,212.17,14.06,0.0
2026-08-16 13:00:00,Z002,2320.69,245.6,14.94,0.111
2026-08-16 14:00:00,Z002,2579.71,296.16,12.64,0.056
2026-08-16 15:00:00,Z002,2743.09,261.45,15.67,0.07
2026-08-16 16:00:00,Z002,3188.21,297.39,12.89,0.023
2026-08-16 17:00:00,Z002,3876.52,455.87,14.69,0.082
2026-08-16 18:00:00,Z002,4516.37,519.1,13.76,0.077
2026-08-16 19:00:00,Z002,5234.19,662.03,17.43,0.13
2026-08-16 20:00:00,Z002,5224.5,615.73,13.56,0.118
2026-08-16 21:00:00,Z002,5796.45,735.94,11.47,0.035
2026-08-16 22:00:00,Z002,6213.79,750.34,13.36,0.089
2026-08-16 23:00:00,Z002,4896.77,566.8,12.26,0.056
2026-08-17 00:00:00,Z002,2088.13,285.68,14.56,0.099
2026-08-17 01:00:00,Z002,2125.53,281.3,12.95,0.058
2026-08-17 02:00:00,Z002,2167.03,250.97,13.98,0.075
2026-08-17 03:00:00,Z002,2248.03,313.79,13.25,0.027
2026-08-17 04:00:00,Z002,2059.87,219.47,15.0,0.108
2026-08-17 05:00:00,Z002,2029.27,220.55,12.23,0.084
2026-08-17 06:00:00,Z002,2123.71,279.98,14.6,0.098
2026-08-17 07:00:00,Z002,1980.39,219.04,15.14,0.064
2026-08-17 08:00:00,Z002,1972.37,260.59,13.31,0.112
2026-08-17 09:00:00,Z002,2127.23,246.42,15.64,0.041
2026-08-17 10:00:00,Z002,2269.22,250.54,14.19,0.085
2026-08-17 11:00:00,Z002,2098.85,227.87,13.56,0.05
2026-08-17 12:00:00,Z002,2354.17,265.51,15.39,0.111
2026-08-17 13:00:00,Z002,2256.5,266.19,14.23,0.097
2026-08-17 14:00:00,Z002,2354.47,227.2,11.82,0.125
2026-08-17 15:00:00,Z002,2273.31,279.47,13.72,0.085
2026-08-17 16:00:00,Z002,2817.22,352.89,14.25,0.163
2026-08-17 17:00:00,Z002,3550.37,497.85,12.2,0.111
2026-08-17 18:00:00,Z002,4255.39,527.86,14.34,0.131
2026-08-17 19:00:00,Z002,4951.78,535.97,13.27,0.105
2026-08-17 20:00:00,Z002,5517.56,535.44,14.76,0.048
2026-08-17 21:00:00,Z002,5710.44,616.25,13.9,0.064
2026-08-17 22:00:00,Z002,5778.34,728.23,15.78,0.167
2026-08-17 23:00:00,Z002,4905.89,699.24,13.16,0.118
2026-08-18 00:00:00,Z002,2050.67,245.51,14.64,0.101
2026-08-18 01:00:00,Z002,2006.14,214.65,14.73,0.069
2026-08-18 02:00:00,Z002,1994.19,237.18,13.86,0.085
2026-08-18 03:00:00,Z002,2178.68,276.66,13.08,0.068
2026-08-18 04:00:00,Z002,2216.85,247.96,13.53,0.035
2026-08-18 05:00:00,Z002,2125.26,266.04,11.63,0.048
2026-08-18 06:00:00,Z002,1991.86,262.58,11.71,0.078
2026-08-18 07:00:00,Z002,2196.8,269.8,13.47,0.09
2026-08-18 08:00:00,Z002,2227.55,263.71,11.31,0.114
2026-08-18 09:00:00,Z002,2167.34,259.01,11.62,0.071
2026-08-18 10:00:00,Z002,2047.66,208.36,13.84,0.064
2026-08-18 11:00:00,Z002,2094.71,274.61,14.31,0.065
2026-08-18 12:00:00,Z002,2102.6,237.97,13.7,0.098
2026-08-18 13:00:00,Z002,2116.07,300.22,14.7,0.0
2026-08-18 14:00:00,Z002,2352.88,319.08,14.47,0.068
2026-08-18 15:00:00,Z002,2572.0,315.52,14.92,0.038
2026-08-18 16:00:00,Z002,2888.71,417.65,14.04,0.126
2026-08-18 17:00:00,Z002,4003.95,450.92,12.56,0.072
2026-08-18 18:00:00,Z002,4420.82,612.65,16.73,0.079
2026-08-18 19:00:00,Z002,5003.1,546.96,11.0,0.079
2026-08-18 20:00:00,Z002,5127.84,664.83,11.77,0.058
2026-08-18 21:00:00,Z002,5667.46,711.75,14.15,0.136
2026-08-18 22:00:00,Z002,5790.64,635.44,16.21,0.133
2026-08-18 23:00:00,Z002,4868.28,587.51,13.94,0.061
2026-08-19 00:00:00,Z002,2075.75,290.17,14.52,0.063
2026-08-19 01:00:00,Z002,2039.33,221.53,13.8,0.107
2026-08-19 02:00:00,Z002,2045.64,273.14,14.24,0.084
2026-08-19 03:00:00,Z002,2226.23,295.31,12.31,0.047
2026-08-19 04:00:00,Z002,2106.02,263.97,15.64,0.082
2026-08-19 05:00:00,Z002,2291.15,250.65,13.35,0.071
2026-08-19 06:00:00,Z002,2049.75,281.62,10.68,0.065
2026-08-19 07:00:00,Z002,2238.01,258.08,15.29,0.146
2026-08-19 08:00:00,Z002,2135.94,293.76,16.9,0.092
2026-08-19 09:00:00,Z002,2124.38,283.68,15.42,0.079
2026-08-19 10:00:00,Z002,2085.23,303.95,13.68,0.116
2026-08-19 11:00:00,Z002,2165.3,319.17,12.98,0.054
2026-08-19 12:00:00,Z002,2246.36,231.48,14.14,0.126
2026-08-19 13:00:00,Z002,2041.91,257.35,15.45,0.079
2026-08-19 14:00:00,Z002,2246.09,260.68,12.99,0.082
2026-08-19 15:00:00,Z002,2546.98,286.03,14.56,0.127
2026-08-19 16:00:00,Z002,3013.36,422.34,15.89,0.062
2026-08-19 17:00:00,Z002,3573.38,406.03,12.22,0.091
2026-08-19 18:00:00,Z002,4013.05,510.72,12.13,0.085
2026-08-19 19:00:00,Z002,4549.55,591.93,13.53,0.065
2026-08-19 20:00:00,Z002,5682.83,654.53,14.35,0.074
2026-08-19 21:00:00,Z002,5727.86,776.95,15.24,0.066
2026-08-19 22:00:00,Z002,5702.92,605.96,13.34,0.076
2026-08-19 23:00:00,Z002,5126.19,525.17,15.1,0.078
2026-08-20 00:00:00,Z002,2086.47,284.73,13.04,0.149
2026-08-20 01:00:00,Z002,2111.08,258.08,15.85,0.085
2026-08-20 02:00:00,Z002,2241.85,203.34,13.47,0.092
2026-08-20 03:00:00,Z002,2231.56,293.55,14.81,0.112
2026-08-20 04:00:00,Z002,2173.49,190.95,15.73,0.055
2026-08-20 05:00:00,Z002,2158.03,264.82,14.06,0.047
2026-08-20 06:00:00,Z002,1942.36,203.88,14.99,0.037
2026-08-20 07:00:00,Z002,2043.75,258.07,12.77,0.064
2026-08-20 08:00:00,Z002,2136.08,265.39,12.74,0.084
2026-08-20 09:00:00,Z002,2167.2,218.67,14.26,0.059
2026-08-20 10:00:00,Z002,2143.53,280.47,13.79,0.107
2026-08-20 11:00:00,Z002,2216.14,296.11,14.48,0.113
2026-08-20 12:00:00,Z002,2200.67,209.04,13.05,0.074
2026-08-20 13:00:00,Z002,2211.52,277.25,13.03,0.14
2026-08-20 14:00:00,Z002,2333.07,279.7,13.2,0.05
2026-08-20 15:00:00,Z002,2564.43,308.79,13.9,0.13
2026-08-20 16:00:00,Z002,2952.68,350.52,14.98,0.075
2026-08-20 17:00:00,Z002,3615.39,364.48,12.47,0.084
2026-08-20 18:00:00,Z002,4168.59,449.64,14.15,0.086
2026-08-20 19:00:00,Z002,4739.19,531.82,14.26,0.049
2026-08-20 20:00:00,Z002,5261.63,673.54,14.03,0.066
2026-08-20 21:00:00,Z002,5372.43,563.04,13.93,0.141
2026-08-20 22:00:00,Z002,5546.36,554.67,15.01,0.057
2026-08-20 23:00:00,Z002,4894.51,544.11,16.43,0.046
2026-08-21 00:00:00,Z002,2158.03,236.78,14.89,0.089
2026-08-21 01:00:00,Z002,2248.14,293.99,13.17,0.167
2026-08-21 02:00:00,Z002,2181.19,243.73,14.25,0.099
2026-08-21 03:00:00,Z002,2184.77,278.43,15.16,0.106
2026-08-21 04:00:00,Z002,2046.84,310.34,16.36,0.104
2026-08-21 05:00:00,Z002,2131.71,257.59,13.61,0.074
2026-08-21 06:00:00,Z002,1918.6,274.27,15.41,0.03
2026-08-21 07:00:00,Z002,2213.28,265.34,13.76,0.095
2026-08-21 08:00:00,Z002,1961.33,235.03,14.1,0.082
2026-08-21 09:00:00,Z002,1997.98,253.15,15.27,0.092
2026-08-21 10:00:00,Z002,2109.66,338.25,12.89,0.103
2026-08-21 11:00:00,Z002,2163.41,324.91,14.46,0.098
2026-08-21 12:00:00,Z002,2212.41,230.37,12.96,0.072
2026-08-21 13:00:00,Z002,2315.89,286.0,13.75,0.121
2026-08-21 14:00:00,Z002,2134.78,214.68,11.0,0.116
2026-08-21 15:00:00,Z002,2567.87,345.36,13.87,0.111
2026-08-21 16:00:00,Z002,2952.62,372.47,14.32,0.09
2026-08-21 17:00:00,Z002,3797.32,363.15,13.92,0.086
2026-08-21 18:00:00,Z002,4221.65,481.4,13.36,0.126
2026-08-21 19:00:00,Z002,4880.0,764.06,14.64,0.071
2026-08-21 20:00:00,Z002,5543.17,674.24,15.77,0.045
2026-08-21 21:00:00,Z002,5146.1,645.4,15.04,0.089
2026-08-21 22:00:00,Z002,5572.32,712.6,12.39,0.088
2026-08-21 23:00:00,Z002,5185.67,635.64,12.47,0.07
2026-08-22 00:00:00,Z002,2290.38,336.54,11.65,0.091
2026-08-22 01:00:00,Z002,2140.67,273.18,14.71,0.073
2026-08-22 02:00:00,Z002,2297.91,315.04,13.8,0.04
2026-08-22 03:00:00,Z002,2377.74,314.88,14.68,0.059
2026-08-22 04:00:00,Z002,2333.48,351.51,13.85,0.083
2026-08-22 05:00:00,Z002,2127.3,232.32,12.71,0.084
2026-08-22 06:00:00,Z002,2200.15,276.32,12.93,0.075
2026-08-22 07:00:00,Z002,2138.58,262.65,12.04,0.085
2026-08-22 08:00:00,Z002,2206.62,270.78,12.02,0.1
2026-08-22 09:00:00,Z002,2205.39,271.83,11.76,0.043
2026-08-22 10:00:00,Z002,2198.93,309.24,14.63,0.084
2026-08-22 11:00:00,Z002,2153.52,222.69,14.33,0.101
2026-08-22 12:00:00,Z002,2292.7,333.92,13.18,0.085
2026-08-22 13:00:00,Z002,2153.62,265.25,15.76,0.049
2026-08-22 14:00:00,Z002,2554.34,361.73,13.17,0.094
2026-08-22 15:00:00,Z002,2900.54,358.09,14.94,0.027
2026-08-22 16:00:00,Z002,3201.82,409.06,12.41,0.051
2026-08-22 17:00:00,Z002,3806.94,439.55,15.33,0.089
2026-08-22 18:00:00,Z002,4434.36,520.79,14.35,0.104
2026-08-22 19:00:00,Z002,5263.85,598.26,15.55,0.1
2026-08-22 20:00:00,Z002,5777.53,701.25,14.87,0.025
2026-08-22 21:00:00,Z002,5943.85,859.5,14.63,0.083
2026-08-22 22:00:00,Z002,5526.8,704.06,13.91,0.119
2026-08-22 23:00:00,Z002,4940.59,559.35,13.28,0.135
2026-08-23 00:00:00,Z002,2215.32,247.63,11.49,0.053
2026-08-23 01:00:00,Z002,2287.48,292.47,13.22,0.062
2026-08-23 02:00:00,Z002,2421.41,388.5,15.38,0.127
2026-08-23 03:00:00,Z002,2412.51,369.64,13.64,0.054
2026-08-23 04:00:00,Z002,2418.75,255.26,12.77,0.05
2026-08-23 05:00:00,Z002,2221.19,200.43,12.28,0.061
2026-08-23 06:00:00,Z002,2114.16,287.39,14.01,0.097
2026-08-23 07:00:00,Z002,2281.46,266.7,15.19,0.094
2026-08-23 08:00:00,Z002,2202.63,208.68,14.62,0.042
2026-08-23 09:00:00,Z002,2273.69,275.53,12.37,0.088
2026-08-23 10:00:00,Z002,2257.5,277.5,14.18,0.06
2026-08-23 11:00:00,Z002,2306.8,253.02,12.71,0.1
2026-08-23 12:00:00,Z002,2367.06,305.57,13.75,0.022
2026-08-23 13:00:00,Z002,2486.69,225.48,14.7,0.143
2026-08-23 14:00:00,Z002,2477.62,308.14,14.46,0.086
2026-08-23 15:00:00,Z002,2994.5,321.47,12.84,0.07
2026-08-23 16:00:00,Z002,3362.29,374.38,14.52,0.112
2026-08-23 17:00:00,Z002,3836.13,518.92,15.7,0.089
2026-08-23 18:00:00,Z002,4332.15,529.42,13.59,0.156
2026-08-23 19:00:00,Z002,5017.15,638.42,12.21,0.084
2026-08-23 20:00:00,Z002,5605.71,729.5,15.02,0.123
2026-08-23 21:00:00,Z002,6233.92,741.87,13.45,0.058
2026-08-23 22:00:00,Z002,5756.45,704.4,14.57,0.064
2026-08-23 23:00:00,Z002,5472.82,535.84,13.42,0.048
2026-08-24 00:00:00,Z002,2107.99,292.37,13.65,0.083
2026-08-24 01:00:00,Z002,2191.61,251.97,14.46,0.088
2026-08-24 02:00:00,Z002,2019.71,228.3,14.43,0.118
2026-08-24 03:00:00,Z002,2250.69,340.83,14.58,0.068
2026-08-24 04:00:00,Z002,2121.88,251.0,13.51,0.091
2026-08-24 05:00:00,Z002,2169.13,222.11,15.31,0.025
2026-08-24 06:00:00,Z002,2106.71,289.12,14.73,0.069
2026-08-24 07:00:00,Z002,2316.59,262.7,11.6,0.094
2026-08-24 08:00:00,Z002,1957.91,210.53,14.75,0.066
2026-08-24 09:00:00,Z002,2184.61,224.2,15.03,0.029
2026-08-24 10:00:00,Z002,2258.13,254.87,15.84,0.055
2026-08-24 11:00:00,Z002,2325.34,245.64,11.85,0.081
2026-08-24 12:00:00,Z002,2283.31,301.08,15.4,0.104
2026-08-24 13:00:00,Z002,2138.28,281.18,14.11,0.059
2026-08-24 14:00:00,Z002,2362.79,281.54,15.7,0.065
2026-08-24 15:00:00,Z002,2513.91,275.32,16.28,0.061
2026-08-24 16:00:00,Z002,3142.85,328.52,14.61,0.088
2026-08-24 17:00:00,Z002,3725.63,507.9,14.1,0.064
2026-08-24 18:00:00,Z002,4520.53,499.27,11.28,0.024
2026-08-24 19:00:00,Z002,4539.78,585.34,16.66,0.019
2026-08-24 20:00:00,Z002,5218.18,633.15,15.9,0.056
2026-08-24 21:00:00,Z002,5748.88,668.3,17.38,0.084
2026-08-24 22:00:00,Z002,5495.22,666.37,13.64,0.108
2026-08-24 23:00:00,Z002,4640.25,417.49,13.82,0.104
2026-08-25 00:00:00,Z002,2072.38,254.48,12.54,0.112
2026-08-25 01:00:00,Z002,2190.43,263.5,14.2,0.038
2026-08-25 02:00:00,Z002,1998.83,236.2,14.62,0.097
2026-08-25 03:00:00,Z002,2093.25,274.59,15.7,0.077
2026-08-25 04:00:00,Z002,2157.65,252.19,13.85,0.085
2026-08-25 05:00:00,Z002,2291.11,306.39,14.99,0.066
2026-08-25 06:00:00,Z002,2042.0,256.97,15.49,0.132
2026-08-25 07:00:00,Z002,1893.18,296.65,14.5,0.107
2026-08-25 08:00:00,Z002,1961.6,228.42,14.99,0.045
2026-08-25 09:00:00,Z002,1852.28,231.59,13.94,0.123
2026-08-25 10:00:00,Z002,2116.3,251.2,14.84,0.111
2026-08-25 11:00:00,Z002,2071.73,277.96,13.37,0.08
2026-08-25 12:00:00,Z002,2228.48,295.67,14.38,0.048
2026-08-25 13:00:00,Z002,2033.38,238.27,15.17,0.093
2026-08-25 14:00:00,Z002,2369.41,284.08,14.37,0.05
2026-08-25 15:00:00,Z002,2669.64,354.25,13.57,0.093
2026-08-25 16:00:00,Z002,2740.17,336.22,13.84,0.118
2026-08-25 17:00:00,Z002,3498.17,465.36,13.53,0.011
2026-08-25 18:00:00,Z002,4169.74,512.68,14.18,0.085
2026-08-25 19:00:00,Z002,4784.01,550.85,12.65,0.02
2026-08-25 20:00:00,Z002,5382.74,585.76,15.39,0.015
2026-08-25 21:00:00,Z002,5673.34,861.34,14.0,0.08
2026-08-25 22:00:00,Z002,5512.42,703.21,13.65,0.05
2026-08-25 23:00:00,Z002,5039.38,460.49,15.01,0.068
2026-08-26 00:00:00,Z002,2128.3,238.62,15.72,0.087
2026-08-26 01:00:00,Z002,2097.19,240.66,13.82,0.152
2026-08-26 02:00:00,Z002,2001.88,272.74,14.68,0.126
2026-08-26 03:00:00,Z002,2188.24,262.7,15.22,0.087
2026-08-26 04:00:00,Z002,2200.29,311.17,14.11,0.067
2026-08-26 05:00:00,Z002,2066.35,261.93,12.95,0.07
2026-08-26 06:00:00,Z002,2035.36,259.76,13.1,0.041
2026-08-26 07:00:00,Z002,2021.68,225.28,13.42,0.088
2026-08-26 08:00:00,Z002,2112.76,265.27,14.54,0.102
2026-08-26 09:00:00,Z002,1946.21,200.64,14.67,0.086
2026-08-26 10:00:00,Z002,2225.36,215.5,13.43,0.071
2026-08-26 11:00:00,Z002,2156.02,259.88,14.56,0.077
2026-08-26 12:00:00,Z002,2296.77,333.88,12.66,0.081
2026-08-26 13:00:00,Z002,2299.97,296.19,13.51,0.088
2026-08-26 14:00:00,Z002,2176.86,260.6,12.25,0.095
2026-08-26 15:00:00,Z002,2449.57,299.94,14.38,0.082
2026-08-26 16:00:00,Z002,2885.11,337.11,15.42,0.067
2026-08-26 17:00:00,Z002,3533.13,394.47,15.22,0.082
2026-08-26 18:00:00,Z002,4067.67,488.56,13.71,0.122
2026-08-26 19:00:00,Z002,4885.74,484.95,14.6,0.134
2026-08-26 20:00:00,Z002,5699.97,589.7,13.91,0.079
2026-08-26 21:00:00,Z002,5595.33,703.41,13.76,0.053
2026-08-26 22:00:00,Z002,5640.31,581.78,13.24,0.046
2026-08-26 23:00:00,Z002,5030.45,611.69,15.08,0.056
2026-08-27 00:00:00,Z002,2008.01,227.59,13.78,0.086
2026-08-27 01:00:00,Z002,1966.89,250.15,12.93,0.061
2026-08-27 02:00:00,Z002,2240.39,195.48,14.39,0.09
2026-08-27 03:00:00,Z002,2049.59,232.21,15.47,0.139
2026-08-27 04:00:00,Z002,2229.96,330.68,13.17,0.033
2026-08-27 05:00:00,Z002,2122.96,280.39,11.77,0.052
2026-08-27 06:00:00,Z002,2049.93,256.96,14.27,0.057
2026-08-27 07:00:00,Z002,2145.27,220.59,13.49,0.042
2026-08-27 08:00:00,Z002,2113.85,228.28,14.83,0.079
2026-08-27 09:00:00,Z002,2107.27,308.76,14.46,0.069
2026-08-27 10:00:00,Z002,2075.65,212.3,13.92,0.089
2026-08-27 11:00:00,Z002,1955.63,194.66,13.38,0.047
2026-08-27 12:00:00,Z002,2167.4,266.01,13.85,0.097
2026-08-27 13:00:00,Z002,2161.8,257.93,12.8,0.089
2026-08-27 14:00:00,Z002,2351.88,239.94,13.81,0.079
2026-08-27 15:00:00,Z002,2611.71,325.87,13.13,0.103
2026-08-27 16:00:00,Z002,3039.45,331.7,12.63,0.061
2026-08-27 17:00:00,Z002,3295.97,405.8,15.42,0.123
2026-08-27 18:00:00,Z002,4006.0,528.0,14.1,0.008
2026-08-27 19:00:00,Z002,4822.35,546.59,15.45,0.054
2026-08-27 20:00:00,Z002,5545.69,656.58,12.42,0.063
2026-08-27 21:00:00,Z002,5985.97,702.75,15.48,0.106
2026-08-27 22:00:00,Z002,5299.55,533.92,12.69,0.124
2026-08-27 23:00:00,Z002,4929.01,463.29,15.01,0.026
2026-08-28 00:00:00,Z002,2048.89,248.37,17.02,0.104
2026-08-28 01:00:00,Z002,2081.81,250.7,15.1,0.123
2026-08-28 02:00:00,Z002,2104.29,245.61,13.0,0.1
2026-08-28 03:00:00,Z002,2226.25,202.41,13.52,0.044
2026-08-28 04:00:00,Z002,2142.45,217.31,12.42,0.114
2026-08-28 05:00:00,Z002,2112.14,251.56,14.52,0.109
2026-08-28 06:00:00,Z002,2087.93,238.14,13.53,0.112
2026-08-28 07:00:00,Z002,2121.53,245.32,14.47,0.135
2026-08-28 08:00:00,Z002,2135.35,247.61,16.33,0.12
2026-08-28 09:00:00,Z002,2242.5,252.26,13.28,0.025
2026-08-28 10:00:00,Z002,2224.2,269.47,11.84,0.116
2026-08-28 11:00:00,Z002,2107.5,246.13,12.18,0.095
2026-08-28 12:00:00,Z002,2212.03,263.85,13.5,0.159
2026-08-28 13:00:00,Z002,2100.01,229.28,14.85,0.05
2026-08-28 14:00:00,Z002,2229.1,305.33,14.73,0.095
2026-08-28 15:00:00,Z002,2600.19,285.03,13.7,0.078
2026-08-28 16:00:00,Z002,3082.64,389.61,12.89,0.104
2026-08-28 17:00:00,Z002,3263.11,375.89,12.63,0.054
2026-08-28 18:00:00,Z002,4577.7,448.34,13.02,0.095
2026-08-28 19:00:00,Z002,4792.04,586.23,15.72,0.1
2026-08-28 20:00:00,Z002,5294.58,624.73,14.71,0.099
2026-08-28 21:00:00,Z002,5605.23,702.95,14.62,0.077
2026-08-28 22:00:00,Z002,5261.34,689.97,14.41,0.018
2026-08-28 23:00:00,Z002,4713.65,531.65,13.76,0.116
2026-08-29 00:00:00,Z002,2556.39,212.48,14.37,0.082
2026-08-29 01:00:00,Z002,2216.25,284.0,14.18,0.069
2026-08-29 02:00:00,Z002,2237.34,287.16,14.55,0.086
2026-08-29 03:00:00,Z002,2175.74,353.09,14.43,0.103
2026-08-29 04:00:00,Z002,2183.34,268.21,14.22,0.023
2026-08-29 05:00:00,Z002,2162.34,235.64,13.28,0.048
2026-08-29 06:00:00,Z002,2238.82,315.58,14.16,0.045
2026-08-29 07:00:00,Z002,2130.8,243.64,12.3,0.089
2026-08-29 08:00:00,Z002,2370.72,264.01,14.09,0.067
2026-08-29 09:00:00,Z002,2172.1,266.83,13.2,0.056
2026-08-29 10:00:00,Z002,2075.13,251.03,15.28,0.101
2026-08-29 11:00:00,Z002,2397.84,263.48,15.02,0.047
2026-08-29 12:00:00,Z002,2343.84,339.07,14.6,0.13
2026-08-29 13:00:00,Z002,2268.44,267.65,12.9,0.081
2026-08-29 14:00:00,Z002,2490.94,299.89,13.43,0.065
2026-08-29 15:00:00,Z002,2750.11,323.44,12.62,0.023
2026-08-29 16:00:00,Z002,3034.48,301.22,13.0,0.067
2026-08-29 17:00:00,Z002,3681.84,405.04,16.63,0.042
2026-08-29 18:00:00,Z002,4663.8,548.28,13.21,0.098
2026-08-29 19:00:00,Z002,5035.6,543.32,16.16,0.014
2026-08-29 20:00:00,Z002,5616.5,689.99,15.88,0.068
2026-08-29 21:00:00,Z002,6584.1,865.06,12.05,0.051
2026-08-29 22:00:00,Z002,5739.63,590.28,14.91,0.066
2026-08-29 23:00:00,Z002,4863.7,513.27,15.02,0.019
2026-08-30 00:00:00,Z002,2339.5,318.45,13.6,0.038
2026-08-30 01:00:00,Z002,2290.29,258.13,12.18,0.137
2026-08-30 02:00:00,Z002,2145.47,210.08,14.34,0.078
2026-08-30 03:00:00,Z002,2383.83,272.45,13.56,0.09
2026-08-30 04:00:00,Z002,2254.46,278.31,14.33,0.085
2026-08-30 05:00:00,Z002,2192.53,290.49,13.57,0.104
2026-08-30 06:00:00,Z002,2373.95,260.75,16.89,0.059
2026-08-30 07:00:00,Z002,2163.53,277.15,14.53,0.082
2026-08-30 08:00:00,Z002,2316.93,286.81,16.48,0.078
2026-08-30 09:00:00,Z002,2149.48,240.15,14.57,0.095
2026-08-30 10:00:00,Z002,2259.02,242.3,15.33,0.138
2026-08-30 11:00:00,Z002,2249.94,331.1,15.04,0.147
2026-08-30 12:00:00,Z002,2319.65,283.11,15.01,0.067
2026-08-30 13:00:00,Z002,2373.96,332.26,14.98,0.079
2026-08-30 14:00:00,Z002,2483.27,326.21,14.87,0.103
2026-08-30 15:00:00,Z002,2749.41,295.92,13.2,0.094
2026-08-30 16:00:00,Z002,3234.7,422.22,13.19,0.075
2026-08-30 17:00:00,Z002,3510.36,347.98,14.1,0.121
2026-08-30 18:00:00,Z002,4442.98,660.33,13.8,0.081
2026-08-30 19:00:00,Z002,4911.12,563.75,12.58,0.034
2026-08-30 20:00:00,Z002,5379.33,652.4,13.21,0.065
2026-08-30 21:00:00,Z002,5988.45,579.49,14.49,0.105
2026-08-30 22:00:00,Z002,5917.92,756.01,14.29,0.061
2026-08-30 23:00:00,Z002,5121.31,741.58,14.36,0.077
2026-08-31 00:00:00,Z002,2181.98,263.46,14.27,0.073
2026-08-31 01:00:00,Z002,2088.27,281.79,11.66,0.094
2026-08-31 02:00:00,Z002,2082.35,190.37,12.83,0.079
2026-08-31 03:00:00,Z002,2137.72,280.25,14.97,0.034
2026-08-31 04:00:00,Z002,2164.15,283.35,14.26,0.095
2026-08-31 05:00:00,Z002,1942.94,204.29,15.64,0.072
2026-08-31 06:00:00,Z002,2340.9,236.02,15.88,0.062
2026-08-31 07:00:00,Z002,2210.64,255.48,14.14,0.098
2026-08-31 08:00:00,Z002,2069.5,273.21,13.68,0.085
2026-08-31 09:00:00,Z002,1875.57,215.58,15.52,0.101
2026-08-31 10:00:00,Z002,2216.68,267.78,16.01,0.089
2026-08-31 11:00:00,Z002,2076.42,275.8,15.11,0.099
2026-08-31 12:00:00,Z002,2123.96,263.84,15.67,0.094
2026-08-31 13:00:00,Z002,2072.59,229.16,13.19,0.057
2026-08-31 14:00:00,Z002,2121.19,314.7,12.95,0.056
2026-08-31 15:00:00,Z002,2353.74,313.04,13.89,0.069
2026-08-31 16:00:00,Z002,2929.73,377.4,13.42,0.02
2026-08-31 17:00:00,Z002,3324.58,331.95,14.33,0.108
2026-08-31 18:00:00,Z002,4490.36,428.72,14.74,0.062
2026-08-31 19:00:00,Z002,5539.62,779.72,16.2,0.104
2026-08-31 20:00:00,Z002,-100.0,626.97,13.42,0.056
2026-08-31 21:00:00,Z002,5755.63,825.39,13.83,0.058
2026-08-31 22:00:00,Z002,5047.58,624.24,15.49,0.118
2026-08-31 23:00:00,Z002,5199.25,656.31,14.15,0.118
2026-08-01 00:00:00,Z003,3320.64,376.52,16.05,0.048
2026-08-01 01:00:00,Z003,3489.82,451.83,14.1,0.114
2026-08-01 02:00:00,Z003,3735.21,475.1,15.67,0.052
2026-08-01 03:00:00,Z003,3470.46,541.66,16.33,0.042
2026-08-01 04:00:00,Z003,3493.23,426.32,14.5,0.118
2026-08-01 05:00:00,Z003,3784.52,456.27,15.35,0.099
2026-08-01 06:00:00,Z003,3491.93,330.08,15.22,0.098
2026-08-01 07:00:00,Z003,3556.6,374.44,16.35,0.085
2026-08-01 08:00:00,Z003,3316.09,333.15,14.81,0.101
2026-08-01 09:00:00,Z003,3424.01,434.64,14.8,0.084
2026-08-01 10:00:00,Z003,3390.73,455.78,15.01,0.097
2026-08-01 11:00:00,Z003,3383.05,338.42,14.09,0.108
2026-08-01 12:00:00,Z003,3719.37,478.93,13.46,0.056
2026-08-01 13:00:00,Z003,3643.97,436.87,15.33,0.066
2026-08-01 14:00:00,Z003,3781.1,570.28,15.86,0.054
2026-08-01 15:00:00,Z003,4516.14,465.94,13.48,0.07
2026-08-01 16:00:00,Z003,4860.47,628.44,14.13,0.098
2026-08-01 17:00:00,Z003,5692.73,715.08,14.09,0.038
2026-08-01 18:00:00,Z003,7069.41,858.52,13.14,0.067
2026-08-01 19:00:00,Z003,7896.14,918.53,16.17,0.143
2026-08-01 20:00:00,Z003,7793.93,992.34,15.19,0.074
2026-08-01 21:00:00,Z003,9582.15,1387.61,13.06,0.091
2026-08-01 22:00:00,Z003,9665.95,980.45,14.62,0.075
2026-08-01 23:00:00,Z003,8421.61,1161.08,14.38,0.081
2026-08-02 00:00:00,Z003,3224.84,455.82,13.58,0.076
2026-08-02 01:00:00,Z003,3648.06,448.58,15.2,0.098
2026-08-02 02:00:00,Z003,3527.29,439.7,12.65,0.076
2026-08-02 03:00:00,Z003,3665.75,390.48,13.14,0.054
2026-08-02 04:00:00,Z003,3519.37,496.36,14.66,0.015
2026-08-02 05:00:00,Z003,3597.26,407.82,14.61,0.076
2026-08-02 06:00:00,Z003,3359.92,399.59,13.47,0.089
2026-08-02 07:00:00,Z003,3355.97,346.1,14.88,0.113
2026-08-02 08:00:00,Z003,3586.88,395.52,13.11,0.06
2026-08-02 09:00:00,Z003,3636.98,391.43,15.06,0.099
2026-08-02 10:00:00,Z003,3696.24,502.49,14.65,0.036
2026-08-02 11:00:00,Z003,3611.43,439.63,13.55,0.121
2026-08-02 12:00:00,Z003,3528.84,395.44,15.35,0.068
2026-08-02 13:00:00,Z003,3551.64,366.15,13.02,0.058
2026-08-02 14:00:00,Z003,3957.41,414.4,11.77,0.089
2026-08-02 15:00:00,Z003,4115.31,492.83,15.54,0.082
2026-08-02 16:00:00,Z003,5208.84,619.74,15.21,0.064
2026-08-02 17:00:00,Z003,5825.66,617.55,13.02,0.073
2026-08-02 18:00:00,Z003,6505.38,796.2,13.64,0.087
2026-08-02 19:00:00,Z003,7565.82,987.54,16.05,0.125
2026-08-02 20:00:00,Z003,9644.83,1163.52,14.32,0.103
2026-08-02 21:00:00,Z003,9099.4,854.37,15.43,0.073
2026-08-02 22:00:00,Z003,8297.11,932.39,13.9,0.08
2026-08-02 23:00:00,Z003,8049.62,1131.26,12.54,0.075
2026-08-03 00:00:00,Z003,3197.13,443.9,13.33,0.07
2026-08-03 01:00:00,Z003,3486.04,487.6,15.77,0.031
2026-08-03 02:00:00,Z003,3401.14,421.92,13.94,0.082
2026-08-03 03:00:00,Z003,3521.4,477.43,15.08,0.086
2026-08-03 04:00:00,Z003,3668.93,418.22,12.06,0.072
2026-08-03 05:00:00,Z003,3337.45,465.73,13.39,0.095
2026-08-03 06:00:00,Z003,3107.53,423.31,14.08,0.072
2026-08-03 07:00:00,Z003,3648.2,496.33,12.75,0.077
2026-08-03 08:00:00,Z003,3739.11,559.68,15.11,0.025
2026-08-03 09:00:00,Z003,3529.99,389.97,15.59,0.058
2026-08-03 10:00:00,Z003,3407.85,376.21,13.56,0.099
2026-08-03 11:00:00,Z003,3148.87,489.92,12.77,0.048
2026-08-03 12:00:00,Z003,3479.03,484.9,13.61,0.048
2026-08-03 13:00:00,Z003,3328.93,348.04,14.37,0.078
2026-08-03 14:00:00,Z003,3736.75,468.86,14.99,0.068
2026-08-03 15:00:00,Z003,3900.41,477.19,13.93,0.088
2026-08-03 16:00:00,Z003,4496.46,582.89,12.59,0.067
2026-08-03 17:00:00,Z003,5802.02,597.78,15.26,0.038
2026-08-03 18:00:00,Z003,6119.48,597.21,14.14,0.102
2026-08-03 19:00:00,Z003,8103.53,1119.85,15.14,0.055
2026-08-03 20:00:00,Z003,8140.67,1073.08,15.82,0.049
2026-08-03 21:00:00,Z003,9270.09,845.39,15.0,0.078
2026-08-03 22:00:00,Z003,8382.93,1009.88,13.15,0.093
2026-08-03 23:00:00,Z003,7678.99,1029.21,15.94,0.084
2026-08-04 00:00:00,Z003,3206.16,330.01,16.04,0.127
2026-08-04 01:00:00,Z003,3461.72,418.51,14.98,0.119
2026-08-04 02:00:00,Z003,3236.23,389.79,12.67,0.076
2026-08-04 03:00:00,Z003,3560.13,484.81,14.16,0.0
2026-08-04 04:00:00,Z003,3230.57,392.63,13.74,0.081
2026-08-04 05:00:00,Z003,3365.14,376.88,13.99,0.076
2026-08-04 06:00:00,Z003,3223.48,476.09,13.43,0.012
2026-08-04 07:00:00,Z003,3596.01,385.87,15.08,0.06
2026-08-04 08:00:00,Z003,3414.46,407.27,15.2,0.074
2026-08-04 09:00:00,Z003,3232.14,400.32,13.54,0.022
2026-08-04 10:00:00,Z003,3244.24,528.91,11.81,0.087
2026-08-04 11:00:00,Z003,3310.96,488.52,12.67,0.083
2026-08-04 12:00:00,Z003,3488.33,409.22,13.08,0.079
2026-08-04 13:00:00,Z003,3424.72,394.92,15.12,0.092
2026-08-04 14:00:00,Z003,3757.53,469.52,15.15,0.119
2026-08-04 15:00:00,Z003,3982.38,526.84,12.44,0.012
2026-08-04 16:00:00,Z003,5027.02,578.11,14.3,0.043
2026-08-04 17:00:00,Z003,5205.61,569.0,14.77,0.065
2026-08-04 18:00:00,Z003,6489.97,706.32,15.4,0.106
2026-08-04 19:00:00,Z003,7491.24,975.82,13.72,0.07
2026-08-04 20:00:00,Z003,8441.75,1094.46,13.12,0.095
2026-08-04 21:00:00,Z003,9744.64,1196.12,14.85,0.088
2026-08-04 22:00:00,Z003,8642.74,828.35,16.3,0.109
2026-08-04 23:00:00,Z003,7435.98,895.84,13.34,0.089
2026-08-05 00:00:00,Z003,3337.99,412.01,12.77,0.066
2026-08-05 01:00:00,Z003,3500.47,392.03,10.83,0.075
2026-08-05 02:00:00,Z003,3690.03,489.79,13.3,0.078
2026-08-05 03:00:00,Z003,3430.64,321.3,12.97,0.092
2026-08-05 04:00:00,Z003,3567.65,404.61,15.88,0.057
2026-08-05 05:00:00,Z003,2821.67,370.08,14.65,0.102
2026-08-05 06:00:00,Z003,3433.24,421.86,13.69,0.073
2026-08-05 07:00:00,Z003,3259.91,371.61,11.83,0.044
2026-08-05 08:00:00,Z003,3304.69,285.48,11.59,0.07
2026-08-05 09:00:00,Z003,3311.12,381.77,11.14,0.127
2026-08-05 10:00:00,Z003,3118.99,336.0,12.49,0.119
2026-08-05 11:00:00,Z003,3411.03,385.11,13.35,0.085
2026-08-05 12:00:00,Z003,3194.02,401.52,13.34,0.096
2026-08-05 13:00:00,Z003,3549.0,394.28,11.54,0.073
2026-08-05 14:00:00,Z003,3427.34,415.32,13.69,0.062
2026-08-05 15:00:00,Z003,3799.23,523.54,13.46,0.151
2026-08-05 16:00:00,Z003,4652.54,582.84,14.05,0.09
2026-08-05 17:00:00,Z003,5792.99,791.11,11.88,0.106
2026-08-05 18:00:00,Z003,6736.96,812.06,16.06,0.133
2026-08-05 19:00:00,Z003,7969.82,891.4,12.64,0.103
2026-08-05 20:00:00,Z003,8978.29,804.19,15.7,0.072
2026-08-05 21:00:00,Z003,8046.89,1022.28,15.18,0.069
2026-08-05 22:00:00,Z003,8058.11,1173.92,13.29,0.115
2026-08-05 23:00:00,Z003,7136.67,900.93,14.47,0.106
2026-08-06 00:00:00,Z003,3552.44,382.94,14.62,0.039
2026-08-06 01:00:00,Z003,3122.39,347.6,14.49,0.13
2026-08-06 02:00:00,Z003,3607.26,413.67,14.37,0.108
2026-08-06 03:00:00,Z003,3443.45,404.46,14.09,0.077
2026-08-06 04:00:00,Z003,3297.59,378.82,13.86,0.068
2026-08-06 05:00:00,Z003,3158.72,419.92,14.62,0.136
2026-08-06 06:00:00,Z003,3384.17,384.93,13.25,0.081
2026-08-06 07:00:00,Z003,3411.7,396.88,12.24,0.058
2026-08-06 08:00:00,Z003,3331.88,436.82,12.22,0.088
2026-08-06 09:00:00,Z003,3363.49,380.84,13.3,0.058
2026-08-06 10:00:00,Z003,3355.63,459.39,15.44,0.046
2026-08-06 11:00:00,Z003,3319.38,289.11,14.13,0.098
2026-08-06 12:00:00,Z003,3623.06,337.68,12.69,0.084
2026-08-06 13:00:00,Z003,3220.15,394.74,14.75,0.042
2026-08-06 14:00:00,Z003,3688.37,375.54,15.65,0.086
2026-08-06 15:00:00,Z003,3918.23,397.42,14.47,0.121
2026-08-06 16:00:00,Z003,4483.96,508.51,13.1,0.127
2026-08-06 17:00:00,Z003,5047.26,703.0,13.55,0.078
2026-08-06 18:00:00,Z003,6488.54,801.94,13.12,0.112
2026-08-06 19:00:00,Z003,8036.82,845.87,14.89,0.069
2026-08-06 20:00:00,Z003,8480.33,1211.65,13.4,0.108
2026-08-06 21:00:00,Z003,8940.2,1046.8,14.82,0.087
2026-08-06 22:00:00,Z003,8019.65,889.37,12.83,0.072
2026-08-06 23:00:00,Z003,8121.6,1045.38,12.39,0.072
2026-08-07 00:00:00,Z003,3363.8,441.2,13.22,0.043
2026-08-07 01:00:00,Z003,3320.36,426.78,14.28,0.053
2026-08-07 02:00:00,Z003,3591.63,425.67,14.23,0.06
2026-08-07 03:00:00,Z003,3494.55,449.32,14.38,0.045
2026-08-07 04:00:00,Z003,3492.68,458.78,15.22,0.081
2026-08-07 05:00:00,Z003,3317.59,389.05,16.73,0.064
2026-08-07 06:00:00,Z003,3151.12,360.49,13.36,0.118
2026-08-07 07:00:00,Z003,3125.75,348.77,14.23,0.118
2026-08-07 08:00:00,Z003,3436.01,495.77,14.41,0.074
2026-08-07 09:00:00,Z003,3458.57,344.1,11.95,0.109
2026-08-07 10:00:00,Z003,3366.1,452.61,12.98,0.119
2026-08-07 11:00:00,Z003,3448.53,412.21,14.25,0.09
2026-08-07 12:00:00,Z003,3253.38,371.62,14.4,0.067
2026-08-07 13:00:00,Z003,3243.43,403.56,15.0,0.112
2026-08-07 14:00:00,Z003,3754.32,496.6,15.19,0.082
2026-08-07 15:00:00,Z003,3649.75,501.46,12.93,0.046
2026-08-07 16:00:00,Z003,4414.58,694.28,14.53,0.049
2026-08-07 17:00:00,Z003,5351.69,642.14,14.65,0.088
2026-08-07 18:00:00,Z003,6314.19,787.74,13.27,0.111
2026-08-07 19:00:00,Z003,7677.49,833.85,14.86,0.091
2026-08-07 20:00:00,Z003,8279.88,1084.26,14.9,0.116
2026-08-07 21:00:00,Z003,9039.94,1055.78,12.39,0.086
2026-08-07 22:00:00,Z003,8590.81,1037.49,10.63,0.1
2026-08-07 23:00:00,Z003,7343.78,956.79,16.04,0.072
2026-08-08 00:00:00,Z003,3564.21,429.46,14.63,0.083
2026-08-08 01:00:00,Z003,3413.93,363.33,15.91,0.093
2026-08-08 02:00:00,Z003,3625.87,456.81,15.17,0.053
2026-08-08 03:00:00,Z003,3508.32,447.6,15.55,0.16
2026-08-08 04:00:00,Z003,3559.34,391.82,12.57,0.053
2026-08-08 05:00:00,Z003,3373.48,258.02,13.19,0.102
2026-08-08 06:00:00,Z003,3507.12,407.25,12.05,0.112
2026-08-08 07:00:00,Z003,3575.83,428.41,11.36,0.065
2026-08-08 08:00:00,Z003,,426.14,14.23,0.101
2026-08-08 09:00:00,Z003,3521.21,456.86,12.99,0.043
2026-08-08 10:00:00,Z003,3576.44,465.78,14.62,0.084
2026-08-08 11:00:00,Z003,3463.67,426.6,14.46,0.093
2026-08-08 12:00:00,Z003,3969.88,421.55,17.87,0.042
2026-08-08 13:00:00,Z003,3710.03,378.71,14.37,0.109
2026-08-08 14:00:00,Z003,3855.46,518.93,13.49,0.019
2026-08-08 15:00:00,Z003,4355.63,524.68,13.42,0.068
2026-08-08 16:00:00,Z003,4966.74,535.32,14.45,0.116
2026-08-08 17:00:00,Z003,6335.02,893.67,14.19,0.088
2026-08-08 18:00:00,Z003,6794.4,767.87,15.05,0.071
2026-08-08 19:00:00,Z003,8173.46,862.81,15.76,0.07
2026-08-08 20:00:00,Z003,9318.64,1019.86,13.65,0.122
2026-08-08 21:00:00,Z003,8938.89,862.44,13.13,0.106
2026-08-08 22:00:00,Z003,9187.78,997.45,13.74,0.101
2026-08-08 23:00:00,Z003,8517.15,1013.27,14.88,0.106
2026-08-09 00:00:00,Z003,3833.88,393.6,13.2,0.065
2026-08-09 01:00:00,Z003,3625.4,421.35,14.37,0.084
2026-08-09 02:00:00,Z003,3495.51,425.09,15.24,0.051
2026-08-09 03:00:00,Z003,3471.89,353.34,14.27,0.074
2026-08-09 04:00:00,Z003,3663.42,439.35,13.47,0.073
2026-08-09 05:00:00,Z003,3766.31,363.26,13.25,0.081
2026-08-09 06:00:00,Z003,3395.16,432.41,13.93,0.088
2026-08-09 07:00:00,Z003,3513.86,416.23,12.45,0.085
2026-08-09 08:00:00,Z003,3218.24,353.75,14.59,0.116
2026-08-09 09:00:00,Z003,3866.57,439.15,12.96,0.096
2026-08-09 10:00:00,Z003,3795.85,542.77,12.76,0.076
2026-08-09 11:00:00,Z003,3649.43,488.28,14.71,0.067
2026-08-09 12:00:00,Z003,3646.24,488.38,12.88,0.12
2026-08-09 13:00:00,Z003,3809.52,414.75,15.11,0.104
2026-08-09 14:00:00,Z003,3997.27,574.17,13.99,0.09
2026-08-09 15:00:00,Z003,3733.14,510.46,15.22,0.121
2026-08-09 16:00:00,Z003,4671.91,628.05,15.22,0.06
2026-08-09 17:00:00,Z003,6073.06,770.95,11.96,0.098
2026-08-09 18:00:00,Z003,6680.15,633.69,14.44,0.078
2026-08-09 19:00:00,Z003,8548.95,1049.18,15.16,0.095
2026-08-09 20:00:00,Z003,9291.85,991.48,14.79,0.077
2026-08-09 21:00:00,Z003,9468.57,1172.56,13.91,0.074
2026-08-09 22:00:00,Z003,9542.72,902.6,15.54,0.123
2026-08-09 23:00:00,Z003,8250.44,1233.98,15.26,0.092
2026-08-10 00:00:00,Z003,3258.89,410.75,14.82,0.08
2026-08-10 01:00:00,Z003,3217.53,327.98,14.22,0.036
2026-08-10 02:00:00,Z003,3258.16,272.13,15.0,0.115
2026-08-10 03:00:00,Z003,3340.63,492.65,15.62,0.094
2026-08-10 04:00:00,Z003,3311.84,380.06,14.67,0.076
2026-08-10 05:00:00,Z003,3410.93,441.16,13.72,0.113
2026-08-10 06:00:00,Z003,3294.58,396.4,12.83,0.072
2026-08-10 07:00:00,Z003,3652.18,388.94,14.53,0.066
2026-08-10 08:00:00,Z003,2997.5,384.83,13.33,0.09
2026-08-10 09:00:00,Z003,3478.67,429.68,14.39,0.054
2026-08-10 10:00:00,Z003,3440.56,403.08,11.6,0.105
2026-08-10 11:00:00,Z003,3518.22,500.35,16.6,0.103
2026-08-10 12:00:00,Z003,3462.11,472.14,12.94,0.03
2026-08-10 13:00:00,Z003,3398.53,472.94,13.21,0.094
2026-08-10 14:00:00,Z003,3761.08,465.11,12.47,0.09
2026-08-10 15:00:00,Z003,3957.9,576.04,15.36,0.068
2026-08-10 16:00:00,Z003,5014.34,627.57,11.99,0.078
2026-08-10 17:00:00,Z003,5927.81,638.44,13.92,0.039
2026-08-10 18:00:00,Z003,6233.37,670.0,12.53,0.061
2026-08-10 19:00:00,Z003,8257.12,986.39,15.08,0.113
2026-08-10 20:00:00,Z003,8038.66,864.38,15.01,0.061
2026-08-10 21:00:00,Z003,9035.78,1311.63,12.67,0.069
2026-08-10 22:00:00,Z003,8385.19,940.02,13.45,0.065
2026-08-10 23:00:00,Z003,7652.83,937.27,15.17,0.079
2026-08-11 00:00:00,Z003,3496.3,388.52,12.56,0.071
2026-08-11 01:00:00,Z003,3398.08,451.63,15.75,0.089
2026-08-11 02:00:00,Z003,3441.6,483.65,13.06,0.074
2026-08-11 03:00:00,Z003,3743.87,497.36,14.61,0.107
2026-08-11 04:00:00,Z003,3128.72,345.09,12.79,0.093
2026-08-11 05:00:00,Z003,3273.53,397.51,13.63,0.031
2026-08-11 06:00:00,Z003,3461.38,323.87,13.13,0.041
2026-08-11 07:00:00,Z003,3197.1,393.33,15.48,0.033
2026-08-11 08:00:00,Z003,3245.7,304.33,13.27,0.082
2026-08-11 09:00:00,Z003,3445.31,303.95,14.66,0.051
2026-08-11 10:00:00,Z003,3152.01,381.43,14.75,0.077
2026-08-11 11:00:00,Z003,3182.88,377.12,13.13,0.098
2026-08-11 12:00:00,Z003,3547.59,479.53,13.98,0.114
2026-08-11 13:00:00,Z003,3313.52,486.24,12.77,0.019
2026-08-11 14:00:00,Z003,3891.78,425.56,14.14,0.049
2026-08-11 15:00:00,Z003,4463.55,657.6,15.86,0.083
2026-08-11 16:00:00,Z003,4850.23,578.17,15.35,0.068
2026-08-11 17:00:00,Z003,5915.24,668.94,13.58,0.066
2026-08-11 18:00:00,Z003,6646.61,758.89,14.58,0.066
2026-08-11 19:00:00,Z003,7930.6,1132.3,14.16,0.147
2026-08-11 20:00:00,Z003,8889.96,1351.93,14.28,0.03
2026-08-11 21:00:00,Z003,8481.64,940.94,13.06,0.014
2026-08-11 22:00:00,Z003,8850.79,815.15,15.46,0.146
2026-08-11 23:00:00,Z003,7389.86,929.74,13.53,0.105
2026-08-12 00:00:00,Z003,3149.88,371.76,15.35,0.079
2026-08-12 01:00:00,Z003,3084.84,427.64,12.44,0.082
2026-08-12 02:00:00,Z003,3416.08,416.07,17.04,0.102
2026-08-12 03:00:00,Z003,3298.49,425.64,14.25,0.081
2026-08-12 04:00:00,Z003,3365.32,381.93,14.26,0.065
2026-08-12 05:00:00,Z003,3044.76,417.45,13.32,0.084
2026-08-12 06:00:00,Z003,3214.91,350.57,12.75,0.108
2026-08-12 07:00:00,Z003,3507.1,422.22,13.36,0.029
2026-08-12 08:00:00,Z003,3448.34,378.81,12.66,0.081
2026-08-12 09:00:00,Z003,3280.27,318.94,12.34,0.09
2026-08-12 10:00:00,Z003,3236.11,413.1,14.18,0.111
2026-08-12 11:00:00,Z003,3222.19,397.91,14.77,0.061
2026-08-12 12:00:00,Z003,3555.48,337.79,13.0,0.029
2026-08-12 13:00:00,Z003,3358.08,395.18,15.0,0.075
2026-08-12 14:00:00,Z003,3568.26,345.27,12.54,0.089
2026-08-12 15:00:00,Z003,4194.46,476.96,15.45,0.052
2026-08-12 16:00:00,Z003,4563.6,526.67,15.84,0.084
2026-08-12 17:00:00,Z003,5074.64,681.4,16.22,0.073
2026-08-12 18:00:00,Z003,6323.53,840.8,16.36,0.105
2026-08-12 19:00:00,Z003,7098.78,932.21,14.49,0.051
2026-08-12 20:00:00,Z003,8951.37,1133.02,15.96,0.048
2026-08-12 21:00:00,Z003,8917.2,950.34,14.67,0.124
2026-08-12 22:00:00,Z003,7917.59,787.52,15.21,0.08
2026-08-12 23:00:00,Z003,8061.72,869.78,14.15,0.101
2026-08-13 00:00:00,Z003,3360.29,313.07,17.39,0.086
2026-08-13 01:00:00,Z003,3128.01,390.1,14.51,0.11
2026-08-13 02:00:00,Z003,3467.68,405.0,11.93,0.094
2026-08-13 03:00:00,Z003,3082.77,426.13,13.12,0.099
2026-08-13 04:00:00,Z003,3230.51,363.82,13.04,0.101
2026-08-13 05:00:00,Z003,3235.73,425.59,13.29,0.073
2026-08-13 06:00:00,Z003,3334.14,407.79,12.89,0.101
2026-08-13 07:00:00,Z003,3288.23,421.42,13.98,0.098
2026-08-13 08:00:00,Z003,3267.55,353.41,14.51,0.065
2026-08-13 09:00:00,Z003,3548.97,429.48,12.35,0.062
2026-08-13 10:00:00,Z003,3184.55,433.4,14.93,0.078
2026-08-13 11:00:00,Z003,3391.24,402.49,15.03,0.096
2026-08-13 12:00:00,Z003,3490.43,408.81,13.24,0.1
2026-08-13 13:00:00,Z003,3715.54,507.51,15.9,0.085
2026-08-13 14:00:00,Z003,3506.45,374.43,15.66,0.024
2026-08-13 15:00:00,Z003,4307.62,466.02,16.31,0.078
2026-08-13 16:00:00,Z003,4796.28,747.14,13.6,0.07
2026-08-13 17:00:00,Z003,5348.85,561.49,13.6,0.063
2026-08-13 18:00:00,Z003,6218.81,726.62,14.54,0.053
2026-08-13 19:00:00,Z003,7602.1,1072.64,12.32,0.138
2026-08-13 20:00:00,Z003,8204.05,1009.21,15.66,0.128
2026-08-13 21:00:00,Z003,8945.2,980.24,13.44,0.063
2026-08-13 22:00:00,Z003,9179.97,1048.84,14.88,0.049
2026-08-13 23:00:00,Z003,7259.59,874.03,13.61,0.072
2026-08-14 00:00:00,Z003,3107.24,369.44,15.86,0.054
2026-08-14 01:00:00,Z003,3463.23,235.62,13.04,0.023
2026-08-14 02:00:00,Z003,3513.98,468.0,12.76,0.089
2026-08-14 03:00:00,Z003,3508.81,492.49,13.51,0.014
2026-08-14 04:00:00,Z003,3194.2,420.01,16.52,0.078
2026-08-14 05:00:00,Z003,3237.9,505.08,14.49,0.043
2026-08-14 06:00:00,Z003,3311.0,446.98,13.92,0.104
2026-08-14 07:00:00,Z003,3088.45,304.17,13.12,0.072
2026-08-14 08:00:00,Z003,3379.2,437.78,16.96,0.058
2026-08-14 09:00:00,Z003,3283.29,359.0,15.3,0.114
2026-08-14 10:00:00,Z003,3267.33,493.32,13.15,0.111
2026-08-14 11:00:00,Z003,3566.65,355.15,14.69,0.0
2026-08-14 12:00:00,Z003,3509.35,363.13,14.68,0.103
2026-08-14 13:00:00,Z003,3648.15,486.49,14.07,0.069
2026-08-14 14:00:00,Z003,3654.22,377.33,13.75,0.071
2026-08-14 15:00:00,Z003,3891.33,365.33,12.47,0.0
2026-08-14 16:00:00,Z003,4580.88,574.48,10.78,0.087
2026-08-14 17:00:00,Z003,5491.06,562.0,13.48,0.112
2026-08-14 18:00:00,Z003,6300.67,763.53,14.42,0.055
2026-08-14 19:00:00,Z003,8005.55,1009.16,13.78,0.151
2026-08-14 20:00:00,Z003,8846.19,837.8,13.87,0.154
2026-08-14 21:00:00,Z003,8372.82,1013.07,15.65,0.1
2026-08-14 22:00:00,Z003,8763.91,1148.63,14.34,0.056
2026-08-14 23:00:00,Z003,7807.91,889.78,13.47,0.124
2026-08-15 00:00:00,Z003,3435.31,500.15,14.31,0.075
2026-08-15 01:00:00,Z003,3209.36,487.17,13.99,0.012
2026-08-15 02:00:00,Z003,3650.6,435.32,12.88,0.108
2026-08-15 03:00:00,Z003,3094.36,338.18,13.64,0.106
2026-08-15 04:00:00,Z003,3847.6,447.59,14.55,0.162
2026-08-15 05:00:00,Z003,3495.99,444.07,12.52,0.139
2026-08-15 06:00:00,Z003,3383.11,419.6,14.29,0.083
2026-08-15 07:00:00,Z003,3427.01,423.65,16.11,0.148
2026-08-15 08:00:00,Z003,3468.08,392.79,13.03,0.161
2026-08-15 09:00:00,Z003,3517.14,480.88,14.84,0.146
2026-08-15 10:00:00,Z003,3462.2,357.97,16.23,0.107
2026-08-15 11:00:00,Z003,3587.09,513.05,14.62,0.127
2026-08-15 12:00:00,Z003,3592.46,479.7,14.63,0.07
2026-08-15 13:00:00,Z003,3613.04,412.27,14.32,0.066
2026-08-15 14:00:00,Z003,3925.33,494.7,14.25,0.087
2026-08-15 15:00:00,Z003,4128.23,477.93,12.0,0.076
2026-08-15 16:00:00,Z003,4661.12,566.32,13.14,0.018
2026-08-15 17:00:00,Z003,6385.21,744.06,15.74,0.064
2026-08-15 18:00:00,Z003,7447.74,765.07,14.22,0.047
2026-08-15 19:00:00,Z003,8982.06,1044.26,15.39,0.094
2026-08-15 20:00:00,Z003,8873.51,1133.73,15.98,0.1
2026-08-15 21:00:00,Z003,9265.24,1184.0,16.83,0.069
2026-08-15 22:00:00,Z003,8142.58,843.18,12.88,0.054
2026-08-15 23:00:00,Z003,7734.54,925.41,14.33,0.087
2026-08-16 00:00:00,Z003,3380.38,456.04,14.64,0.127
2026-08-16 01:00:00,Z003,3628.42,416.39,15.57,0.088
2026-08-16 02:00:00,Z003,3620.75,473.62,13.85,0.083
2026-08-16 03:00:00,Z003,3474.58,372.49,11.43,0.059
2026-08-16 04:00:00,Z003,3526.57,480.61,14.96,0.072
2026-08-16 05:00:00,Z003,3388.26,397.45,12.83,0.017
2026-08-16 06:00:00,Z003,3252.23,457.33,16.23,0.103
2026-08-16 07:00:00,Z003,3486.18,345.5,13.81,0.098
2026-08-16 08:00:00,Z003,3626.18,472.61,15.45,0.138
2026-08-16 09:00:00,Z003,3433.13,556.44,11.58,0.057
2026-08-16 10:00:00,Z003,3532.74,453.02,13.78,0.065
2026-08-16 11:00:00,Z003,3863.31,432.1,12.78,0.131
2026-08-16 12:00:00,Z003,3688.8,503.23,14.24,0.039
2026-08-16 13:00:00,Z003,3660.63,356.16,14.29,0.1
2026-08-16 14:00:00,Z003,4036.13,478.74,14.9,0.053
2026-08-16 15:00:00,Z003,4420.42,575.18,13.04,0.096
2026-08-16 16:00:00,Z003,5116.68,620.04,13.01,0.085
2026-08-16 17:00:00,Z003,5941.7,639.03,12.79,0.096
2026-08-16 18:00:00,Z003,7175.37,1092.42,14.8,0.044
2026-08-16 19:00:00,Z003,8779.08,1192.42,11.91,0.049
2026-08-16 20:00:00,Z003,8687.2,1151.67,11.42,0.076
2026-08-16 21:00:00,Z003,9521.28,737.79,15.57,0.111
2026-08-16 22:00:00,Z003,8545.24,877.6,13.19,0.0
2026-08-16 23:00:00,Z003,7922.96,976.85,12.6,0.109
2026-08-17 00:00:00,Z003,3344.16,414.34,13.52,0.102
2026-08-17 01:00:00,Z003,3522.12,401.12,14.91,0.103
2026-08-17 02:00:00,Z003,3391.4,492.28,13.13,0.067
2026-08-17 03:00:00,Z003,3212.41,420.43,13.67,0.059
2026-08-17 04:00:00,Z003,3577.93,526.47,13.61,0.039
2026-08-17 05:00:00,Z003,3607.95,458.43,14.5,0.083
2026-08-17 06:00:00,Z003,3208.93,365.18,14.81,0.067
2026-08-17 07:00:00,Z003,3393.74,407.93,12.73,0.129
2026-08-17 08:00:00,Z003,,427.13,14.67,0.026
2026-08-17 09:00:00,Z003,3256.44,316.17,14.15,0.09
2026-08-17 10:00:00,Z003,3355.71,462.01,12.2,0.056
2026-08-17 11:00:00,Z003,3409.96,422.7,12.42,0.116
2026-08-17 12:00:00,Z003,3618.83,457.36,12.19,0.085
2026-08-17 13:00:00,Z003,3526.28,408.77,15.62,0.077
2026-08-17 14:00:00,Z003,4013.73,528.8,14.33,0.108
2026-08-17 15:00:00,Z003,4312.37,575.64,13.91,0.06
2026-08-17 16:00:00,Z003,4410.67,367.8,14.21,0.068
2026-08-17 17:00:00,Z003,5438.47,736.55,13.87,0.137
2026-08-17 18:00:00,Z003,6419.61,676.86,12.49,0.102
2026-08-17 19:00:00,Z003,8054.9,894.77,12.81,0.126
2026-08-17 20:00:00,Z003,7908.46,1068.85,13.38,0.092
2026-08-17 21:00:00,Z003,9184.52,1167.76,14.14,0.123
2026-08-17 22:00:00,Z003,8570.74,1501.92,12.19,0.028
2026-08-17 23:00:00,Z003,8000.72,956.28,15.03,0.047
2026-08-18 00:00:00,Z003,3336.91,423.32,13.35,0.087
2026-08-18 01:00:00,Z003,3124.85,393.49,15.73,0.043
2026-08-18 02:00:00,Z003,3134.37,432.07,12.42,0.105
2026-08-18 03:00:00,Z003,3337.09,379.54,15.76,0.108
2026-08-18 04:00:00,Z003,3370.7,295.64,14.85,0.048
2026-08-18 05:00:00,Z003,3295.64,395.84,16.28,0.072
2026-08-18 06:00:00,Z003,3115.69,442.57,14.87,0.103
2026-08-18 07:00:00,Z003,3551.85,518.03,12.93,0.038
2026-08-18 08:00:00,Z003,3455.39,401.04,13.79,0.046
2026-08-18 09:00:00,Z003,3417.85,430.76,13.81,0.038
2026-08-18 10:00:00,Z003,3515.94,435.4,15.34,0.017
2026-08-18 11:00:00,Z003,3356.11,366.64,14.04,0.108
2026-08-18 12:00:00,Z003,3440.17,413.76,14.02,0.033
2026-08-18 13:00:00,Z003,3331.4,455.8,13.39,0.114
2026-08-18 14:00:00,Z003,3802.84,506.49,14.4,0.067
2026-08-18 15:00:00,Z003,4006.99,519.33,11.45,0.117
2026-08-18 16:00:00,Z003,4540.69,539.01,13.91,0.079
2026-08-18 17:00:00,Z003,5195.1,635.23,14.71,0.019
2026-08-18 18:00:00,Z003,6203.82,827.83,14.85,0.089
2026-08-18 19:00:00,Z003,7423.01,970.44,12.56,0.076
2026-08-18 20:00:00,Z003,7963.25,936.24,12.84,0.103
2026-08-18 21:00:00,Z003,8930.76,995.26,15.68,0.051
2026-08-18 22:00:00,Z003,8447.24,935.77,15.09,0.099
2026-08-18 23:00:00,Z003,8106.76,982.9,10.55,0.067
2026-08-19 00:00:00,Z003,3563.27,410.22,11.7,0.093
2026-08-19 01:00:00,Z003,3407.3,371.71,13.7,0.055
2026-08-19 02:00:00,Z003,3407.08,411.74,12.6,0.08
2026-08-19 03:00:00,Z003,3219.0,456.83,15.07,0.076
2026-08-19 04:00:00,Z003,3340.94,451.72,13.79,0.103
2026-08-19 05:00:00,Z003,3550.11,399.87,15.98,0.121
2026-08-19 06:00:00,Z003,3366.05,381.51,14.28,0.073
2026-08-19 07:00:00,Z003,3210.12,410.84,12.77,0.07
2026-08-19 08:00:00,Z003,3280.43,326.47,14.79,0.073
2026-08-19 09:00:00,Z003,3525.0,410.06,13.51,0.053
2026-08-19 10:00:00,Z003,3340.36,403.08,14.89,0.082
2026-08-19 11:00:00,Z003,3662.97,464.62,12.82,0.048
2026-08-19 12:00:00,Z003,3465.28,362.9,14.71,0.107
2026-08-19 13:00:00,Z003,3616.83,386.86,15.11,0.09
2026-08-19 14:00:00,Z003,3566.2,419.42,14.57,0.06
2026-08-19 15:00:00,Z003,4089.24,579.38,15.16,0.082
2026-08-19 16:00:00,Z003,4694.18,525.41,13.39,0.034
2026-08-19 17:00:00,Z003,5583.89,727.23,13.91,0.054
2026-08-19 18:00:00,Z003,6609.16,926.12,15.08,0.079
2026-08-19 19:00:00,Z003,8363.66,1342.21,13.59,0.073
2026-08-19 20:00:00,Z003,8724.65,927.48,15.31,0.083
2026-08-19 21:00:00,Z003,8906.5,991.9,13.42,0.02
2026-08-19 22:00:00,Z003,9025.97,1210.58,15.22,0.09
2026-08-19 23:00:00,Z003,6864.02,746.35,13.69,0.048
2026-08-20 00:00:00,Z003,3075.12,323.93,14.06,0.081
2026-08-20 01:00:00,Z003,3464.74,523.0,14.82,0.075
2026-08-20 02:00:00,Z003,3598.48,346.43,11.51,0.053
2026-08-20 03:00:00,Z003,3450.46,422.78,12.65,0.058
2026-08-20 04:00:00,Z003,3142.83,318.61,15.86,0.076
2026-08-20 05:00:00,Z003,3593.88,383.29,14.59,0.087
2026-08-20 06:00:00,Z003,3460.59,428.48,15.18,0.097
2026-08-20 07:00:00,Z003,3165.41,414.64,13.88,0.057
2026-08-20 08:00:00,Z003,3433.14,459.43,13.42,0.069
2026-08-20 09:00:00,Z003,3122.47,290.17,13.71,0.104
2026-08-20 10:00:00,Z003,3248.48,459.39,13.75,0.074
2026-08-20 11:00:00,Z003,3304.0,445.13,12.85,0.076
2026-08-20 12:00:00,Z003,3300.49,368.26,14.04,0.077
2026-08-20 13:00:00,Z003,3637.45,435.91,14.67,0.085
2026-08-20 14:00:00,Z003,3898.1,450.09,13.64,0.102
2026-08-20 15:00:00,Z003,3977.07,506.98,16.81,0.051
2026-08-20 16:00:00,Z003,4965.41,559.19,15.61,0.101
2026-08-20 17:00:00,Z003,5670.66,667.64,13.7,0.058
2026-08-20 18:00:00,Z003,6591.41,772.79,14.23,0.038
2026-08-20 19:00:00,Z003,7665.89,1065.1,15.16,0.081
2026-08-20 20:00:00,Z003,9436.26,1050.63,14.52,0.04
2026-08-20 21:00:00,Z003,8600.89,1262.76,13.81,0.034
2026-08-20 22:00:00,Z003,8792.67,1106.45,15.31,0.071
2026-08-20 23:00:00,Z003,7311.02,857.19,14.67,0.078
2026-08-21 00:00:00,Z003,3386.91,379.16,14.51,0.08
2026-08-21 01:00:00,Z003,3223.06,393.53,13.54,0.099
2026-08-21 02:00:00,Z003,3459.6,441.18,12.04,0.051
2026-08-21 03:00:00,Z003,3233.44,349.39,13.35,0.108
2026-08-21 04:00:00,Z003,3433.46,390.19,14.71,0.09
2026-08-21 05:00:00,Z003,3323.88,456.11,13.21,0.082
2026-08-21 06:00:00,Z003,3171.4,332.86,12.37,0.05
2026-08-21 07:00:00,Z003,3341.33,385.8,13.68,0.071
2026-08-21 08:00:00,Z003,3594.75,370.05,12.51,0.055
2026-08-21 09:00:00,Z003,3319.57,423.98,14.74,0.108
2026-08-21 10:00:00,Z003,3318.26,378.46,15.96,0.0
2026-08-21 11:00:00,Z003,3357.0,424.49,16.25,0.03
2026-08-21 12:00:00,Z003,3319.87,330.78,11.84,0.074
2026-08-21 13:00:00,Z003,3603.29,497.58,13.36,0.1
2026-08-21 14:00:00,Z003,3633.87,466.4,15.39,0.074
2026-08-21 15:00:00,Z003,4229.96,430.63,14.79,0.111
2026-08-21 16:00:00,Z003,4839.68,494.73,13.75,0.089
2026-08-21 17:00:00,Z003,5631.58,685.58,15.72,0.041
2026-08-21 18:00:00,Z003,6518.3,617.18,14.75,0.097
2026-08-21 19:00:00,Z003,8812.06,1193.11,14.72,0.088
2026-08-21 20:00:00,Z003,8340.13,1017.14,14.49,0.021
2026-08-21 21:00:00,Z003,8837.62,1073.91,16.44,0.076
2026-08-21 22:00:00,Z003,8169.21,1013.21,14.21,0.076
2026-08-21 23:00:00,Z003,7217.33,849.19,13.31,0.074
2026-08-22 00:00:00,Z003,3610.4,396.72,13.73,0.096
2026-08-22 01:00:00,Z003,3452.87,549.48,14.3,0.043
2026-08-22 02:00:00,Z003,3363.23,356.17,13.01,0.096
2026-08-22 03:00:00,Z003,3321.2,382.04,15.37,0.064
2026-08-22 04:00:00,Z003,3600.86,341.2,13.56,0.053
2026-08-22 05:00:00,Z003,3542.39,370.1,16.48,0.031
2026-08-22 06:00:00,Z003,3673.9,489.27,14.37,0.082
2026-08-22 07:00:00,Z003,3787.09,594.82,13.75,0.085
2026-08-22 08:00:00,Z003,3408.74,349.26,14.56,0.087
2026-08-22 09:00:00,Z003,3243.48,411.4,14.34,0.062
2026-08-22 10:00:00,Z003,3396.21,429.13,15.93,0.092
2026-08-22 11:00:00,Z003,3638.37,391.19,13.5,0.098
2026-08-22 12:00:00,Z003,3335.85,410.67,14.59,0.079
2026-08-22 13:00:00,Z003,3699.15,447.11,13.25,0.045
2026-08-22 14:00:00,Z003,3834.17,535.13,15.23,0.07
2026-08-22 15:00:00,Z003,4166.37,472.48,13.47,0.089
2026-08-22 16:00:00,Z003,5109.6,786.58,13.0,0.1
2026-08-22 17:00:00,Z003,5939.06,683.31,12.77,0.088
2026-08-22 18:00:00,Z003,7579.06,940.07,13.07,0.075
2026-08-22 19:00:00,Z003,7628.42,917.53,14.84,0.059
2026-08-22 20:00:00,Z003,7582.22,941.36,13.42,0.057
2026-08-22 21:00:00,Z003,8883.72,1119.38,13.86,0.108
2026-08-22 22:00:00,Z003,9264.47,1074.13,13.91,0.085
2026-08-22 23:00:00,Z003,7988.38,748.61,16.37,0.101
2026-08-23 00:00:00,Z003,3422.34,312.3,13.78,0.062
2026-08-23 01:00:00,Z003,3485.71,305.15,13.43,0.068
2026-08-23 02:00:00,Z003,3465.0,403.52,14.06,0.126
2026-08-23 03:00:00,Z003,3414.24,363.04,11.93,0.065
2026-08-23 04:00:00,Z003,3274.84,440.14,13.88,0.108
2026-08-23 05:00:00,Z003,3725.78,398.75,13.58,0.12
2026-08-23 06:00:00,Z003,3525.02,450.58,15.24,0.107
2026-08-23 07:00:00,Z003,3559.87,501.75,13.92,0.096
2026-08-23 08:00:00,Z003,3467.83,469.23,13.16,0.03
2026-08-23 09:00:00,Z003,3599.92,376.9,12.66,0.118
2026-08-23 10:00:00,Z003,3653.47,419.65,10.35,0.096
2026-08-23 11:00:00,Z003,3619.71,462.43,14.57,0.075
2026-08-23 12:00:00,Z003,3487.4,360.62,13.16,0.09
2026-08-23 13:00:00,Z003,3702.2,488.12,12.31,0.03
2026-08-23 14:00:00,Z003,3784.04,396.19,14.22,0.041
2026-08-23 15:00:00,Z003,4461.14,480.33,15.91,0.096
2026-08-23 16:00:00,Z003,4645.89,703.49,14.32,0.085
2026-08-23 17:00:00,Z003,5780.55,734.12,14.63,0.054
2026-08-23 18:00:00,Z003,6852.53,834.2,14.7,0.098
2026-08-23 19:00:00,Z003,8100.53,905.19,13.38,0.044
2026-08-23 20:00:00,Z003,9120.61,1010.2,14.23,0.087
2026-08-23 21:00:00,Z003,9199.63,1103.18,13.41,0.089
2026-08-23 22:00:00,Z003,8758.65,1039.69,15.69,0.095
2026-08-23 23:00:00,Z003,7834.45,922.63,15.97,0.071
2026-08-24 00:00:00,Z003,3334.77,433.39,14.26,0.069
2026-08-24 01:00:00,Z003,3217.44,385.61,14.79,0.12
2026-08-24 02:00:00,Z003,3109.3,455.33,13.65,0.108
2026-08-24 03:00:00,Z003,3218.32,308.44,12.42,0.07
2026-08-24 04:00:00,Z003,3407.31,410.47,13.7,0.114
2026-08-24 05:00:00,Z003,3329.1,413.46,17.73,0.08
2026-08-24 06:00:00,Z003,3224.58,410.21,14.88,0.089
2026-08-24 07:00:00,Z003,3352.39,476.82,15.63,0.076
2026-08-24 08:00:00,Z003,3232.77,408.75,13.22,0.107
2026-08-24 09:00:00,Z003,3393.9,543.2,15.77,0.048
2026-08-24 10:00:00,Z003,3256.65,297.3,11.43,0.083
2026-08-24 11:00:00,Z003,3167.93,458.14,15.39,0.072
2026-08-24 12:00:00,Z003,3333.85,474.34,16.06,0.052
2026-08-24 13:00:00,Z003,3307.23,381.93,14.52,0.065
2026-08-24 14:00:00,Z003,3741.1,558.38,12.31,0.067
2026-08-24 15:00:00,Z003,3782.63,406.45,13.65,0.058
2026-08-24 16:00:00,Z003,4753.93,581.24,14.36,0.071
2026-08-24 17:00:00,Z003,5468.17,627.42,13.7,0.093
2026-08-24 18:00:00,Z003,6019.17,748.3,12.96,0.07
2026-08-24 19:00:00,Z003,7119.96,816.09,14.33,0.094
2026-08-24 20:00:00,Z003,8009.0,1010.2,15.45,0.065
2026-08-24 21:00:00,Z003,8760.36,779.43,13.23,0.088
2026-08-24 22:00:00,Z003,8824.45,979.61,17.53,0.089
2026-08-24 23:00:00,Z003,7219.27,1005.7,12.5,0.09
2026-08-25 00:00:00,Z003,3189.6,317.81,15.15,0.072
2026-08-25 01:00:00,Z003,3587.3,375.7,12.13,0.066
2026-08-25 02:00:00,Z003,3761.79,498.47,14.66,0.098
2026-08-25 03:00:00,Z003,3256.17,524.05,14.55,0.091
2026-08-25 04:00:00,Z003,3476.33,350.77,12.94,0.073
2026-08-25 05:00:00,Z003,3477.3,349.57,13.92,0.074
2026-08-25 06:00:00,Z003,3092.98,347.55,14.65,0.036
2026-08-25 07:00:00,Z003,3540.3,449.69,14.42,0.08
2026-08-25 08:00:00,Z003,3165.53,349.01,14.43,0.06
2026-08-25 09:00:00,Z003,3358.63,357.75,14.54,0.096
2026-08-25 10:00:00,Z003,3090.26,373.95,12.17,0.024
2026-08-25 11:00:00,Z003,3258.08,527.66,14.93,0.122
2026-08-25 12:00:00,Z003,3476.49,427.89,15.07,0.061
2026-08-25 13:00:00,Z003,3546.62,488.22,14.84,0.117
2026-08-25 14:00:00,Z003,3696.62,537.42,13.75,0.144
2026-08-25 15:00:00,Z003,4138.57,472.79,12.59,0.056
2026-08-25 16:00:00,Z003,4444.69,527.45,12.47,0.119
2026-08-25 17:00:00,Z003,5549.0,671.72,12.6,0.057
2026-08-25 18:00:00,Z003,5931.14,855.67,12.3,0.04
2026-08-25 19:00:00,Z003,8145.09,1024.76,14.26,0.09
2026-08-25 20:00:00,Z003,8823.85,1072.08,12.48,0.102
2026-08-25 21:00:00,Z003,8926.49,1228.05,12.87,0.058
2026-08-25 22:00:00,Z003,8609.95,911.21,11.43,0.086
2026-08-25 23:00:00,Z003,7966.52,940.58,14.73,0.092
2026-08-26 00:00:00,Z003,3330.37,406.44,15.62,0.051
2026-08-26 01:00:00,Z003,3444.6,352.34,13.05,0.116
2026-08-26 02:00:00,Z003,3147.57,366.3,16.83,0.111
2026-08-26 03:00:00,Z003,3218.37,358.89,13.8,0.119
2026-08-26 04:00:00,Z003,3178.76,330.81,14.86,0.03
2026-08-26 05:00:00,Z003,3192.33,379.0,13.96,0.039
2026-08-26 06:00:00,Z003,3381.8,433.91,13.21,0.13
2026-08-26 07:00:00,Z003,3379.75,354.63,15.94,0.064
2026-08-26 08:00:00,Z003,3355.97,378.21,14.75,0.066
2026-08-26 09:00:00,Z003,3267.28,384.23,13.4,0.112
2026-08-26 10:00:00,Z003,3145.77,375.74,14.11,0.076
2026-08-26 11:00:00,Z003,3493.41,340.4,14.68,0.043
2026-08-26 12:00:00,Z003,3306.37,329.92,13.6,0.063
2026-08-26 13:00:00,Z003,3729.13,461.0,14.53,0.047
2026-08-26 14:00:00,Z003,3788.6,547.73,15.04,0.041
2026-08-26 15:00:00,Z003,3950.17,480.45,13.31,0.156
2026-08-26 16:00:00,Z003,4544.42,542.38,13.28,0.087
2026-08-26 17:00:00,Z003,5864.96,713.9,13.74,0.048
2026-08-26 18:00:00,Z003,6948.0,818.78,13.78,0.01
2026-08-26 19:00:00,Z003,7614.25,867.9,11.83,0.11
2026-08-26 20:00:00,Z003,8256.89,1225.6,15.84,0.058
2026-08-26 21:00:00,Z003,9299.78,1340.64,13.88,0.051
2026-08-26 22:00:00,Z003,7640.06,960.41,12.86,0.092
2026-08-26 23:00:00,Z003,7462.4,808.21,13.33,0.041
2026-08-27 00:00:00,Z003,3244.62,353.5,13.98,0.083
2026-08-27 01:00:00,Z003,3168.34,432.52,13.81,0.125
2026-08-27 02:00:00,Z003,3364.91,407.28,13.41,0.098
2026-08-27 03:00:00,Z003,3333.83,442.99,15.93,0.058
2026-08-27 04:00:00,Z003,3420.69,440.51,14.55,0.067
2026-08-27 05:00:00,Z003,3266.94,363.42,13.28,0.055
2026-08-27 06:00:00,Z003,3313.16,359.92,14.52,0.082
2026-08-27 07:00:00,Z003,3354.22,388.75,14.08,0.073
2026-08-27 08:00:00,Z003,3445.96,390.65,14.45,0.041
2026-08-27 09:00:00,Z003,3437.06,383.61,12.91,0.046
2026-08-27 10:00:00,Z003,3151.75,355.45,15.8,0.061
2026-08-27 11:00:00,Z003,3014.76,378.3,12.66,0.104
2026-08-27 12:00:00,Z003,3319.72,384.72,15.44,0.099
2026-08-27 13:00:00,Z003,3278.29,339.34,11.86,0.158
2026-08-27 14:00:00,Z003,3524.15,484.74,13.36,0.048
2026-08-27 15:00:00,Z003,4038.35,464.81,14.96,0.104
2026-08-27 16:00:00,Z003,4521.87,444.96,12.56,0.012
2026-08-27 17:00:00,Z003,5453.3,653.43,12.63,0.042
2026-08-27 18:00:00,Z003,6584.78,727.75,13.74,0.069
2026-08-27 19:00:00,Z003,7743.8,863.6,13.45,0.024
2026-08-27 20:00:00,Z003,8441.51,1024.21,13.98,0.137
2026-08-27 21:00:00,Z003,8824.17,1038.19,14.93,0.143
2026-08-27 22:00:00,Z003,8556.89,741.44,14.75,0.054
2026-08-27 23:00:00,Z003,6995.57,1017.6,15.78,0.053
2026-08-28 00:00:00,Z003,3194.19,390.98,12.94,0.076
2026-08-28 01:00:00,Z003,3221.97,367.28,12.31,0.105
2026-08-28 02:00:00,Z003,3509.12,415.82,13.96,0.099
2026-08-28 03:00:00,Z003,3329.08,485.86,12.42,0.106
2026-08-28 04:00:00,Z003,3311.69,341.71,16.7,0.152
2026-08-28 05:00:00,Z003,3297.66,417.72,13.43,0.071
2026-08-28 06:00:00,Z003,3159.17,318.43,16.21,0.079
2026-08-28 07:00:00,Z003,3336.46,359.81,14.23,0.035
2026-08-28 08:00:00,Z003,3213.26,327.76,15.55,0.03
2026-08-28 09:00:00,Z003,3153.62,281.57,12.93,0.066
2026-08-28 10:00:00,Z003,3481.22,406.15,13.51,0.089
2026-08-28 11:00:00,Z003,3280.83,512.3,13.29,0.092
2026-08-28 12:00:00,Z003,3509.69,388.54,14.2,0.065
2026-08-28 13:00:00,Z003,3515.91,427.23,13.83,0.045
2026-08-28 14:00:00,Z003,3973.99,511.83,12.09,0.067
2026-08-28 15:00:00,Z003,3749.51,492.8,13.97,0.08
2026-08-28 16:00:00,Z003,4469.15,515.14,14.94,0.112
2026-08-28 17:00:00,Z003,5731.8,554.37,13.78,0.088
2026-08-28 18:00:00,Z003,6371.66,606.04,12.46,0.125
2026-08-28 19:00:00,Z003,7247.49,874.87,13.81,0.075
2026-08-28 20:00:00,Z003,8338.89,1099.38,14.2,0.061
2026-08-28 21:00:00,Z003,8780.24,885.37,14.88,0.06
2026-08-28 22:00:00,Z003,8223.34,1050.08,13.64,0.069
2026-08-28 23:00:00,Z003,8060.47,849.59,14.69,0.108
2026-08-29 00:00:00,Z003,3678.78,561.56,13.23,0.054
2026-08-29 01:00:00,Z003,3623.78,485.96,13.05,0.095
2026-08-29 02:00:00,Z003,3923.72,477.01,15.11,0.127
2026-08-29 03:00:00,Z003,3889.04,481.02,15.5,0.056
2026-08-29 04:00:00,Z003,3499.15,396.47,11.74,0.032
2026-08-29 05:00:00,Z003,3562.88,451.58,12.75,0.127
2026-08-29 06:00:00,Z003,3320.67,411.3,13.5,0.083
2026-08-29 07:00:00,Z003,3636.66,477.71,14.85,0.097
2026-08-29 08:00:00,Z003,3295.43,451.53,12.73,0.077
2026-08-29 09:00:00,Z003,3441.58,431.06,13.42,0.075
2026-08-29 10:00:00,Z003,3756.29,377.77,14.0,0.047
2026-08-29 11:00:00,Z003,3621.59,395.11,14.05,0.04
2026-08-29 12:00:00,Z003,3759.53,455.25,14.17,0.105
2026-08-29 13:00:00,Z003,3441.38,381.22,14.2,0.027
2026-08-29 14:00:00,Z003,3563.17,383.69,12.63,0.07
2026-08-29 15:00:00,Z003,4335.75,569.06,16.17,0.079
2026-08-29 16:00:00,Z003,4911.38,587.53,14.38,0.092
2026-08-29 17:00:00,Z003,6038.14,807.74,14.62,0.125
2026-08-29 18:00:00,Z003,6927.35,767.73,13.46,0.077
2026-08-29 19:00:00,Z003,7648.88,847.49,12.66,0.09
2026-08-29 20:00:00,Z003,9025.15,843.55,13.63,0.135
2026-08-29 21:00:00,Z003,9458.67,1199.5,13.84,0.093
2026-08-29 22:00:00,Z003,8877.91,959.25,13.76,0.066
2026-08-29 23:00:00,Z003,7502.32,751.33,13.77,0.055
2026-08-30 00:00:00,Z003,3447.91,330.71,14.96,0.142
2026-08-30 01:00:00,Z003,3656.83,500.83,14.75,0.088
2026-08-30 02:00:00,Z003,3508.85,372.93,14.83,0.099
2026-08-30 03:00:00,Z003,3422.42,437.69,13.17,0.061
2026-08-30 04:00:00,Z003,3617.15,457.42,13.72,0.07
2026-08-30 05:00:00,Z003,3522.73,325.74,13.09,0.042
2026-08-30 06:00:00,Z003,3497.12,476.76,14.57,0.065
2026-08-30 07:00:00,Z003,3384.18,367.83,16.4,0.082
2026-08-30 08:00:00,Z003,3527.06,311.56,12.58,0.079
2026-08-30 09:00:00,Z003,3418.47,417.04,14.14,0.098
2026-08-30 10:00:00,Z003,3206.73,331.64,13.88,0.061
2026-08-30 11:00:00,Z003,3465.85,421.57,13.11,0.086
2026-08-30 12:00:00,Z003,3640.01,440.35,14.86,0.015
2026-08-30 13:00:00,Z003,3550.57,473.59,12.96,0.05
2026-08-30 14:00:00,Z003,3827.94,458.36,13.36,0.135
2026-08-30 15:00:00,Z003,4290.77,456.78,12.27,0.092
2026-08-30 16:00:00,Z003,4674.12,711.82,14.51,0.097
2026-08-30 17:00:00,Z003,5862.45,802.12,11.13,0.044
2026-08-30 18:00:00,Z003,7241.01,1031.91,12.52,0.025
2026-08-30 19:00:00,Z003,8101.61,1031.18,14.28,0.078
2026-08-30 20:00:00,Z003,8143.4,931.4,13.84,0.064
2026-08-30 21:00:00,Z003,8403.81,1082.17,15.22,0.056
2026-08-30 22:00:00,Z003,8809.36,991.46,13.74,0.095
2026-08-30 23:00:00,Z003,8228.18,1120.03,15.4,0.075
2026-08-31 00:00:00,Z003,3754.54,537.83,13.21,0.084
2026-08-31 01:00:00,Z003,3031.33,365.0,16.01,0.163
2026-08-31 02:00:00,Z003,3310.63,413.91,14.73,0.139
2026-08-31 03:00:00,Z003,3181.55,508.52,13.62,0.045
2026-08-31 04:00:00,Z003,3281.58,353.94,14.5,0.03
2026-08-31 05:00:00,Z003,3350.02,435.37,15.78,0.1
2026-08-31 06:00:00,Z003,3541.72,392.83,14.47,0.013
2026-08-31 07:00:00,Z003,3311.81,416.63,14.57,0.033
2026-08-31 08:00:00,Z003,3270.72,380.18,13.49,0.102
2026-08-31 09:00:00,Z003,3297.85,400.66,13.41,0.112
2026-08-31 10:00:00,Z003,3505.45,404.44,17.42,0.057
2026-08-31 11:00:00,Z003,3499.27,370.0,14.93,0.101
2026-08-31 12:00:00,Z003,3229.78,381.25,16.24,0.056
2026-08-31 13:00:00,Z003,3535.89,442.1,13.95,0.028
2026-08-31 14:00:00,Z003,3803.21,457.05,15.32,0.087
2026-08-31 15:00:00,Z003,4046.14,508.15,12.81,0.127
2026-08-31 16:00:00,Z003,4566.76,523.18,15.55,0.087
2026-08-31 17:00:00,Z003,5462.74,689.44,14.75,0.076
2026-08-31 18:00:00,Z003,6863.04,692.77,14.31,0.104
2026-08-31 19:00:00,Z003,7872.37,680.05,13.9,0.044
2026-08-31 20:00:00,Z003,8950.21,1021.58,15.79,0.043
2026-08-31 21:00:00,Z003,8913.99,1070.74,17.68,0.115
2026-08-31 22:00:00,Z003,8884.76,1336.42,14.7,0.077
2026-08-31 23:00:00,Z003,7584.5,947.44,10.69,0.08
2026-08-01 00:00:00,Z004,1983.11,233.34,12.16,0.076
2026-08-01 01:00:00,Z004,1827.6,267.94,13.69,0.018
2026-08-01 02:00:00,Z004,1944.84,259.5,14.21,0.053
2026-08-01 03:00:00,Z004,1903.16,220.19,13.47,0.042
2026-08-01 04:00:00,Z004,1957.11,195.7,15.14,0.112
2026-08-01 05:00:00,Z004,1874.46,204.79,13.49,0.079
2026-08-01 06:00:00,Z004,1985.78,252.09,14.53,0.127
2026-08-01 07:00:00,Z004,1968.46,197.76,12.07,0.129
2026-08-01 08:00:00,Z004,2008.33,247.22,14.54,0.085
2026-08-01 09:00:00,Z004,2002.28,229.08,15.27,0.064
2026-08-01 10:00:00,Z004,1886.51,178.53,13.71,0.118
2026-08-01 11:00:00,Z004,1933.51,192.04,14.34,0.06
2026-08-01 12:00:00,Z004,2134.57,290.56,12.47,0.075
2026-08-01 13:00:00,Z004,1978.56,202.99,13.93,0.105
2026-08-01 14:00:00,Z004,2154.28,241.83,11.35,0.06
2026-08-01 15:00:00,Z004,2438.29,243.51,15.54,0.062
2026-08-01 16:00:00,Z004,2763.3,315.05,12.59,0.093
2026-08-01 17:00:00,Z004,3168.54,340.63,11.15,0.119
2026-08-01 18:00:00,Z004,3887.1,530.97,14.79,0.113
2026-08-01 19:00:00,Z004,4401.52,437.57,15.24,0.084
2026-08-01 20:00:00,Z004,4884.77,640.59,15.2,0.111
2026-08-01 21:00:00,Z004,4928.32,663.67,14.88,0.127
2026-08-01 22:00:00,Z004,5206.88,678.43,15.16,0.14
2026-08-01 23:00:00,Z004,4741.92,612.19,14.9,0.106
2026-08-02 00:00:00,Z004,1916.64,273.52,11.98,0.081
2026-08-02 01:00:00,Z004,1927.22,212.74,14.37,0.046
2026-08-02 02:00:00,Z004,2153.18,214.71,12.86,0.049
2026-08-02 03:00:00,Z004,1980.62,267.82,14.63,0.124
2026-08-02 04:00:00,Z004,1890.0,245.47,13.64,0.087
2026-08-02 05:00:00,Z004,2061.02,195.01,16.39,0.076
2026-08-02 06:00:00,Z004,1821.16,199.61,14.12,0.059
2026-08-02 07:00:00,Z004,1782.22,216.45,13.13,0.1
2026-08-02 08:00:00,Z004,1868.91,287.67,14.62,0.086
2026-08-02 09:00:00,Z004,2019.06,187.12,13.4,0.133
2026-08-02 10:00:00,Z004,1938.11,230.75,13.44,0.124
2026-08-02 11:00:00,Z004,1952.4,197.63,17.09,0.039
2026-08-02 12:00:00,Z004,1986.79,213.33,13.16,0.048
2026-08-02 13:00:00,Z004,1998.4,269.31,11.72,0.118
2026-08-02 14:00:00,Z004,2268.13,289.49,14.15,0.088
2026-08-02 15:00:00,Z004,2531.61,237.5,14.87,0.058
2026-08-02 16:00:00,Z004,2841.21,314.79,14.85,0.034
2026-08-02 17:00:00,Z004,3008.16,355.88,15.72,0.096
2026-08-02 18:00:00,Z004,3978.55,528.76,13.6,0.098
2026-08-02 19:00:00,Z004,4398.37,507.09,14.09,0.064
2026-08-02 20:00:00,Z004,4974.65,577.96,14.1,0.093
2026-08-02 21:00:00,Z004,5202.09,538.43,15.78,0.104
2026-08-02 22:00:00,Z004,5033.98,553.84,16.29,0.131
2026-08-02 23:00:00,Z004,4302.91,550.23,15.98,0.052
2026-08-03 00:00:00,Z004,1796.49,235.39,12.43,0.057
2026-08-03 01:00:00,Z004,1784.23,234.11,13.17,0.071
2026-08-03 02:00:00,Z004,1806.64,247.92,12.97,0.038
2026-08-03 03:00:00,Z004,1747.88,227.93,14.92,0.117
2026-08-03 04:00:00,Z004,1763.51,205.51,16.91,0.071
2026-08-03 05:00:00,Z004,,218.09,14.64,0.095
2026-08-03 06:00:00,Z004,1817.92,202.2,13.64,0.058
2026-08-03 07:00:00,Z004,1765.76,259.78,13.51,0.069
2026-08-03 08:00:00,Z004,1842.96,218.93,14.52,0.066
2026-08-03 09:00:00,Z004,1966.37,253.6,13.77,0.06
2026-08-03 10:00:00,Z004,1964.23,230.93,12.51,0.111
2026-08-03 11:00:00,Z004,1818.68,241.93,10.98,0.069
2026-08-03 12:00:00,Z004,1999.72,240.12,14.72,0.053
2026-08-03 13:00:00,Z004,1981.16,237.85,14.29,0.141
2026-08-03 14:00:00,Z004,2180.16,287.52,14.97,0.053
2026-08-03 15:00:00,Z004,2217.87,215.16,12.48,0.053
2026-08-03 16:00:00,Z004,2605.55,264.79,13.95,0.075
2026-08-03 17:00:00,Z004,2942.83,420.48,12.41,0.114
2026-08-03 18:00:00,Z004,3325.54,391.97,12.56,0.06
2026-08-03 19:00:00,Z004,4651.47,533.97,13.23,0.096
2026-08-03 20:00:00,Z004,4675.81,571.67,13.48,0.056
2026-08-03 21:00:00,Z004,4745.61,626.31,14.38,0.053
2026-08-03 22:00:00,Z004,4786.49,580.08,15.39,0.072
2026-08-03 23:00:00,Z004,4286.1,541.44,13.02,0.107
2026-08-04 00:00:00,Z004,1870.98,193.62,12.67,0.077
2026-08-04 01:00:00,Z004,1823.31,239.44,13.66,0.089
2026-08-04 02:00:00,Z004,1798.2,215.16,15.58,0.076
2026-08-04 03:00:00,Z004,1823.08,195.15,13.98,0.122
2026-08-04 04:00:00,Z004,1754.88,209.27,11.94,0.068
2026-08-04 05:00:00,Z004,1891.71,182.16,13.47,0.089
2026-08-04 06:00:00,Z004,1880.64,235.24,12.83,0.089
2026-08-04 07:00:00,Z004,1819.16,237.78,11.23,0.071
2026-08-04 08:00:00,Z004,1878.13,263.39,14.1,0.086
2026-08-04 09:00:00,Z004,1902.07,264.0,13.54,0.038
2026-08-04 10:00:00,Z004,1738.42,225.93,14.27,0.072
2026-08-04 11:00:00,Z004,1830.54,224.63,14.25,0.094
2026-08-04 12:00:00,Z004,1805.7,168.9,12.9,0.039
2026-08-04 13:00:00,Z004,1827.49,262.33,11.28,0.094
2026-08-04 14:00:00,Z004,2143.31,288.94,14.33,0.12
2026-08-04 15:00:00,Z004,2447.76,282.63,14.54,0.118
2026-08-04 16:00:00,Z004,2507.77,291.72,13.25,0.094
2026-08-04 17:00:00,Z004,2836.23,401.47,14.64,0.098
2026-08-04 18:00:00,Z004,3307.38,345.28,15.79,0.075
2026-08-04 19:00:00,Z004,3967.42,489.28,14.88,0.096
2026-08-04 20:00:00,Z004,4719.72,646.76,13.78,0.1
2026-08-04 21:00:00,Z004,4949.89,584.11,14.46,0.085
2026-08-04 22:00:00,Z004,4758.78,550.16,15.55,0.069
2026-08-04 23:00:00,Z004,4604.66,512.45,15.61,0.11
2026-08-05 00:00:00,Z004,1883.55,228.2,13.13,0.064
2026-08-05 01:00:00,Z004,1888.09,225.29,15.42,0.066
2026-08-05 02:00:00,Z004,1836.45,174.52,14.77,0.097
2026-08-05 03:00:00,Z004,1951.8,264.47,14.95,0.105
2026-08-05 04:00:00,Z004,1920.93,252.53,11.79,0.047
2026-08-05 05:00:00,Z004,1763.33,245.2,13.06,0.061
2026-08-05 06:00:00,Z004,1870.17,189.53,14.46,0.016
2026-08-05 07:00:00,Z004,1770.58,217.75,12.51,0.119
2026-08-05 08:00:00,Z004,1873.7,256.66,14.43,0.08
2026-08-05 09:00:00,Z004,1786.59,239.29,14.53,0.143
2026-08-05 10:00:00,Z004,1942.62,221.53,14.35,0.093
2026-08-05 11:00:00,Z004,1978.52,276.65,13.81,0.044
2026-08-05 12:00:00,Z004,1741.97,179.26,13.29,0.125
2026-08-05 13:00:00,Z004,2084.02,280.1,15.48,0.059
2026-08-05 14:00:00,Z004,1918.84,201.29,11.56,0.047
2026-08-05 15:00:00,Z004,2214.33,271.26,14.16,0.059
2026-08-05 16:00:00,Z004,2675.76,294.18,14.01,0.047
2026-08-05 17:00:00,Z004,3253.04,391.38,14.81,0.044
2026-08-05 18:00:00,Z004,3730.03,479.63,11.56,0.115
2026-08-05 19:00:00,Z004,4059.29,499.96,16.25,0.109
2026-08-05 20:00:00,Z004,4433.28,520.15,15.83,0.055
2026-08-05 21:00:00,Z004,4840.32,552.68,15.45,0.043
2026-08-05 22:00:00,Z004,4885.77,540.65,14.81,0.085
2026-08-05 23:00:00,Z004,4417.2,528.67,16.06,0.11
2026-08-06 00:00:00,Z004,1802.69,253.24,14.38,0.085
2026-08-06 01:00:00,Z004,1940.96,202.6,12.34,0.081
2026-08-06 02:00:00,Z004,1818.59,274.8,13.08,0.081
2026-08-06 03:00:00,Z004,1885.75,261.12,12.81,0.032
2026-08-06 04:00:00,Z004,1986.92,240.83,14.97,0.106
2026-08-06 05:00:00,Z004,1956.26,223.66,13.22,0.02
2026-08-06 06:00:00,Z004,1785.91,215.97,13.16,0.046
2026-08-06 07:00:00,Z004,1873.89,262.61,13.93,0.046
2026-08-06 08:00:00,Z004,1976.87,214.27,15.78,0.072
2026-08-06 09:00:00,Z004,1879.15,269.5,12.38,0.048
2026-08-06 10:00:00,Z004,1845.28,217.56,17.17,0.053
2026-08-06 11:00:00,Z004,1769.78,187.53,14.28,0.095
2026-08-06 12:00:00,Z004,1840.04,221.39,16.33,0.081
2026-08-06 13:00:00,Z004,1978.81,293.53,13.16,0.057
2026-08-06 14:00:00,Z004,2015.74,225.93,11.81,0.084
2026-08-06 15:00:00,Z004,2288.04,268.19,14.3,0.088
2026-08-06 16:00:00,Z004,2454.45,305.16,14.67,0.032
2026-08-06 17:00:00,Z004,3305.29,335.36,12.63,0.086
2026-08-06 18:00:00,Z004,3790.03,499.01,14.69,0.064
2026-08-06 19:00:00,Z004,4322.13,498.13,14.47,0.082
2026-08-06 20:00:00,Z004,4643.92,533.08,12.32,0.107
2026-08-06 21:00:00,Z004,4985.88,425.79,15.91,0.097
2026-08-06 22:00:00,Z004,4551.56,476.18,13.63,0.052
2026-08-06 23:00:00,Z004,4146.82,603.4,14.59,0.141
2026-08-07 00:00:00,Z004,1888.59,243.04,12.94,0.075
2026-08-07 01:00:00,Z004,1862.73,240.85,13.94,0.091
2026-08-07 02:00:00,Z004,1896.15,218.92,13.51,0.06
2026-08-07 03:00:00,Z004,1960.66,226.38,14.39,0.075
2026-08-07 04:00:00,Z004,1959.0,176.66,14.36,0.042
2026-08-07 05:00:00,Z004,1902.47,224.11,12.23,0.09
2026-08-07 06:00:00,Z004,1888.47,220.07,13.87,0.085
2026-08-07 07:00:00,Z004,1968.77,226.97,15.22,0.079
2026-08-07 08:00:00,Z004,1978.84,230.48,13.2,0.047
2026-08-07 09:00:00,Z004,1867.62,201.89,15.69,0.054
2026-08-07 10:00:00,Z004,1814.65,233.57,15.42,0.102
2026-08-07 11:00:00,Z004,1969.7,233.99,13.92,0.14
2026-08-07 12:00:00,Z004,2045.07,267.32,15.33,0.106
2026-08-07 13:00:00,Z004,1844.78,220.28,15.8,0.102
2026-08-07 14:00:00,Z004,2053.37,292.88,14.44,0.103
2026-08-07 15:00:00,Z004,2304.11,295.2,14.74,0.119
2026-08-07 16:00:00,Z004,2776.85,314.43,14.43,0.118
2026-08-07 17:00:00,Z004,3082.75,309.41,12.91,0.055
2026-08-07 18:00:00,Z004,3624.67,394.39,15.24,0.072
2026-08-07 19:00:00,Z004,4545.2,468.36,14.02,0.083
2026-08-07 20:00:00,Z004,4925.23,675.52,14.23,0.124
2026-08-07 21:00:00,Z004,4547.63,605.15,12.84,0.094
2026-08-07 22:00:00,Z004,4993.34,665.66,13.0,0.086
2026-08-07 23:00:00,Z004,4439.88,578.62,14.68,0.014
2026-08-08 00:00:00,Z004,2068.91,290.98,14.2,0.087
2026-08-08 01:00:00,Z004,2007.52,284.88,14.3,0.074
2026-08-08 02:00:00,Z004,1996.78,239.28,14.0,0.027
2026-08-08 03:00:00,Z004,2009.27,276.42,15.22,0.109
2026-08-08 04:00:00,Z004,1958.4,239.29,15.43,0.106
2026-08-08 05:00:00,Z004,2094.38,230.19,13.19,0.07
2026-08-08 06:00:00,Z004,1879.78,188.31,14.56,0.092
2026-08-08 07:00:00,Z004,1984.88,248.72,12.24,0.066
2026-08-08 08:00:00,Z004,1937.37,233.89,12.25,0.052
2026-08-08 09:00:00,Z004,1925.42,261.61,14.31,0.111
2026-08-08 10:00:00,Z004,1955.61,234.7,14.6,0.075
2026-08-08 11:00:00,Z004,1918.64,187.36,13.28,0.105
2026-08-08 12:00:00,Z004,2108.75,228.59,11.92,0.108
2026-08-08 13:00:00,Z004,2054.56,205.03,10.27,0.051
2026-08-08 14:00:00,Z004,2117.18,217.49,14.83,0.056
2026-08-08 15:00:00,Z004,2380.54,370.42,14.14,0.077
2026-08-08 16:00:00,Z004,2727.96,354.73,14.65,0.05
2026-08-08 17:00:00,Z004,3195.92,351.52,13.66,0.135
2026-08-08 18:00:00,Z004,3994.0,474.5,15.57,0.086
2026-08-08 19:00:00,Z004,4183.28,606.41,13.98,0.012
2026-08-08 20:00:00,Z004,4630.32,633.96,12.63,0.122
2026-08-08 21:00:00,Z004,5184.84,677.7,14.95,0.132
2026-08-08 22:00:00,Z004,5060.56,604.34,13.79,0.115
2026-08-08 23:00:00,Z004,4146.9,555.57,14.39,0.094
2026-08-09 00:00:00,Z004,1731.91,178.58,13.39,0.1
2026-08-09 01:00:00,Z004,1879.79,297.42,13.68,0.05
2026-08-09 02:00:00,Z004,1946.57,205.82,12.58,0.11
2026-08-09 03:00:00,Z004,2008.42,256.56,15.53,0.095
2026-08-09 04:00:00,Z004,1868.79,244.12,12.65,0.066
2026-08-09 05:00:00,Z004,1959.04,230.76,11.85,0.051
2026-08-09 06:00:00,Z004,1961.1,217.37,15.35,0.119
2026-08-09 07:00:00,Z004,1864.15,225.37,15.9,0.076
2026-08-09 08:00:00,Z004,1927.35,256.15,13.67,0.118
2026-08-09 09:00:00,Z004,1911.43,215.76,14.95,0.083
2026-08-09 10:00:00,Z004,1976.03,180.53,13.58,0.106
2026-08-09 11:00:00,Z004,1904.51,248.56,14.32,0.074
2026-08-09 12:00:00,Z004,2117.46,243.3,13.68,0.074
2026-08-09 13:00:00,Z004,2055.59,270.32,12.23,0.106
2026-08-09 14:00:00,Z004,2168.85,278.29,16.87,0.065
2026-08-09 15:00:00,Z004,2248.09,276.31,14.42,0.106
2026-08-09 16:00:00,Z004,2673.05,287.48,12.16,0.039
2026-08-09 17:00:00,Z004,3195.22,377.84,16.48,0.029
2026-08-09 18:00:00,Z004,3944.68,430.41,14.33,0.063
2026-08-09 19:00:00,Z004,4726.59,640.16,14.5,0.127
2026-08-09 20:00:00,Z004,5160.14,727.0,15.17,0.142
2026-08-09 21:00:00,Z004,4987.4,533.43,17.58,0.066
2026-08-09 22:00:00,Z004,4891.56,447.72,13.82,0.062
2026-08-09 23:00:00,Z004,4379.95,545.3,14.95,0.05
2026-08-10 00:00:00,Z004,1803.16,245.69,16.05,0.118
2026-08-10 01:00:00,Z004,1731.09,238.62,16.22,0.029
2026-08-10 02:00:00,Z004,1960.69,241.91,13.61,0.083
2026-08-10 03:00:00,Z004,1906.89,261.94,15.33,0.035
2026-08-10 04:00:00,Z004,1815.03,220.35,15.89,0.0
2026-08-10 05:00:00,Z004,1818.21,176.51,12.36,0.11
2026-08-10 06:00:00,Z004,1824.86,155.1,13.81,0.141
2026-08-10 07:00:00,Z004,1717.64,219.85,15.88,0.079
2026-08-10 08:00:00,Z004,2032.04,223.73,15.74,0.116
2026-08-10 09:00:00,Z004,1867.73,182.46,12.8,0.01
2026-08-10 10:00:00,Z004,1922.87,244.43,14.1,0.076
2026-08-10 11:00:00,Z004,1994.99,248.31,13.33,0.084
2026-08-10 12:00:00,Z004,2075.62,268.45,13.53,0.079
2026-08-10 13:00:00,Z004,1991.31,226.38,13.39,0.08
2026-08-10 14:00:00,Z004,2200.03,290.11,13.51,0.106
2026-08-10 15:00:00,Z004,2266.79,283.73,14.3,0.017
2026-08-10 16:00:00,Z004,2251.19,277.79,12.98,0.031
2026-08-10 17:00:00,Z004,2986.4,399.79,14.43,0.103
2026-08-10 18:00:00,Z004,3776.44,401.12,14.95,0.098
2026-08-10 19:00:00,Z004,4278.38,517.18,15.18,0.058
2026-08-10 20:00:00,Z004,4984.51,640.39,14.96,0.144
2026-08-10 21:00:00,Z004,4633.43,524.03,13.72,0.092
2026-08-10 22:00:00,Z004,5004.73,526.77,18.95,0.08
2026-08-10 23:00:00,Z004,4370.93,524.69,14.35,0.056
2026-08-11 00:00:00,Z004,1959.41,210.03,11.88,0.046
2026-08-11 01:00:00,Z004,1991.2,276.29,11.59,0.104
2026-08-11 02:00:00,Z004,1702.86,203.65,12.55,0.107
2026-08-11 03:00:00,Z004,1916.26,258.11,13.65,0.074
2026-08-11 04:00:00,Z004,1743.47,182.27,15.14,0.091
2026-08-11 05:00:00,Z004,1878.38,260.97,12.44,0.102
2026-08-11 06:00:00,Z004,1770.4,251.69,14.65,0.109
2026-08-11 07:00:00,Z004,1810.61,276.54,16.4,0.093
2026-08-11 08:00:00,Z004,1968.7,227.33,12.48,0.104
2026-08-11 09:00:00,Z004,1793.09,250.41,15.26,0.087
2026-08-11 10:00:00,Z004,1887.91,254.56,14.33,0.068
2026-08-11 11:00:00,Z004,1751.99,235.44,14.44,0.163
2026-08-11 12:00:00,Z004,1892.31,235.65,14.39,0.1
2026-08-11 13:00:00,Z004,1865.77,221.73,14.99,0.07
2026-08-11 14:00:00,Z004,2132.49,258.99,14.48,0.115
2026-08-11 15:00:00,Z004,2242.73,220.29,13.68,0.055
2026-08-11 16:00:00,Z004,2359.4,279.35,14.24,0.111
2026-08-11 17:00:00,Z004,2942.12,356.96,15.35,0.063
2026-08-11 18:00:00,Z004,3790.28,545.67,11.78,0.088
2026-08-11 19:00:00,Z004,4526.19,519.33,16.09,0.099
2026-08-11 20:00:00,Z004,5130.24,660.45,17.39,0.12
2026-08-11 21:00:00,Z004,4617.17,510.36,15.74,0.111
2026-08-11 22:00:00,Z004,4685.47,689.07,14.16,0.097
2026-08-11 23:00:00,Z004,4385.17,438.71,14.18,0.151
2026-08-12 00:00:00,Z004,1792.01,231.85,12.61,0.052
2026-08-12 01:00:00,Z004,1750.61,234.79,12.95,0.118
2026-08-12 02:00:00,Z004,1824.9,222.49,14.49,0.031
2026-08-12 03:00:00,Z004,1886.73,236.31,15.37,0.051
2026-08-12 04:00:00,Z004,1800.86,233.92,15.69,0.062
2026-08-12 05:00:00,Z004,1765.68,203.49,12.78,0.092
2026-08-12 06:00:00,Z004,1778.76,239.41,14.26,0.11
2026-08-12 07:00:00,Z004,1665.76,155.96,15.55,0.058
2026-08-12 08:00:00,Z004,1746.43,204.26,14.29,0.075
2026-08-12 09:00:00,Z004,1909.86,238.71,14.34,0.12
2026-08-12 10:00:00,Z004,1871.61,223.37,14.96,0.097
2026-08-12 11:00:00,Z004,1803.74,213.96,14.53,0.062
2026-08-12 12:00:00,Z004,1854.4,183.82,10.54,0.069
2026-08-12 13:00:00,Z004,1961.81,203.18,15.65,0.049
2026-08-12 14:00:00,Z004,2143.82,270.72,16.61,0.096
2026-08-12 15:00:00,Z004,2118.44,287.72,16.04,0.027
2026-08-12 16:00:00,Z004,2684.0,356.72,13.74,0.007
2026-08-12 17:00:00,Z004,3059.81,340.51,15.84,0.077
2026-08-12 18:00:00,Z004,3632.31,403.92,14.39,0.082
2026-08-12 19:00:00,Z004,4148.22,514.22,13.48,0.002
2026-08-12 20:00:00,Z004,4894.73,629.45,15.08,0.079
2026-08-12 21:00:00,Z004,4904.05,648.75,14.09,0.118
2026-08-12 22:00:00,Z004,4436.51,543.57,14.38,0.11
2026-08-12 23:00:00,Z004,4123.26,444.71,12.46,0.063
2026-08-13 00:00:00,Z004,1891.09,175.93,13.47,0.098
2026-08-13 01:00:00,Z004,1860.94,225.41,12.19,0.077
2026-08-13 02:00:00,Z004,1872.01,220.04,14.18,0.071
2026-08-13 03:00:00,Z004,1831.23,191.19,15.17,0.043
2026-08-13 04:00:00,Z004,1882.89,277.16,15.32,0.095
2026-08-13 05:00:00,Z004,1890.61,223.25,12.92,0.072
2026-08-13 06:00:00,Z004,1917.97,241.37,14.95,0.117
2026-08-13 07:00:00,Z004,1856.31,228.1,11.72,0.148
2026-08-13 08:00:00,Z004,1834.99,238.14,13.5,0.067
2026-08-13 09:00:00,Z004,1850.52,187.5,11.02,0.115
2026-08-13 10:00:00,Z004,1918.79,203.89,14.54,0.105
2026-08-13 11:00:00,Z004,1821.5,229.83,15.21,0.037
2026-08-13 12:00:00,Z004,1946.13,244.17,16.26,0.097
2026-08-13 13:00:00,Z004,1914.57,221.27,16.43,0.069
2026-08-13 14:00:00,Z004,2113.58,246.07,15.3,0.114
2026-08-13 15:00:00,Z004,2263.6,257.82,13.48,0.028
2026-08-13 16:00:00,Z004,2620.77,317.65,13.02,0.025
2026-08-13 17:00:00,Z004,3129.9,391.2,14.47,0.05
2026-08-13 18:00:00,Z004,3767.06,441.96,15.05,0.051
2026-08-13 19:00:00,Z004,4523.74,645.31,14.57,0.092
2026-08-13 20:00:00,Z004,4919.51,514.65,14.29,0.099
2026-08-13 21:00:00,Z004,5368.75,547.93,17.53,0.133
2026-08-13 22:00:00,Z004,4744.52,656.03,17.08,0.097
2026-08-13 23:00:00,Z004,4526.55,480.7,13.79,0.039
2026-08-14 00:00:00,Z004,1826.22,234.63,14.25,0.132
2026-08-14 01:00:00,Z004,2042.47,240.91,13.18,0.115
2026-08-14 02:00:00,Z004,1975.96,250.19,14.85,0.096
2026-08-14 03:00:00,Z004,1786.41,181.72,13.94,0.074
2026-08-14 04:00:00,Z004,1892.9,223.42,11.96,0.017
2026-08-14 05:00:00,Z004,1931.64,212.59,13.72,0.063
2026-08-14 06:00:00,Z004,1792.79,189.86,15.22,0.073
2026-08-14 07:00:00,Z004,1923.05,252.95,14.38,0.104
2026-08-14 08:00:00,Z004,1871.01,262.8,14.99,0.109
2026-08-14 09:00:00,Z004,1791.47,222.05,11.8,0.122
2026-08-14 10:00:00,Z004,1820.27,205.2,12.36,0.079
2026-08-14 11:00:00,Z004,1857.43,273.68,15.03,0.065
2026-08-14 12:00:00,Z004,1758.01,150.74,12.77,0.04
2026-08-14 13:00:00,Z004,1981.24,233.44,14.02,0.052
2026-08-14 14:00:00,Z004,2073.35,204.63,13.89,0.105
2026-08-14 15:00:00,Z004,2228.65,282.27,11.63,0.018
2026-08-14 16:00:00,Z004,2647.39,359.26,13.71,0.144
2026-08-14 17:00:00,Z004,2899.69,318.39,14.17,0.094
2026-08-14 18:00:00,Z004,3603.73,375.19,14.74,0.084
2026-08-14 19:00:00,Z004,4234.42,539.81,14.04,0.076
2026-08-14 20:00:00,Z004,4714.13,507.64,13.51,0.068
2026-08-14 21:00:00,Z004,4927.1,452.95,16.01,0.095
2026-08-14 22:00:00,Z004,4524.13,652.6,14.48,0.04
2026-08-14 23:00:00,Z004,4605.32,646.23,13.41,0.071
2026-08-15 00:00:00,Z004,1922.66,176.23,14.39,0.105
2026-08-15 01:00:00,Z004,2021.11,243.53,15.13,0.046
2026-08-15 02:00:00,Z004,2123.7,230.25,13.21,0.063
2026-08-15 03:00:00,Z004,1905.82,223.19,13.72,0.084
2026-08-15 04:00:00,Z004,1890.76,231.62,12.69,0.102
2026-08-15 05:00:00,Z004,2026.69,243.03,13.22,0.089
2026-08-15 06:00:00,Z004,1884.68,227.14,13.82,0.159
2026-08-15 07:00:00,Z004,1854.73,148.36,13.23,0.029
2026-08-15 08:00:00,Z004,1899.1,190.93,12.91,0.048
2026-08-15 09:00:00,Z004,2049.1,244.4,15.29,0.081
2026-08-15 10:00:00,Z004,2048.61,236.55,15.91,0.094
2026-08-15 11:00:00,Z004,1904.86,246.27,14.03,0.074
2026-08-15 12:00:00,Z004,2004.16,263.08,11.46,0.069
2026-08-15 13:00:00,Z004,2111.09,261.19,12.65,0.009
2026-08-15 14:00:00,Z004,2327.73,272.8,15.82,0.104
2026-08-15 15:00:00,Z004,2294.24,189.23,13.45,0.079
2026-08-15 16:00:00,Z004,2794.97,288.82,14.21,0.085
2026-08-15 17:00:00,Z004,3400.64,392.43,14.53,0.089
2026-08-15 18:00:00,Z004,4039.14,435.02,10.41,0.073
2026-08-15 19:00:00,Z004,4469.23,458.71,12.57,0.063
2026-08-15 20:00:00,Z004,4963.69,602.75,12.19,0.044
2026-08-15 21:00:00,Z004,5428.59,635.99,15.67,0.107
2026-08-15 22:00:00,Z004,4988.49,570.51,14.22,0.055
2026-08-15 23:00:00,Z004,4339.67,649.13,13.85,0.104
2026-08-16 00:00:00,Z004,1945.73,224.38,13.24,0.12
2026-08-16 01:00:00,Z004,1996.04,215.88,13.53,0.112
2026-08-16 02:00:00,Z004,1712.33,213.45,14.65,0.058
2026-08-16 03:00:00,Z004,1976.74,252.1,12.52,0.105
2026-08-16 04:00:00,Z004,1989.35,234.16,14.13,0.101
2026-08-16 05:00:00,Z004,2167.68,279.95,14.97,0.086
2026-08-16 06:00:00,Z004,2131.08,208.87,11.92,0.085
2026-08-16 07:00:00,Z004,2021.45,164.51,14.0,0.075
2026-08-16 08:00:00,Z004,2029.05,256.53,11.83,0.048
2026-08-16 09:00:00,Z004,1892.69,248.1,14.45,0.061
2026-08-16 10:00:00,Z004,1979.23,206.1,16.46,0.097
2026-08-16 11:00:00,Z004,2043.98,287.49,15.22,0.081
2026-08-16 12:00:00,Z004,1978.93,275.71,14.03,0.058
2026-08-16 13:00:00,Z004,2229.43,236.23,11.92,0.11
2026-08-16 14:00:00,Z004,2091.08,264.58,16.18,0.039
2026-08-16 15:00:00,Z004,2374.83,337.82,14.82,0.075
2026-08-16 16:00:00,Z004,3033.96,359.74,14.48,0.129
2026-08-16 17:00:00,Z004,3399.89,475.39,12.92,0.117
2026-08-16 18:00:00,Z004,3915.68,426.08,14.32,0.086
2026-08-16 19:00:00,Z004,4895.82,615.5,13.9,0.062
2026-08-16 20:00:00,Z004,4978.84,496.91,14.09,0.091
2026-08-16 21:00:00,Z004,5067.92,663.41,14.19,0.031
2026-08-16 22:00:00,Z004,4610.98,552.09,13.81,0.044
2026-08-16 23:00:00,Z004,4914.18,650.79,14.79,0.1
2026-08-17 00:00:00,Z004,1847.29,186.93,15.24,0.106
2026-08-17 01:00:00,Z004,1703.24,210.17,14.4,0.07
2026-08-17 02:00:00,Z004,2046.05,306.56,13.55,0.073
2026-08-17 03:00:00,Z004,1840.97,204.03,12.9,0.095
2026-08-17 04:00:00,Z004,2034.62,291.46,14.95,0.008
2026-08-17 05:00:00,Z004,1712.73,232.87,15.94,0.097
2026-08-17 06:00:00,Z004,1843.9,258.67,14.9,0.114
2026-08-17 07:00:00,Z004,1713.44,214.44,16.13,0.096
2026-08-17 08:00:00,Z004,1949.6,235.02,14.13,0.122
2026-08-17 09:00:00,Z004,1814.09,196.8,13.43,0.081
2026-08-17 10:00:00,Z004,1737.11,227.5,13.8,0.106
2026-08-17 11:00:00,Z004,1700.84,225.98,15.6,0.093
2026-08-17 12:00:00,Z004,1903.08,253.07,15.53,0.096
2026-08-17 13:00:00,Z004,2003.1,290.16,14.91,0.056
2026-08-17 14:00:00,Z004,2176.64,257.16,14.04,0.083
2026-08-17 15:00:00,Z004,2364.71,345.8,14.03,0.132
2026-08-17 16:00:00,Z004,2628.29,370.67,14.24,0.065
2026-08-17 17:00:00,Z004,3369.34,374.61,13.21,0.042
2026-08-17 18:00:00,Z004,3912.03,557.67,14.5,0.05
2026-08-17 19:00:00,Z004,4299.81,496.46,13.01,0.065
2026-08-17 20:00:00,Z004,4860.03,539.09,15.14,0.037
2026-08-17 21:00:00,Z004,5291.77,603.94,16.48,0.134
2026-08-17 22:00:00,Z004,4837.95,498.41,13.85,0.067
2026-08-17 23:00:00,Z004,4306.02,602.38,14.77,0.053
2026-08-18 00:00:00,Z004,1876.95,222.96,13.58,0.08
2026-08-18 01:00:00,Z004,1933.85,211.18,13.58,0.109
2026-08-18 02:00:00,Z004,1909.05,265.71,15.72,0.039
2026-08-18 03:00:00,Z004,1893.86,212.83,12.56,0.056
2026-08-18 04:00:00,Z004,1844.3,213.17,13.27,0.08
2026-08-18 05:00:00,Z004,2075.44,195.34,15.36,0.079
2026-08-18 06:00:00,Z004,1832.77,164.45,14.92,0.037
2026-08-18 07:00:00,Z004,1939.3,283.37,12.46,0.115
2026-08-18 08:00:00,Z004,1871.95,165.83,12.55,0.085
2026-08-18 09:00:00,Z004,1904.24,183.36,14.04,0.105
2026-08-18 10:00:00,Z004,1956.96,222.72,14.53,0.112
2026-08-18 11:00:00,Z004,1952.25,260.37,14.14,0.077
2026-08-18 12:00:00,Z004,1923.79,208.81,15.33,0.034
2026-08-18 13:00:00,Z004,1906.37,227.73,14.56,0.1
2026-08-18 14:00:00,Z004,2197.24,266.23,13.14,0.076
2026-08-18 15:00:00,Z004,2233.35,285.42,12.72,0.075
2026-08-18 16:00:00,Z004,2799.47,343.49,12.74,0.07
2026-08-18 17:00:00,Z004,2789.5,332.28,15.98,0.044
2026-08-18 18:00:00,Z004,3458.48,381.13,15.11,0.131
2026-08-18 19:00:00,Z004,4387.87,441.91,14.28,0.134
2026-08-18 20:00:00,Z004,4685.4,572.12,14.88,0.036
2026-08-18 21:00:00,Z004,5140.95,682.75,12.8,0.072
2026-08-18 22:00:00,Z004,4544.53,596.36,13.54,0.092
2026-08-18 23:00:00,Z004,4265.93,516.47,14.82,0.088
2026-08-19 00:00:00,Z004,1868.0,233.33,14.26,0.074
2026-08-19 01:00:00,Z004,1833.32,271.71,13.47,0.121
2026-08-19 02:00:00,Z004,1811.96,239.46,16.14,0.07
2026-08-19 03:00:00,Z004,1813.45,205.94,13.98,0.09
2026-08-19 04:00:00,Z004,1866.24,212.19,16.35,0.074
2026-08-19 05:00:00,Z004,1817.43,240.73,15.02,0.122
2026-08-19 06:00:00,Z004,2031.8,254.37,13.65,0.023
2026-08-19 07:00:00,Z004,1790.74,220.49,12.58,0.032
2026-08-19 08:00:00,Z004,1875.35,246.89,13.7,0.107
2026-08-19 09:00:00,Z004,1922.37,263.82,16.61,0.158
2026-08-19 10:00:00,Z004,1934.46,218.79,14.07,0.127
2026-08-19 11:00:00,Z004,1804.56,255.73,13.8,0.087
2026-08-19 12:00:00,Z004,1831.44,183.41,13.67,0.119
2026-08-19 13:00:00,Z004,1889.02,272.37,13.31,0.048
2026-08-19 14:00:00,Z004,2082.77,271.15,14.23,0.085
2026-08-19 15:00:00,Z004,2429.36,294.98,13.44,0.046
2026-08-19 16:00:00,Z004,2758.5,313.41,13.61,0.112
2026-08-19 17:00:00,Z004,3387.77,419.3,13.84,0.08
2026-08-19 18:00:00,Z004,3625.11,415.66,13.58,0.107
2026-08-19 19:00:00,Z004,4284.05,601.44,14.09,0.069
2026-08-19 20:00:00,Z004,5025.14,604.64,14.86,0.102
2026-08-19 21:00:00,Z004,5244.72,653.45,16.85,0.116
2026-08-19 22:00:00,Z004,4984.84,615.95,16.02,0.127
2026-08-19 23:00:00,Z004,4118.87,498.71,15.28,0.113
2026-08-20 00:00:00,Z004,1975.05,240.11,15.85,0.06
2026-08-20 01:00:00,Z004,1743.84,202.0,15.44,0.047
2026-08-20 02:00:00,Z004,1745.94,164.45,14.88,0.037
2026-08-20 03:00:00,Z004,1915.79,220.47,13.08,0.05
2026-08-20 04:00:00,Z004,1886.96,205.09,13.99,0.092
2026-08-20 05:00:00,Z004,1921.15,257.46,14.2,0.048
2026-08-20 06:00:00,Z004,1908.79,247.84,13.78,0.071
2026-08-20 07:00:00,Z004,2077.89,209.04,14.59,0.111
2026-08-20 08:00:00,Z004,1841.1,216.28,13.52,0.08
2026-08-20 09:00:00,Z004,1946.18,227.76,17.73,0.066
2026-08-20 10:00:00,Z004,1988.89,254.89,14.13,0.124
2026-08-20 11:00:00,Z004,1744.75,220.5,13.14,0.067
2026-08-20 12:00:00,Z004,1859.21,196.23,12.02,0.092
2026-08-20 13:00:00,Z004,1944.86,224.61,14.91,0.094
2026-08-20 14:00:00,Z004,2034.54,337.25,15.22,0.153
2026-08-20 15:00:00,Z004,2223.6,275.16,12.51,0.07
2026-08-20 16:00:00,Z004,2540.41,419.0,13.17,0.073
2026-08-20 17:00:00,Z004,2898.25,370.99,12.92,0.108
2026-08-20 18:00:00,Z004,3403.14,402.17,11.79,0.065
2026-08-20 19:00:00,Z004,4245.53,471.32,13.61,0.109
2026-08-20 20:00:00,Z004,5216.86,652.57,14.28,0.122
2026-08-20 21:00:00,Z004,4841.56,645.58,15.12,0.042
2026-08-20 22:00:00,Z004,4986.66,670.72,16.76,0.083
2026-08-20 23:00:00,Z004,4359.37,445.65,14.23,0.092
2026-08-21 00:00:00,Z004,1816.09,227.26,14.2,0.067
2026-08-21 01:00:00,Z004,1987.17,231.47,14.16,0.036
2026-08-21 02:00:00,Z004,1913.28,215.91,15.15,0.041
2026-08-21 03:00:00,Z004,1905.84,166.32,14.74,0.075
2026-08-21 04:00:00,Z004,1903.2,211.25,12.86,0.067
2026-08-21 05:00:00,Z004,1885.76,242.6,14.36,0.052
2026-08-21 06:00:00,Z004,2024.22,253.01,13.25,0.093
2026-08-21 07:00:00,Z004,1891.18,221.97,13.65,0.11
2026-08-21 08:00:00,Z004,2015.19,180.28,15.48,0.081
2026-08-21 09:00:00,Z004,1890.39,265.17,10.81,0.104
2026-08-21 10:00:00,Z004,1980.89,217.25,12.33,0.129
2026-08-21 11:00:00,Z004,1731.53,218.66,15.23,0.092
2026-08-21 12:00:00,Z004,1948.8,226.11,14.56,0.059
2026-08-21 13:00:00,Z004,1899.82,228.99,12.15,0.097
2026-08-21 14:00:00,Z004,1829.38,229.48,14.55,0.056
2026-08-21 15:00:00,Z004,2140.09,243.71,14.77,0.09
2026-08-21 16:00:00,Z004,2478.47,301.35,14.31,0.087
2026-08-21 17:00:00,Z004,2963.43,362.53,15.1,0.096
2026-08-21 18:00:00,Z004,3769.51,545.22,14.22,0.055
2026-08-21 19:00:00,Z004,4138.78,507.58,12.42,0.071
2026-08-21 20:00:00,Z004,4851.14,667.36,12.93,0.093
2026-08-21 21:00:00,Z004,4904.89,591.35,15.02,0.092
2026-08-21 22:00:00,Z004,5049.59,700.18,17.62,0.103
2026-08-21 23:00:00,Z004,4221.63,445.31,13.57,0.101
2026-08-22 00:00:00,Z004,2039.8,265.45,13.2,0.06
2026-08-22 01:00:00,Z004,2135.91,229.65,15.7,0.092
2026-08-22 02:00:00,Z004,1898.36,194.07,13.17,0.093
2026-08-22 03:00:00,Z004,1882.72,269.82,13.75,0.101
2026-08-22 04:00:00,Z004,2017.82,291.23,13.47,0.083
2026-08-22 05:00:00,Z004,1839.28,223.56,15.37,0.087
2026-08-22 06:00:00,Z004,2167.39,276.98,13.35,0.094
2026-08-22 07:00:00,Z004,1833.85,198.08,12.54,0.08
2026-08-22 08:00:00,Z004,1957.95,270.35,13.88,0.05
2026-08-22 09:00:00,Z004,2101.8,159.38,14.05,0.087
2026-08-22 10:00:00,Z004,1965.53,250.61,14.13,0.095
2026-08-22 11:00:00,Z004,1920.64,188.44,13.94,0.049
2026-08-22 12:00:00,Z004,1930.12,265.24,15.87,0.114
2026-08-22 13:00:00,Z004,2136.41,258.29,15.22,0.091
2026-08-22 14:00:00,Z004,2351.72,249.82,14.81,0.042
2026-08-22 15:00:00,Z004,2451.84,231.0,12.54,0.042
2026-08-22 16:00:00,Z004,2770.5,347.19,16.94,0.077
2026-08-22 17:00:00,Z004,3369.37,412.45,14.83,0.084
2026-08-22 18:00:00,Z004,4078.32,425.0,11.18,0.093
2026-08-22 19:00:00,Z004,4149.33,579.56,13.49,0.049
2026-08-22 20:00:00,Z004,5595.82,669.95,15.74,0.196
2026-08-22 21:00:00,Z004,5355.57,734.18,13.94,0.153
2026-08-22 22:00:00,Z004,4923.65,522.82,14.93,0.04
2026-08-22 23:00:00,Z004,4703.74,543.94,14.04,0.079
2026-08-23 00:00:00,Z004,1948.28,267.13,12.69,0.069
2026-08-23 01:00:00,Z004,1943.95,202.21,14.19,0.058
2026-08-23 02:00:00,Z004,1839.03,235.2,15.86,0.081
2026-08-23 03:00:00,Z004,1953.96,230.83,13.38,0.115
2026-08-23 04:00:00,Z004,1971.39,172.14,15.44,0.109
2026-08-23 05:00:00,Z004,2016.23,158.61,14.0,0.107
2026-08-23 06:00:00,Z004,1996.61,245.74,15.07,0.084
2026-08-23 07:00:00,Z004,2069.46,253.36,14.1,0.107
2026-08-23 08:00:00,Z004,1928.09,199.64,14.0,0.098
2026-08-23 09:00:00,Z004,2045.78,274.06,13.92,0.075
2026-08-23 10:00:00,Z004,1914.05,236.86,12.03,0.081
2026-08-23 11:00:00,Z004,2227.29,217.03,14.19,0.091
2026-08-23 12:00:00,Z004,2041.02,215.33,14.62,0.064
2026-08-23 13:00:00,Z004,1916.59,257.36,14.8,0.051
2026-08-23 14:00:00,Z004,2109.31,234.77,12.03,0.103
2026-08-23 15:00:00,Z004,2464.85,283.49,13.97,0.083
2026-08-23 16:00:00,Z004,2769.54,276.36,14.59,0.045
2026-08-23 17:00:00,Z004,3356.01,349.11,12.44,0.079
2026-08-23 18:00:00,Z004,3877.19,471.3,12.97,0.086
2026-08-23 19:00:00,Z004,4576.53,629.21,14.7,0.062
2026-08-23 20:00:00,Z004,4687.03,454.86,14.98,0.107
2026-08-23 21:00:00,Z004,4959.05,614.07,14.71,0.118
2026-08-23 22:00:00,Z004,5183.94,445.85,16.49,0.124
2026-08-23 23:00:00,Z004,4408.19,495.69,14.36,0.065
2026-08-24 00:00:00,Z004,1790.77,195.88,12.75,0.12
2026-08-24 01:00:00,Z004,1874.3,288.25,14.45,0.098
2026-08-24 02:00:00,Z004,1780.29,207.81,14.09,0.061
2026-08-24 03:00:00,Z004,1830.5,231.2,14.53,0.04
2026-08-24 04:00:00,Z004,1893.47,242.92,13.29,0.059
2026-08-24 05:00:00,Z004,1906.74,155.22,14.0,0.129
2026-08-24 06:00:00,Z004,1651.17,218.52,14.65,0.037
2026-08-24 07:00:00,Z004,1913.44,258.35,12.59,0.059
2026-08-24 08:00:00,Z004,1872.01,252.09,13.35,0.079
2026-08-24 09:00:00,Z004,1814.5,218.41,15.26,0.083
2026-08-24 10:00:00,Z004,1842.68,220.22,13.04,0.05
2026-08-24 11:00:00,Z004,1981.94,286.52,11.85,0.097
2026-08-24 12:00:00,Z004,1973.97,201.0,13.43,0.063
2026-08-24 13:00:00,Z004,2117.5,306.59,12.89,0.036
2026-08-24 14:00:00,Z004,2130.89,273.09,15.49,0.048
2026-08-24 15:00:00,Z004,2339.69,255.08,14.75,0.079
2026-08-24 16:00:00,Z004,2832.11,358.86,13.62,0.084
2026-08-24 17:00:00,Z004,3087.09,316.99,16.31,0.128
2026-08-24 18:00:00,Z004,3671.62,479.14,16.46,0.117
2026-08-24 19:00:00,Z004,4241.62,503.4,12.14,0.103
2026-08-24 20:00:00,Z004,5017.65,696.18,15.85,0.111
2026-08-24 21:00:00,Z004,4699.08,586.43,13.85,0.099
2026-08-24 22:00:00,Z004,4588.54,586.33,16.08,0.092
2026-08-24 23:00:00,Z004,4364.69,583.54,16.42,0.077
2026-08-25 00:00:00,Z004,1913.43,272.99,14.8,0.02
2026-08-25 01:00:00,Z004,1809.39,237.51,13.52,0.123
2026-08-25 02:00:00,Z004,2025.91,225.17,12.76,0.069
2026-08-25 03:00:00,Z004,1834.36,262.39,12.76,0.102
2026-08-25 04:00:00,Z004,1986.36,262.77,14.52,0.075
2026-08-25 05:00:00,Z004,2025.16,235.57,15.14,0.075
2026-08-25 06:00:00,Z004,1714.66,198.82,13.81,0.076
2026-08-25 07:00:00,Z004,1814.09,234.72,14.88,0.071
2026-08-25 08:00:00,Z004,1843.37,192.15,14.31,0.121
2026-08-25 09:00:00,Z004,1986.51,220.53,16.39,0.069
2026-08-25 10:00:00,Z004,1787.18,177.95,12.71,0.09
2026-08-25 11:00:00,Z004,1858.35,205.38,12.98,0.047
2026-08-25 12:00:00,Z004,1824.41,246.72,16.16,0.136
2026-08-25 13:00:00,Z004,2010.95,226.46,13.2,0.103
2026-08-25 14:00:00,Z004,2036.43,256.95,16.32,0.087
2026-08-25 15:00:00,Z004,2498.18,257.55,14.54,0.089
2026-08-25 16:00:00,Z004,2493.43,329.19,15.84,0.146
2026-08-25 17:00:00,Z004,3158.51,289.0,14.57,0.102
2026-08-25 18:00:00,Z004,3661.81,451.23,13.42,0.076
2026-08-25 19:00:00,Z004,4498.05,633.48,12.88,0.065
2026-08-25 20:00:00,Z004,4412.22,651.13,15.37,0.02
2026-08-25 21:00:00,Z004,4905.71,567.83,13.95,0.124
2026-08-25 22:00:00,Z004,4968.58,616.31,14.17,0.078
2026-08-25 23:00:00,Z004,4309.62,487.6,14.24,0.097
2026-08-26 00:00:00,Z004,1740.58,189.07,13.96,0.127
2026-08-26 01:00:00,Z004,1940.72,232.78,14.48,0.077
2026-08-26 02:00:00,Z004,1960.23,247.98,15.53,0.039
2026-08-26 03:00:00,Z004,1801.77,223.63,14.59,0.152
2026-08-26 04:00:00,Z004,1717.51,205.25,13.91,0.087
2026-08-26 05:00:00,Z004,2015.42,268.34,12.08,0.126
2026-08-26 06:00:00,Z004,1996.3,247.43,12.06,0.075
2026-08-26 07:00:00,Z004,1909.08,257.63,11.88,0.057
2026-08-26 08:00:00,Z004,1962.2,279.67,14.52,0.114
2026-08-26 09:00:00,Z004,1908.79,256.63,14.17,0.094
2026-08-26 10:00:00,Z004,1769.83,231.55,12.5,0.102
2026-08-26 11:00:00,Z004,1842.99,231.39,12.86,0.065
2026-08-26 12:00:00,Z004,1931.98,253.7,15.31,0.045
2026-08-26 13:00:00,Z004,1818.87,191.66,12.72,0.127
2026-08-26 14:00:00,Z004,2183.46,229.37,16.05,0.118
2026-08-26 15:00:00,Z004,2099.75,219.52,12.01,0.077
2026-08-26 16:00:00,Z004,2611.01,313.93,11.57,0.037
2026-08-26 17:00:00,Z004,3137.42,405.77,11.58,0.042
2026-08-26 18:00:00,Z004,3871.25,393.45,14.02,0.04
2026-08-26 19:00:00,Z004,4462.05,400.45,14.01,0.108
2026-08-26 20:00:00,Z004,4882.33,551.89,13.98,0.084
2026-08-26 21:00:00,Z004,4634.54,549.19,14.44,0.069
2026-08-26 22:00:00,Z004,4965.79,516.16,12.89,0.081
2026-08-26 23:00:00,Z004,4325.12,512.09,14.08,0.046
2026-08-27 00:00:00,Z004,1786.94,201.34,13.32,0.113
2026-08-27 01:00:00,Z004,1891.8,211.9,15.31,0.093
2026-08-27 02:00:00,Z004,1755.39,125.29,12.41,0.098
2026-08-27 03:00:00,Z004,1944.6,184.92,14.79,0.099
2026-08-27 04:00:00,Z004,1986.97,266.76,15.62,0.095
2026-08-27 05:00:00,Z004,1907.88,219.29,14.98,0.04
2026-08-27 06:00:00,Z004,1857.94,238.0,15.69,0.066
2026-08-27 07:00:00,Z004,1950.97,228.35,15.18,0.056
2026-08-27 08:00:00,Z004,1930.89,228.95,12.58,0.075
2026-08-27 09:00:00,Z004,1981.72,207.51,12.22,0.092
2026-08-27 10:00:00,Z004,1731.4,248.37,15.85,0.111
2026-08-27 11:00:00,Z004,1879.18,272.42,15.61,0.064
2026-08-27 12:00:00,Z004,2023.57,215.16,13.76,0.026
2026-08-27 13:00:00,Z004,1963.45,226.94,13.46,0.075
2026-08-27 14:00:00,Z004,2005.56,241.92,15.54,0.048
2026-08-27 15:00:00,Z004,2353.86,290.06,14.45,0.079
2026-08-27 16:00:00,Z004,2524.74,319.82,14.62,0.056
2026-08-27 17:00:00,Z004,2914.32,353.45,14.91,0.11
2026-08-27 18:00:00,Z004,3901.38,489.9,13.73,0.08
2026-08-27 19:00:00,Z004,4060.5,445.68,14.04,0.072
2026-08-27 20:00:00,Z004,4771.56,474.19,13.3,0.109
2026-08-27 21:00:00,Z004,4735.5,520.23,14.76,0.056
2026-08-27 22:00:00,Z004,4988.46,504.57,14.97,0.076
2026-08-27 23:00:00,Z004,4331.35,487.44,14.24,0.117
2026-08-28 00:00:00,Z004,1811.76,198.5,13.62,0.124
2026-08-28 01:00:00,Z004,1862.05,257.92,13.79,0.116
2026-08-28 02:00:00,Z004,1903.87,244.3,12.28,0.032
2026-08-28 03:00:00,Z004,1959.64,266.25,16.91,0.035
2026-08-28 04:00:00,Z004,1910.47,199.92,13.11,0.065
2026-08-28 05:00:00,Z004,1901.77,209.27,14.04,0.105
2026-08-28 06:00:00,Z004,1964.51,256.15,14.54,0.076
2026-08-28 07:00:00,Z004,1821.78,233.34,12.74,0.084
2026-08-28 08:00:00,Z004,1779.3,212.41,12.74,0.068
2026-08-28 09:00:00,Z004,1813.57,195.96,13.9,0.007
2026-08-28 10:00:00,Z004,1720.9,227.25,14.18,0.058
2026-08-28 11:00:00,Z004,1962.53,216.69,13.3,0.056
2026-08-28 12:00:00,Z004,2063.57,254.91,14.23,0.094
2026-08-28 13:00:00,Z004,1788.01,198.63,14.55,0.08
2026-08-28 14:00:00,Z004,2263.63,253.46,15.13,0.104
2026-08-28 15:00:00,Z004,2280.48,284.75,13.65,0.021
2026-08-28 16:00:00,Z004,2649.96,335.03,14.7,0.082
2026-08-28 17:00:00,Z004,3236.53,346.34,15.76,0.05
2026-08-28 18:00:00,Z004,3683.02,479.58,13.39,0.102
2026-08-28 19:00:00,Z004,4234.77,515.68,13.98,0.063
2026-08-28 20:00:00,Z004,5233.24,562.07,12.59,0.098
2026-08-28 21:00:00,Z004,4949.07,565.91,16.13,0.125
2026-08-28 22:00:00,Z004,4683.8,443.87,13.05,0.082
2026-08-28 23:00:00,Z004,3998.31,457.74,15.78,0.09
2026-08-29 00:00:00,Z004,1967.11,205.34,14.22,0.072
2026-08-29 01:00:00,Z004,1984.16,259.74,15.08,0.084
2026-08-29 02:00:00,Z004,2008.3,225.57,15.36,0.053
2026-08-29 03:00:00,Z004,1944.75,269.44,13.42,0.04
2026-08-29 04:00:00,Z004,1926.8,271.44,11.28,0.083
2026-08-29 05:00:00,Z004,1907.07,224.05,13.58,0.109
2026-08-29 06:00:00,Z004,1967.84,265.97,15.54,0.081
2026-08-29 07:00:00,Z004,1931.37,242.69,14.68,0.045
2026-08-29 08:00:00,Z004,1984.16,230.55,13.5,0.059
2026-08-29 09:00:00,Z004,1908.69,264.99,13.56,0.114
2026-08-29 10:00:00,Z004,1978.04,203.76,14.23,0.044
2026-08-29 11:00:00,Z004,2028.07,237.05,15.03,0.123
2026-08-29 12:00:00,Z004,1839.71,208.04,12.55,0.145
2026-08-29 13:00:00,Z004,2007.59,201.31,16.69,0.058
2026-08-29 14:00:00,Z004,2004.42,205.7,14.17,0.081
2026-08-29 15:00:00,Z004,2289.71,258.11,14.06,0.12
2026-08-29 16:00:00,Z004,2780.5,310.17,13.73,0.103
2026-08-29 17:00:00,Z004,3502.34,362.25,15.34,0.071
2026-08-29 18:00:00,Z004,3602.0,333.78,15.6,0.124
2026-08-29 19:00:00,Z004,4400.52,514.06,12.18,0.103
2026-08-29 20:00:00,Z004,4983.11,481.95,15.2,0.056
2026-08-29 21:00:00,Z004,5295.6,549.46,15.84,0.11
2026-08-29 22:00:00,Z004,4458.32,601.62,15.63,0.064
2026-08-29 23:00:00,Z004,4571.94,578.68,15.04,0.132
2026-08-30 00:00:00,Z004,1999.9,229.26,14.51,0.067
2026-08-30 01:00:00,Z004,1868.95,258.47,14.64,0.024
2026-08-30 02:00:00,Z004,1902.69,249.95,12.12,0.057
2026-08-30 03:00:00,Z004,2198.19,252.87,15.3,0.125
2026-08-30 04:00:00,Z004,1882.82,233.46,16.47,0.094
2026-08-30 05:00:00,Z004,2172.05,239.9,16.16,0.081
2026-08-30 06:00:00,Z004,1934.16,250.67,13.87,0.077
2026-08-30 07:00:00,Z004,2005.99,186.32,13.04,0.102
2026-08-30 08:00:00,Z004,2050.9,257.1,14.33,0.092
2026-08-30 09:00:00,Z004,2048.64,202.01,13.39,0.078
2026-08-30 10:00:00,Z004,1983.77,175.28,12.49,0.08
2026-08-30 11:00:00,Z004,2064.14,234.72,13.2,0.096
2026-08-30 12:00:00,Z004,1966.08,261.91,13.73,0.047
2026-08-30 13:00:00,Z004,2179.1,301.93,12.85,0.092
2026-08-30 14:00:00,Z004,2130.44,275.44,12.95,0.106
2026-08-30 15:00:00,Z004,2507.15,265.23,14.08,0.116
2026-08-30 16:00:00,Z004,2615.97,287.67,14.79,0.075
2026-08-30 17:00:00,Z004,3025.35,348.51,16.1,0.142
2026-08-30 18:00:00,Z004,3774.62,401.24,13.47,0.134
2026-08-30 19:00:00,Z004,4687.31,665.42,15.79,0.043
2026-08-30 20:00:00,Z004,4776.44,523.29,14.07,0.066
2026-08-30 21:00:00,Z004,5035.36,652.62,15.19,0.139
2026-08-30 22:00:00,Z004,5046.02,554.34,15.27,0.058
2026-08-30 23:00:00,Z004,4046.34,524.6,15.32,0.082
2026-08-31 00:00:00,Z004,1836.68,183.43,15.4,0.095
2026-08-31 01:00:00,Z004,1894.1,227.15,13.44,0.047
2026-08-31 02:00:00,Z004,1890.86,211.63,13.49,0.132
2026-08-31 03:00:00,Z004,1865.56,155.22,13.36,0.05
2026-08-31 04:00:00,Z004,1857.89,183.25,14.52,0.071
2026-08-31 05:00:00,Z004,1829.58,223.66,13.91,0.076
2026-08-31 06:00:00,Z004,1850.75,221.53,14.41,0.087
2026-08-31 07:00:00,Z004,1964.45,219.63,14.29,0.153
2026-08-31 08:00:00,Z004,1866.36,223.9,12.48,0.059
2026-08-31 09:00:00,Z004,1861.52,238.28,14.78,0.09
2026-08-31 10:00:00,Z004,1940.57,203.78,14.59,0.08
2026-08-31 11:00:00,Z004,1890.7,216.61,12.86,0.044
2026-08-31 12:00:00,Z004,1927.94,245.75,13.84,0.08
2026-08-31 13:00:00,Z004,1887.42,240.73,14.07,0.069
2026-08-31 14:00:00,Z004,2139.52,277.44,12.16,0.081
2026-08-31 15:00:00,Z004,2168.21,264.72,10.22,0.086
2026-08-31 16:00:00,Z004,2692.56,318.63,12.6,0.139
2026-08-31 17:00:00,Z004,3262.43,365.5,13.69,0.021
2026-08-31 18:00:00,Z004,3779.82,375.95,14.82,0.111
2026-08-31 19:00:00,Z004,4287.52,446.04,15.74,0.08
2026-08-31 20:00:00,Z004,4771.82,505.94,14.92,0.08
2026-08-31 21:00:00,Z004,4625.87,648.08,16.64,0.112
2026-08-31 22:00:00,Z004,4937.67,723.25,13.64,0.063
2026-08-31 23:00:00,Z004,4220.91,525.37,13.84,0.049
2026-08-01 00:00:00,Z005,2402.59,284.91,15.01,0.081
2026-08-01 01:00:00,Z005,2196.12,276.23,15.9,0.081
2026-08-01 02:00:00,Z005,2508.66,282.03,14.68,0.058
2026-08-01 03:00:00,Z005,2375.34,276.54,14.57,0.055
2026-08-01 04:00:00,Z005,2243.64,285.06,14.52,0.083
2026-08-01 05:00:00,Z005,2502.82,292.73,14.34,0.07
2026-08-01 06:00:00,Z005,2374.04,297.0,16.72,0.102
2026-08-01 07:00:00,Z005,2461.34,323.92,11.18,0.09
2026-08-01 08:00:00,Z005,2500.67,303.25,13.95,0.052
2026-08-01 09:00:00,Z005,2356.23,253.29,15.2,0.125
2026-08-01 10:00:00,Z005,2615.61,280.52,13.2,0.058
2026-08-01 11:00:00,Z005,2304.79,241.92,13.38,0.106
2026-08-01 12:00:00,Z005,2362.82,320.86,15.64,0.089
2026-08-01 13:00:00,Z005,2644.71,263.36,13.33,0.086
2026-08-01 14:00:00,Z005,2672.23,377.96,12.8,0.064
2026-08-01 15:00:00,Z005,2900.02,325.44,12.75,0.066
2026-08-01 16:00:00,Z005,3314.85,469.76,12.78,0.104
2026-08-01 17:00:00,Z005,4212.25,473.08,14.31,0.097
2026-08-01 18:00:00,Z005,4842.8,587.1,13.34,0.1
2026-08-01 19:00:00,Z005,5432.77,654.27,14.77,0.108
2026-08-01 20:00:00,Z005,6634.67,722.74,16.24,0.145
2026-08-01 21:00:00,Z005,6742.39,813.52,16.01,0.209
2026-08-01 22:00:00,Z005,6133.25,668.66,16.8,0.144
2026-08-01 23:00:00,Z005,5720.88,628.15,13.97,0.089
2026-08-02 00:00:00,Z005,2488.45,317.34,13.07,0.1
2026-08-02 01:00:00,Z005,2296.9,252.83,14.19,0.045
2026-08-02 02:00:00,Z005,2297.83,329.24,15.64,0.149
2026-08-02 03:00:00,Z005,2450.68,317.78,13.81,0.069
2026-08-02 04:00:00,Z005,2496.22,350.54,14.94,0.055
2026-08-02 05:00:00,Z005,2444.31,265.08,13.61,0.129
2026-08-02 06:00:00,Z005,2272.33,346.6,14.66,0.066
2026-08-02 07:00:00,Z005,2409.41,264.37,13.34,0.082
2026-08-02 08:00:00,Z005,2366.69,250.88,13.73,0.041
2026-08-02 09:00:00,Z005,2265.56,228.3,16.01,0.092
2026-08-02 10:00:00,Z005,2470.61,296.89,14.61,0.115
2026-08-02 11:00:00,Z005,2459.84,355.7,13.96,0.098
2026-08-02 12:00:00,Z005,2519.05,267.07,14.05,0.025
2026-08-02 13:00:00,Z005,2491.45,288.54,13.59,0.068
2026-08-02 14:00:00,Z005,2706.6,288.83,16.23,0.097
2026-08-02 15:00:00,Z005,2805.96,363.96,15.19,0.091
2026-08-02 16:00:00,Z005,3200.18,491.42,14.77,0.043
2026-08-02 17:00:00,Z005,4021.67,469.31,14.01,0.044
2026-08-02 18:00:00,Z005,4766.48,512.55,13.7,0.092
2026-08-02 19:00:00,Z005,5407.36,625.33,15.52,0.055
2026-08-02 20:00:00,Z005,5926.88,599.69,14.11,0.11
2026-08-02 21:00:00,Z005,6502.89,701.71,16.68,0.173
2026-08-02 22:00:00,Z005,5725.18,702.01,16.29,0.036
2026-08-02 23:00:00,Z005,6024.51,667.77,13.24,0.118
2026-08-03 00:00:00,Z005,2373.15,274.8,14.37,0.144
2026-08-03 01:00:00,Z005,2308.77,380.34,15.52,0.082
2026-08-03 02:00:00,Z005,2317.61,267.01,14.3,0.097
2026-08-03 03:00:00,Z005,2246.0,223.03,15.59,0.109
2026-08-03 04:00:00,Z005,2141.72,262.5,15.23,0.108
2026-08-03 05:00:00,Z005,2216.16,298.59,14.02,0.092
2026-08-03 06:00:00,Z005,2192.96,123.12,13.07,0.096
2026-08-03 07:00:00,Z005,2266.51,294.09,15.33,0.07
2026-08-03 08:00:00,Z005,2243.7,195.64,12.14,0.04
2026-08-03 09:00:00,Z005,2345.99,270.24,13.36,0.061
2026-08-03 10:00:00,Z005,2211.19,295.97,14.11,0.11
2026-08-03 11:00:00,Z005,2073.42,265.38,13.42,0.072
2026-08-03 12:00:00,Z005,2466.99,281.61,14.59,0.049
2026-08-03 13:00:00,Z005,2390.63,229.81,13.93,0.092
2026-08-03 14:00:00,Z005,2645.11,284.96,13.37,0.061
2026-08-03 15:00:00,Z005,2740.83,289.27,11.41,0.049
2026-08-03 16:00:00,Z005,3185.24,375.15,14.66,0.105
2026-08-03 17:00:00,Z005,3717.69,357.69,14.48,0.08
2026-08-03 18:00:00,Z005,4475.77,619.03,14.57,0.084
2026-08-03 19:00:00,Z005,5301.56,703.76,13.62,0.054
2026-08-03 20:00:00,Z005,5753.04,588.71,14.83,0.097
2026-08-03 21:00:00,Z005,6001.36,687.63,17.18,0.14
2026-08-03 22:00:00,Z005,5788.88,702.74,16.58,0.079
2026-08-03 23:00:00,Z005,5034.07,621.22,14.75,0.095
2026-08-04 00:00:00,Z005,2372.81,258.66,12.31,0.062
2026-08-04 01:00:00,Z005,2347.5,249.24,11.68,0.084
2026-08-04 02:00:00,Z005,2229.22,209.76,14.09,0.068
2026-08-04 03:00:00,Z005,2460.13,298.49,14.7,0.079
2026-08-04 04:00:00,Z005,2226.09,250.85,15.3,0.102
2026-08-04 05:00:00,Z005,2134.36,216.15,12.57,0.112
2026-08-04 06:00:00,Z005,2109.38,278.01,14.48,0.084
2026-08-04 07:00:00,Z005,2238.96,308.59,14.14,0.037
2026-08-04 08:00:00,Z005,2163.15,206.21,15.44,0.123
2026-08-04 09:00:00,Z005,2400.54,282.91,12.29,0.048
2026-08-04 10:00:00,Z005,2189.55,261.24,15.66,0.122
2026-08-04 11:00:00,Z005,2249.93,194.51,12.6,0.116
2026-08-04 12:00:00,Z005,2349.66,269.42,13.49,0.057
2026-08-04 13:00:00,Z005,2257.47,341.06,16.06,0.055
2026-08-04 14:00:00,Z005,2320.8,284.38,13.82,0.099
2026-08-04 15:00:00,Z005,2879.15,294.97,15.54,0.069
2026-08-04 16:00:00,Z005,3279.6,380.69,15.11,0.009
2026-08-04 17:00:00,Z005,3920.52,421.54,14.09,0.117
2026-08-04 18:00:00,Z005,4364.77,460.92,13.56,0.067
2026-08-04 19:00:00,Z005,5014.05,609.68,14.43,0.094
2026-08-04 20:00:00,Z005,5599.86,592.69,14.58,0.08
2026-08-04 21:00:00,Z005,5958.82,651.84,15.53,0.08
2026-08-04 22:00:00,Z005,5782.33,667.31,14.88,0.132
2026-08-04 23:00:00,Z005,4951.44,416.57,13.49,0.045
2026-08-05 00:00:00,Z005,1977.49,289.1,14.67,0.1
2026-08-05 01:00:00,Z005,2258.21,285.24,13.49,0.104
2026-08-05 02:00:00,Z005,2307.06,275.58,14.05,0.124
2026-08-05 03:00:00,Z005,2304.83,240.98,14.4,0.095
2026-08-05 04:00:00,Z005,2272.7,270.95,12.72,0.083
2026-08-05 05:00:00,Z005,2162.58,251.37,13.2,0.109
2026-08-05 06:00:00,Z005,2447.17,251.65,13.99,0.071
2026-08-05 07:00:00,Z005,2335.47,283.63,13.54,0.083
2026-08-05 08:00:00,Z005,2265.76,325.9,13.05,0.088
2026-08-05 09:00:00,Z005,2341.15,296.34,13.64,0.121
2026-08-05 10:00:00,Z005,2076.12,215.07,14.8,0.054
2026-08-05 11:00:00,Z005,2203.33,248.96,13.06,0.099
2026-08-05 12:00:00,Z005,2420.07,293.61,15.27,0.038
2026-08-05 13:00:00,Z005,2394.91,335.81,15.17,0.123
2026-08-05 14:00:00,Z005,2452.77,328.08,13.49,0.098
2026-08-05 15:00:00,Z005,2936.07,317.36,11.77,0.135
2026-08-05 16:00:00,Z005,3262.39,386.25,13.81,0.017
2026-08-05 17:00:00,Z005,3830.09,429.13,14.06,0.081
2026-08-05 18:00:00,Z005,3840.11,489.04,14.23,0.09
2026-08-05 19:00:00,Z005,5219.31,630.15,14.59,0.088
2026-08-05 20:00:00,Z005,5938.73,737.84,17.33,0.085
2026-08-05 21:00:00,Z005,5918.42,860.51,14.9,0.133
2026-08-05 22:00:00,Z005,5849.75,681.98,16.18,0.116
2026-08-05 23:00:00,Z005,4899.46,600.69,12.99,0.118
2026-08-06 00:00:00,Z005,2468.12,365.55,14.43,0.066
2026-08-06 01:00:00,Z005,2320.72,245.77,16.81,0.116
2026-08-06 02:00:00,Z005,2318.95,312.96,13.41,0.047
2026-08-06 03:00:00,Z005,2059.76,249.74,13.75,0.096
2026-08-06 04:00:00,Z005,2288.95,290.94,14.97,0.036
2026-08-06 05:00:00,Z005,2377.05,270.75,14.62,0.111
2026-08-06 06:00:00,Z005,2393.55,291.86,14.21,0.107
2026-08-06 07:00:00,Z005,2133.12,225.53,13.66,0.04
2026-08-06 08:00:00,Z005,2259.88,260.12,14.1,0.078
2026-08-06 09:00:00,Z005,2398.8,308.47,13.91,0.07
2026-08-06 10:00:00,Z005,2286.61,273.37,17.02,0.036
2026-08-06 11:00:00,Z005,2204.59,229.07,14.32,0.087
2026-08-06 12:00:00,Z005,2265.46,302.31,14.44,0.108
2026-08-06 13:00:00,Z005,2516.01,221.5,14.82,0.041
2026-08-06 14:00:00,Z005,2547.95,302.97,13.96,0.044
2026-08-06 15:00:00,Z005,2901.09,291.97,14.9,0.037
2026-08-06 16:00:00,Z005,3189.71,469.1,16.83,0.031
2026-08-06 17:00:00,Z005,3674.15,412.09,16.71,0.078
2026-08-06 18:00:00,Z005,4747.43,591.03,12.67,0.024
2026-08-06 19:00:00,Z005,5117.55,791.96,14.62,0.112
2026-08-06 20:00:00,Z005,5443.22,626.63,15.5,0.049
2026-08-06 21:00:00,Z005,6002.67,641.11,16.19,0.124
2026-08-06 22:00:00,Z005,5993.1,797.48,14.91,0.142
2026-08-06 23:00:00,Z005,5123.06,662.85,11.95,0.058
2026-08-07 00:00:00,Z005,2525.99,326.27,14.73,0.055
2026-08-07 01:00:00,Z005,2174.96,252.37,13.92,0.137
2026-08-07 02:00:00,Z005,2392.49,291.01,14.08,0.103
2026-08-07 03:00:00,Z005,2151.84,196.2,14.89,0.082
2026-08-07 04:00:00,Z005,2152.53,190.66,15.07,0.064
2026-08-07 05:00:00,Z005,,270.24,13.96,0.062
2026-08-07 06:00:00,Z005,2279.73,293.3,13.67,0.07
2026-08-07 07:00:00,Z005,2350.2,305.79,12.64,0.079
2026-08-07 08:00:00,Z005,2233.93,268.53,15.72,0.091
2026-08-07 09:00:00,Z005,2511.56,309.66,13.8,0.079
2026-08-07 10:00:00,Z005,2306.23,287.92,12.81,0.073
2026-08-07 11:00:00,Z005,2225.49,301.43,11.69,0.085
2026-08-07 12:00:00,Z005,2166.56,274.03,13.52,0.025
2026-08-07 13:00:00,Z005,2487.95,204.64,13.96,0.101
2026-08-07 14:00:00,Z005,2675.77,256.47,13.38,0.113
2026-08-07 15:00:00,Z005,2916.16,405.96,17.07,0.065
2026-08-07 16:00:00,Z005,3245.77,372.65,11.63,0.077
2026-08-07 17:00:00,Z005,3453.91,387.49,12.24,0.093
2026-08-07 18:00:00,Z005,4369.78,407.36,15.05,0.062
2026-08-07 19:00:00,Z005,5160.42,543.57,15.72,0.088
2026-08-07 20:00:00,Z005,5653.89,516.14,17.79,0.149
2026-08-07 21:00:00,Z005,6410.94,701.69,15.19,0.169
2026-08-07 22:00:00,Z005,5580.43,586.83,16.45,0.085
2026-08-07 23:00:00,Z005,4997.54,671.12,13.54,0.021
2026-08-08 00:00:00,Z005,2279.32,255.86,14.26,0.085
2026-08-08 01:00:00,Z005,2534.69,295.15,13.44,0.117
2026-08-08 02:00:00,Z005,2507.77,292.9,14.35,0.066
2026-08-08 03:00:00,Z005,2276.36,348.19,13.35,0.089
2026-08-08 04:00:00,Z005,2238.19,293.31,12.55,0.13
2026-08-08 05:00:00,Z005,2596.26,333.58,14.14,0.074
2026-08-08 06:00:00,Z005,2396.85,302.34,14.11,0.109
2026-08-08 07:00:00,Z005,2302.78,329.12,13.49,0.058
2026-08-08 08:00:00,Z005,2441.45,308.6,11.92,0.066
2026-08-08 09:00:00,Z005,2168.21,238.21,13.24,0.089
2026-08-08 10:00:00,Z005,2320.8,259.31,15.56,0.142
2026-08-08 11:00:00,Z005,2315.41,313.25,14.47,0.028
2026-08-08 12:00:00,Z005,2354.77,175.62,14.39,0.048
2026-08-08 13:00:00,Z005,2521.2,399.77,15.91,0.057
2026-08-08 14:00:00,Z005,2525.55,352.05,12.79,0.11
2026-08-08 15:00:00,Z005,3269.55,425.47,15.42,0.112
2026-08-08 16:00:00,Z005,3267.86,406.37,12.85,0.119
2026-08-08 17:00:00,Z005,3789.62,494.6,15.36,0.065
2026-08-08 18:00:00,Z005,4600.58,540.36,12.99,0.085
2026-08-08 19:00:00,Z005,5297.87,568.63,15.1,0.099
2026-08-08 20:00:00,Z005,6024.38,574.15,16.63,0.101
2026-08-08 21:00:00,Z005,6907.62,815.2,16.86,0.224
2026-08-08 22:00:00,Z005,6171.88,1062.48,15.01,0.167
2026-08-08 23:00:00,Z005,5548.42,763.5,12.35,0.143
2026-08-09 00:00:00,Z005,2438.84,282.87,15.08,0.084
2026-08-09 01:00:00,Z005,2277.91,190.55,16.19,0.073
2026-08-09 02:00:00,Z005,2335.73,261.54,15.76,0.065
2026-08-09 03:00:00,Z005,2471.63,284.19,12.49,0.107
2026-08-09 04:00:00,Z005,2521.2,276.85,13.95,0.083
2026-08-09 05:00:00,Z005,2450.1,366.46,13.61,0.07
2026-08-09 06:00:00,Z005,2383.04,252.28,11.93,0.084
2026-08-09 07:00:00,Z005,2459.03,295.17,13.92,0.053
2026-08-09 08:00:00,Z005,2429.54,297.73,14.57,0.09
2026-08-09 09:00:00,Z005,2445.68,341.86,14.69,0.094
2026-08-09 10:00:00,Z005,2217.42,301.13,13.64,0.082
2026-08-09 11:00:00,Z005,2277.15,344.64,11.03,0.125
2026-08-09 12:00:00,Z005,2488.41,227.49,16.44,0.095
2026-08-09 13:00:00,Z005,2240.14,254.62,14.64,0.131
2026-08-09 14:00:00,Z005,2596.93,208.52,15.75,0.095
2026-08-09 15:00:00,Z005,2618.68,327.7,14.54,0.07
2026-08-09 16:00:00,Z005,3227.1,357.74,13.61,0.091
2026-08-09 17:00:00,Z005,4125.52,362.15,14.31,0.095
2026-08-09 18:00:00,Z005,4791.04,545.83,15.83,0.12
2026-08-09 19:00:00,Z005,5434.82,645.41,15.49,0.12
2026-08-09 20:00:00,Z005,5880.97,613.43,15.37,0.069
2026-08-09 21:00:00,Z005,5767.76,621.15,15.4,0.142
2026-08-09 22:00:00,Z005,5910.3,698.22,15.26,0.085
2026-08-09 23:00:00,Z005,5345.07,668.27,13.04,0.057
2026-08-10 00:00:00,Z005,2266.75,282.97,12.18,0.076
2026-08-10 01:00:00,Z005,2154.72,236.45,14.95,0.078
2026-08-10 02:00:00,Z005,2459.42,292.47,15.16,0.104
2026-08-10 03:00:00,Z005,2286.24,229.23,13.87,0.064
2026-08-10 04:00:00,Z005,2228.78,272.66,12.26,0.054
2026-08-10 05:00:00,Z005,2183.42,253.68,13.08,0.059
2026-08-10 06:00:00,Z005,2301.56,260.8,14.01,0.047
2026-08-10 07:00:00,Z005,2202.37,331.7,13.16,0.017
2026-08-10 08:00:00,Z005,2323.08,254.1,14.29,0.077
2026-08-10 09:00:00,Z005,2345.3,277.93,13.73,0.114
2026-08-10 10:00:00,Z005,2062.79,206.52,13.01,0.029
2026-08-10 11:00:00,Z005,2250.86,250.59,15.17,0.077
2026-08-10 12:00:00,Z005,2303.13,263.25,12.74,0.107
2026-08-10 13:00:00,Z005,2516.72,256.25,15.94,0.06
2026-08-10 14:00:00,Z005,2434.34,309.39,14.67,0.078
2026-08-10 15:00:00,Z005,2729.32,375.51,13.25,0.078
2026-08-10 16:00:00,Z005,3435.59,343.37,13.45,0.111
2026-08-10 17:00:00,Z005,3884.61,518.25,12.41,0.09
2026-08-10 18:00:00,Z005,4470.31,688.81,15.0,0.079
2026-08-10 19:00:00,Z005,5330.46,644.0,15.31,0.055
2026-08-10 20:00:00,Z005,6171.5,617.95,15.67,0.104
2026-08-10 21:00:00,Z005,6031.6,813.18,13.18,0.11
2026-08-10 22:00:00,Z005,5437.6,629.72,12.83,0.087
2026-08-10 23:00:00,Z005,5161.82,677.27,15.81,0.08
2026-08-11 00:00:00,Z005,2379.59,334.9,12.89,0.123
2026-08-11 01:00:00,Z005,2283.8,240.54,14.36,0.078
2026-08-11 02:00:00,Z005,2142.76,221.74,15.96,0.088
2026-08-11 03:00:00,Z005,2440.14,277.57,13.04,0.03
2026-08-11 04:00:00,Z005,2387.25,301.17,13.51,0.056
2026-08-11 05:00:00,Z005,2403.6,282.04,13.8,0.062
2026-08-11 06:00:00,Z005,2245.67,288.01,12.3,0.082
2026-08-11 07:00:00,Z005,2386.03,283.29,15.27,0.12
2026-08-11 08:00:00,Z005,2380.88,266.52,13.96,0.09
2026-08-11 09:00:00,Z005,2240.28,251.93,13.32,0.156
2026-08-11 10:00:00,Z005,2263.56,307.91,12.96,0.131
2026-08-11 11:00:00,Z005,2261.29,273.15,11.8,0.113
2026-08-11 12:00:00,Z005,2464.94,251.89,15.41,0.04
2026-08-11 13:00:00,Z005,2454.64,283.95,15.6,0.087
2026-08-11 14:00:00,Z005,2625.28,363.78,13.65,0.079
2026-08-11 15:00:00,Z005,2633.89,304.21,16.31,0.103
2026-08-11 16:00:00,Z005,3042.21,439.51,14.47,0.105
2026-08-11 17:00:00,Z005,3878.21,489.8,11.6,0.113
2026-08-11 18:00:00,Z005,4069.05,550.3,14.12,0.105
2026-08-11 19:00:00,Z005,5300.26,719.01,14.46,0.089
2026-08-11 20:00:00,Z005,5920.2,877.25,15.81,0.066
2026-08-11 21:00:00,Z005,5867.22,756.7,16.53,0.08
2026-08-11 22:00:00,Z005,6400.35,784.9,16.28,0.118
2026-08-11 23:00:00,Z005,5526.92,626.27,13.75,0.075
2026-08-12 00:00:00,Z005,2429.95,308.57,12.93,0.064
2026-08-12 01:00:00,Z005,2432.7,283.3,14.67,0.104
2026-08-12 02:00:00,Z005,1935.66,268.99,12.98,0.069
2026-08-12 03:00:00,Z005,2446.06,346.62,14.59,0.102
2026-08-12 04:00:00,Z005,2388.27,337.83,15.87,0.083
2026-08-12 05:00:00,Z005,2211.7,256.94,14.15,0.078
2026-08-12 06:00:00,Z005,2183.41,276.31,12.12,0.083
2026-08-12 07:00:00,Z005,2303.05,280.35,15.02,0.102
2026-08-12 08:00:00,Z005,2516.69,282.46,14.34,0.086
2026-08-12 09:00:00,Z005,2305.98,232.97,12.58,0.08
2026-08-12 10:00:00,Z005,2129.01,244.81,13.22,0.071
2026-08-12 11:00:00,Z005,2417.7,251.02,15.04,0.063
2026-08-12 12:00:00,Z005,2278.67,289.35,13.67,0.053
2026-08-12 13:00:00,Z005,2346.99,219.09,14.46,0.0
2026-08-12 14:00:00,Z005,2620.36,338.63,15.92,0.145
2026-08-12 15:00:00,Z005,2889.27,319.52,16.61,0.044
2026-08-12 16:00:00,Z005,2918.94,431.38,14.72,0.024
2026-08-12 17:00:00,Z005,3563.02,457.03,12.96,0.058
2026-08-12 18:00:00,Z005,4929.15,750.33,14.37,0.075
2026-08-12 19:00:00,Z005,5476.47,611.04,11.92,0.0
2026-08-12 20:00:00,Z005,5795.04,772.06,14.95,0.121
2026-08-12 21:00:00,Z005,6266.47,882.26,15.79,0.147
2026-08-12 22:00:00,Z005,5804.67,674.06,13.06,0.133
2026-08-12 23:00:00,Z005,5171.87,586.41,13.7,0.04
2026-08-13 00:00:00,Z005,2278.79,291.11,13.15,0.111
2026-08-13 01:00:00,Z005,2249.67,218.24,15.65,0.086
2026-08-13 02:00:00,Z005,2376.47,316.79,12.86,0.064
2026-08-13 03:00:00,Z005,2394.07,353.19,14.08,0.061
2026-08-13 04:00:00,Z005,2460.78,272.16,14.39,0.067
2026-08-13 05:00:00,Z005,2315.3,245.0,13.55,0.061
2026-08-13 06:00:00,Z005,2355.78,288.46,15.06,0.055
2026-08-13 07:00:00,Z005,2266.2,293.19,15.03,0.037
2026-08-13 08:00:00,Z005,2320.58,250.16,15.09,0.136
2026-08-13 09:00:00,Z005,2019.66,222.49,14.32,0.08
2026-08-13 10:00:00,Z005,2388.41,289.44,13.36,0.049
2026-08-13 11:00:00,Z005,2177.44,237.03,13.32,0.092
2026-08-13 12:00:00,Z005,2309.02,254.54,12.79,0.059
2026-08-13 13:00:00,Z005,2326.18,253.04,14.81,0.121
2026-08-13 14:00:00,Z005,2386.32,326.42,14.83,0.085
2026-08-13 15:00:00,Z005,2963.0,347.99,14.48,0.084
2026-08-13 16:00:00,Z005,3199.36,405.95,14.06,0.094
2026-08-13 17:00:00,Z005,3680.08,406.36,13.19,0.069
2026-08-13 18:00:00,Z005,4734.92,535.36,14.89,0.088
2026-08-13 19:00:00,Z005,5158.21,720.28,15.22,0.08
2026-08-13 20:00:00,Z005,5793.07,703.31,13.1,0.072
2026-08-13 21:00:00,Z005,6145.3,591.52,14.49,0.114
2026-08-13 22:00:00,Z005,6574.02,855.32,17.39,0.156
2026-08-13 23:00:00,Z005,5348.49,500.6,14.09,0.096
2026-08-14 00:00:00,Z005,2141.67,269.63,14.57,0.062
2026-08-14 01:00:00,Z005,2201.66,240.58,13.58,0.07
2026-08-14 02:00:00,Z005,2340.06,262.05,15.92,0.128
2026-08-14 03:00:00,Z005,2311.92,265.48,13.36,0.09
2026-08-14 04:00:00,Z005,2338.22,273.54,13.53,0.091
2026-08-14 05:00:00,Z005,2294.71,255.67,14.14,0.062
2026-08-14 06:00:00,Z005,2210.23,265.06,13.31,0.058
2026-08-14 07:00:00,Z005,2395.31,273.34,16.21,0.099
2026-08-14 08:00:00,Z005,2203.36,302.73,13.14,0.139
2026-08-14 09:00:00,Z005,2311.96,296.25,14.04,0.088
2026-08-14 10:00:00,Z005,2267.89,240.65,14.41,0.111
2026-08-14 11:00:00,Z005,2177.23,311.58,14.72,0.067
2026-08-14 12:00:00,Z005,2277.84,337.03,15.13,0.114
2026-08-14 13:00:00,Z005,2359.79,302.84,14.42,0.075
2026-08-14 14:00:00,Z005,2532.06,346.01,15.92,0.072
2026-08-14 15:00:00,Z005,2608.7,377.36,15.99,0.092
2026-08-14 16:00:00,Z005,3449.79,430.93,12.91,0.041
2026-08-14 17:00:00,Z005,3568.77,428.5,13.44,0.063
2026-08-14 18:00:00,Z005,4506.65,598.8,13.38,0.059
2026-08-14 19:00:00,Z005,5148.83,688.99,14.25,0.088
2026-08-14 20:00:00,Z005,6220.64,1011.78,16.27,0.15
2026-08-14 21:00:00,Z005,5699.11,715.4,14.9,0.118
2026-08-14 22:00:00,Z005,5711.77,702.61,15.57,0.149
2026-08-14 23:00:00,Z005,5633.09,782.95,15.63,0.075
2026-08-15 00:00:00,Z005,2480.51,268.93,13.75,0.133
2026-08-15 01:00:00,Z005,2460.13,303.59,14.43,0.077
2026-08-15 02:00:00,Z005,2168.96,219.14,14.74,0.052
2026-08-15 03:00:00,Z005,2390.35,242.83,13.14,0.08
2026-08-15 04:00:00,Z005,2501.84,342.41,13.12,0.089
2026-08-15 05:00:00,Z005,2247.91,271.65,15.14,0.078
2026-08-15 06:00:00,Z005,2544.2,337.24,14.29,0.073
2026-08-15 07:00:00,Z005,2344.28,230.05,12.45,0.11
2026-08-15 08:00:00,Z005,2565.88,266.3,14.08,0.033
2026-08-15 09:00:00,Z005,2297.47,284.65,13.38,0.023
2026-08-15 10:00:00,Z005,2592.2,309.15,12.67,0.084
2026-08-15 11:00:00,Z005,2406.72,304.03,13.59,0.089
2026-08-15 12:00:00,Z005,2545.38,255.12,13.17,0.105
2026-08-15 13:00:00,Z005,2443.91,290.28,13.44,0.068
2026-08-15 14:00:00,Z005,2586.97,261.59,14.55,0.112
2026-08-15 15:00:00,Z005,2888.03,387.69,13.41,0.063
2026-08-15 16:00:00,Z005,3413.83,431.54,13.86,0.1
2026-08-15 17:00:00,Z005,3753.43,433.3,15.16,0.109
2026-08-15 18:00:00,Z005,4933.74,667.59,13.75,0.029
2026-08-15 19:00:00,Z005,5461.54,707.49,15.54,0.067
2026-08-15 20:00:00,Z005,5839.07,624.62,14.33,0.043
2026-08-15 21:00:00,Z005,6171.06,744.96,15.31,0.119
2026-08-15 22:00:00,Z005,5915.66,659.05,14.42,0.126
2026-08-15 23:00:00,Z005,5525.66,925.56,14.25,0.097
2026-08-16 00:00:00,Z005,2368.47,272.34,15.87,0.11
2026-08-16 01:00:00,Z005,2212.32,231.55,13.84,0.064
2026-08-16 02:00:00,Z005,2238.95,272.56,11.75,0.084
2026-08-16 03:00:00,Z005,2480.88,330.18,13.83,0.125
2026-08-16 04:00:00,Z005,2437.83,323.47,13.12,0.126
2026-08-16 05:00:00,Z005,2401.66,345.0,15.63,0.088
2026-08-16 06:00:00,Z005,2445.84,286.9,13.02,0.098
2026-08-16 07:00:00,Z005,2460.85,235.55,13.9,0.106
2026-08-16 08:00:00,Z005,2560.7,335.14,12.18,0.048
2026-08-16 09:00:00,Z005,2365.68,333.52,13.27,0.112
2026-08-16 10:00:00,Z005,2338.62,299.32,12.87,0.074
2026-08-16 11:00:00,Z005,2292.5,324.73,13.17,0.034
2026-08-16 12:00:00,Z005,2263.0,268.66,13.45,0.099
2026-08-16 13:00:00,Z005,2479.58,340.92,13.54,0.111
2026-08-16 14:00:00,Z005,2532.25,246.77,13.01,0.046
2026-08-16 15:00:00,Z005,2748.62,346.89,13.68,0.084
2026-08-16 16:00:00,Z005,3431.46,325.01,14.68,0.044
2026-08-16 17:00:00,Z005,3880.76,355.55,14.79,0.029
2026-08-16 18:00:00,Z005,4498.07,463.69,13.88,0.075
2026-08-16 19:00:00,Z005,5727.78,678.35,16.02,0.104
2026-08-16 20:00:00,Z005,5845.27,642.93,16.81,0.137
2026-08-16 21:00:00,Z005,6555.41,880.6,16.6,0.187
2026-08-16 22:00:00,Z005,6118.67,890.16,14.79,0.13
2026-08-16 23:00:00,Z005,5101.1,502.66,16.48,0.099
2026-08-17 00:00:00,Z005,2265.7,274.55,12.37,0.067
2026-08-17 01:00:00,Z005,2137.5,247.03,14.82,0.094
2026-08-17 02:00:00,Z005,2451.19,304.98,11.03,0.139
2026-08-17 03:00:00,Z005,2201.06,269.48,14.12,0.087
2026-08-17 04:00:00,Z005,2292.55,277.36,12.41,0.158
2026-08-17 05:00:00,Z005,2354.66,284.39,16.21,0.048
2026-08-17 06:00:00,Z005,2377.0,265.45,14.48,0.093
2026-08-17 07:00:00,Z005,2047.13,201.69,15.9,0.072
2026-08-17 08:00:00,Z005,2493.93,348.28,13.74,0.071
2026-08-17 09:00:00,Z005,2458.43,372.56,13.66,0.126
2026-08-17 10:00:00,Z005,2397.73,330.98,14.12,0.06
2026-08-17 11:00:00,Z005,2191.33,220.09,16.29,0.08
2026-08-17 12:00:00,Z005,2205.63,297.84,13.43,0.06
2026-08-17 13:00:00,Z005,2608.87,260.99,14.28,0.062
2026-08-17 14:00:00,Z005,2434.57,238.69,14.07,0.054
2026-08-17 15:00:00,Z005,2846.31,339.55,13.62,0.054
2026-08-17 16:00:00,Z005,3397.8,445.23,13.18,0.039
2026-08-17 17:00:00,Z005,3472.08,475.88,15.09,0.111
2026-08-17 18:00:00,Z005,4503.92,594.92,15.27,0.078
2026-08-17 19:00:00,Z005,5177.93,545.52,14.86,0.097
2026-08-17 20:00:00,Z005,5707.93,660.23,14.57,0.116
2026-08-17 21:00:00,Z005,5647.7,584.09,13.47,0.085
2026-08-17 22:00:00,Z005,5896.79,613.07,16.15,0.148
2026-08-17 23:00:00,Z005,5360.75,733.57,13.4,0.054
2026-08-18 00:00:00,Z005,2340.58,279.52,12.93,0.123
2026-08-18 01:00:00,Z005,2318.36,302.62,13.19,0.13
2026-08-18 02:00:00,Z005,2271.55,307.31,13.3,0.085
2026-08-18 03:00:00,Z005,2345.02,351.59,13.47,0.086
2026-08-18 04:00:00,Z005,2348.53,231.98,11.39,0.05
2026-08-18 05:00:00,Z005,2387.17,347.92,12.89,0.043
2026-08-18 06:00:00,Z005,2445.6,272.73,13.55,0.124
2026-08-18 07:00:00,Z005,2420.94,324.43,11.95,0.042
2026-08-18 08:00:00,Z005,2403.22,299.85,13.07,0.07
2026-08-18 09:00:00,Z005,2403.08,343.43,13.99,0.059
2026-08-18 10:00:00,Z005,2263.11,317.17,15.59,0.086
2026-08-18 11:00:00,Z005,2245.67,305.95,15.95,0.036
2026-08-18 12:00:00,Z005,2301.1,316.03,14.09,0.065
2026-08-18 13:00:00,Z005,2406.65,302.18,12.65,0.083
2026-08-18 14:00:00,Z005,2561.32,288.5,13.06,0.064
2026-08-18 15:00:00,Z005,2651.39,352.0,12.82,0.086
2026-08-18 16:00:00,Z005,3138.52,343.38,15.65,0.076
2026-08-18 17:00:00,Z005,3680.15,399.38,14.41,0.105
2026-08-18 18:00:00,Z005,4787.39,562.45,13.85,0.084
2026-08-18 19:00:00,Z005,5302.33,574.87,16.2,0.081
2026-08-18 20:00:00,Z005,5954.21,752.41,15.62,0.078
2026-08-18 21:00:00,Z005,6018.27,928.08,17.12,0.118
2026-08-18 22:00:00,Z005,5718.31,495.97,14.25,0.09
2026-08-18 23:00:00,Z005,5187.6,603.24,15.11,0.05
2026-08-19 00:00:00,Z005,2315.67,274.05,12.94,0.13
2026-08-19 01:00:00,Z005,2364.58,255.86,14.62,0.038
2026-08-19 02:00:00,Z005,2219.3,310.51,14.42,0.088
2026-08-19 03:00:00,Z005,2389.2,308.61,13.68,0.108
2026-08-19 04:00:00,Z005,2113.74,232.49,13.88,0.096
2026-08-19 05:00:00,Z005,2254.15,210.17,11.69,0.078
2026-08-19 06:00:00,Z005,2238.43,238.06,12.71,0.084
2026-08-19 07:00:00,Z005,2421.72,295.47,15.58,0.069
2026-08-19 08:00:00,Z005,2333.51,327.35,13.81,0.081
2026-08-19 09:00:00,Z005,2250.1,290.01,15.08,0.091
2026-08-19 10:00:00,Z005,2267.86,221.13,13.94,0.074
2026-08-19 11:00:00,Z005,2324.91,283.06,15.89,0.059
2026-08-19 12:00:00,Z005,2160.58,222.24,13.24,0.112
2026-08-19 13:00:00,Z005,2247.43,230.46,14.5,0.105
2026-08-19 14:00:00,Z005,2344.01,218.98,13.06,0.1
2026-08-19 15:00:00,Z005,2790.39,303.46,14.89,0.084
2026-08-19 16:00:00,Z005,3176.82,304.29,13.08,0.139
2026-08-19 17:00:00,Z005,3737.03,394.81,13.54,0.084
2026-08-19 18:00:00,Z005,4708.44,608.88,13.28,0.118
2026-08-19 19:00:00,Z005,5455.69,618.25,14.43,0.1
2026-08-19 20:00:00,Z005,6095.49,592.6,15.4,0.12
2026-08-19 21:00:00,Z005,5865.42,653.19,16.28,0.118
2026-08-19 22:00:00,Z005,6365.49,709.45,15.89,0.16
2026-08-19 23:00:00,Z005,5474.96,768.55,14.71,0.05
2026-08-20 00:00:00,Z005,2214.42,270.47,15.35,0.037
2026-08-20 01:00:00,Z005,2167.16,284.67,12.45,0.046
2026-08-20 02:00:00,Z005,2404.6,280.57,13.64,0.121
2026-08-20 03:00:00,Z005,2178.18,220.08,15.96,0.087
2026-08-20 04:00:00,Z005,2357.57,271.91,13.87,0.059
2026-08-20 05:00:00,Z005,2320.35,307.38,14.24,0.112
2026-08-20 06:00:00,Z005,2355.8,245.65,13.83,0.067
2026-08-20 07:00:00,Z005,2365.22,300.2,14.15,0.11
2026-08-20 08:00:00,Z005,2095.78,232.53,13.38,0.088
2026-08-20 09:00:00,Z005,2345.6,281.43,12.42,0.092
2026-08-20 10:00:00,Z005,2304.72,225.79,13.65,0.091
2026-08-20 11:00:00,Z005,2471.63,256.22,14.95,0.048
2026-08-20 12:00:00,Z005,2192.46,223.25,14.73,0.084
2026-08-20 13:00:00,Z005,2352.96,298.51,14.05,0.083
2026-08-20 14:00:00,Z005,2485.25,259.92,16.03,0.122
2026-08-20 15:00:00,Z005,2970.92,332.48,13.18,0.068
2026-08-20 16:00:00,Z005,3346.57,401.58,13.35,0.091
2026-08-20 17:00:00,Z005,3668.7,365.66,14.16,0.065
2026-08-20 18:00:00,Z005,4525.64,360.82,12.97,0.079
2026-08-20 19:00:00,Z005,4903.63,479.4,14.23,0.101
2026-08-20 20:00:00,Z005,5580.99,647.77,14.41,0.039
2026-08-20 21:00:00,Z005,6340.71,743.48,15.48,0.159
2026-08-20 22:00:00,Z005,5406.14,723.34,15.8,0.086
2026-08-20 23:00:00,Z005,5372.21,618.39,15.54,0.056
2026-08-21 00:00:00,Z005,2284.26,275.05,13.95,0.112
2026-08-21 01:00:00,Z005,2512.86,297.4,14.56,0.056
2026-08-21 02:00:00,Z005,2393.83,268.68,17.77,0.03
2026-08-21 03:00:00,Z005,2508.66,338.34,12.65,0.15
2026-08-21 04:00:00,Z005,2192.03,252.71,12.44,0.076
2026-08-21 05:00:00,Z005,2282.18,302.28,16.93,0.065
2026-08-21 06:00:00,Z005,2004.25,260.01,13.34,0.135
2026-08-21 07:00:00,Z005,2284.1,248.08,12.78,0.099
2026-08-21 08:00:00,Z005,2259.52,320.89,13.75,0.122
2026-08-21 09:00:00,Z005,2146.52,201.6,15.0,0.066
2026-08-21 10:00:00,Z005,2264.34,237.34,12.7,0.099
2026-08-21 11:00:00,Z005,2298.53,239.27,14.95,0.115
2026-08-21 12:00:00,Z005,2314.04,312.51,12.8,0.097
2026-08-21 13:00:00,Z005,2404.13,259.95,16.46,0.087
2026-08-21 14:00:00,Z005,2452.68,295.04,12.96,0.045
2026-08-21 15:00:00,Z005,2716.45,310.42,13.03,0.118
2026-08-21 16:00:00,Z005,3082.27,326.77,12.58,0.042
2026-08-21 17:00:00,Z005,3969.89,491.76,14.83,0.111
2026-08-21 18:00:00,Z005,4460.51,633.77,13.27,0.047
2026-08-21 19:00:00,Z005,5351.23,653.75,14.66,0.111
2026-08-21 20:00:00,Z005,5842.09,728.48,16.62,0.108
2026-08-21 21:00:00,Z005,6153.89,607.6,19.87,0.079
2026-08-21 22:00:00,Z005,5673.19,632.31,17.33,0.072
2026-08-21 23:00:00,Z005,5367.4,598.78,13.25,0.098
2026-08-22 00:00:00,Z005,2324.27,286.15,14.75,0.137
2026-08-22 01:00:00,Z005,2265.55,266.67,13.87,0.08
2026-08-22 02:00:00,Z005,2679.64,314.59,10.98,0.074
2026-08-22 03:00:00,Z005,2389.18,278.06,13.14,0.04
2026-08-22 04:00:00,Z005,2635.4,328.83,13.77,0.144
2026-08-22 05:00:00,Z005,2308.09,297.83,12.5,0.103
2026-08-22 06:00:00,Z005,2279.36,289.61,16.34,0.083
2026-08-22 07:00:00,Z005,2165.04,260.97,14.58,0.107
2026-08-22 08:00:00,Z005,2561.55,365.96,13.84,0.06
2026-08-22 09:00:00,Z005,2282.14,255.37,14.57,0.04
2026-08-22 10:00:00,Z005,2305.74,296.14,13.22,0.091
2026-08-22 11:00:00,Z005,2326.99,289.28,13.07,0.023
2026-08-22 12:00:00,Z005,2546.73,279.02,13.7,0.059
2026-08-22 13:00:00,Z005,2567.5,320.93,14.65,0.064
2026-08-22 14:00:00,Z005,2639.73,333.28,15.85,0.089
2026-08-22 15:00:00,Z005,2779.71,344.74,13.8,0.02
2026-08-22 16:00:00,Z005,3073.57,365.76,14.02,0.071
2026-08-22 17:00:00,Z005,4142.7,439.01,12.34,0.055
2026-08-22 18:00:00,Z005,4624.38,550.89,13.11,0.016
2026-08-22 19:00:00,Z005,4886.99,595.47,12.82,0.02
2026-08-22 20:00:00,Z005,6276.7,898.68,15.47,0.148
2026-08-22 21:00:00,Z005,6399.77,545.92,16.84,0.193
2026-08-22 22:00:00,Z005,6609.63,749.77,14.77,0.226
2026-08-22 23:00:00,Z005,,752.12,14.0,0.097
2026-08-23 00:00:00,Z005,2288.12,274.39,13.58,0.15
2026-08-23 01:00:00,Z005,2461.28,215.9,14.0,0.091
2026-08-23 02:00:00,Z005,2350.75,243.21,14.79,0.051
2026-08-23 03:00:00,Z005,2464.18,257.04,13.36,0.109
2026-08-23 04:00:00,Z005,2454.85,295.74,13.96,0.083
2026-08-23 05:00:00,Z005,2316.42,225.27,14.68,0.126
2026-08-23 06:00:00,Z005,2467.3,305.48,12.55,0.106
2026-08-23 07:00:00,Z005,2454.07,322.47,15.24,0.128
2026-08-23 08:00:00,Z005,2281.75,229.69,14.18,0.052
2026-08-23 09:00:00,Z005,2284.61,315.96,12.79,0.08
2026-08-23 10:00:00,Z005,2229.45,269.64,15.42,0.116
2026-08-23 11:00:00,Z005,2529.1,300.52,15.33,0.093
2026-08-23 12:00:00,Z005,2393.47,300.92,15.06,0.04
2026-08-23 13:00:00,Z005,2386.51,281.24,12.53,0.043
2026-08-23 14:00:00,Z005,2595.58,350.09,15.17,0.09
2026-08-23 15:00:00,Z005,2934.77,444.07,13.35,0.087
2026-08-23 16:00:00,Z005,3263.05,328.55,15.42,0.071
2026-08-23 17:00:00,Z005,4108.75,477.88,15.5,0.05
2026-08-23 18:00:00,Z005,5003.89,667.58,12.08,0.064
2026-08-23 19:00:00,Z005,5779.73,835.52,15.78,0.084
2026-08-23 20:00:00,Z005,5838.99,750.31,14.48,0.088
2026-08-23 21:00:00,Z005,6257.24,833.63,17.72,0.169
2026-08-23 22:00:00,Z005,6107.64,650.54,16.14,0.172
2026-08-23 23:00:00,Z005,5775.43,711.05,14.32,0.106
2026-08-24 00:00:00,Z005,2406.45,297.16,13.88,0.059
2026-08-24 01:00:00,Z005,2554.16,272.37,12.82,0.085
2026-08-24 02:00:00,Z005,2266.81,306.81,15.27,0.044
2026-08-24 03:00:00,Z005,2209.82,236.16,14.94,0.093
2026-08-24 04:00:00,Z005,2249.36,277.22,12.65,0.058
2026-08-24 05:00:00,Z005,2153.78,263.15,14.17,0.05
2026-08-24 06:00:00,Z005,2330.97,316.68,12.76,0.07
2026-08-24 07:00:00,Z005,2340.53,280.64,12.35,0.067
2026-08-24 08:00:00,Z005,2239.06,262.96,13.85,0.127
2026-08-24 09:00:00,Z005,2267.19,213.63,14.11,0.132
2026-08-24 10:00:00,Z005,2274.28,257.97,13.63,0.098
2026-08-24 11:00:00,Z005,2268.46,220.64,13.19,0.078
2026-08-24 12:00:00,Z005,2381.47,264.96,13.64,0.081
2026-08-24 13:00:00,Z005,2303.26,273.22,14.56,0.044
2026-08-24 14:00:00,Z005,2554.42,264.75,12.72,0.06
2026-08-24 15:00:00,Z005,2942.88,277.43,13.44,0.079
2026-08-24 16:00:00,Z005,3359.94,501.37,13.49,0.096
2026-08-24 17:00:00,Z005,3778.31,447.67,14.33,0.032
2026-08-24 18:00:00,Z005,4518.67,572.79,13.01,0.094
2026-08-24 19:00:00,Z005,4853.41,589.22,15.77,0.073
2026-08-24 20:00:00,Z005,5558.36,548.18,15.15,0.113
2026-08-24 21:00:00,Z005,6004.8,678.81,12.88,0.116
2026-08-24 22:00:00,Z005,5633.96,622.68,16.7,0.034
2026-08-24 23:00:00,Z005,4867.78,601.02,13.7,0.064
2026-08-25 00:00:00,Z005,2315.67,286.77,12.83,0.062
2026-08-25 01:00:00,Z005,2292.7,280.87,14.58,0.063
2026-08-25 02:00:00,Z005,2323.33,311.92,14.06,0.077
2026-08-25 03:00:00,Z005,2263.35,250.64,12.87,0.071
2026-08-25 04:00:00,Z005,2334.01,248.95,13.91,0.074
2026-08-25 05:00:00,Z005,2470.61,323.26,14.85,0.108
2026-08-25 06:00:00,Z005,2231.44,313.85,14.19,0.079
2026-08-25 07:00:00,Z005,2162.61,246.48,11.88,0.073
2026-08-25 08:00:00,Z005,2228.53,254.11,12.34,0.101
2026-08-25 09:00:00,Z005,2349.69,341.52,15.99,0.085
2026-08-25 10:00:00,Z005,2397.05,297.04,13.49,0.072
2026-08-25 11:00:00,Z005,2366.62,429.11,15.4,0.087
2026-08-25 12:00:00,Z005,2376.05,302.05,13.89,0.103
2026-08-25 13:00:00,Z005,2370.06,248.45,14.58,0.098
2026-08-25 14:00:00,Z005,2503.14,312.01,15.15,0.078
2026-08-25 15:00:00,Z005,2716.75,297.1,13.7,0.126
2026-08-25 16:00:00,Z005,3163.78,396.71,13.61,0.068
2026-08-25 17:00:00,Z005,3644.31,442.8,13.38,0.118
2026-08-25 18:00:00,Z005,4506.53,537.77,13.82,0.091
2026-08-25 19:00:00,Z005,5615.83,586.31,15.07,0.041
2026-08-25 20:00:00,Z005,6134.34,726.17,13.58,0.086
2026-08-25 21:00:00,Z005,6240.48,593.04,15.86,0.123
2026-08-25 22:00:00,Z005,5763.34,633.35,13.75,0.08
2026-08-25 23:00:00,Z005,5398.2,624.09,15.03,0.074
2026-08-26 00:00:00,Z005,2350.52,296.69,13.35,0.051
2026-08-26 01:00:00,Z005,2385.98,257.21,14.6,0.081
2026-08-26 02:00:00,Z005,2239.93,283.22,15.64,0.099
2026-08-26 03:00:00,Z005,2300.91,332.07,11.99,0.047
2026-08-26 04:00:00,Z005,2239.79,316.46,15.13,0.029
2026-08-26 05:00:00,Z005,2242.68,224.59,13.95,0.107
2026-08-26 06:00:00,Z005,2388.05,296.17,13.49,0.077
2026-08-26 07:00:00,Z005,2358.0,365.98,12.58,0.128
2026-08-26 08:00:00,Z005,2312.98,306.02,14.22,0.122
2026-08-26 09:00:00,Z005,2322.62,256.11,14.54,0.114
2026-08-26 10:00:00,Z005,2291.54,203.69,13.86,0.083
2026-08-26 11:00:00,Z005,2295.83,258.44,15.59,0.009
2026-08-26 12:00:00,Z005,2335.26,284.01,16.51,0.08
2026-08-26 13:00:00,Z005,2434.62,296.72,14.11,0.133
2026-08-26 14:00:00,Z005,2393.62,263.28,14.91,0.088
2026-08-26 15:00:00,Z005,2737.19,325.57,15.1,0.095
2026-08-26 16:00:00,Z005,3089.85,381.8,13.94,0.094
2026-08-26 17:00:00,Z005,3739.63,380.98,14.81,0.096
2026-08-26 18:00:00,Z005,4816.84,482.92,14.06,0.073
2026-08-26 19:00:00,Z005,5168.92,500.79,13.07,0.088
2026-08-26 20:00:00,Z005,5683.54,611.57,16.52,0.162
2026-08-26 21:00:00,Z005,6004.71,585.26,15.67,0.05
2026-08-26 22:00:00,Z005,5461.04,689.21,12.92,0.074
2026-08-26 23:00:00,Z005,4911.39,593.51,15.53,0.062
2026-08-27 00:00:00,Z005,2285.6,246.3,13.11,0.055
2026-08-27 01:00:00,Z005,2368.51,234.0,13.6,0.092
2026-08-27 02:00:00,Z005,2381.26,301.49,13.91,0.063
2026-08-27 03:00:00,Z005,2382.85,254.95,12.98,0.121
2026-08-27 04:00:00,Z005,2324.69,292.76,14.72,0.077
2026-08-27 05:00:00,Z005,2139.6,264.81,13.98,0.054
2026-08-27 06:00:00,Z005,2175.5,259.54,12.37,0.076
2026-08-27 07:00:00,Z005,2260.47,267.22,14.48,0.099
2026-08-27 08:00:00,Z005,2214.61,294.65,13.74,0.133
2026-08-27 09:00:00,Z005,2228.37,213.54,15.0,0.093
2026-08-27 10:00:00,Z005,2415.43,301.07,16.81,0.074
2026-08-27 11:00:00,Z005,2408.8,270.07,14.59,0.1
2026-08-27 12:00:00,Z005,2412.55,317.6,10.12,0.078
2026-08-27 13:00:00,Z005,2324.99,265.82,13.66,0.109
2026-08-27 14:00:00,Z005,2542.64,285.76,12.24,0.126
2026-08-27 15:00:00,Z005,2691.76,317.73,16.57,0.061
2026-08-27 16:00:00,Z005,3152.67,389.3,12.07,0.028
2026-08-27 17:00:00,Z005,3712.22,420.58,14.16,0.051
2026-08-27 18:00:00,Z005,4616.87,404.67,13.98,0.091
2026-08-27 19:00:00,Z005,5340.53,627.82,13.69,0.075
2026-08-27 20:00:00,Z005,6137.16,681.27,16.55,0.159
2026-08-27 21:00:00,Z005,5549.75,655.3,13.5,0.04
2026-08-27 22:00:00,Z005,6021.53,765.34,15.53,0.081
2026-08-27 23:00:00,Z005,5312.59,533.08,14.55,0.06
2026-08-28 00:00:00,Z005,2395.77,274.44,14.28,0.087
2026-08-28 01:00:00,Z005,2279.8,277.18,14.36,0.053
2026-08-28 02:00:00,Z005,2329.08,309.67,14.48,0.069
2026-08-28 03:00:00,Z005,2305.55,264.09,13.86,0.044
2026-08-28 04:00:00,Z005,2429.67,362.1,13.16,0.104
2026-08-28 05:00:00,Z005,2437.68,257.51,11.41,0.126
2026-08-28 06:00:00,Z005,2286.55,256.57,14.06,0.069
2026-08-28 07:00:00,Z005,2592.32,290.44,14.39,0.119
2026-08-28 08:00:00,Z005,2420.4,330.24,13.49,0.075
2026-08-28 09:00:00,Z005,2064.72,245.46,14.04,0.102
2026-08-28 10:00:00,Z005,2476.66,323.62,15.28,0.079
2026-08-28 11:00:00,Z005,2433.44,292.42,15.37,0.104
2026-08-28 12:00:00,Z005,2366.52,229.29,15.31,0.091
2026-08-28 13:00:00,Z005,2462.21,307.05,14.58,0.119
2026-08-28 14:00:00,Z005,2465.93,313.21,13.07,0.097
2026-08-28 15:00:00,Z005,2803.87,309.93,14.11,0.063
2026-08-28 16:00:00,Z005,3137.97,393.26,14.32,0.022
2026-08-28 17:00:00,Z005,3857.71,445.37,13.5,0.046
2026-08-28 18:00:00,Z005,4519.18,506.85,15.57,0.028
2026-08-28 19:00:00,Z005,5034.47,526.23,14.57,0.115
2026-08-28 20:00:00,Z005,5945.94,615.88,14.6,0.083
2026-08-28 21:00:00,Z005,6157.54,697.38,13.71,0.145
2026-08-28 22:00:00,Z005,6144.82,720.91,15.53,0.081
2026-08-28 23:00:00,Z005,4775.07,440.57,14.07,0.071
2026-08-29 00:00:00,Z005,2461.02,288.03,15.19,0.106
2026-08-29 01:00:00,Z005,2367.13,248.43,11.7,0.123
2026-08-29 02:00:00,Z005,2300.1,224.38,14.16,0.035
2026-08-29 03:00:00,Z005,2415.91,277.72,15.11,0.105
2026-08-29 04:00:00,Z005,2521.24,310.35,12.97,0.049
2026-08-29 05:00:00,Z005,2344.62,351.49,13.7,0.085
2026-08-29 06:00:00,Z005,2566.14,317.74,13.1,0.102
2026-08-29 07:00:00,Z005,2355.72,292.9,14.61,0.065
2026-08-29 08:00:00,Z005,2422.4,348.83,13.25,0.12
2026-08-29 09:00:00,Z005,2339.24,343.94,12.97,0.068
2026-08-29 10:00:00,Z005,2569.4,368.15,14.98,0.048
2026-08-29 11:00:00,Z005,2424.46,290.98,12.97,0.101
2026-08-29 12:00:00,Z005,2356.36,237.15,12.05,0.131
2026-08-29 13:00:00,Z005,2448.52,275.84,12.76,0.121
2026-08-29 14:00:00,Z005,2481.33,252.94,13.61,0.079
2026-08-29 15:00:00,Z005,2997.43,329.32,15.85,0.06
2026-08-29 16:00:00,Z005,3199.76,330.99,13.07,0.045
2026-08-29 17:00:00,Z005,4118.8,432.42,13.84,0.049
2026-08-29 18:00:00,Z005,4503.56,615.18,15.96,0.118
2026-08-29 19:00:00,Z005,5160.02,516.06,16.71,0.072
2026-08-29 20:00:00,Z005,5727.32,780.25,14.94,0.11
2026-08-29 21:00:00,Z005,5684.44,654.31,15.95,0.072
2026-08-29 22:00:00,Z005,6444.3,646.03,15.72,0.211
2026-08-29 23:00:00,Z005,5239.71,650.1,15.1,0.083
2026-08-30 00:00:00,Z005,2374.95,253.78,14.24,0.077
2026-08-30 01:00:00,Z005,2246.73,306.67,12.91,0.038
2026-08-30 02:00:00,Z005,2337.59,249.21,13.69,0.043
2026-08-30 03:00:00,Z005,2450.4,344.81,14.13,0.037
2026-08-30 04:00:00,Z005,2303.27,284.04,11.64,0.043
2026-08-30 05:00:00,Z005,2223.9,270.72,16.59,0.042
2026-08-30 06:00:00,Z005,2490.23,277.76,12.42,0.127
2026-08-30 07:00:00,Z005,2635.5,332.54,14.44,0.082
2026-08-30 08:00:00,Z005,2386.23,298.52,14.81,0.13
2026-08-30 09:00:00,Z005,2346.57,286.07,13.89,0.111
2026-08-30 10:00:00,Z005,2665.96,362.25,14.96,0.107
2026-08-30 11:00:00,Z005,2553.27,398.86,11.98,0.098
2026-08-30 12:00:00,Z005,2158.08,289.77,14.66,0.064
2026-08-30 13:00:00,Z005,2204.98,264.12,14.27,0.078
2026-08-30 14:00:00,Z005,2571.67,274.01,13.94,0.056
2026-08-30 15:00:00,Z005,3017.17,358.5,11.93,0.085
2026-08-30 16:00:00,Z005,3414.36,492.59,15.11,0.053
2026-08-30 17:00:00,Z005,4239.81,420.63,14.03,0.103
2026-08-30 18:00:00,Z005,5066.97,751.6,15.81,0.076
2026-08-30 19:00:00,Z005,5670.03,699.49,13.94,0.087
2026-08-30 20:00:00,Z005,6598.92,855.83,18.59,0.152
2026-08-30 21:00:00,Z005,6212.47,784.19,16.38,0.129
2026-08-30 22:00:00,Z005,6324.93,834.22,13.99,0.169
2026-08-30 23:00:00,Z005,5792.77,720.87,12.72,0.089
2026-08-31 00:00:00,Z005,2332.68,249.63,15.1,0.102
2026-08-31 01:00:00,Z005,2301.44,276.78,14.23,0.08
2026-08-31 02:00:00,Z005,2155.27,244.73,14.09,0.123
2026-08-31 03:00:00,Z005,2358.84,335.16,12.31,0.069
2026-08-31 04:00:00,Z005,2501.09,272.26,13.08,0.072
2026-08-31 05:00:00,Z005,2495.35,274.31,14.67,0.092
2026-08-31 06:00:00,Z005,2089.09,250.2,13.34,0.1
2026-08-31 07:00:00,Z005,2466.68,283.25,13.59,0.156
2026-08-31 08:00:00,Z005,2214.6,221.14,15.65,0.078
2026-08-31 09:00:00,Z005,2317.84,355.73,12.32,0.074
2026-08-31 10:00:00,Z005,2164.04,270.56,13.34,0.045
2026-08-31 11:00:00,Z005,2376.29,285.52,12.5,0.044
2026-08-31 12:00:00,Z005,2347.17,222.84,14.27,0.12
2026-08-31 13:00:00,Z005,2458.4,272.02,14.33,0.042
2026-08-31 14:00:00,Z005,2535.12,291.79,12.75,0.099
2026-08-31 15:00:00,Z005,2525.81,258.17,12.72,0.065
2026-08-31 16:00:00,Z005,3378.93,443.7,14.13,0.082
2026-08-31 17:00:00,Z005,3792.44,533.13,11.82,0.103
2026-08-31 18:00:00,Z005,4424.87,564.37,14.63,0.102
2026-08-31 19:00:00,Z005,5637.79,560.59,15.97,0.087
2026-08-31 20:00:00,Z005,5693.72,856.94,15.66,0.079
2026-08-31 21:00:00,Z005,6279.34,749.18,15.07,0.122
2026-08-31 22:00:00,Z005,5893.99,653.01,15.24,0.13
2026-08-31 23:00:00,Z005,5288.92,791.47,14.45,0.121
2026-08-01 00:00:00,Z006,2436.7,348.15,16.37,0.027
2026-08-01 01:00:00,Z006,2362.0,279.48,14.13,0.068
2026-08-01 02:00:00,Z006,2277.07,235.69,14.12,0.108
2026-08-01 03:00:00,Z006,2282.29,262.63,13.16,0.05
2026-08-01 04:00:00,Z006,2309.35,289.01,15.51,0.044
2026-08-01 05:00:00,Z006,2330.96,320.91,12.59,0.118
2026-08-01 06:00:00,Z006,2288.05,298.98,13.74,0.094
2026-08-01 07:00:00,Z006,2503.22,295.83,15.2,0.088
2026-08-01 08:00:00,Z006,2251.84,265.3,13.75,0.038
2026-08-01 09:00:00,Z006,2383.47,309.54,14.97,0.123
2026-08-01 10:00:00,Z006,2438.52,270.56,13.53,0.105
2026-08-01 11:00:00,Z006,2388.46,285.98,12.95,0.064
2026-08-01 12:00:00,Z006,2434.97,220.94,11.19,0.101
2026-08-01 13:00:00,Z006,2376.86,301.93,15.89,0.05
2026-08-01 14:00:00,Z006,2377.78,275.48,13.18,0.079
2026-08-01 15:00:00,Z006,2897.43,361.89,14.06,0.112
2026-08-01 16:00:00,Z006,3355.54,393.53,14.76,0.034
2026-08-01 17:00:00,Z006,4057.0,488.19,12.56,0.068
2026-08-01 18:00:00,Z006,4836.31,524.67,14.49,0.106
2026-08-01 19:00:00,Z006,5375.75,575.37,13.92,0.038
2026-08-01 20:00:00,Z006,5802.16,599.89,13.98,0.042
2026-08-01 21:00:00,Z006,6165.56,844.64,15.57,0.043
2026-08-01 22:00:00,Z006,5754.79,764.19,14.87,0.062
2026-08-01 23:00:00,Z006,5252.29,636.76,11.8,0.096
2026-08-02 00:00:00,Z006,2447.91,279.46,12.3,0.122
2026-08-02 01:00:00,Z006,2357.2,307.93,12.41,0.04
2026-08-02 02:00:00,Z006,2377.65,321.97,12.64,0.077
2026-08-02 03:00:00,Z006,2167.43,237.28,13.69,0.095
2026-08-02 04:00:00,Z006,2112.97,295.41,13.8,0.119
2026-08-02 05:00:00,Z006,2407.54,319.68,16.42,0.057
2026-08-02 06:00:00,Z006,2348.39,246.91,13.88,0.102
2026-08-02 07:00:00,Z006,2452.62,280.25,12.55,0.082
2026-08-02 08:00:00,Z006,2244.89,249.93,14.81,0.095
2026-08-02 09:00:00,Z006,2422.9,278.49,15.21,0.08
2026-08-02 10:00:00,Z006,2308.25,238.95,11.49,0.033
2026-08-02 11:00:00,Z006,2370.05,252.14,12.03,0.067
2026-08-02 12:00:00,Z006,2402.62,303.27,13.97,0.078
2026-08-02 13:00:00,Z006,2376.32,307.75,13.79,0.078
2026-08-02 14:00:00,Z006,2691.01,354.89,13.78,0.07
2026-08-02 15:00:00,Z006,2786.32,249.88,15.32,0.059
2026-08-02 16:00:00,Z006,3382.5,408.01,15.67,0.096
2026-08-02 17:00:00,Z006,4030.58,447.87,12.46,0.084
2026-08-02 18:00:00,Z006,4221.95,477.0,12.57,0.055
2026-08-02 19:00:00,Z006,5513.78,705.49,13.81,0.09
2026-08-02 20:00:00,Z006,5788.27,905.28,14.39,0.062
2026-08-02 21:00:00,Z006,6384.46,884.9,13.29,0.037
2026-08-02 22:00:00,Z006,5606.79,616.47,13.94,0.031
2026-08-02 23:00:00,Z006,5268.77,615.82,14.39,0.098
2026-08-03 00:00:00,Z006,2263.17,332.42,15.31,0.087
2026-08-03 01:00:00,Z006,2125.92,233.57,12.29,0.085
2026-08-03 02:00:00,Z006,2256.15,300.96,14.32,0.112
2026-08-03 03:00:00,Z006,2330.49,243.72,13.38,0.08
2026-08-03 04:00:00,Z006,2152.37,250.43,14.36,0.076
2026-08-03 05:00:00,Z006,2223.03,235.33,14.61,0.093
2026-08-03 06:00:00,Z006,2146.73,215.96,15.48,0.132
2026-08-03 07:00:00,Z006,2246.53,257.4,15.26,0.094
2026-08-03 08:00:00,Z006,2202.17,296.24,13.03,0.059
2026-08-03 09:00:00,Z006,2260.43,275.12,14.76,0.116
2026-08-03 10:00:00,Z006,2071.24,249.76,16.28,0.062
2026-08-03 11:00:00,Z006,2163.62,186.9,14.12,0.097
2026-08-03 12:00:00,Z006,2318.59,242.16,13.99,0.087
2026-08-03 13:00:00,Z006,2324.79,240.8,14.09,0.056
2026-08-03 14:00:00,Z006,2242.26,291.99,14.17,0.098
2026-08-03 15:00:00,Z006,2629.43,340.24,15.23,0.133
2026-08-03 16:00:00,Z006,3215.74,404.45,12.34,0.077
2026-08-03 17:00:00,Z006,3451.24,371.76,16.35,0.049
2026-08-03 18:00:00,Z006,3936.66,520.42,13.19,0.103
2026-08-03 19:00:00,Z006,4844.84,550.43,15.44,0.04
2026-08-03 20:00:00,Z006,5607.07,697.35,13.15,0.087
2026-08-03 21:00:00,Z006,5854.12,749.43,16.26,0.16
2026-08-03 22:00:00,Z006,5767.91,682.6,14.56,0.073
2026-08-03 23:00:00,Z006,4748.82,566.54,15.3,0.036
2026-08-04 00:00:00,Z006,2124.51,236.4,14.45,0.151
2026-08-04 01:00:00,Z006,2142.04,259.98,14.01,0.071
2026-08-04 02:00:00,Z006,2218.23,250.72,17.29,0.102
2026-08-04 03:00:00,Z006,2177.37,299.94,14.31,0.082
2026-08-04 04:00:00,Z006,2204.79,256.31,12.54,0.03
2026-08-04 05:00:00,Z006,2260.09,264.7,15.05,0.053
2026-08-04 06:00:00,Z006,2113.18,278.18,13.65,0.106
2026-08-04 07:00:00,Z006,2226.4,329.87,14.91,0.092
2026-08-04 08:00:00,Z006,2303.28,266.97,12.03,0.091
2026-08-04 09:00:00,Z006,2418.35,207.12,14.56,0.034
2026-08-04 10:00:00,Z006,2224.47,269.59,14.9,0.086
2026-08-04 11:00:00,Z006,2373.69,326.37,13.76,0.113
2026-08-04 12:00:00,Z006,2227.95,251.15,12.55,0.119
2026-08-04 13:00:00,Z006,2288.04,191.46,14.65,0.067
2026-08-04 14:00:00,Z006,2415.61,281.39,13.6,0.162
2026-08-04 15:00:00,Z006,2895.82,377.87,14.29,0.114
2026-08-04 16:00:00,Z006,3136.14,414.72,14.67,0.084
2026-08-04 17:00:00,Z006,3843.32,436.98,14.07,0.051
2026-08-04 18:00:00,Z006,4229.47,347.08,14.55,0.102
2026-08-04 19:00:00,Z006,5363.93,554.97,14.53,0.08
2026-08-04 20:00:00,Z006,5837.64,643.48,13.64,0.033
2026-08-04 21:00:00,Z006,5661.27,679.62,14.22,0.029
2026-08-04 22:00:00,Z006,5520.07,675.68,15.69,0.055
2026-08-04 23:00:00,Z006,5226.91,583.2,13.47,0.054
2026-08-05 00:00:00,Z006,2118.53,239.14,15.26,0.057
2026-08-05 01:00:00,Z006,2131.89,262.51,14.01,0.078
2026-08-05 02:00:00,Z006,2248.41,235.76,12.92,0.11
2026-08-05 03:00:00,Z006,2208.4,284.77,15.47,0.105
2026-08-05 04:00:00,Z006,2085.97,246.67,15.25,0.096
2026-08-05 05:00:00,Z006,2241.4,213.84,13.26,0.082
2026-08-05 06:00:00,Z006,2080.37,274.41,13.86,0.021
2026-08-05 07:00:00,Z006,2166.37,250.66,13.84,0.123
2026-08-05 08:00:00,Z006,2281.12,227.01,12.21,0.072
2026-08-05 09:00:00,Z006,2236.66,301.69,16.08,0.134
2026-08-05 10:00:00,Z006,2182.48,292.49,14.51,0.047
2026-08-05 11:00:00,Z006,2045.6,249.89,12.21,0.054
2026-08-05 12:00:00,Z006,2190.12,270.0,15.54,0.08
2026-08-05 13:00:00,Z006,2263.11,201.36,14.55,0.081
2026-08-05 14:00:00,Z006,2387.95,328.32,12.57,0.059
2026-08-05 15:00:00,Z006,2664.52,297.27,14.66,0.094
2026-08-05 16:00:00,Z006,3248.84,414.34,13.86,0.07
2026-08-05 17:00:00,Z006,3762.84,440.8,14.06,0.095
2026-08-05 18:00:00,Z006,4427.99,551.86,13.05,0.12
2026-08-05 19:00:00,Z006,4859.45,615.15,13.42,0.112
2026-08-05 20:00:00,Z006,5874.8,704.8,15.92,0.074
2026-08-05 21:00:00,Z006,6082.11,663.6,14.59,0.052
2026-08-05 22:00:00,Z006,5655.06,674.25,15.07,0.06
2026-08-05 23:00:00,Z006,5821.42,577.88,14.32,0.089
2026-08-06 00:00:00,Z006,2276.83,255.62,14.29,0.063
2026-08-06 01:00:00,Z006,2410.38,266.28,13.82,0.06
2026-08-06 02:00:00,Z006,2142.95,212.12,14.81,0.06
2026-08-06 03:00:00,Z006,2143.26,226.23,14.37,0.081
2026-08-06 04:00:00,Z006,2225.63,241.66,14.52,0.06
2026-08-06 05:00:00,Z006,2230.02,262.93,11.97,0.141
2026-08-06 06:00:00,Z006,2280.51,279.83,14.41,0.142
2026-08-06 07:00:00,Z006,2336.78,292.64,13.15,0.063
2026-08-06 08:00:00,Z006,2042.84,233.86,14.79,0.099
2026-08-06 09:00:00,Z006,2285.7,256.61,14.66,0.105
2026-08-06 10:00:00,Z006,2003.65,249.59,16.5,0.071
2026-08-06 11:00:00,Z006,1981.83,213.66,11.82,0.061
2026-08-06 12:00:00,Z006,2135.28,286.05,14.93,0.09
2026-08-06 13:00:00,Z006,2447.34,272.93,14.09,0.146
2026-08-06 14:00:00,Z006,2513.0,323.53,13.08,0.068
2026-08-06 15:00:00,Z006,2572.63,373.58,12.13,0.107
2026-08-06 16:00:00,Z006,3183.25,305.43,15.37,0.072
2026-08-06 17:00:00,Z006,3468.13,435.14,13.01,0.074
2026-08-06 18:00:00,Z006,4300.4,459.34,12.57,0.104
2026-08-06 19:00:00,Z006,5188.9,642.96,13.56,0.082
2026-08-06 20:00:00,Z006,5462.96,593.83,16.05,0.107
2026-08-06 21:00:00,Z006,5702.2,556.29,11.98,0.061
2026-08-06 22:00:00,Z006,5677.49,691.38,14.2,0.09
2026-08-06 23:00:00,Z006,4875.17,695.28,13.76,0.089
2026-08-07 00:00:00,Z006,2157.36,268.96,16.49,0.05
2026-08-07 01:00:00,Z006,2111.4,225.99,13.6,0.064
2026-08-07 02:00:00,Z006,2118.9,252.69,15.87,0.076
2026-08-07 03:00:00,Z006,2213.35,276.99,14.78,0.121
2026-08-07 04:00:00,Z006,2247.01,269.55,12.81,0.102
2026-08-07 05:00:00,Z006,2138.52,228.54,14.23,0.126
2026-08-07 06:00:00,Z006,2295.68,274.19,12.82,0.126
2026-08-07 07:00:00,Z006,2217.39,256.43,14.67,0.067
2026-08-07 08:00:00,Z006,2147.92,236.58,13.21,0.046
2026-08-07 09:00:00,Z006,2100.04,282.62,14.8,0.055
2026-08-07 10:00:00,Z006,2315.83,288.64,13.61,0.043
2026-08-07 11:00:00,Z006,2269.87,335.9,14.02,0.11
2026-08-07 12:00:00,Z006,2238.23,299.54,13.82,0.008
2026-08-07 13:00:00,Z006,2244.03,273.74,15.3,0.075
2026-08-07 14:00:00,Z006,2451.8,272.62,15.87,0.125
2026-08-07 15:00:00,Z006,2612.24,254.05,11.83,0.098
2026-08-07 16:00:00,Z006,3121.0,337.92,14.33,0.043
2026-08-07 17:00:00,Z006,3819.2,436.4,12.7,0.069
2026-08-07 18:00:00,Z006,4321.05,542.19,15.4,0.113
2026-08-07 19:00:00,Z006,5150.87,603.64,13.32,0.027
2026-08-07 20:00:00,Z006,5645.22,605.36,15.48,0.074
2026-08-07 21:00:00,Z006,6046.67,681.84,13.28,0.098
2026-08-07 22:00:00,Z006,5720.7,714.13,13.91,0.104
2026-08-07 23:00:00,Z006,5262.52,459.67,13.69,0.11
2026-08-08 00:00:00,Z006,2227.06,210.71,13.83,0.096
2026-08-08 01:00:00,Z006,2285.78,318.62,16.21,0.022
2026-08-08 02:00:00,Z006,2293.82,196.75,14.79,0.06
2026-08-08 03:00:00,Z006,2284.17,313.44,12.41,0.033
2026-08-08 04:00:00,Z006,2094.93,291.32,15.25,0.071
2026-08-08 05:00:00,Z006,2200.2,291.55,17.31,0.073
2026-08-08 06:00:00,Z006,2207.81,306.06,12.64,0.069
2026-08-08 07:00:00,Z006,2057.04,237.49,12.47,0.118
2026-08-08 08:00:00,Z006,2231.87,293.93,13.87,0.084
2026-08-08 09:00:00,Z006,2390.11,284.9,13.22,0.056
2026-08-08 10:00:00,Z006,2391.7,218.78,16.01,0.084
2026-08-08 11:00:00,Z006,2311.66,286.63,13.29,0.075
2026-08-08 12:00:00,Z006,2251.91,282.9,13.91,0.086
2026-08-08 13:00:00,Z006,2597.86,280.4,13.85,0.03
2026-08-08 14:00:00,Z006,2634.57,315.46,14.02,0.075
2026-08-08 15:00:00,Z006,2755.34,433.8,14.05,0.089
2026-08-08 16:00:00,Z006,3090.22,411.85,13.85,0.093
2026-08-08 17:00:00,Z006,4028.87,477.19,13.19,0.01
2026-08-08 18:00:00,Z006,4540.08,498.34,12.63,0.124
2026-08-08 19:00:00,Z006,5607.32,518.97,14.19,0.055
2026-08-08 20:00:00,Z006,6030.53,651.33,13.44,0.109
2026-08-08 21:00:00,Z006,6368.98,908.48,13.95,0.036
2026-08-08 22:00:00,Z006,6178.57,827.35,14.89,0.058
2026-08-08 23:00:00,Z006,5111.09,654.42,12.94,0.071
2026-08-09 00:00:00,Z006,2639.44,401.02,14.95,0.06
2026-08-09 01:00:00,Z006,2258.28,295.24,15.8,0.065
2026-08-09 02:00:00,Z006,2286.17,277.35,12.33,0.039
2026-08-09 03:00:00,Z006,2210.63,283.38,14.33,0.114
2026-08-09 04:00:00,Z006,2151.68,209.24,14.55,0.054
2026-08-09 05:00:00,Z006,2250.18,304.2,13.34,0.067
2026-08-09 06:00:00,Z006,2307.89,270.39,14.82,0.044
2026-08-09 07:00:00,Z006,2314.45,318.09,16.56,0.039
2026-08-09 08:00:00,Z006,2369.18,277.55,13.88,0.056
2026-08-09 09:00:00,Z006,2414.66,315.28,17.03,0.04
2026-08-09 10:00:00,Z006,2154.24,324.9,13.94,0.066
2026-08-09 11:00:00,Z006,2367.18,234.53,14.45,0.078
2026-08-09 12:00:00,Z006,2487.4,330.46,15.13,0.086
2026-08-09 13:00:00,Z006,2611.14,335.91,13.36,0.056
2026-08-09 14:00:00,Z006,2490.36,320.84,12.4,0.085
2026-08-09 15:00:00,Z006,2722.91,275.57,12.69,0.079
2026-08-09 16:00:00,Z006,3369.18,370.14,11.51,0.175
2026-08-09 17:00:00,Z006,4066.41,544.83,15.95,0.083
2026-08-09 18:00:00,Z006,4592.51,644.5,15.62,0.098
2026-08-09 19:00:00,Z006,5583.09,566.23,13.7,0.131
2026-08-09 20:00:00,Z006,6147.35,602.87,13.49,0.126
2026-08-09 21:00:00,Z006,6268.33,769.3,14.42,0.077
2026-08-09 22:00:00,Z006,5792.66,622.69,15.25,0.087
2026-08-09 23:00:00,Z006,5540.69,710.32,15.69,0.094
2026-08-10 00:00:00,Z006,2305.39,282.43,12.86,0.073
2026-08-10 01:00:00,Z006,2282.01,297.04,15.74,0.066
2026-08-10 02:00:00,Z006,2245.61,265.12,15.95,0.091
2026-08-10 03:00:00,Z006,2262.57,270.3,13.73,0.037
2026-08-10 04:00:00,Z006,2096.84,257.25,14.06,0.086
2026-08-10 05:00:00,Z006,2317.17,281.29,13.58,0.074
2026-08-10 06:00:00,Z006,2247.41,256.88,15.28,0.08
2026-08-10 07:00:00,Z006,2248.23,242.25,15.28,0.123
2026-08-10 08:00:00,Z006,2086.87,262.97,13.87,0.089
2026-08-10 09:00:00,Z006,2269.28,196.24,14.91,0.113
2026-08-10 10:00:00,Z006,2349.54,248.65,13.96,0.064
2026-08-10 11:00:00,Z006,2042.85,226.13,12.7,0.09
2026-08-10 12:00:00,Z006,2093.86,220.5,13.38,0.103
2026-08-10 13:00:00,Z006,2609.27,324.98,12.76,0.06
2026-08-10 14:00:00,Z006,2521.02,251.62,15.32,0.088
2026-08-10 15:00:00,Z006,2679.07,253.78,15.1,0.057
2026-08-10 16:00:00,Z006,3123.58,367.47,12.1,0.073
2026-08-10 17:00:00,Z006,3486.48,384.28,14.52,0.101
2026-08-10 18:00:00,Z006,4396.94,469.33,13.22,0.06
2026-08-10 19:00:00,Z006,4622.32,559.76,12.0,0.082
2026-08-10 20:00:00,Z006,5279.04,537.97,14.8,0.081
2026-08-10 21:00:00,Z006,5353.82,597.58,14.31,0.061
2026-08-10 22:00:00,Z006,5562.86,687.91,14.06,0.05
2026-08-10 23:00:00,Z006,5119.27,592.25,16.07,0.077
2026-08-11 00:00:00,Z006,2236.5,277.1,13.61,0.058
2026-08-11 01:00:00,Z006,2268.99,288.21,16.5,0.102
2026-08-11 02:00:00,Z006,2298.95,300.63,13.17,0.042
2026-08-11 03:00:00,Z006,2122.61,276.62,15.71,0.102
2026-08-11 04:00:00,Z006,2206.3,320.24,13.47,0.046
2026-08-11 05:00:00,Z006,2248.31,313.36,12.99,0.029
2026-08-11 06:00:00,Z006,2226.78,292.98,10.44,0.109
2026-08-11 07:00:00,Z006,2086.32,273.04,11.6,0.036
2026-08-11 08:00:00,Z006,2285.15,315.89,13.99,0.152
2026-08-11 09:00:00,Z006,2121.69,221.65,13.64,0.07
2026-08-11 10:00:00,Z006,2255.21,245.5,14.68,0.096
2026-08-11 11:00:00,Z006,2397.82,270.1,14.4,0.098
2026-08-11 12:00:00,Z006,2259.02,263.91,11.52,0.083
2026-08-11 13:00:00,Z006,2381.51,283.72,13.06,0.03
2026-08-11 14:00:00,Z006,2498.43,301.05,15.67,0.037
2026-08-11 15:00:00,Z006,2637.21,264.2,15.23,0.117
2026-08-11 16:00:00,Z006,3370.51,430.82,14.95,0.093
2026-08-11 17:00:00,Z006,3782.39,456.67,14.74,0.144
2026-08-11 18:00:00,Z006,4443.86,534.86,14.24,0.076
2026-08-11 19:00:00,Z006,5170.84,606.31,15.37,0.111
2026-08-11 20:00:00,Z006,6200.81,741.91,14.49,0.087
2026-08-11 21:00:00,Z006,5902.54,808.35,12.11,0.094
2026-08-11 22:00:00,Z006,6157.54,864.79,15.63,0.105
2026-08-11 23:00:00,Z006,4977.02,541.26,13.11,0.046
2026-08-12 00:00:00,Z006,2317.69,329.17,14.52,0.104
2026-08-12 01:00:00,Z006,2252.36,289.5,11.46,0.089
2026-08-12 02:00:00,Z006,2180.43,260.34,14.27,0.059
2026-08-12 03:00:00,Z006,2115.4,230.18,12.26,0.045
2026-08-12 04:00:00,Z006,2121.18,208.88,14.63,0.053
2026-08-12 05:00:00,Z006,2036.62,232.14,12.66,0.124
2026-08-12 06:00:00,Z006,2236.31,219.03,14.68,0.083
2026-08-12 07:00:00,Z006,2199.18,315.85,12.83,0.111
2026-08-12 08:00:00,Z006,2182.28,261.27,13.1,0.059
2026-08-12 09:00:00,Z006,2180.39,199.48,14.42,0.083
2026-08-12 10:00:00,Z006,2076.73,269.77,15.75,0.06
2026-08-12 11:00:00,Z006,2156.57,294.81,14.48,0.076
2026-08-12 12:00:00,Z006,2342.59,290.74,15.71,0.079
2026-08-12 13:00:00,Z006,2363.87,322.6,11.06,0.114
2026-08-12 14:00:00,Z006,2392.86,305.09,16.0,0.071
2026-08-12 15:00:00,Z006,2639.0,314.51,12.26,0.146
2026-08-12 16:00:00,Z006,3096.19,447.97,13.6,0.081
2026-08-12 17:00:00,Z006,3843.98,397.72,13.88,0.107
2026-08-12 18:00:00,Z006,4358.37,491.42,15.34,0.122
2026-08-12 19:00:00,Z006,5473.18,601.37,13.31,0.066
2026-08-12 20:00:00,Z006,5832.79,595.23,12.67,0.059
2026-08-12 21:00:00,Z006,5603.01,746.69,14.99,0.066
2026-08-12 22:00:00,Z006,5600.82,458.73,13.46,0.117
2026-08-12 23:00:00,Z006,4996.34,517.68,15.65,0.047
2026-08-13 00:00:00,Z006,2377.66,388.32,13.87,0.117
2026-08-13 01:00:00,Z006,2056.05,193.9,13.04,0.105
2026-08-13 02:00:00,Z006,2223.17,260.56,12.45,0.076
2026-08-13 03:00:00,Z006,2158.62,229.16,12.79,0.086
2026-08-13 04:00:00,Z006,2150.94,257.9,11.88,0.095
2026-08-13 05:00:00,Z006,2247.08,261.85,14.19,0.108
2026-08-13 06:00:00,Z006,2078.08,251.45,12.43,0.083
2026-08-13 07:00:00,Z006,2197.16,262.84,15.02,0.105
2026-08-13 08:00:00,Z006,2331.97,265.97,14.84,0.095
2026-08-13 09:00:00,Z006,2186.88,266.27,13.84,0.122
2026-08-13 10:00:00,Z006,2308.0,265.33,13.51,0.109
2026-08-13 11:00:00,Z006,2370.32,295.66,14.79,0.119
2026-08-13 12:00:00,Z006,2241.98,271.85,14.58,0.067
2026-08-13 13:00:00,Z006,2496.69,283.2,14.07,0.137
2026-08-13 14:00:00,Z006,2243.38,276.47,13.21,0.08
2026-08-13 15:00:00,Z006,2548.03,291.59,14.03,0.087
2026-08-13 16:00:00,Z006,3227.15,274.77,13.85,0.075
2026-08-13 17:00:00,Z006,3676.63,442.98,13.0,0.034
2026-08-13 18:00:00,Z006,4443.55,466.96,14.48,0.052
2026-08-13 19:00:00,Z006,5273.55,628.52,14.02,0.073
2026-08-13 20:00:00,Z006,5546.7,646.22,15.42,0.034
2026-08-13 21:00:00,Z006,5679.38,771.54,15.0,0.12
2026-08-13 22:00:00,Z006,5635.04,564.78,12.68,0.071
2026-08-13 23:00:00,Z006,5289.2,614.5,13.6,0.092
2026-08-14 00:00:00,Z006,2225.77,252.38,12.8,0.108
2026-08-14 01:00:00,Z006,2327.82,242.41,13.52,0.1
2026-08-14 02:00:00,Z006,2109.19,264.66,13.61,0.043
2026-08-14 03:00:00,Z006,2400.8,275.8,14.63,0.046
2026-08-14 04:00:00,Z006,2378.29,354.87,12.2,0.075
2026-08-14 05:00:00,Z006,2355.84,266.15,14.49,0.03
2026-08-14 06:00:00,Z006,2144.15,267.11,13.29,0.069
2026-08-14 07:00:00,Z006,2071.44,268.9,12.39,0.126
2026-08-14 08:00:00,Z006,2154.95,284.48,14.84,0.05
2026-08-14 09:00:00,Z006,2166.41,245.1,13.53,0.041
2026-08-14 10:00:00,Z006,2280.3,250.08,13.86,0.11
2026-08-14 11:00:00,Z006,2293.04,253.79,15.25,0.1
2026-08-14 12:00:00,Z006,2187.98,245.69,15.2,0.103
2026-08-14 13:00:00,Z006,2162.53,226.88,14.83,0.045
2026-08-14 14:00:00,Z006,2537.2,378.14,14.45,0.052
2026-08-14 15:00:00,Z006,2715.63,368.02,14.12,0.095
2026-08-14 16:00:00,Z006,2990.53,326.4,15.09,0.059
2026-08-14 17:00:00,Z006,3258.17,376.01,14.38,0.112
2026-08-14 18:00:00,Z006,4726.46,573.18,14.79,0.084
2026-08-14 19:00:00,Z006,5195.62,608.91,14.46,0.058
2026-08-14 20:00:00,Z006,6153.55,517.71,14.81,0.09
2026-08-14 21:00:00,Z006,5947.74,608.2,12.05,0.098
2026-08-14 22:00:00,Z006,5991.06,738.72,15.04,0.066
2026-08-14 23:00:00,Z006,5190.44,718.28,13.62,0.116
2026-08-15 00:00:00,Z006,2162.46,239.61,14.66,0.137
2026-08-15 01:00:00,Z006,2335.65,244.05,16.26,0.076
2026-08-15 02:00:00,Z006,2403.98,276.42,14.17,0.063
2026-08-15 03:00:00,Z006,2571.29,354.5,16.12,0.056
2026-08-15 04:00:00,Z006,2142.46,247.68,17.02,0.07
2026-08-15 05:00:00,Z006,2444.63,255.77,13.01,0.078
2026-08-15 06:00:00,Z006,2555.76,348.87,11.54,0.1
2026-08-15 07:00:00,Z006,2213.54,243.0,14.61,0.122
2026-08-15 08:00:00,Z006,2476.15,309.45,14.41,0.12
2026-08-15 09:00:00,Z006,2169.67,319.83,13.12,0.088
2026-08-15 10:00:00,Z006,2285.93,234.67,14.55,0.087
2026-08-15 11:00:00,Z006,2336.16,274.99,15.83,0.146
2026-08-15 12:00:00,Z006,2506.52,311.21,12.04,0.099
2026-08-15 13:00:00,Z006,2508.9,330.1,12.63,0.106
2026-08-15 14:00:00,Z006,2751.6,289.64,14.82,0.056
2026-08-15 15:00:00,Z006,2815.67,297.81,13.58,0.07
2026-08-15 16:00:00,Z006,3317.66,442.43,15.46,0.06
2026-08-15 17:00:00,Z006,3934.36,407.31,13.87,0.081
2026-08-15 18:00:00,Z006,4428.76,568.59,13.81,0.085
2026-08-15 19:00:00,Z006,5665.73,643.54,15.04,0.123
2026-08-15 20:00:00,Z006,6301.46,738.39,13.01,0.059
2026-08-15 21:00:00,Z006,5703.92,743.17,14.92,0.084
2026-08-15 22:00:00,Z006,5565.23,637.33,15.66,0.098
2026-08-15 23:00:00,Z006,5559.06,942.93,14.4,0.015
2026-08-16 00:00:00,Z006,2218.49,276.39,14.02,0.075
2026-08-16 01:00:00,Z006,2317.93,250.88,14.45,0.122
2026-08-16 02:00:00,Z006,2516.11,366.24,12.85,0.079
2026-08-16 03:00:00,Z006,2301.19,296.58,13.9,0.073
2026-08-16 04:00:00,Z006,2486.93,302.1,14.15,0.092
2026-08-16 05:00:00,Z006,2405.18,313.22,15.86,0.041
2026-08-16 06:00:00,Z006,2368.24,280.55,13.64,0.103
2026-08-16 07:00:00,Z006,2470.39,274.52,16.02,0.037
2026-08-16 08:00:00,Z006,2396.42,255.55,13.23,0.082
2026-08-16 09:00:00,Z006,2293.32,176.7,14.73,0.103
2026-08-16 10:00:00,Z006,2321.2,270.2,13.55,0.029
2026-08-16 11:00:00,Z006,2155.34,284.62,15.28,0.098
2026-08-16 12:00:00,Z006,2413.24,317.92,14.86,0.056
2026-08-16 13:00:00,Z006,2459.7,284.24,13.66,0.114
2026-08-16 14:00:00,Z006,2753.12,233.48,13.69,0.071
2026-08-16 15:00:00,Z006,2976.8,292.45,10.41,0.105
2026-08-16 16:00:00,Z006,3398.37,316.86,13.85,0.126
2026-08-16 17:00:00,Z006,3683.84,447.64,14.61,0.037
2026-08-16 18:00:00,Z006,4503.34,426.18,13.8,0.056
2026-08-16 19:00:00,Z006,5420.03,702.01,15.67,0.15
2026-08-16 20:00:00,Z006,5988.06,690.13,13.63,0.051
2026-08-16 21:00:00,Z006,6266.38,705.45,14.79,0.052
2026-08-16 22:00:00,Z006,5808.19,734.65,13.89,0.022
2026-08-16 23:00:00,Z006,5366.17,579.4,15.42,0.109
2026-08-17 00:00:00,Z006,1994.63,263.34,14.47,0.035
2026-08-17 01:00:00,Z006,2310.86,232.94,15.37,0.061
2026-08-17 02:00:00,Z006,2071.14,314.42,12.14,0.056
2026-08-17 03:00:00,Z006,2161.99,244.66,14.84,0.082
2026-08-17 04:00:00,Z006,2323.47,291.78,11.99,0.096
2026-08-17 05:00:00,Z006,2246.39,248.52,16.49,0.098
2026-08-17 06:00:00,Z006,2317.22,312.01,13.5,0.099
2026-08-17 07:00:00,Z006,2254.67,251.72,12.53,0.081
2026-08-17 08:00:00,Z006,2281.97,274.39,13.78,0.081
2026-08-17 09:00:00,Z006,2195.31,314.46,14.32,0.065
2026-08-17 10:00:00,Z006,2045.63,239.42,13.31,0.062
2026-08-17 11:00:00,Z006,2330.34,282.43,11.98,0.099
2026-08-17 12:00:00,Z006,,273.69,13.43,0.083
2026-08-17 13:00:00,Z006,2316.76,272.86,14.25,0.082
2026-08-17 14:00:00,Z006,2654.53,327.46,14.3,0.059
2026-08-17 15:00:00,Z006,2740.41,286.77,15.38,0.035
2026-08-17 16:00:00,Z006,2984.35,285.19,14.5,0.067
2026-08-17 17:00:00,Z006,3801.11,400.51,14.64,0.097
2026-08-17 18:00:00,Z006,4442.49,535.16,14.16,0.053
2026-08-17 19:00:00,Z006,4866.67,623.7,13.56,0.094
2026-08-17 20:00:00,Z006,6044.45,683.89,13.37,0.07
2026-08-17 21:00:00,Z006,5860.26,757.22,14.01,0.142
2026-08-17 22:00:00,Z006,5757.11,758.28,13.98,0.11
2026-08-17 23:00:00,Z006,5066.89,559.06,15.09,0.078
2026-08-18 00:00:00,Z006,2247.54,302.81,14.17,0.076
2026-08-18 01:00:00,Z006,2169.44,294.88,13.59,0.078
2026-08-18 02:00:00,Z006,2251.7,279.76,15.22,0.078
2026-08-18 03:00:00,Z006,2360.69,274.47,14.44,0.074
2026-08-18 04:00:00,Z006,2432.39,279.09,13.69,0.083
2026-08-18 05:00:00,Z006,2196.32,273.92,15.47,0.084
2026-08-18 06:00:00,Z006,2241.44,261.27,13.39,0.083
2026-08-18 07:00:00,Z006,2223.81,305.99,12.85,0.124
2026-08-18 08:00:00,Z006,2208.56,269.95,12.72,0.097
2026-08-18 09:00:00,Z006,2127.91,267.27,14.33,0.07
2026-08-18 10:00:00,Z006,2019.85,307.84,12.73,0.088
2026-08-18 11:00:00,Z006,2162.1,293.44,13.54,0.057
2026-08-18 12:00:00,Z006,2320.28,234.16,13.5,0.101
2026-08-18 13:00:00,Z006,2476.63,261.44,13.27,0.091
2026-08-18 14:00:00,Z006,2228.43,312.79,12.8,0.067
2026-08-18 15:00:00,Z006,2725.85,329.2,12.84,0.132
2026-08-18 16:00:00,Z006,2742.65,282.96,13.24,0.052
2026-08-18 17:00:00,Z006,3889.66,370.0,15.87,0.072
2026-08-18 18:00:00,Z006,4131.05,365.54,13.74,0.059
2026-08-18 19:00:00,Z006,5168.56,585.29,15.15,0.076
2026-08-18 20:00:00,Z006,5542.33,745.99,14.28,0.103
2026-08-18 21:00:00,Z006,6152.38,711.17,14.17,0.105
2026-08-18 22:00:00,Z006,5027.02,595.57,13.73,0.091
2026-08-18 23:00:00,Z006,4929.77,672.58,13.11,0.066
2026-08-19 00:00:00,Z006,2156.54,298.57,11.5,0.134
2026-08-19 01:00:00,Z006,2370.39,264.36,15.23,0.084
2026-08-19 02:00:00,Z006,2388.35,320.66,16.63,0.033
2026-08-19 03:00:00,Z006,2242.14,211.07,13.38,0.147
2026-08-19 04:00:00,Z006,2269.84,305.9,14.62,0.094
2026-08-19 05:00:00,Z006,2170.75,237.42,13.34,0.0
2026-08-19 06:00:00,Z006,2214.8,273.74,13.26,0.076
2026-08-19 07:00:00,Z006,2275.58,303.27,12.56,0.056
2026-08-19 08:00:00,Z006,2298.58,296.14,15.61,0.119
2026-08-19 09:00:00,Z006,2465.72,285.06,15.89,0.052
2026-08-19 10:00:00,Z006,2466.71,312.83,14.65,0.11
2026-08-19 11:00:00,Z006,2099.17,218.06,14.14,0.09
2026-08-19 12:00:00,Z006,2471.53,261.39,15.85,0.072
2026-08-19 13:00:00,Z006,2290.18,269.19,13.63,0.095
2026-08-19 14:00:00,Z006,2405.0,237.72,13.68,0.094
2026-08-19 15:00:00,Z006,2524.21,324.94,15.42,0.124
2026-08-19 16:00:00,Z006,3149.26,292.66,14.78,0.109
2026-08-19 17:00:00,Z006,3571.72,424.71,14.58,0.134
2026-08-19 18:00:00,Z006,4349.89,580.14,14.38,0.086
2026-08-19 19:00:00,Z006,5420.32,582.84,14.28,0.081
2026-08-19 20:00:00,Z006,5266.97,729.42,14.99,0.081
2026-08-19 21:00:00,Z006,5781.19,693.76,14.88,0.082
2026-08-19 22:00:00,Z006,5480.39,615.14,13.99,0.052
2026-08-19 23:00:00,Z006,5190.84,561.15,12.85,0.176
2026-08-20 00:00:00,Z006,2417.05,295.27,15.02,0.111
2026-08-20 01:00:00,Z006,2215.45,275.25,13.69,0.118
2026-08-20 02:00:00,Z006,2349.99,337.06,14.32,0.145
2026-08-20 03:00:00,Z006,2215.36,333.86,13.44,0.041
2026-08-20 04:00:00,Z006,2425.85,315.13,14.62,0.069
2026-08-20 05:00:00,Z006,2138.46,232.55,14.17,0.075
2026-08-20 06:00:00,Z006,2028.88,295.01,13.5,0.117
2026-08-20 07:00:00,Z006,2152.46,263.29,15.17,0.105
2026-08-20 08:00:00,Z006,2196.44,280.35,14.81,0.076
2026-08-20 09:00:00,Z006,2112.57,233.72,13.54,0.081
2026-08-20 10:00:00,Z006,2386.37,318.85,13.02,0.135
2026-08-20 11:00:00,Z006,2227.59,289.77,12.87,0.066
2026-08-20 12:00:00,Z006,2365.3,252.65,14.07,0.094
2026-08-20 13:00:00,Z006,2212.59,206.52,15.09,0.166
2026-08-20 14:00:00,Z006,2499.07,324.28,12.94,0.124
2026-08-20 15:00:00,Z006,2648.55,364.06,14.73,0.099
2026-08-20 16:00:00,Z006,3184.95,409.02,14.34,0.109
2026-08-20 17:00:00,Z006,3566.83,415.24,15.76,0.085
2026-08-20 18:00:00,Z006,4336.01,587.63,15.0,0.041
2026-08-20 19:00:00,Z006,5282.12,644.74,14.85,0.08
2026-08-20 20:00:00,Z006,5768.16,533.76,12.96,0.102
2026-08-20 21:00:00,Z006,6540.09,820.84,13.46,0.084
2026-08-20 22:00:00,Z006,5422.95,752.42,14.06,0.112
2026-08-20 23:00:00,Z006,5078.82,696.46,12.05,0.081
2026-08-21 00:00:00,Z006,2276.98,264.07,14.43,0.09
2026-08-21 01:00:00,Z006,2327.92,301.05,14.47,0.106
2026-08-21 02:00:00,Z006,2087.65,226.96,12.34,0.096
2026-08-21 03:00:00,Z006,2264.4,318.78,14.42,0.061
2026-08-21 04:00:00,Z006,2236.41,205.46,13.51,0.01
2026-08-21 05:00:00,Z006,2255.87,261.25,13.84,0.052
2026-08-21 06:00:00,Z006,2156.1,281.13,12.28,0.095
2026-08-21 07:00:00,Z006,2141.9,203.02,15.47,0.12
2026-08-21 08:00:00,Z006,2169.28,242.44,13.7,0.056
2026-08-21 09:00:00,Z006,2160.6,273.86,16.49,0.069
2026-08-21 10:00:00,Z006,2329.33,291.85,11.99,0.079
2026-08-21 11:00:00,Z006,2220.42,315.23,15.81,0.091
2026-08-21 12:00:00,Z006,2383.23,280.76,15.34,0.083
2026-08-21 13:00:00,Z006,2433.92,335.86,14.86,0.058
2026-08-21 14:00:00,Z006,2402.18,315.37,15.07,0.085
2026-08-21 15:00:00,Z006,2656.37,326.39,13.67,0.072
2026-08-21 16:00:00,Z006,3375.74,381.01,14.61,0.085
2026-08-21 17:00:00,Z006,3483.78,352.16,13.9,0.021
2026-08-21 18:00:00,Z006,4763.02,545.73,13.47,0.117
2026-08-21 19:00:00,Z006,5081.75,659.44,13.31,0.081
2026-08-21 20:00:00,Z006,5896.35,631.34,14.69,0.008
2026-08-21 21:00:00,Z006,6183.14,690.37,14.03,0.077
2026-08-21 22:00:00,Z006,5402.25,563.05,14.63,0.097
2026-08-21 23:00:00,Z006,4910.4,629.1,14.67,0.069
2026-08-22 00:00:00,Z006,2198.29,262.56,14.44,0.078
2026-08-22 01:00:00,Z006,2271.92,288.54,15.52,0.057
2026-08-22 02:00:00,Z006,2302.85,371.1,14.35,0.042
2026-08-22 03:00:00,Z006,2283.99,248.15,14.46,0.089
2026-08-22 04:00:00,Z006,2267.3,335.21,14.1,0.066
2026-08-22 05:00:00,Z006,2205.89,235.1,12.5,0.074
2026-08-22 06:00:00,Z006,2241.21,295.3,13.3,0.105
2026-08-22 07:00:00,Z006,2385.83,309.4,15.08,0.14
2026-08-22 08:00:00,Z006,2245.23,297.92,14.48,0.112
2026-08-22 09:00:00,Z006,2346.88,323.02,12.45,0.05
2026-08-22 10:00:00,Z006,2278.26,270.84,14.06,0.058
2026-08-22 11:00:00,Z006,2242.63,247.07,11.95,0.071
2026-08-22 12:00:00,Z006,2366.51,299.64,14.2,0.134
2026-08-22 13:00:00,Z006,2524.35,330.84,14.44,0.096
2026-08-22 14:00:00,Z006,2545.4,309.25,16.31,0.078
2026-08-22 15:00:00,Z006,2659.39,346.92,15.05,0.085
2026-08-22 16:00:00,Z006,2981.91,415.38,14.28,0.071
2026-08-22 17:00:00,Z006,4078.65,365.57,14.13,0.064
2026-08-22 18:00:00,Z006,4930.84,609.66,12.96,0.114
2026-08-22 19:00:00,Z006,4775.63,609.46,12.48,0.066
2026-08-22 20:00:00,Z006,5868.36,784.32,16.69,0.027
2026-08-22 21:00:00,Z006,6265.86,958.91,13.48,0.061
2026-08-22 22:00:00,Z006,5995.6,794.01,14.87,0.069
2026-08-22 23:00:00,Z006,5175.91,723.29,13.07,0.023
2026-08-23 00:00:00,Z006,2181.49,242.93,15.79,0.044
2026-08-23 01:00:00,Z006,2494.01,348.17,14.27,0.004
2026-08-23 02:00:00,Z006,2209.78,244.17,16.08,0.063
2026-08-23 03:00:00,Z006,2252.96,276.72,12.31,0.079
2026-08-23 04:00:00,Z006,2250.27,360.76,12.9,0.138
2026-08-23 05:00:00,Z006,2214.39,274.46,14.6,0.084
2026-08-23 06:00:00,Z006,2342.61,311.38,14.5,0.075
2026-08-23 07:00:00,Z006,2263.36,265.98,13.79,0.074
2026-08-23 08:00:00,Z006,2342.42,231.57,12.77,0.105
2026-08-23 09:00:00,Z006,2098.75,289.53,13.33,0.13
2026-08-23 10:00:00,Z006,2467.17,283.94,13.73,0.128
2026-08-23 11:00:00,Z006,2481.78,334.03,15.37,0.047
2026-08-23 12:00:00,Z006,2394.66,259.69,12.66,0.085
2026-08-23 13:00:00,Z006,2389.97,280.84,13.4,0.042
2026-08-23 14:00:00,Z006,2767.25,338.54,12.27,0.085
2026-08-23 15:00:00,Z006,3022.62,406.18,13.38,0.065
2026-08-23 16:00:00,Z006,3116.95,339.33,13.21,0.036
2026-08-23 17:00:00,Z006,3794.31,474.89,13.5,0.087
2026-08-23 18:00:00,Z006,4957.82,731.45,13.92,0.106
2026-08-23 19:00:00,Z006,5329.57,600.55,12.66,0.083
2026-08-23 20:00:00,Z006,6222.11,627.71,13.81,0.07
2026-08-23 21:00:00,Z006,6210.74,769.77,14.79,0.137
2026-08-23 22:00:00,Z006,5700.22,604.9,14.32,0.124
2026-08-23 23:00:00,Z006,5016.47,626.91,13.76,0.106
2026-08-24 00:00:00,Z006,2285.84,275.96,14.59,0.06
2026-08-24 01:00:00,Z006,2303.05,324.26,14.12,0.068
2026-08-24 02:00:00,Z006,2208.48,291.18,13.95,0.044
2026-08-24 03:00:00,Z006,2318.24,244.01,14.51,0.024
2026-08-24 04:00:00,Z006,2233.82,265.77,11.64,0.09
2026-08-24 05:00:00,Z006,2112.83,256.23,13.51,0.036
2026-08-24 06:00:00,Z006,2118.4,223.52,15.18,0.105
2026-08-24 07:00:00,Z006,2442.59,274.36,13.35,0.084
2026-08-24 08:00:00,Z006,2187.71,243.41,14.07,0.101
2026-08-24 09:00:00,Z006,2012.65,224.24,12.32,0.075
2026-08-24 10:00:00,Z006,2270.16,310.45,13.48,0.083
2026-08-24 11:00:00,Z006,2066.3,221.29,14.25,0.039
2026-08-24 12:00:00,Z006,2385.55,305.0,12.91,0.036
2026-08-24 13:00:00,Z006,2244.28,239.04,12.54,0.038
2026-08-24 14:00:00,Z006,2423.13,317.39,13.15,0.093
2026-08-24 15:00:00,Z006,2654.49,342.92,13.06,0.088
2026-08-24 16:00:00,Z006,3118.9,438.0,14.67,0.088
2026-08-24 17:00:00,Z006,3443.4,386.08,13.04,0.055
2026-08-24 18:00:00,Z006,4403.62,544.34,14.34,0.118
2026-08-24 19:00:00,Z006,5225.42,530.81,14.24,0.098
2026-08-24 20:00:00,Z006,5971.02,702.71,13.9,0.112
2026-08-24 21:00:00,Z006,5897.01,566.25,11.88,0.135
2026-08-24 22:00:00,Z006,5214.38,612.65,15.06,0.027
2026-08-24 23:00:00,Z006,4865.23,492.84,16.16,0.141
2026-08-25 00:00:00,Z006,2149.56,276.63,14.37,0.072
2026-08-25 01:00:00,Z006,2060.27,318.54,11.82,0.086
2026-08-25 02:00:00,Z006,2158.22,291.62,15.02,0.051
2026-08-25 03:00:00,Z006,2143.96,207.42,14.23,0.101
2026-08-25 04:00:00,Z006,2178.82,253.46,16.29,0.108
2026-08-25 05:00:00,Z006,2357.83,203.64,14.66,0.088
2026-08-25 06:00:00,Z006,2097.77,218.88,13.74,0.04
2026-08-25 07:00:00,Z006,2143.15,242.34,14.69,0.059
2026-08-25 08:00:00,Z006,2178.51,294.89,11.88,0.087
2026-08-25 09:00:00,Z006,2263.01,285.71,13.4,0.048
2026-08-25 10:00:00,Z006,2379.07,254.92,12.66,0.081
2026-08-25 11:00:00,Z006,2161.16,293.4,13.68,0.115
2026-08-25 12:00:00,Z006,2305.39,263.22,15.34,0.06
2026-08-25 13:00:00,Z006,2285.94,292.46,14.27,0.06
2026-08-25 14:00:00,Z006,2279.23,272.87,13.13,0.081
2026-08-25 15:00:00,Z006,2643.19,288.73,13.68,0.078
2026-08-25 16:00:00,Z006,3199.15,404.21,16.51,0.084
2026-08-25 17:00:00,Z006,3575.64,420.16,14.68,0.11
2026-08-25 18:00:00,Z006,4666.2,488.76,15.54,0.079
2026-08-25 19:00:00,Z006,4900.81,573.12,15.45,0.094
2026-08-25 20:00:00,Z006,5341.94,544.51,12.52,0.058
2026-08-25 21:00:00,Z006,5870.39,605.28,13.54,0.122
2026-08-25 22:00:00,Z006,6061.44,868.34,11.94,0.13
2026-08-25 23:00:00,Z006,5135.24,622.23,15.23,0.101
2026-08-26 00:00:00,Z006,2036.07,225.62,13.56,0.04
2026-08-26 01:00:00,Z006,2322.75,328.86,13.99,0.089
2026-08-26 02:00:00,Z006,2221.87,269.93,15.34,0.027
2026-08-26 03:00:00,Z006,2271.63,273.0,13.14,0.065
2026-08-26 04:00:00,Z006,2406.3,240.84,13.8,0.129
2026-08-26 05:00:00,Z006,2095.94,237.17,14.05,0.092
2026-08-26 06:00:00,Z006,2214.98,236.05,14.54,0.077
2026-08-26 07:00:00,Z006,2285.85,305.97,12.22,0.111
2026-08-26 08:00:00,Z006,2197.78,290.94,14.59,0.136
2026-08-26 09:00:00,Z006,2224.66,253.5,13.38,0.049
2026-08-26 10:00:00,Z006,2307.78,238.81,14.96,0.073
2026-08-26 11:00:00,Z006,2058.14,292.92,9.95,0.078
2026-08-26 12:00:00,Z006,2283.55,195.04,14.53,0.06
2026-08-26 13:00:00,Z006,2293.42,321.41,14.17,0.069
2026-08-26 14:00:00,Z006,2429.73,356.3,14.49,0.053
2026-08-26 15:00:00,Z006,2635.03,269.17,13.46,0.128
2026-08-26 16:00:00,Z006,3078.91,307.72,14.52,0.068
2026-08-26 17:00:00,Z006,3780.45,439.91,15.73,0.053
2026-08-26 18:00:00,Z006,4169.82,559.02,11.6,0.075
2026-08-26 19:00:00,Z006,5298.38,461.4,14.08,0.035
2026-08-26 20:00:00,Z006,5181.05,538.89,13.78,0.059
2026-08-26 21:00:00,Z006,6141.44,744.56,13.54,0.041
2026-08-26 22:00:00,Z006,5707.09,861.11,13.18,0.062
2026-08-26 23:00:00,Z006,4870.02,670.91,15.11,0.067
2026-08-27 00:00:00,Z006,2163.07,228.94,13.65,0.111
2026-08-27 01:00:00,Z006,2227.15,310.28,13.14,0.011
2026-08-27 02:00:00,Z006,2483.62,306.03,14.93,0.056
2026-08-27 03:00:00,Z006,2086.7,255.25,11.61,0.072
2026-08-27 04:00:00,Z006,2325.27,294.67,14.31,0.132
2026-08-27 05:00:00,Z006,2260.55,206.69,13.82,0.138
2026-08-27 06:00:00,Z006,2192.06,324.34,15.23,0.068
2026-08-27 07:00:00,Z006,2114.96,264.58,15.52,0.033
2026-08-27 08:00:00,Z006,2235.29,199.79,13.59,0.03
2026-08-27 09:00:00,Z006,2280.3,250.07,15.39,0.064
2026-08-27 10:00:00,Z006,2163.52,207.21,14.47,0.095
2026-08-27 11:00:00,Z006,2330.06,302.51,14.48,0.098
2026-08-27 12:00:00,Z006,2330.62,311.41,12.17,0.066
2026-08-27 13:00:00,Z006,2149.96,268.71,15.96,0.107
2026-08-27 14:00:00,Z006,2381.63,303.85,14.42,0.087
2026-08-27 15:00:00,Z006,2536.21,354.38,12.59,0.069
2026-08-27 16:00:00,Z006,3236.02,370.2,14.1,0.084
2026-08-27 17:00:00,Z006,3698.24,450.17,14.26,0.082
2026-08-27 18:00:00,Z006,4223.22,408.59,15.2,0.111
2026-08-27 19:00:00,Z006,5191.8,648.65,12.9,0.007
2026-08-27 20:00:00,Z006,5586.88,511.42,14.23,0.119
2026-08-27 21:00:00,Z006,5687.8,634.87,12.81,0.081
2026-08-27 22:00:00,Z006,5641.66,590.76,15.11,0.161
2026-08-27 23:00:00,Z006,5387.96,637.62,13.85,0.065
2026-08-28 00:00:00,Z006,2169.56,291.53,15.2,0.045
2026-08-28 01:00:00,Z006,2259.64,308.82,13.58,0.074
2026-08-28 02:00:00,Z006,2292.62,300.03,14.51,0.088
2026-08-28 03:00:00,Z006,2261.87,262.0,12.66,0.033
2026-08-28 04:00:00,Z006,2282.58,277.61,14.55,0.055
2026-08-28 05:00:00,Z006,2233.26,270.63,15.53,0.106
2026-08-28 06:00:00,Z006,2148.99,274.14,13.1,0.002
2026-08-28 07:00:00,Z006,2395.71,274.01,15.25,0.06
2026-08-28 08:00:00,Z006,2142.48,239.53,14.3,0.085
2026-08-28 09:00:00,Z006,2273.84,255.93,14.05,0.055
2026-08-28 10:00:00,Z006,2374.04,238.09,13.01,0.067
2026-08-28 11:00:00,Z006,2475.84,325.58,12.98,0.105
2026-08-28 12:00:00,Z006,2312.21,286.96,14.83,0.082
2026-08-28 13:00:00,Z006,2337.18,226.02,15.73,0.067
2026-08-28 14:00:00,Z006,2312.19,259.97,13.44,0.056
2026-08-28 15:00:00,Z006,2788.51,375.37,11.65,0.065
2026-08-28 16:00:00,Z006,3040.27,356.98,16.05,0.056
2026-08-28 17:00:00,Z006,3946.55,464.93,15.89,0.071
2026-08-28 18:00:00,Z006,4315.78,516.43,15.55,0.085
2026-08-28 19:00:00,Z006,5162.29,668.78,12.94,0.09
2026-08-28 20:00:00,Z006,5490.4,780.02,14.5,0.101
2026-08-28 21:00:00,Z006,5313.15,693.9,13.79,0.037
2026-08-28 22:00:00,Z006,5674.26,551.68,14.75,0.123
2026-08-28 23:00:00,Z006,4702.06,562.13,13.8,0.02
2026-08-29 00:00:00,Z006,2430.42,314.46,16.43,0.095
2026-08-29 01:00:00,Z006,2241.82,286.31,15.54,0.066
2026-08-29 02:00:00,Z006,2423.68,205.23,15.77,0.104
2026-08-29 03:00:00,Z006,2066.9,259.89,11.62,0.062
2026-08-29 04:00:00,Z006,2405.46,283.75,15.51,0.082
2026-08-29 05:00:00,Z006,2330.22,318.02,13.59,0.079
2026-08-29 06:00:00,Z006,2345.37,279.07,15.39,0.06
2026-08-29 07:00:00,Z006,2246.99,233.86,11.43,0.125
2026-08-29 08:00:00,Z006,2239.79,260.76,15.87,0.076
2026-08-29 09:00:00,Z006,2389.29,235.8,15.68,0.076
2026-08-29 10:00:00,Z006,2231.01,233.62,16.03,0.062
2026-08-29 11:00:00,Z006,2242.03,254.48,14.05,0.085
2026-08-29 12:00:00,Z006,2420.19,298.95,14.78,0.072
2026-08-29 13:00:00,Z006,2662.41,299.98,15.62,0.062
2026-08-29 14:00:00,Z006,2405.76,228.53,14.36,0.115
2026-08-29 15:00:00,Z006,2682.41,286.58,14.46,0.08
2026-08-29 16:00:00,Z006,3171.39,319.71,14.37,0.1
2026-08-29 17:00:00,Z006,3957.34,476.45,12.73,0.089
2026-08-29 18:00:00,Z006,4670.45,468.45,13.64,0.091
2026-08-29 19:00:00,Z006,5350.93,484.75,13.23,0.059
2026-08-29 20:00:00,Z006,6081.93,966.88,14.26,0.044
2026-08-29 21:00:00,Z006,6098.13,732.75,15.02,0.117
2026-08-29 22:00:00,Z006,6303.97,807.28,14.18,0.125
2026-08-29 23:00:00,Z006,5285.87,638.62,13.71,0.016
2026-08-30 00:00:00,Z006,2467.73,321.13,11.16,0.11
2026-08-30 01:00:00,Z006,2302.28,310.41,14.09,0.039
2026-08-30 02:00:00,Z006,2336.92,248.94,12.53,0.106
2026-08-30 03:00:00,Z006,2375.28,338.39,13.53,0.051
2026-08-30 04:00:00,Z006,2401.25,258.12,13.63,0.096
2026-08-30 05:00:00,Z006,2320.92,261.5,12.32,0.108
2026-08-30 06:00:00,Z006,2295.46,296.74,14.58,0.113
2026-08-30 07:00:00,Z006,2309.46,265.09,12.67,0.064
2026-08-30 08:00:00,Z006,2370.25,255.38,14.38,0.124
2026-08-30 09:00:00,Z006,2288.45,229.5,13.5,0.037
2026-08-30 10:00:00,Z006,2478.53,300.58,13.13,0.063
2026-08-30 11:00:00,Z006,2222.43,300.4,16.2,0.035
2026-08-30 12:00:00,Z006,2484.14,288.94,15.52,0.025
2026-08-30 13:00:00,Z006,2460.02,280.15,14.79,0.082
2026-08-30 14:00:00,Z006,2573.51,304.73,15.87,0.075
2026-08-30 15:00:00,Z006,2938.97,380.38,15.07,0.05
2026-08-30 16:00:00,Z006,3360.89,420.29,12.57,0.074
2026-08-30 17:00:00,Z006,4271.38,487.46,13.56,0.094
2026-08-30 18:00:00,Z006,4508.12,550.47,13.46,0.092
2026-08-30 19:00:00,Z006,5354.89,799.38,14.06,0.073
2026-08-30 20:00:00,Z006,6207.44,615.37,16.17,0.05
2026-08-30 21:00:00,Z006,6472.11,918.06,13.62,0.067
2026-08-30 22:00:00,Z006,5903.47,763.46,12.86,0.077
2026-08-30 23:00:00,Z006,5294.1,543.86,12.75,0.084
2026-08-31 00:00:00,Z006,2234.06,242.49,14.1,0.061
2026-08-31 01:00:00,Z006,2353.75,278.81,15.32,0.029
2026-08-31 02:00:00,Z006,2255.29,290.8,13.83,0.064
2026-08-31 03:00:00,Z006,2207.61,289.5,12.55,0.101
2026-08-31 04:00:00,Z006,2254.85,261.76,13.74,0.082
2026-08-31 05:00:00,Z006,2388.92,299.14,12.87,0.067
2026-08-31 06:00:00,Z006,2108.51,193.25,12.61,0.084
2026-08-31 07:00:00,Z006,2350.5,317.17,12.61,0.056
2026-08-31 08:00:00,Z006,2129.34,173.06,13.8,0.104
2026-08-31 09:00:00,Z006,2198.77,222.04,12.99,0.07
2026-08-31 10:00:00,Z006,2303.99,270.16,14.76,0.078
2026-08-31 11:00:00,Z006,2259.34,239.26,13.18,0.042
2026-08-31 12:00:00,Z006,2320.94,268.38,9.68,0.094
2026-08-31 13:00:00,Z006,2421.03,261.05,14.58,0.074
2026-08-31 14:00:00,Z006,2215.17,330.71,13.76,0.086
2026-08-31 15:00:00,Z006,2618.5,302.61,14.19,0.049
2026-08-31 16:00:00,Z006,3338.6,442.6,14.62,0.076
2026-08-31 17:00:00,Z006,3560.99,482.34,14.73,0.068
2026-08-31 18:00:00,Z006,4185.79,403.35,14.03,0.073
2026-08-31 19:00:00,Z006,5386.99,726.61,14.05,0.078
2026-08-31 20:00:00,Z006,5357.18,728.12,13.93,0.098
2026-08-31 21:00:00,Z006,6159.79,686.91,13.13,0.154
2026-08-31 22:00:00,Z006,5801.25,671.91,15.52,0.071
2026-08-31 23:00:00,Z006,5189.04,578.46,13.98,0.072
2026-08-01 00:00:00,Z007,1734.75,214.49,13.23,0.097
2026-08-01 01:00:00,Z007,1770.89,166.82,14.75,0.099
2026-08-01 02:00:00,Z007,1977.58,237.84,14.22,0.094
2026-08-01 03:00:00,Z007,1877.89,252.31,14.38,0.079
2026-08-01 04:00:00,Z007,1863.59,221.54,12.45,0.035
2026-08-01 05:00:00,Z007,1771.81,215.81,16.97,0.076
2026-08-01 06:00:00,Z007,1799.27,205.0,14.74,0.088
2026-08-01 07:00:00,Z007,1743.97,182.82,13.52,0.055
2026-08-01 08:00:00,Z007,1777.02,217.01,13.4,0.124
2026-08-01 09:00:00,Z007,1890.05,220.3,12.84,0.079
2026-08-01 10:00:00,Z007,1787.75,212.85,13.52,0.049
2026-08-01 11:00:00,Z007,1808.45,207.5,13.69,0.083
2026-08-01 12:00:00,Z007,1819.49,220.31,13.52,0.091
2026-08-01 13:00:00,Z007,1812.82,187.95,12.93,0.06
2026-08-01 14:00:00,Z007,1863.04,176.26,14.6,0.118
2026-08-01 15:00:00,Z007,2230.72,251.52,11.94,0.086
2026-08-01 16:00:00,Z007,2324.34,275.9,13.04,0.012
2026-08-01 17:00:00,Z007,3176.62,321.36,13.6,0.076
2026-08-01 18:00:00,Z007,3479.05,441.73,13.28,0.091
2026-08-01 19:00:00,Z007,4189.85,416.19,15.3,0.07
2026-08-01 20:00:00,Z007,4324.17,537.75,14.77,0.128
2026-08-01 21:00:00,Z007,4806.17,473.79,17.24,0.213
2026-08-01 22:00:00,Z007,4443.08,524.11,16.42,0.124
2026-08-01 23:00:00,Z007,4523.83,644.01,15.81,0.14
2026-08-02 00:00:00,Z007,1780.58,197.63,14.15,0.101
2026-08-02 01:00:00,Z007,1686.47,218.64,15.12,0.097
2026-08-02 02:00:00,Z007,1785.0,228.41,15.56,0.078
2026-08-02 03:00:00,Z007,1797.41,273.18,14.37,0.05
2026-08-02 04:00:00,Z007,1866.03,235.17,13.21,0.047
2026-08-02 05:00:00,Z007,1814.78,216.14,12.51,0.077
2026-08-02 06:00:00,Z007,1783.27,212.32,14.59,0.027
2026-08-02 07:00:00,Z007,1705.68,192.22,15.59,0.151
2026-08-02 08:00:00,Z007,1796.09,216.76,11.07,0.107
2026-08-02 09:00:00,Z007,1832.68,227.71,12.5,0.139
2026-08-02 10:00:00,Z007,1921.64,239.08,15.19,0.082
2026-08-02 11:00:00,Z007,,187.97,11.27,0.042
2026-08-02 12:00:00,Z007,1758.95,194.09,14.54,0.072
2026-08-02 13:00:00,Z007,1870.91,191.26,12.47,0.081
2026-08-02 14:00:00,Z007,1929.4,231.66,14.65,0.129
2026-08-02 15:00:00,Z007,2174.11,320.03,14.49,0.101
2026-08-02 16:00:00,Z007,2624.3,343.25,13.04,0.112
2026-08-02 17:00:00,Z007,2928.07,364.62,14.16,0.114
2026-08-02 18:00:00,Z007,3617.16,358.85,16.78,0.105
2026-08-02 19:00:00,Z007,4028.32,414.68,15.9,0.058
2026-08-02 20:00:00,Z007,4727.98,643.18,15.37,0.165
2026-08-02 21:00:00,Z007,4625.02,486.4,16.18,0.177
2026-08-02 22:00:00,Z007,4712.95,506.64,17.12,0.154
2026-08-02 23:00:00,Z007,4286.67,418.81,17.07,0.097
2026-08-03 00:00:00,Z007,1756.1,228.6,12.48,0.105
2026-08-03 01:00:00,Z007,1667.62,192.46,13.2,0.128
2026-08-03 02:00:00,Z007,1619.97,204.85,13.25,0.113
2026-08-03 03:00:00,Z007,1888.63,208.78,14.17,0.068
2026-08-03 04:00:00,Z007,1789.88,208.11,15.09,0.068
2026-08-03 05:00:00,Z007,1882.66,164.03,14.45,0.08
2026-08-03 06:00:00,Z007,1706.41,212.07,14.07,0.087
2026-08-03 07:00:00,Z007,1741.45,254.66,10.68,0.135
2026-08-03 08:00:00,Z007,1907.19,178.77,14.06,0.121
2026-08-03 09:00:00,Z007,1781.51,258.57,14.45,0.019
2026-08-03 10:00:00,Z007,1813.49,234.91,15.76,0.034
2026-08-03 11:00:00,Z007,1625.53,195.47,15.6,0.128
2026-08-03 12:00:00,Z007,1681.5,191.53,17.45,0.063
2026-08-03 13:00:00,Z007,1838.34,208.14,14.57,0.054
2026-08-03 14:00:00,Z007,1812.46,207.41,13.35,0.071
2026-08-03 15:00:00,Z007,2121.53,314.74,13.29,0.05
2026-08-03 16:00:00,Z007,2387.27,255.99,12.04,0.112
2026-08-03 17:00:00,Z007,2846.66,349.22,11.69,0.062
2026-08-03 18:00:00,Z007,3169.36,379.35,14.18,0.084
2026-08-03 19:00:00,Z007,3815.88,409.08,14.25,0.091
2026-08-03 20:00:00,Z007,4232.95,448.43,14.02,0.086
2026-08-03 21:00:00,Z007,4408.34,456.38,14.89,0.166
2026-08-03 22:00:00,Z007,4288.64,434.94,12.49,0.168
2026-08-03 23:00:00,Z007,4135.64,513.93,16.32,0.112
2026-08-04 00:00:00,Z007,1704.18,172.8,16.29,0.067
2026-08-04 01:00:00,Z007,1680.58,202.61,14.07,0.097
2026-08-04 02:00:00,Z007,1745.37,194.34,14.03,0.096
2026-08-04 03:00:00,Z007,1659.06,235.09,13.98,0.128
2026-08-04 04:00:00,Z007,1602.88,208.08,12.93,0.061
2026-08-04 05:00:00,Z007,1779.63,207.46,17.12,0.096
2026-08-04 06:00:00,Z007,1656.47,211.69,13.72,0.105
2026-08-04 07:00:00,Z007,1687.25,212.76,14.24,0.082
2026-08-04 08:00:00,Z007,1790.37,166.42,14.12,0.059
2026-08-04 09:00:00,Z007,1606.97,172.64,13.26,0.073
2026-08-04 10:00:00,Z007,1738.93,222.82,13.51,0.128
2026-08-04 11:00:00,Z007,1690.9,153.54,13.59,0.081
2026-08-04 12:00:00,Z007,1482.26,204.71,13.88,0.045
2026-08-04 13:00:00,Z007,1707.04,224.35,15.06,0.061
2026-08-04 14:00:00,Z007,1768.6,215.7,14.38,0.097
2026-08-04 15:00:00,Z007,2019.97,238.7,14.02,0.109
2026-08-04 16:00:00,Z007,2528.99,364.2,15.56,0.134
2026-08-04 17:00:00,Z007,2965.7,329.67,15.84,0.039
2026-08-04 18:00:00,Z007,3745.21,394.64,15.47,0.123
2026-08-04 19:00:00,Z007,4015.26,358.34,13.6,0.099
2026-08-04 20:00:00,Z007,4470.55,524.48,15.65,0.094
2026-08-04 21:00:00,Z007,4859.31,555.57,17.44,0.26
2026-08-04 22:00:00,Z007,4120.33,502.35,15.24,0.088
2026-08-04 23:00:00,Z007,4098.12,450.76,14.93,0.082
2026-08-05 00:00:00,Z007,1888.95,207.89,14.89,0.134
2026-08-05 01:00:00,Z007,1639.33,199.06,12.82,0.02
2026-08-05 02:00:00,Z007,1649.59,183.84,13.39,0.071
2026-08-05 03:00:00,Z007,1710.47,174.55,14.42,0.116
2026-08-05 04:00:00,Z007,1812.39,210.41,15.07,0.06
2026-08-05 05:00:00,Z007,1683.58,212.09,13.6,0.042
2026-08-05 06:00:00,Z007,1774.13,190.84,13.38,0.112
2026-08-05 07:00:00,Z007,1751.37,214.79,12.24,0.045
2026-08-05 08:00:00,Z007,1740.77,225.34,14.3,0.066
2026-08-05 09:00:00,Z007,1671.79,206.03,12.5,0.083
2026-08-05 10:00:00,Z007,1605.88,167.35,14.21,0.097
2026-08-05 11:00:00,Z007,1746.08,180.34,11.75,0.08
2026-08-05 12:00:00,Z007,1589.7,213.28,12.7,0.147
2026-08-05 13:00:00,Z007,1706.89,216.68,13.12,0.075
2026-08-05 14:00:00,Z007,1899.07,252.39,15.22,0.102
2026-08-05 15:00:00,Z007,2169.26,240.26,14.78,0.07
2026-08-05 16:00:00,Z007,2492.15,303.38,14.74,0.089
2026-08-05 17:00:00,Z007,2933.44,316.47,12.11,0.11
2026-08-05 18:00:00,Z007,3589.92,424.55,15.22,0.031
2026-08-05 19:00:00,Z007,3823.92,463.57,12.41,0.035
2026-08-05 20:00:00,Z007,4377.13,485.49,14.95,0.112
2026-08-05 21:00:00,Z007,4240.08,494.97,15.09,0.089
2026-08-05 22:00:00,Z007,4248.16,496.78,16.11,0.105
2026-08-05 23:00:00,Z007,3592.94,366.81,15.37,0.059
2026-08-06 00:00:00,Z007,1703.19,253.56,14.76,0.016
2026-08-06 01:00:00,Z007,1821.19,222.63,14.44,0.089
2026-08-06 02:00:00,Z007,1780.28,211.5,12.22,0.09
2026-08-06 03:00:00,Z007,1603.67,236.14,13.57,0.078
2026-08-06 04:00:00,Z007,1657.98,207.39,14.55,0.06
2026-08-06 05:00:00,Z007,1744.86,211.16,13.88,0.057
2026-08-06 06:00:00,Z007,1888.1,260.07,14.87,0.114
2026-08-06 07:00:00,Z007,1733.12,198.89,10.83,0.043
2026-08-06 08:00:00,Z007,1876.81,257.88,14.24,0.033
2026-08-06 09:00:00,Z007,1759.66,203.82,14.84,0.047
2026-08-06 10:00:00,Z007,1675.16,223.26,16.31,0.06
2026-08-06 11:00:00,Z007,1642.28,222.27,12.49,0.044
2026-08-06 12:00:00,Z007,1759.08,266.12,12.98,0.069
2026-08-06 13:00:00,Z007,1793.06,202.45,11.88,0.104
2026-08-06 14:00:00,Z007,1899.26,238.36,13.83,0.125
2026-08-06 15:00:00,Z007,2025.43,210.33,16.0,0.014
2026-08-06 16:00:00,Z007,2369.74,281.68,13.86,0.033
2026-08-06 17:00:00,Z007,2685.13,360.8,15.66,0.067
2026-08-06 18:00:00,Z007,3243.28,302.36,15.17,0.11
2026-08-06 19:00:00,Z007,3436.36,287.42,14.3,0.088
2026-08-06 20:00:00,Z007,4252.88,508.24,14.83,0.109
2026-08-06 21:00:00,Z007,4317.57,517.31,14.44,0.093
2026-08-06 22:00:00,Z007,3981.11,467.25,15.66,0.076
2026-08-06 23:00:00,Z007,3871.37,537.49,15.78,0.134
2026-08-07 00:00:00,Z007,1883.68,227.72,12.61,0.064
2026-08-07 01:00:00,Z007,1754.09,248.38,12.74,0.088
2026-08-07 02:00:00,Z007,1648.99,194.25,13.81,0.091
2026-08-07 03:00:00,Z007,1866.39,237.27,13.48,0.062
2026-08-07 04:00:00,Z007,1695.31,181.27,14.17,0.008
2026-08-07 05:00:00,Z007,1693.75,199.9,12.61,0.069
2026-08-07 06:00:00,Z007,1796.19,247.66,13.36,0.096
2026-08-07 07:00:00,Z007,1594.73,184.28,14.28,0.126
2026-08-07 08:00:00,Z007,1801.99,221.89,12.91,0.121
2026-08-07 09:00:00,Z007,1684.6,213.48,13.85,0.14
2026-08-07 10:00:00,Z007,1665.9,222.8,13.9,0.097
2026-08-07 11:00:00,Z007,1844.99,165.92,13.92,0.053
2026-08-07 12:00:00,Z007,1773.14,231.16,13.44,0.064
2026-08-07 13:00:00,Z007,1800.48,181.67,14.4,0.055
2026-08-07 14:00:00,Z007,1945.65,195.02,13.32,0.057
2026-08-07 15:00:00,Z007,2044.68,287.57,15.02,0.066
2026-08-07 16:00:00,Z007,2334.65,311.16,12.6,0.081
2026-08-07 17:00:00,Z007,2759.07,323.98,14.97,0.06
2026-08-07 18:00:00,Z007,3533.43,540.59,14.93,0.077
2026-08-07 19:00:00,Z007,4138.79,427.82,16.76,0.074
2026-08-07 20:00:00,Z007,4770.27,521.12,17.05,0.15
2026-08-07 21:00:00,Z007,4456.82,462.64,13.8,0.172
2026-08-07 22:00:00,Z007,4106.15,447.46,13.86,0.128
2026-08-07 23:00:00,Z007,4114.07,572.08,13.95,0.135
2026-08-08 00:00:00,Z007,1731.27,188.15,13.16,0.06
2026-08-08 01:00:00,Z007,1788.16,192.08,14.28,0.002
2026-08-08 02:00:00,Z007,1813.93,188.02,13.2,0.061
2026-08-08 03:00:00,Z007,1871.71,238.77,13.8,0.059
2026-08-08 04:00:00,Z007,1858.75,273.09,13.97,0.032
2026-08-08 05:00:00,Z007,1738.71,223.23,13.47,0.054
2026-08-08 06:00:00,Z007,1722.61,209.08,12.16,0.079
2026-08-08 07:00:00,Z007,1802.69,204.17,12.75,0.111
2026-08-08 08:00:00,Z007,1688.0,206.93,14.87,0.085
2026-08-08 09:00:00,Z007,1895.86,195.21,13.05,0.066
2026-08-08 10:00:00,Z007,2064.91,263.52,14.83,0.1
2026-08-08 11:00:00,Z007,1812.02,245.97,11.76,0.088
2026-08-08 12:00:00,Z007,1860.36,251.67,12.61,0.048
2026-08-08 13:00:00,Z007,1787.43,228.5,14.64,0.052
2026-08-08 14:00:00,Z007,2148.01,266.99,14.15,0.074
2026-08-08 15:00:00,Z007,2267.23,285.31,16.27,0.044
2026-08-08 16:00:00,Z007,2331.3,253.88,14.66,0.067
2026-08-08 17:00:00,Z007,3148.54,359.24,15.31,0.055
2026-08-08 18:00:00,Z007,3743.51,526.1,13.72,0.095
2026-08-08 19:00:00,Z007,4180.41,534.05,16.54,0.13
2026-08-08 20:00:00,Z007,4669.13,606.73,14.48,0.173
2026-08-08 21:00:00,Z007,4490.79,537.67,16.94,0.141
2026-08-08 22:00:00,Z007,4049.0,422.3,15.49,0.074
2026-08-08 23:00:00,Z007,4276.35,435.72,15.63,0.124
2026-08-09 00:00:00,Z007,1859.32,204.84,14.94,0.125
2026-08-09 01:00:00,Z007,1611.87,194.67,11.83,0.054
2026-08-09 02:00:00,Z007,1732.59,206.18,14.45,0.107
2026-08-09 03:00:00,Z007,1816.83,236.38,12.71,0.112
2026-08-09 04:00:00,Z007,1529.21,218.52,15.62,0.103
2026-08-09 05:00:00,Z007,1975.6,183.62,14.94,0.084
2026-08-09 06:00:00,Z007,1815.23,186.15,14.47,0.09
2026-08-09 07:00:00,Z007,1739.82,206.99,12.42,0.068
2026-08-09 08:00:00,Z007,1873.34,252.36,14.92,0.109
2026-08-09 09:00:00,Z007,1875.02,206.9,14.41,0.113
2026-08-09 10:00:00,Z007,1686.92,167.38,12.27,0.026
2026-08-09 11:00:00,Z007,1720.23,192.87,15.81,0.067
2026-08-09 12:00:00,Z007,1700.64,208.32,13.77,0.057
2026-08-09 13:00:00,Z007,1823.71,248.04,12.31,0.03
2026-08-09 14:00:00,Z007,2019.19,223.71,15.86,0.075
2026-08-09 15:00:00,Z007,2166.28,285.51,11.99,0.09
2026-08-09 16:00:00,Z007,2464.34,333.68,13.22,0.085
2026-08-09 17:00:00,Z007,2930.09,369.76,13.7,0.088
2026-08-09 18:00:00,Z007,3834.71,443.72,14.98,0.149
2026-08-09 19:00:00,Z007,4203.11,350.91,14.24,0.067
2026-08-09 20:00:00,Z007,4752.88,563.66,17.49,0.211
2026-08-09 21:00:00,Z007,4854.11,493.42,17.08,0.258
2026-08-09 22:00:00,Z007,4266.37,491.67,15.58,0.113
2026-08-09 23:00:00,Z007,4397.68,575.78,15.89,0.152
2026-08-10 00:00:00,Z007,1768.81,213.35,13.57,0.11
2026-08-10 01:00:00,Z007,1652.82,196.55,12.61,0.102
2026-08-10 02:00:00,Z007,1804.84,191.25,13.82,0.066
2026-08-10 03:00:00,Z007,1792.75,253.23,13.43,0.0
2026-08-10 04:00:00,Z007,1798.71,217.06,14.06,0.109
2026-08-10 05:00:00,Z007,1681.99,185.94,13.57,0.095
2026-08-10 06:00:00,Z007,1777.64,256.86,14.48,0.076
2026-08-10 07:00:00,Z007,1778.24,187.48,15.7,0.086
2026-08-10 08:00:00,Z007,1692.59,178.53,14.75,0.072
2026-08-10 09:00:00,Z007,1703.54,161.72,13.48,0.063
2026-08-10 10:00:00,Z007,1745.19,202.42,10.82,0.068
2026-08-10 11:00:00,Z007,1607.08,167.71,15.2,0.029
2026-08-10 12:00:00,Z007,1761.34,197.96,13.16,0.051
2026-08-10 13:00:00,Z007,1809.77,228.89,11.93,0.115
2026-08-10 14:00:00,Z007,1782.93,224.34,12.58,0.066
2026-08-10 15:00:00,Z007,1953.22,218.9,13.76,0.046
2026-08-10 16:00:00,Z007,2420.02,306.57,17.25,0.108
2026-08-10 17:00:00,Z007,2986.54,279.14,11.65,0.071
2026-08-10 18:00:00,Z007,3657.22,574.61,13.49,0.062
2026-08-10 19:00:00,Z007,4030.23,471.71,14.56,0.108
2026-08-10 20:00:00,Z007,4877.34,680.72,18.78,0.167
2026-08-10 21:00:00,Z007,4717.64,498.9,18.14,0.226
2026-08-10 22:00:00,Z007,4464.33,485.97,14.96,0.125
2026-08-10 23:00:00,Z007,4068.9,512.92,16.53,0.14
2026-08-11 00:00:00,Z007,1644.95,209.12,14.56,0.077
2026-08-11 01:00:00,Z007,1782.47,227.02,13.31,0.076
2026-08-11 02:00:00,Z007,1683.13,183.61,13.9,0.041
2026-08-11 03:00:00,Z007,1746.47,246.36,14.06,0.108
2026-08-11 04:00:00,Z007,1721.95,180.23,16.41,0.007
2026-08-11 05:00:00,Z007,1710.79,185.57,15.9,0.086
2026-08-11 06:00:00,Z007,1906.65,229.83,13.09,0.029
2026-08-11 07:00:00,Z007,,192.95,13.5,0.117
2026-08-11 08:00:00,Z007,1791.26,198.57,13.46,0.027
2026-08-11 09:00:00,Z007,1552.55,204.09,15.05,0.091
2026-08-11 10:00:00,Z007,1727.36,188.99,15.76,0.026
2026-08-11 11:00:00,Z007,1683.38,206.06,14.0,0.08
2026-08-11 12:00:00,Z007,1697.66,217.49,12.54,0.076
2026-08-11 13:00:00,Z007,1818.79,209.18,14.01,0.086
2026-08-11 14:00:00,Z007,1734.23,164.74,14.16,0.062
2026-08-11 15:00:00,Z007,2021.37,259.82,12.81,0.008
2026-08-11 16:00:00,Z007,2564.18,354.24,15.44,0.046
2026-08-11 17:00:00,Z007,2826.5,285.4,13.93,0.07
2026-08-11 18:00:00,Z007,3220.82,410.81,13.72,0.132
2026-08-11 19:00:00,Z007,3949.13,322.97,12.47,0.147
2026-08-11 20:00:00,Z007,4276.02,528.52,15.18,0.153
2026-08-11 21:00:00,Z007,4113.85,575.69,16.41,0.095
2026-08-11 22:00:00,Z007,4427.07,506.64,13.44,0.149
2026-08-11 23:00:00,Z007,3977.6,493.26,15.27,0.068
2026-08-12 00:00:00,Z007,1824.91,219.21,14.65,0.072
2026-08-12 01:00:00,Z007,1790.81,217.69,13.9,0.116
2026-08-12 02:00:00,Z007,1577.43,182.67,13.26,0.091
2026-08-12 03:00:00,Z007,1734.3,207.81,13.14,0.079
2026-08-12 04:00:00,Z007,1734.88,203.54,15.33,0.098
2026-08-12 05:00:00,Z007,1711.47,145.15,13.74,0.099
2026-08-12 06:00:00,Z007,1688.51,210.3,13.73,0.087
2026-08-12 07:00:00,Z007,1817.85,239.6,12.45,0.03
2026-08-12 08:00:00,Z007,1744.25,239.87,12.01,0.074
2026-08-12 09:00:00,Z007,1893.5,219.59,17.03,0.055
2026-08-12 10:00:00,Z007,1663.06,182.03,12.46,0.029
2026-08-12 11:00:00,Z007,1702.51,208.0,13.14,0.066
2026-08-12 12:00:00,Z007,1851.39,249.15,13.69,0.093
2026-08-12 13:00:00,Z007,1652.74,205.01,13.93,0.069
2026-08-12 14:00:00,Z007,1886.25,222.7,12.42,0.13
2026-08-12 15:00:00,Z007,2161.16,246.77,11.89,0.006
2026-08-12 16:00:00,Z007,2601.52,305.41,14.92,0.052
2026-08-12 17:00:00,Z007,2797.15,324.9,14.29,0.083
2026-08-12 18:00:00,Z007,3244.55,343.95,13.95,0.027
2026-08-12 19:00:00,Z007,3788.24,445.83,14.92,0.125
2026-08-12 20:00:00,Z007,4253.05,512.67,12.89,0.118
2026-08-12 21:00:00,Z007,4315.86,497.95,15.82,0.131
2026-08-12 22:00:00,Z007,4061.91,536.29,14.77,0.129
2026-08-12 23:00:00,Z007,4192.7,604.13,13.31,0.114
2026-08-13 00:00:00,Z007,1588.62,221.65,15.73,0.109
2026-08-13 01:00:00,Z007,1677.33,214.97,13.34,0.08
2026-08-13 02:00:00,Z007,1702.9,153.3,13.03,0.148
2026-08-13 03:00:00,Z007,1703.33,208.49,13.99,0.068
2026-08-13 04:00:00,Z007,1712.78,195.08,11.26,0.104
2026-08-13 05:00:00,Z007,1834.11,188.06,13.5,0.125
2026-08-13 06:00:00,Z007,1650.65,207.68,19.19,0.099
2026-08-13 07:00:00,Z007,1715.34,228.53,14.93,0.06
2026-08-13 08:00:00,Z007,1576.56,203.23,14.89,0.071
2026-08-13 09:00:00,Z007,1837.45,260.31,14.93,0.072
2026-08-13 10:00:00,Z007,1551.76,182.15,11.8,0.009
2026-08-13 11:00:00,Z007,1769.71,243.48,11.66,0.072
2026-08-13 12:00:00,Z007,1736.91,200.81,12.35,0.12
2026-08-13 13:00:00,Z007,1675.66,152.09,12.35,0.094
2026-08-13 14:00:00,Z007,1860.83,201.8,14.63,0.09
2026-08-13 15:00:00,Z007,1857.3,237.3,15.42,0.076
2026-08-13 16:00:00,Z007,2361.02,350.4,13.15,0.075
2026-08-13 17:00:00,Z007,2878.63,347.53,13.67,0.083
2026-08-13 18:00:00,Z007,3624.03,478.79,14.19,0.054
2026-08-13 19:00:00,Z007,3804.54,510.77,12.55,0.152
2026-08-13 20:00:00,Z007,4340.02,431.06,15.51,0.095
2026-08-13 21:00:00,Z007,4415.16,429.76,15.16,0.066
2026-08-13 22:00:00,Z007,4228.91,454.99,14.48,0.083
2026-08-13 23:00:00,Z007,3939.96,525.28,15.07,0.123
2026-08-14 00:00:00,Z007,1671.64,208.74,14.44,0.115
2026-08-14 01:00:00,Z007,1653.79,218.02,12.97,0.063
2026-08-14 02:00:00,Z007,1682.4,213.32,12.7,0.052
2026-08-14 03:00:00,Z007,1660.36,200.45,12.88,0.088
2026-08-14 04:00:00,Z007,1682.47,218.5,14.08,0.133
2026-08-14 05:00:00,Z007,1719.32,174.9,13.74,0.081
2026-08-14 06:00:00,Z007,1640.09,234.13,13.63,0.061
2026-08-14 07:00:00,Z007,1724.01,183.45,15.16,0.103
2026-08-14 08:00:00,Z007,1720.25,221.69,13.4,0.035
2026-08-14 09:00:00,Z007,1685.73,189.61,11.56,0.048
2026-08-14 10:00:00,Z007,1618.09,168.59,15.6,0.095
2026-08-14 11:00:00,Z007,1794.3,229.03,15.3,0.081
2026-08-14 12:00:00,Z007,1856.83,188.52,13.92,0.049
2026-08-14 13:00:00,Z007,1883.81,237.92,15.42,0.038
2026-08-14 14:00:00,Z007,1832.41,170.86,14.43,0.067
2026-08-14 15:00:00,Z007,2142.95,258.17,11.44,0.03
2026-08-14 16:00:00,Z007,2395.1,304.14,11.34,0.077
2026-08-14 17:00:00,Z007,2706.53,279.71,13.21,0.084
2026-08-14 18:00:00,Z007,3277.41,295.65,14.19,0.069
2026-08-14 19:00:00,Z007,3767.85,434.74,14.01,0.081
2026-08-14 20:00:00,Z007,4297.75,526.39,15.15,0.138
2026-08-14 21:00:00,Z007,4820.91,577.41,15.64,0.165
2026-08-14 22:00:00,Z007,4472.65,476.17,18.38,0.222
2026-08-14 23:00:00,Z007,3896.24,370.24,15.36,0.145
2026-08-15 00:00:00,Z007,1689.47,250.84,11.78,0.036
2026-08-15 01:00:00,Z007,1820.46,246.22,13.92,0.093
2026-08-15 02:00:00,Z007,1884.73,260.66,13.25,0.054
2026-08-15 03:00:00,Z007,1880.63,238.49,14.71,0.06
2026-08-15 04:00:00,Z007,1847.05,191.32,14.3,0.083
2026-08-15 05:00:00,Z007,1805.09,237.76,12.78,0.1
2026-08-15 06:00:00,Z007,1797.18,194.32,12.41,0.137
2026-08-15 07:00:00,Z007,1789.93,205.26,12.63,0.113
2026-08-15 08:00:00,Z007,1877.4,248.34,13.93,0.103
2026-08-15 09:00:00,Z007,1729.74,213.22,13.93,0.088
2026-08-15 10:00:00,Z007,1651.82,244.54,15.94,0.045
2026-08-15 11:00:00,Z007,1852.52,180.98,14.1,0.014
2026-08-15 12:00:00,Z007,1801.19,202.96,15.39,0.13
2026-08-15 13:00:00,Z007,2015.88,276.93,14.1,0.092
2026-08-15 14:00:00,Z007,2011.77,205.79,15.38,0.101
2026-08-15 15:00:00,Z007,2248.23,192.85,14.54,0.11
2026-08-15 16:00:00,Z007,2503.84,281.65,12.37,0.037
2026-08-15 17:00:00,Z007,2998.89,349.31,13.7,0.126
2026-08-15 18:00:00,Z007,3353.42,385.02,16.12,0.071
2026-08-15 19:00:00,Z007,4142.97,486.28,15.79,0.036
2026-08-15 20:00:00,Z007,4521.79,546.31,14.47,0.157
2026-08-15 21:00:00,Z007,4892.2,620.23,18.71,0.213
2026-08-15 22:00:00,Z007,4665.94,593.23,15.72,0.208
2026-08-15 23:00:00,Z007,4184.22,426.73,15.91,0.086
2026-08-16 00:00:00,Z007,1769.42,205.73,14.88,0.112
2026-08-16 01:00:00,Z007,1782.61,208.12,11.54,0.059
2026-08-16 02:00:00,Z007,1719.0,214.3,13.87,0.053
2026-08-16 03:00:00,Z007,1807.84,215.11,10.95,0.113
2026-08-16 04:00:00,Z007,1877.18,218.56,14.42,0.07
2026-08-16 05:00:00,Z007,1665.87,253.97,14.9,0.108
2026-08-16 06:00:00,Z007,1772.52,242.64,12.36,0.073
2026-08-16 07:00:00,Z007,1855.32,205.19,15.09,0.089
2026-08-16 08:00:00,Z007,1812.64,197.94,14.49,0.138
2026-08-16 09:00:00,Z007,1810.5,232.36,14.84,0.046
2026-08-16 10:00:00,Z007,1787.84,210.17,11.45,0.104
2026-08-16 11:00:00,Z007,1729.9,225.22,13.09,0.141
2026-08-16 12:00:00,Z007,1802.31,268.22,13.79,0.078
2026-08-16 13:00:00,Z007,2005.39,213.05,14.06,0.096
2026-08-16 14:00:00,Z007,2013.58,242.93,13.89,0.105
2026-08-16 15:00:00,Z007,2193.42,295.01,14.47,0.1
2026-08-16 16:00:00,Z007,2633.37,303.76,15.33,0.075
2026-08-16 17:00:00,Z007,2790.49,321.08,13.13,0.091
2026-08-16 18:00:00,Z007,3508.58,427.76,15.4,0.125
2026-08-16 19:00:00,Z007,4185.05,570.36,14.8,0.054
2026-08-16 20:00:00,Z007,4321.36,505.88,16.21,0.111
2026-08-16 21:00:00,Z007,4977.15,734.0,15.75,0.312
2026-08-16 22:00:00,Z007,4227.84,624.59,15.05,0.099
2026-08-16 23:00:00,Z007,4129.16,445.95,16.72,0.075
2026-08-17 00:00:00,Z007,1666.56,165.51,13.12,0.059
2026-08-17 01:00:00,Z007,1650.95,193.76,12.66,0.128
2026-08-17 02:00:00,Z007,1698.24,213.32,15.03,0.141
2026-08-17 03:00:00,Z007,1780.02,206.98,12.71,0.09
2026-08-17 04:00:00,Z007,1791.74,218.82,14.08,0.086
2026-08-17 05:00:00,Z007,1566.12,191.38,14.88,0.079
2026-08-17 06:00:00,Z007,1796.46,246.75,13.4,0.093
2026-08-17 07:00:00,Z007,1713.33,153.47,13.78,0.049
2026-08-17 08:00:00,Z007,1720.5,224.08,13.74,0.053
2026-08-17 09:00:00,Z007,1728.81,270.83,11.39,0.087
2026-08-17 10:00:00,Z007,1671.01,189.84,13.87,0.07
2026-08-17 11:00:00,Z007,1766.2,205.54,11.41,0.118
2026-08-17 12:00:00,Z007,1826.61,202.57,14.06,0.117
2026-08-17 13:00:00,Z007,1867.07,262.06,14.45,0.103
2026-08-17 14:00:00,Z007,2002.87,230.03,14.53,0.016
2026-08-17 15:00:00,Z007,1925.15,245.46,14.78,0.068
2026-08-17 16:00:00,Z007,2321.13,266.16,14.23,0.011
2026-08-17 17:00:00,Z007,2895.81,348.91,14.3,0.076
2026-08-17 18:00:00,Z007,3174.36,328.63,15.85,0.061
2026-08-17 19:00:00,Z007,4076.95,423.04,14.82,0.079
2026-08-17 20:00:00,Z007,4290.01,492.92,16.93,0.17
2026-08-17 21:00:00,Z007,4548.12,517.62,14.13,0.109
2026-08-17 22:00:00,Z007,4629.7,453.58,15.38,0.171
2026-08-17 23:00:00,Z007,3473.4,351.65,12.56,0.06
2026-08-18 00:00:00,Z007,1729.91,234.26,13.2,0.066
2026-08-18 01:00:00,Z007,1700.8,183.54,14.5,0.093
2026-08-18 02:00:00,Z007,1500.57,194.46,14.15,0.088
2026-08-18 03:00:00,Z007,1800.77,167.84,12.49,0.078
2026-08-18 04:00:00,Z007,1531.37,178.9,15.02,0.092
2026-08-18 05:00:00,Z007,1716.08,199.94,13.49,0.065
2026-08-18 06:00:00,Z007,1727.61,167.12,15.76,0.058
2026-08-18 07:00:00,Z007,1752.96,212.47,12.62,0.119
2026-08-18 08:00:00,Z007,1793.42,172.96,13.91,0.086
2026-08-18 09:00:00,Z007,1551.33,136.81,13.0,0.041
2026-08-18 10:00:00,Z007,1632.49,163.75,13.85,0.053
2026-08-18 11:00:00,Z007,1805.83,221.58,14.95,0.029
2026-08-18 12:00:00,Z007,1689.13,206.15,14.54,0.061
2026-08-18 13:00:00,Z007,1743.89,199.02,13.64,0.145
2026-08-18 14:00:00,Z007,1910.02,230.35,12.49,0.043
2026-08-18 15:00:00,Z007,2052.6,281.12,13.76,0.075
2026-08-18 16:00:00,Z007,2306.33,216.51,14.52,0.072
2026-08-18 17:00:00,Z007,2893.31,353.91,12.84,0.087
2026-08-18 18:00:00,Z007,3188.38,393.01,13.95,0.126
2026-08-18 19:00:00,Z007,3780.48,378.41,13.94,0.098
2026-08-18 20:00:00,Z007,3799.06,505.78,14.21,0.046
2026-08-18 21:00:00,Z007,4425.51,481.87,13.99,0.073
2026-08-18 22:00:00,Z007,4489.1,501.02,15.13,0.167
2026-08-18 23:00:00,Z007,3943.84,381.01,15.45,0.129
2026-08-19 00:00:00,Z007,1748.71,187.16,12.23,0.053
2026-08-19 01:00:00,Z007,1717.93,242.9,13.09,0.061
2026-08-19 02:00:00,Z007,1788.6,202.99,16.06,0.076
2026-08-19 03:00:00,Z007,1799.86,226.32,14.85,0.075
2026-08-19 04:00:00,Z007,1701.41,214.86,14.96,0.096
2026-08-19 05:00:00,Z007,1574.0,194.96,13.21,0.064
2026-08-19 06:00:00,Z007,1745.21,253.87,13.72,0.139
2026-08-19 07:00:00,Z007,1625.63,225.11,14.52,0.086
2026-08-19 08:00:00,Z007,1816.64,200.65,15.53,0.074
2026-08-19 09:00:00,Z007,1661.36,166.3,15.9,0.114
2026-08-19 10:00:00,Z007,1676.08,214.84,14.15,0.069
2026-08-19 11:00:00,Z007,1794.29,198.48,11.37,0.088
2026-08-19 12:00:00,Z007,1743.5,193.7,12.93,0.033
2026-08-19 13:00:00,Z007,1755.0,187.56,15.16,0.095
2026-08-19 14:00:00,Z007,1842.41,235.53,13.87,0.072
2026-08-19 15:00:00,Z007,2067.37,303.01,14.77,0.071
2026-08-19 16:00:00,Z007,2482.23,329.81,14.31,0.07
2026-08-19 17:00:00,Z007,2786.02,289.39,14.22,0.062
2026-08-19 18:00:00,Z007,3318.52,429.28,16.1,0.091
2026-08-19 19:00:00,Z007,3915.33,468.74,15.97,0.095
2026-08-19 20:00:00,Z007,4384.13,543.49,13.67,0.137
2026-08-19 21:00:00,Z007,4322.77,544.31,14.38,0.134
2026-08-19 22:00:00,Z007,4316.3,443.8,14.9,0.182
2026-08-19 23:00:00,Z007,3531.55,432.6,12.99,0.121
2026-08-20 00:00:00,Z007,1772.81,217.68,15.1,0.087
2026-08-20 01:00:00,Z007,1710.47,189.89,13.57,0.066
2026-08-20 02:00:00,Z007,1710.8,156.74,15.24,0.138
2026-08-20 03:00:00,Z007,1676.74,230.76,13.84,0.062
2026-08-20 04:00:00,Z007,1680.62,203.83,13.13,0.098
2026-08-20 05:00:00,Z007,1670.04,173.52,13.98,0.059
2026-08-20 06:00:00,Z007,1684.82,200.81,12.39,0.124
2026-08-20 07:00:00,Z007,1772.58,195.96,13.98,0.099
2026-08-20 08:00:00,Z007,1726.25,255.83,13.71,0.116
2026-08-20 09:00:00,Z007,1608.05,164.48,16.02,0.067
2026-08-20 10:00:00,Z007,1622.94,193.59,15.52,0.057
2026-08-20 11:00:00,Z007,1716.4,158.22,13.44,0.11
2026-08-20 12:00:00,Z007,1676.92,169.24,13.07,0.062
2026-08-20 13:00:00,Z007,1845.51,231.98,14.69,0.081
2026-08-20 14:00:00,Z007,1830.94,198.39,14.52,0.128
2026-08-20 15:00:00,Z007,1984.75,207.86,12.64,0.105
2026-08-20 16:00:00,Z007,2381.72,305.65,13.39,0.099
2026-08-20 17:00:00,Z007,2799.67,271.08,15.11,0.079
2026-08-20 18:00:00,Z007,3337.77,414.62,12.35,0.093
2026-08-20 19:00:00,Z007,3828.47,450.45,15.86,0.1
2026-08-20 20:00:00,Z007,4311.74,510.87,12.17,0.091
2026-08-20 21:00:00,Z007,4533.84,492.09,14.1,0.163
2026-08-20 22:00:00,Z007,4601.75,502.41,16.9,0.183
2026-08-20 23:00:00,Z007,3761.02,410.27,16.58,0.047
2026-08-21 00:00:00,Z007,1663.14,248.62,13.32,0.121
2026-08-21 01:00:00,Z007,1631.36,199.15,15.3,0.066
2026-08-21 02:00:00,Z007,1717.67,225.3,12.92,0.147
2026-08-21 03:00:00,Z007,1789.85,205.19,13.72,0.137
2026-08-21 04:00:00,Z007,1682.7,190.01,15.38,0.038
2026-08-21 05:00:00,Z007,1703.97,206.63,13.16,0.033
2026-08-21 06:00:00,Z007,1715.33,223.55,13.19,0.045
2026-08-21 07:00:00,Z007,1806.7,231.12,13.57,0.108
2026-08-21 08:00:00,Z007,1728.8,253.85,14.8,0.038
2026-08-21 09:00:00,Z007,1660.08,184.0,14.37,0.071
2026-08-21 10:00:00,Z007,1626.03,209.49,15.2,0.077
2026-08-21 11:00:00,Z007,1735.84,183.11,13.37,0.066
2026-08-21 12:00:00,Z007,1781.97,220.68,13.6,0.069
2026-08-21 13:00:00,Z007,1626.13,234.31,11.5,0.093
2026-08-21 14:00:00,Z007,1886.67,218.88,13.99,0.06
2026-08-21 15:00:00,Z007,2133.37,213.97,14.39,0.06
2026-08-21 16:00:00,Z007,2340.41,266.81,13.8,0.095
2026-08-21 17:00:00,Z007,2831.81,379.45,15.25,0.089
2026-08-21 18:00:00,Z007,3489.02,524.66,12.48,0.112
2026-08-21 19:00:00,Z007,4207.43,532.26,17.33,0.157
2026-08-21 20:00:00,Z007,4280.32,496.92,15.82,0.093
2026-08-21 21:00:00,Z007,5049.02,665.63,17.08,0.227
2026-08-21 22:00:00,Z007,4395.51,449.29,16.31,0.052
2026-08-21 23:00:00,Z007,4178.91,474.88,12.97,0.1
2026-08-22 00:00:00,Z007,1796.86,213.89,15.66,0.091
2026-08-22 01:00:00,Z007,1859.82,216.24,14.51,0.041
2026-08-22 02:00:00,Z007,1816.35,197.3,15.58,0.082
2026-08-22 03:00:00,Z007,1849.06,229.16,16.17,0.033
2026-08-22 04:00:00,Z007,1786.31,188.63,11.54,0.049
2026-08-22 05:00:00,Z007,1890.2,225.97,13.74,0.103
2026-08-22 06:00:00,Z007,1804.84,233.18,14.39,0.096
2026-08-22 07:00:00,Z007,1759.21,238.74,12.55,0.077
2026-08-22 08:00:00,Z007,1884.34,221.77,13.48,0.149
2026-08-22 09:00:00,Z007,1911.01,233.38,12.84,0.019
2026-08-22 10:00:00,Z007,1855.93,257.95,14.47,0.029
2026-08-22 11:00:00,Z007,1818.64,204.96,14.19,0.138
2026-08-22 12:00:00,Z007,1890.02,243.13,13.95,0.092
2026-08-22 13:00:00,Z007,1812.38,232.57,13.77,0.055
2026-08-22 14:00:00,Z007,2050.18,177.39,13.35,0.098
2026-08-22 15:00:00,Z007,2296.03,291.77,13.19,0.078
2026-08-22 16:00:00,Z007,2538.4,364.03,15.1,0.108
2026-08-22 17:00:00,Z007,2986.97,310.45,12.31,0.071
2026-08-22 18:00:00,Z007,3666.16,412.34,15.01,0.056
2026-08-22 19:00:00,Z007,4011.61,566.12,15.66,0.078
2026-08-22 20:00:00,Z007,4392.99,589.69,16.45,0.145
2026-08-22 21:00:00,Z007,4687.19,485.5,16.03,0.221
2026-08-22 22:00:00,Z007,4376.87,528.34,17.33,0.115
2026-08-22 23:00:00,Z007,4106.95,409.64,15.63,0.072
2026-08-23 00:00:00,Z007,1669.89,176.5,14.25,0.033
2026-08-23 01:00:00,Z007,1683.53,216.15,13.91,0.053
2026-08-23 02:00:00,Z007,1769.54,258.48,15.54,0.077
2026-08-23 03:00:00,Z007,1861.45,226.75,11.87,0.021
2026-08-23 04:00:00,Z007,1722.03,165.94,14.33,0.064
2026-08-23 05:00:00,Z007,1829.87,231.68,14.83,0.052
2026-08-23 06:00:00,Z007,1837.17,194.13,14.85,0.117
2026-08-23 07:00:00,Z007,1853.97,217.55,14.68,0.034
2026-08-23 08:00:00,Z007,1653.59,210.01,15.57,0.043
2026-08-23 09:00:00,Z007,1797.56,227.54,13.26,0.07
2026-08-23 10:00:00,Z007,1848.21,224.78,14.14,0.051
2026-08-23 11:00:00,Z007,1803.08,205.61,13.59,0.064
2026-08-23 12:00:00,Z007,1822.95,195.01,14.01,0.069
2026-08-23 13:00:00,Z007,1794.75,162.91,15.14,0.102
2026-08-23 14:00:00,Z007,1906.02,248.21,12.77,0.071
2026-08-23 15:00:00,Z007,2124.18,246.06,14.78,0.068
2026-08-23 16:00:00,Z007,2467.27,323.58,14.07,0.062
2026-08-23 17:00:00,Z007,3010.45,406.08,15.27,0.04
2026-08-23 18:00:00,Z007,3350.44,452.26,13.74,0.014
2026-08-23 19:00:00,Z007,3994.97,453.09,14.34,0.11
2026-08-23 20:00:00,Z007,4372.73,586.09,15.7,0.085
2026-08-23 21:00:00,Z007,4657.07,593.4,16.02,0.184
2026-08-23 22:00:00,Z007,4442.92,570.12,15.02,0.21
2026-08-23 23:00:00,Z007,3885.39,623.49,13.42,0.12
2026-08-24 00:00:00,Z007,1773.67,188.64,14.72,0.065
2026-08-24 01:00:00,Z007,1731.15,211.58,13.58,0.067
2026-08-24 02:00:00,Z007,1736.23,184.81,12.96,0.109
2026-08-24 03:00:00,Z007,1742.96,174.99,12.8,0.016
2026-08-24 04:00:00,Z007,1780.0,231.99,12.69,0.099
2026-08-24 05:00:00,Z007,1862.79,180.52,13.26,0.033
2026-08-24 06:00:00,Z007,1783.0,211.39,13.52,0.087
2026-08-24 07:00:00,Z007,1667.18,190.02,14.33,0.062
2026-08-24 08:00:00,Z007,1674.1,196.96,14.11,0.098
2026-08-24 09:00:00,Z007,1755.7,171.19,15.69,0.082
2026-08-24 10:00:00,Z007,1687.36,179.61,16.39,0.151
2026-08-24 11:00:00,Z007,1864.04,227.08,14.41,0.125
2026-08-24 12:00:00,Z007,1719.44,220.29,14.27,0.138
2026-08-24 13:00:00,Z007,1899.44,224.0,15.83,0.08
2026-08-24 14:00:00,Z007,1837.21,212.6,14.18,0.056
2026-08-24 15:00:00,Z007,2024.21,199.08,13.01,0.087
2026-08-24 16:00:00,Z007,2498.16,334.03,14.52,0.034
2026-08-24 17:00:00,Z007,2726.49,319.1,15.16,0.063
2026-08-24 18:00:00,Z007,3199.24,453.41,13.15,0.046
2026-08-24 19:00:00,Z007,3974.19,473.92,14.08,0.086
2026-08-24 20:00:00,Z007,4165.14,467.85,14.93,0.038
2026-08-24 21:00:00,Z007,4693.4,466.55,14.94,0.21
2026-08-24 22:00:00,Z007,4457.58,540.75,13.48,0.118
2026-08-24 23:00:00,Z007,3895.68,459.1,15.95,0.142
2026-08-25 00:00:00,Z007,1757.31,196.79,15.46,0.062
2026-08-25 01:00:00,Z007,1508.11,152.71,11.15,0.068
2026-08-25 02:00:00,Z007,1696.28,163.03,12.98,0.037
2026-08-25 03:00:00,Z007,1700.23,182.26,15.21,0.085
2026-08-25 04:00:00,Z007,1833.49,207.51,16.57,0.08
2026-08-25 05:00:00,Z007,1669.34,260.64,11.81,0.063
2026-08-25 06:00:00,Z007,1581.88,146.21,11.52,0.099
2026-08-25 07:00:00,Z007,1607.77,186.79,15.07,0.094
2026-08-25 08:00:00,Z007,1742.05,240.76,15.93,0.042
2026-08-25 09:00:00,Z007,1747.99,202.62,13.82,0.035
2026-08-25 10:00:00,Z007,1671.92,190.03,15.72,0.045
2026-08-25 11:00:00,Z007,1535.04,184.06,12.49,0.076
2026-08-25 12:00:00,Z007,1789.96,212.12,13.48,0.075
2026-08-25 13:00:00,Z007,1852.15,190.18,14.87,0.05
2026-08-25 14:00:00,Z007,1934.5,187.36,14.65,0.077
2026-08-25 15:00:00,Z007,2081.49,279.72,13.01,0.079
2026-08-25 16:00:00,Z007,2418.82,279.41,14.86,0.09
2026-08-25 17:00:00,Z007,2762.36,383.72,14.67,0.055
2026-08-25 18:00:00,Z007,3255.17,379.9,14.58,0.014
2026-08-25 19:00:00,Z007,3792.24,422.22,12.73,0.05
2026-08-25 20:00:00,Z007,4373.09,492.7,14.87,0.082
2026-08-25 21:00:00,Z007,4456.76,434.26,17.28,0.188
2026-08-25 22:00:00,Z007,4253.69,438.83,16.16,0.126
2026-08-25 23:00:00,Z007,4265.83,648.9,12.72,0.145
2026-08-26 00:00:00,Z007,1692.88,217.09,14.93,0.102
2026-08-26 01:00:00,Z007,1786.98,199.42,12.86,0.116
2026-08-26 02:00:00,Z007,1642.92,243.02,13.08,0.069
2026-08-26 03:00:00,Z007,1695.35,164.25,12.15,0.107
2026-08-26 04:00:00,Z007,1577.64,248.94,13.89,0.049
2026-08-26 05:00:00,Z007,1742.34,144.74,13.6,0.074
2026-08-26 06:00:00,Z007,1612.57,178.23,15.83,0.085
2026-08-26 07:00:00,Z007,1740.78,188.35,12.41,0.073
2026-08-26 08:00:00,Z007,1521.06,157.5,12.5,0.019
2026-08-26 09:00:00,Z007,1760.78,207.85,13.26,0.1
2026-08-26 10:00:00,Z007,1586.18,158.37,15.34,0.148
2026-08-26 11:00:00,Z007,1772.58,225.25,13.3,0.063
2026-08-26 12:00:00,Z007,1756.05,246.89,14.51,0.109
2026-08-26 13:00:00,Z007,1710.56,221.1,13.19,0.084
2026-08-26 14:00:00,Z007,1935.67,216.86,12.78,0.091
2026-08-26 15:00:00,Z007,2059.91,251.4,14.79,0.119
2026-08-26 16:00:00,Z007,2457.47,314.51,13.4,0.07
2026-08-26 17:00:00,Z007,2894.4,331.56,14.54,0.056
2026-08-26 18:00:00,Z007,3678.93,452.16,14.49,0.066
2026-08-26 19:00:00,Z007,4272.61,432.39,14.32,0.136
2026-08-26 20:00:00,Z007,4393.11,489.17,14.74,0.118
2026-08-26 21:00:00,Z007,4520.68,647.83,16.39,0.177
2026-08-26 22:00:00,Z007,4261.3,544.32,13.28,0.115
2026-08-26 23:00:00,Z007,3954.83,582.63,16.53,0.077
2026-08-27 00:00:00,Z007,1647.12,178.14,13.65,0.119
2026-08-27 01:00:00,Z007,1741.93,222.57,14.97,0.05
2026-08-27 02:00:00,Z007,1655.44,211.57,13.07,0.034
2026-08-27 03:00:00,Z007,1626.7,220.93,13.55,0.087
2026-08-27 04:00:00,Z007,1630.55,204.95,13.68,0.093
2026-08-27 05:00:00,Z007,1673.23,213.44,13.37,0.078
2026-08-27 06:00:00,Z007,1689.1,203.36,14.33,0.065
2026-08-27 07:00:00,Z007,1700.84,208.86,14.61,0.078
2026-08-27 08:00:00,Z007,1641.93,199.16,14.8,0.04
2026-08-27 09:00:00,Z007,1609.06,177.1,13.77,0.014
2026-08-27 10:00:00,Z007,1757.18,206.05,11.18,0.047
2026-08-27 11:00:00,Z007,1696.37,158.46,15.16,0.086
2026-08-27 12:00:00,Z007,1791.32,187.31,14.49,0.06
2026-08-27 13:00:00,Z007,1768.67,221.6,13.92,0.104
2026-08-27 14:00:00,Z007,1895.26,214.27,15.01,0.112
2026-08-27 15:00:00,Z007,2080.65,291.38,13.72,0.076
2026-08-27 16:00:00,Z007,2386.72,281.76,13.63,0.059
2026-08-27 17:00:00,Z007,2709.5,329.64,15.44,0.104
2026-08-27 18:00:00,Z007,3444.16,477.83,14.17,0.05
2026-08-27 19:00:00,Z007,3872.09,461.13,13.93,0.1
2026-08-27 20:00:00,Z007,4529.21,425.83,15.51,0.061
2026-08-27 21:00:00,Z007,4481.46,530.87,17.71,0.184
2026-08-27 22:00:00,Z007,4528.59,478.24,14.46,0.115
2026-08-27 23:00:00,Z007,4204.2,447.09,14.58,0.076
2026-08-28 00:00:00,Z007,1613.18,201.63,14.18,0.013
2026-08-28 01:00:00,Z007,1609.82,199.34,13.91,0.068
2026-08-28 02:00:00,Z007,1756.61,172.77,13.29,0.096
2026-08-28 03:00:00,Z007,1660.04,206.99,12.62,0.055
2026-08-28 04:00:00,Z007,1572.86,140.21,13.43,0.094
2026-08-28 05:00:00,Z007,1701.17,233.75,13.53,0.016
2026-08-28 06:00:00,Z007,1736.49,180.29,14.15,0.011
2026-08-28 07:00:00,Z007,1688.88,220.47,14.7,0.072
2026-08-28 08:00:00,Z007,1706.24,192.02,13.64,0.099
2026-08-28 09:00:00,Z007,1653.06,182.2,12.1,0.099
2026-08-28 10:00:00,Z007,1688.27,170.61,14.99,0.077
2026-08-28 11:00:00,Z007,1657.97,219.8,13.52,0.031
2026-08-28 12:00:00,Z007,1808.99,192.81,17.56,0.065
2026-08-28 13:00:00,Z007,1617.93,235.41,13.87,0.086
2026-08-28 14:00:00,Z007,1911.22,188.78,11.33,0.137
2026-08-28 15:00:00,Z007,1921.61,276.24,14.57,0.084
2026-08-28 16:00:00,Z007,2330.15,358.42,13.1,0.058
2026-08-28 17:00:00,Z007,2915.37,318.05,12.72,0.077
2026-08-28 18:00:00,Z007,3481.69,513.19,16.6,0.025
2026-08-28 19:00:00,Z007,4109.16,429.2,13.7,0.077
2026-08-28 20:00:00,Z007,4217.99,435.16,12.21,0.146
2026-08-28 21:00:00,Z007,4671.49,555.83,14.79,0.211
2026-08-28 22:00:00,Z007,4323.81,478.24,13.23,0.131
2026-08-28 23:00:00,Z007,3865.72,476.07,14.68,0.099
2026-08-29 00:00:00,Z007,1808.96,207.43,14.6,0.107
2026-08-29 01:00:00,Z007,1916.37,196.31,15.27,0.031
2026-08-29 02:00:00,Z007,1873.41,206.81,14.95,0.123
2026-08-29 03:00:00,Z007,1809.99,215.91,13.88,0.066
2026-08-29 04:00:00,Z007,1886.35,223.31,11.39,0.107
2026-08-29 05:00:00,Z007,1862.7,224.73,13.05,0.045
2026-08-29 06:00:00,Z007,1732.05,213.01,11.79,0.093
2026-08-29 07:00:00,Z007,1801.41,250.95,14.84,0.058
2026-08-29 08:00:00,Z007,1659.07,178.65,15.66,0.089
2026-08-29 09:00:00,Z007,1844.62,203.95,14.58,0.034
2026-08-29 10:00:00,Z007,1874.27,192.43,11.63,0.148
2026-08-29 11:00:00,Z007,1816.57,220.91,11.76,0.099
2026-08-29 12:00:00,Z007,1897.96,222.08,15.07,0.115
2026-08-29 13:00:00,Z007,1917.64,167.81,12.62,0.131
2026-08-29 14:00:00,Z007,1984.98,240.78,13.0,0.061
2026-08-29 15:00:00,Z007,2292.9,326.69,14.96,0.097
2026-08-29 16:00:00,Z007,2576.21,306.43,12.56,0.037
2026-08-29 17:00:00,Z007,3154.41,376.97,14.59,0.086
2026-08-29 18:00:00,Z007,3596.12,450.14,15.09,0.057
2026-08-29 19:00:00,Z007,4350.43,473.91,15.6,0.085
2026-08-29 20:00:00,Z007,4529.33,498.69,15.71,0.17
2026-08-29 21:00:00,Z007,4741.17,708.39,17.14,0.183
2026-08-29 22:00:00,Z007,4545.87,571.26,16.57,0.114
2026-08-29 23:00:00,Z007,4248.99,432.88,15.77,0.141
2026-08-30 00:00:00,Z007,1819.72,154.88,11.86,0.097
2026-08-30 01:00:00,Z007,1597.24,206.28,15.18,0.114
2026-08-30 02:00:00,Z007,1775.99,224.8,14.25,0.036
2026-08-30 03:00:00,Z007,1855.7,261.39,14.83,0.065
2026-08-30 04:00:00,Z007,1855.29,258.75,15.4,0.111
2026-08-30 05:00:00,Z007,1666.88,209.98,14.77,0.111
2026-08-30 06:00:00,Z007,1837.17,263.23,11.81,0.097
2026-08-30 07:00:00,Z007,1834.25,244.95,15.85,0.053
2026-08-30 08:00:00,Z007,1917.6,253.55,13.78,0.053
2026-08-30 09:00:00,Z007,1812.2,225.23,14.41,0.061
2026-08-30 10:00:00,Z007,1847.89,210.51,15.46,0.131
2026-08-30 11:00:00,Z007,1739.59,210.31,15.17,0.088
2026-08-30 12:00:00,Z007,1714.1,227.93,13.27,0.086
2026-08-30 13:00:00,Z007,1789.53,236.07,13.49,0.107
2026-08-30 14:00:00,Z007,1958.52,220.89,14.49,0.048
2026-08-30 15:00:00,Z007,2352.2,288.81,13.32,0.068
2026-08-30 16:00:00,Z007,2507.54,338.36,12.93,0.069
2026-08-30 17:00:00,Z007,2971.57,425.34,15.2,0.128
2026-08-30 18:00:00,Z007,3559.26,503.6,15.75,0.101
2026-08-30 19:00:00,Z007,4275.07,474.88,17.36,0.104
2026-08-30 20:00:00,Z007,4678.49,608.91,14.38,0.175
2026-08-30 21:00:00,Z007,4768.24,564.08,16.2,0.241
2026-08-30 22:00:00,Z007,4393.69,443.62,14.69,0.149
2026-08-30 23:00:00,Z007,4287.1,553.42,16.29,0.12
2026-08-31 00:00:00,Z007,1670.14,176.74,12.49,0.073
2026-08-31 01:00:00,Z007,1770.66,218.77,14.03,0.048
2026-08-31 02:00:00,Z007,1908.47,205.39,14.14,0.11
2026-08-31 03:00:00,Z007,1713.26,184.85,14.97,0.04
2026-08-31 04:00:00,Z007,1844.05,229.09,13.7,0.038
2026-08-31 05:00:00,Z007,1621.36,193.3,16.27,0.087
2026-08-31 06:00:00,Z007,1736.71,218.46,16.84,0.067
2026-08-31 07:00:00,Z007,1830.51,208.72,13.16,0.078
2026-08-31 08:00:00,Z007,1703.69,218.8,11.21,0.084
2026-08-31 09:00:00,Z007,1664.7,181.69,12.45,0.069
2026-08-31 10:00:00,Z007,1673.11,190.07,12.03,0.083
2026-08-31 11:00:00,Z007,1658.37,158.33,13.34,0.057
2026-08-31 12:00:00,Z007,1741.49,194.31,12.26,0.053
2026-08-31 13:00:00,Z007,1645.49,225.53,15.56,0.123
2026-08-31 14:00:00,Z007,1833.48,255.69,14.49,0.055
2026-08-31 15:00:00,Z007,2013.87,236.47,14.12,0.091
2026-08-31 16:00:00,Z007,2386.06,273.85,15.62,0.077
2026-08-31 17:00:00,Z007,2814.55,328.57,13.86,0.039
2026-08-31 18:00:00,Z007,3232.24,506.46,12.06,0.088
2026-08-31 19:00:00,Z007,3994.58,540.03,15.15,0.143
2026-08-31 20:00:00,Z007,4393.11,615.99,16.65,0.173
2026-08-31 21:00:00,Z007,4505.03,567.49,15.19,0.149
2026-08-31 22:00:00,Z007,4388.28,389.85,15.22,0.152
2026-08-31 23:00:00,Z007,3694.93,388.72,15.73,0.12
2026-08-01 00:00:00,Z008,1303.19,159.78,13.91,0.115
2026-08-01 01:00:00,Z008,1308.46,149.58,15.61,0.05
2026-08-01 02:00:00,Z008,1310.6,159.88,15.83,0.044
2026-08-01 03:00:00,Z008,1297.77,167.27,14.9,0.086
2026-08-01 04:00:00,Z008,1333.6,162.63,12.19,0.083
2026-08-01 05:00:00,Z008,1430.06,143.29,13.06,0.068
2026-08-01 06:00:00,Z008,1320.5,194.93,12.88,0.046
2026-08-01 07:00:00,Z008,1387.19,153.0,14.95,0.074
2026-08-01 08:00:00,Z008,1368.49,132.03,14.55,0.087
2026-08-01 09:00:00,Z008,1325.85,134.59,14.26,0.102
2026-08-01 10:00:00,Z008,1310.84,147.24,14.95,0.131
2026-08-01 11:00:00,Z008,1405.2,173.46,13.71,0.079
2026-08-01 12:00:00,Z008,1281.52,150.81,15.34,0.081
2026-08-01 13:00:00,Z008,1359.38,148.48,13.96,0.043
2026-08-01 14:00:00,Z008,1416.27,202.52,12.76,0.056
2026-08-01 15:00:00,Z008,1646.13,186.63,14.11,0.106
2026-08-01 16:00:00,Z008,1740.58,228.56,13.3,0.071
2026-08-01 17:00:00,Z008,2416.06,239.1,14.71,0.114
2026-08-01 18:00:00,Z008,2572.24,282.91,13.56,0.059
2026-08-01 19:00:00,Z008,3093.44,412.63,13.56,0.108
2026-08-01 20:00:00,Z008,3622.27,458.09,14.63,0.062
2026-08-01 21:00:00,Z008,3111.58,400.73,14.96,0.087
2026-08-01 22:00:00,Z008,3546.95,396.46,14.62,0.124
2026-08-01 23:00:00,Z008,3176.6,445.17,15.62,0.043
2026-08-02 00:00:00,Z008,1384.03,152.96,12.67,0.071
2026-08-02 01:00:00,Z008,1446.47,161.78,11.89,0.037
2026-08-02 02:00:00,Z008,1369.5,148.75,11.55,0.038
2026-08-02 03:00:00,Z008,1350.71,177.88,13.47,0.099
2026-08-02 04:00:00,Z008,1395.84,151.09,13.85,0.062
2026-08-02 05:00:00,Z008,1373.15,152.17,12.54,0.082
2026-08-02 06:00:00,Z008,1407.63,179.7,15.21,0.108
2026-08-02 07:00:00,Z008,1343.22,149.15,12.96,0.032
2026-08-02 08:00:00,Z008,1412.56,162.5,11.95,0.117
2026-08-02 09:00:00,Z008,1346.95,181.19,13.69,0.056
2026-08-02 10:00:00,Z008,1369.87,175.25,13.66,0.119
2026-08-02 11:00:00,Z008,1405.55,180.57,12.67,0.042
2026-08-02 12:00:00,Z008,1436.34,125.21,13.89,0.084
2026-08-02 13:00:00,Z008,1367.93,163.43,14.5,0.062
2026-08-02 14:00:00,Z008,1535.21,197.64,13.78,0.055
2026-08-02 15:00:00,Z008,1618.2,245.42,13.09,0.126
2026-08-02 16:00:00,Z008,1723.06,184.52,13.35,0.108
2026-08-02 17:00:00,Z008,2229.26,311.32,13.6,0.078
2026-08-02 18:00:00,Z008,2614.62,393.23,12.66,0.065
2026-08-02 19:00:00,Z008,2948.48,379.17,12.63,0.135
2026-08-02 20:00:00,Z008,3419.82,431.53,14.56,0.079
2026-08-02 21:00:00,Z008,3547.32,430.19,14.62,0.055
2026-08-02 22:00:00,Z008,3255.33,430.73,14.0,0.02
2026-08-02 23:00:00,Z008,3018.26,431.46,13.81,0.064
2026-08-03 00:00:00,Z008,1190.92,132.77,12.6,0.093
2026-08-03 01:00:00,Z008,1279.63,146.58,13.09,0.126
2026-08-03 02:00:00,Z008,1236.28,135.34,13.71,0.077
2026-08-03 03:00:00,Z008,1304.5,174.75,15.03,0.153
2026-08-03 04:00:00,Z008,1179.53,145.63,13.38,0.14
2026-08-03 05:00:00,Z008,1286.89,115.25,14.52,0.088
2026-08-03 06:00:00,Z008,1320.34,144.11,14.39,0.072
2026-08-03 07:00:00,Z008,1238.26,154.96,14.18,0.112
2026-08-03 08:00:00,Z008,1278.49,165.0,12.55,0.122
2026-08-03 09:00:00,Z008,1232.72,164.62,14.32,0.084
2026-08-03 10:00:00,Z008,1322.75,116.27,13.31,0.102
2026-08-03 11:00:00,Z008,1395.05,166.9,11.07,0.07
2026-08-03 12:00:00,Z008,1294.4,176.87,14.06,0.042
2026-08-03 13:00:00,Z008,1389.9,178.64,13.16,0.102
2026-08-03 14:00:00,Z008,1371.73,158.47,13.36,0.071
2026-08-03 15:00:00,Z008,1610.6,150.13,15.32,0.085
2026-08-03 16:00:00,Z008,1750.46,210.6,12.91,0.031
2026-08-03 17:00:00,Z008,2033.89,186.24,12.38,0.031
2026-08-03 18:00:00,Z008,2666.69,268.63,13.95,0.114
2026-08-03 19:00:00,Z008,3049.71,352.46,13.65,0.085
2026-08-03 20:00:00,Z008,3553.65,448.45,14.8,0.148
2026-08-03 21:00:00,Z008,3402.01,466.82,14.57,0.094
2026-08-03 22:00:00,Z008,3104.51,319.96,13.39,0.106
2026-08-03 23:00:00,Z008,3047.65,426.66,13.99,0.096
2026-08-04 00:00:00,Z008,1307.94,154.84,13.61,0.035
2026-08-04 01:00:00,Z008,1268.04,150.19,15.36,0.117
2026-08-04 02:00:00,Z008,1285.17,194.0,14.23,0.111
2026-08-04 03:00:00,Z008,1271.05,130.79,13.49,0.124
2026-08-04 04:00:00,Z008,1261.62,142.57,14.0,0.068
2026-08-04 05:00:00,Z008,1345.39,199.5,14.01,0.096
2026-08-04 06:00:00,Z008,1332.65,162.09,12.95,0.068
2026-08-04 07:00:00,Z008,1300.5,163.74,11.85,0.067
2026-08-04 08:00:00,Z008,1234.59,164.49,13.16,0.066
2026-08-04 09:00:00,Z008,1248.88,164.69,15.16,0.095
2026-08-04 10:00:00,Z008,1342.67,186.0,11.83,0.098
2026-08-04 11:00:00,Z008,1262.62,127.71,13.62,0.102
2026-08-04 12:00:00,Z008,1382.91,138.05,14.74,0.139
2026-08-04 13:00:00,Z008,1441.89,98.34,16.61,0.109
2026-08-04 14:00:00,Z008,1260.3,136.76,15.51,0.091
2026-08-04 15:00:00,Z008,1507.49,182.4,14.66,0.063
2026-08-04 16:00:00,Z008,1771.54,236.42,13.16,0.039
2026-08-04 17:00:00,Z008,2057.1,219.42,13.27,0.028
2026-08-04 18:00:00,Z008,2554.3,339.76,13.03,0.06
2026-08-04 19:00:00,Z008,2912.58,309.7,15.18,0.053
2026-08-04 20:00:00,Z008,3168.39,343.93,15.21,0.073
2026-08-04 21:00:00,Z008,3661.36,458.79,15.39,0.07
2026-08-04 22:00:00,Z008,3107.54,371.36,13.19,0.02
2026-08-04 23:00:00,Z008,3071.32,370.07,13.16,0.091
2026-08-05 00:00:00,Z008,1279.5,180.6,14.52,0.075
2026-08-05 01:00:00,Z008,1316.64,157.29,14.22,0.117
2026-08-05 02:00:00,Z008,1209.66,129.5,13.5,0.072
2026-08-05 03:00:00,Z008,1343.25,132.69,13.96,0.063
2026-08-05 04:00:00,Z008,1374.5,183.16,14.29,0.109
2026-08-05 05:00:00,Z008,1200.99,180.64,12.99,0.118
2026-08-05 06:00:00,Z008,1308.5,162.21,15.46,0.11
2026-08-05 07:00:00,Z008,1283.0,145.85,14.15,0.077
2026-08-05 08:00:00,Z008,1297.29,175.53,14.56,0.086
2026-08-05 09:00:00,Z008,1239.8,154.81,11.96,0.056
2026-08-05 10:00:00,Z008,1313.88,175.11,13.98,0.086
2026-08-05 11:00:00,Z008,1305.38,169.99,13.76,0.051
2026-08-05 12:00:00,Z008,1320.52,197.25,12.89,0.076
2026-08-05 13:00:00,Z008,1308.99,204.46,12.85,0.075
2026-08-05 14:00:00,Z008,1383.25,139.96,12.43,0.097
2026-08-05 15:00:00,Z008,1596.8,178.22,15.69,0.012
2026-08-05 16:00:00,Z008,1680.83,180.91,13.99,0.066
2026-08-05 17:00:00,Z008,2098.67,267.11,15.75,0.104
2026-08-05 18:00:00,Z008,2533.88,301.02,15.32,0.137
2026-08-05 19:00:00,Z008,3021.72,340.39,14.31,0.097
2026-08-05 20:00:00,Z008,3164.12,420.78,14.32,0.115
2026-08-05 21:00:00,Z008,3212.32,301.57,13.53,0.081
2026-08-05 22:00:00,Z008,2982.2,330.65,15.54,0.096
2026-08-05 23:00:00,Z008,2955.62,307.87,15.5,0.067
2026-08-06 00:00:00,Z008,1282.26,161.71,14.21,0.125
2026-08-06 01:00:00,Z008,1309.84,163.83,13.9,0.093
2026-08-06 02:00:00,Z008,1264.73,155.36,13.59,0.065
2026-08-06 03:00:00,Z008,1224.17,141.92,13.6,0.135
2026-08-06 04:00:00,Z008,1333.8,157.37,13.49,0.098
2026-08-06 05:00:00,Z008,1388.4,183.2,11.94,0.106
2026-08-06 06:00:00,Z008,1336.58,204.48,13.7,0.084
2026-08-06 07:00:00,Z008,1302.7,141.4,12.97,0.092
2026-08-06 08:00:00,Z008,1188.28,119.12,14.98,0.095
2026-08-06 09:00:00,Z008,1349.23,171.28,14.01,0.119
2026-08-06 10:00:00,Z008,1254.65,144.28,13.92,0.094
2026-08-06 11:00:00,Z008,1280.14,125.1,13.68,0.079
2026-08-06 12:00:00,Z008,1304.62,147.76,14.61,0.032
2026-08-06 13:00:00,Z008,1357.07,199.34,13.27,0.082
2026-08-06 14:00:00,Z008,1390.69,162.08,12.77,0.14
2026-08-06 15:00:00,Z008,1574.32,173.08,13.06,0.082
2026-08-06 16:00:00,Z008,1607.93,218.35,13.38,0.092
2026-08-06 17:00:00,Z008,2159.35,290.39,14.59,0.102
2026-08-06 18:00:00,Z008,2643.4,304.11,16.58,0.091
2026-08-06 19:00:00,Z008,2933.65,315.03,13.75,0.092
2026-08-06 20:00:00,Z008,3259.1,480.43,13.53,0.1
2026-08-06 21:00:00,Z008,3189.82,487.24,12.57,0.142
2026-08-06 22:00:00,Z008,3225.35,278.93,15.62,0.082
2026-08-06 23:00:00,Z008,2877.41,372.99,14.8,0.092
2026-08-07 00:00:00,Z008,1342.01,166.13,14.78,0.064
2026-08-07 01:00:00,Z008,1320.79,148.24,12.65,0.074
2026-08-07 02:00:00,Z008,1260.95,168.86,12.26,0.113
2026-08-07 03:00:00,Z008,1241.01,103.04,12.55,0.071
2026-08-07 04:00:00,Z008,1302.32,153.67,12.55,0.057
2026-08-07 05:00:00,Z008,1208.26,149.68,13.89,0.098
2026-08-07 06:00:00,Z008,1175.1,131.6,16.43,0.099
2026-08-07 07:00:00,Z008,1259.82,132.52,15.33,0.126
2026-08-07 08:00:00,Z008,1210.94,126.17,14.33,0.091
2026-08-07 09:00:00,Z008,1305.14,192.71,12.83,0.081
2026-08-07 10:00:00,Z008,1320.49,172.53,13.22,0.062
2026-08-07 11:00:00,Z008,1257.46,183.03,12.83,0.07
2026-08-07 12:00:00,Z008,1343.2,139.25,14.31,0.023
2026-08-07 13:00:00,Z008,1343.69,162.3,14.2,0.054
2026-08-07 14:00:00,Z008,1420.74,169.66,15.56,0.099
2026-08-07 15:00:00,Z008,1446.55,155.52,13.26,0.085
2026-08-07 16:00:00,Z008,1768.17,207.59,17.38,0.065
2026-08-07 17:00:00,Z008,2250.39,265.07,11.39,0.086
2026-08-07 18:00:00,Z008,2654.8,343.8,14.31,0.081
2026-08-07 19:00:00,Z008,2871.96,383.25,13.48,0.061
2026-08-07 20:00:00,Z008,3305.16,381.74,15.54,0.094
2026-08-07 21:00:00,Z008,3242.37,333.41,13.31,0.15
2026-08-07 22:00:00,Z008,3210.5,421.78,12.43,0.048
2026-08-07 23:00:00,Z008,2912.44,423.81,12.45,0.061
2026-08-08 00:00:00,Z008,1395.04,200.73,14.52,0.1
2026-08-08 01:00:00,Z008,1286.53,128.85,12.63,0.054
2026-08-08 02:00:00,Z008,1354.25,137.73,14.3,0.071
2026-08-08 03:00:00,Z008,1306.7,174.15,12.85,0.123
2026-08-08 04:00:00,Z008,1390.76,146.24,15.44,0.047
2026-08-08 05:00:00,Z008,1418.65,177.32,12.11,0.041
2026-08-08 06:00:00,Z008,1316.21,175.08,13.8,0.074
2026-08-08 07:00:00,Z008,1343.1,120.98,14.99,0.12
2026-08-08 08:00:00,Z008,1388.42,157.79,12.94,0.048
2026-08-08 09:00:00,Z008,1272.87,195.98,13.91,0.107
2026-08-08 10:00:00,Z008,1394.28,170.3,12.88,0.096
2026-08-08 11:00:00,Z008,1282.51,165.49,12.76,0.067
2026-08-08 12:00:00,Z008,1335.96,188.35,11.08,0.15
2026-08-08 13:00:00,Z008,1348.02,159.27,14.5,0.09
2026-08-08 14:00:00,Z008,1532.7,197.96,16.44,0.102
2026-08-08 15:00:00,Z008,1616.25,180.54,13.31,0.119
2026-08-08 16:00:00,Z008,2018.59,272.63,10.2,0.013
2026-08-08 17:00:00,Z008,2222.97,261.2,14.02,0.118
2026-08-08 18:00:00,Z008,2797.41,343.03,12.17,0.043
2026-08-08 19:00:00,Z008,3093.57,390.57,12.54,0.1
2026-08-08 20:00:00,Z008,3138.75,251.26,12.95,0.121
2026-08-08 21:00:00,Z008,3769.68,362.18,12.18,0.103
2026-08-08 22:00:00,Z008,3339.88,469.24,14.89,0.107
2026-08-08 23:00:00,Z008,2970.15,376.19,16.42,0.084
2026-08-09 00:00:00,Z008,1337.93,151.81,12.08,0.047
2026-08-09 01:00:00,Z008,1286.84,122.68,12.15,0.007
2026-08-09 02:00:00,Z008,1293.43,168.31,13.62,0.071
2026-08-09 03:00:00,Z008,1386.9,201.56,16.73,0.084
2026-08-09 04:00:00,Z008,1323.64,150.64,14.71,0.075
2026-08-09 05:00:00,Z008,1331.43,158.04,12.87,0.01
2026-08-09 06:00:00,Z008,1300.27,184.46,15.69,0.108
2026-08-09 07:00:00,Z008,1310.89,141.76,15.95,0.048
2026-08-09 08:00:00,Z008,1343.17,195.22,14.15,0.071
2026-08-09 09:00:00,Z008,1411.27,170.88,14.24,0.125
2026-08-09 10:00:00,Z008,1189.14,149.1,13.08,0.074
2026-08-09 11:00:00,Z008,1355.04,148.88,14.27,0.092
2026-08-09 12:00:00,Z008,1375.28,167.33,13.86,0.077
2026-08-09 13:00:00,Z008,1403.75,148.61,15.52,0.077
2026-08-09 14:00:00,Z008,1449.84,182.59,13.86,0.117
2026-08-09 15:00:00,Z008,1690.24,205.19,15.13,0.087
2026-08-09 16:00:00,Z008,1773.66,236.51,11.72,0.0
2026-08-09 17:00:00,Z008,2293.57,290.49,14.45,0.122
2026-08-09 18:00:00,Z008,2650.92,303.07,14.96,0.059
2026-08-09 19:00:00,Z008,3051.17,377.7,14.4,0.07
2026-08-09 20:00:00,Z008,3332.24,343.89,13.06,0.135
2026-08-09 21:00:00,Z008,3485.84,428.2,12.21,0.157
2026-08-09 22:00:00,Z008,3275.36,335.31,13.93,0.053
2026-08-09 23:00:00,Z008,3134.87,305.1,15.36,0.108
2026-08-10 00:00:00,Z008,1269.98,120.86,13.03,0.082
2026-08-10 01:00:00,Z008,1207.25,125.9,15.26,0.085
2026-08-10 02:00:00,Z008,1283.89,164.22,13.8,0.078
2026-08-10 03:00:00,Z008,1303.0,172.17,14.6,0.124
2026-08-10 04:00:00,Z008,1278.22,127.56,15.31,0.073
2026-08-10 05:00:00,Z008,1232.64,161.09,14.44,0.042
2026-08-10 06:00:00,Z008,1315.34,194.82,14.39,0.072
2026-08-10 07:00:00,Z008,1180.92,178.05,13.38,0.038
2026-08-10 08:00:00,Z008,1283.31,173.41,15.48,0.06
2026-08-10 09:00:00,Z008,1271.73,152.62,15.17,0.098
2026-08-10 10:00:00,Z008,1294.56,173.11,12.37,0.093
2026-08-10 11:00:00,Z008,1296.79,154.64,13.7,0.084
2026-08-10 12:00:00,Z008,1264.61,203.49,15.63,0.113
2026-08-10 13:00:00,Z008,1300.39,137.38,13.75,0.083
2026-08-10 14:00:00,Z008,1314.67,167.22,15.3,0.013
2026-08-10 15:00:00,Z008,1484.76,205.52,14.45,0.054
2026-08-10 16:00:00,Z008,1840.69,204.48,13.72,0.046
2026-08-10 17:00:00,Z008,2119.45,286.7,13.43,0.099
2026-08-10 18:00:00,Z008,2521.82,343.43,13.44,0.127
2026-08-10 19:00:00,Z008,3027.44,374.37,14.34,0.066
2026-08-10 20:00:00,Z008,3167.89,392.61,12.56,0.062
2026-08-10 21:00:00,Z008,3218.29,413.8,14.7,0.118
2026-08-10 22:00:00,Z008,3196.32,344.83,12.24,0.088
2026-08-10 23:00:00,Z008,3121.98,371.14,14.03,0.08
2026-08-11 00:00:00,Z008,1291.39,174.28,16.3,0.095
2026-08-11 01:00:00,Z008,1309.22,152.41,13.87,0.076
2026-08-11 02:00:00,Z008,1255.76,153.09,14.75,0.082
2026-08-11 03:00:00,Z008,1260.68,153.66,12.85,0.104
2026-08-11 04:00:00,Z008,1253.06,128.66,14.55,0.095
2026-08-11 05:00:00,Z008,1227.39,158.77,14.76,0.139
2026-08-11 06:00:00,Z008,1263.3,150.57,13.27,0.095
2026-08-11 07:00:00,Z008,1276.57,172.11,13.48,0.094
2026-08-11 08:00:00,Z008,1263.28,116.68,14.75,0.028
2026-08-11 09:00:00,Z008,1268.23,149.45,13.99,0.081
2026-08-11 10:00:00,Z008,1281.14,160.71,13.87,0.158
2026-08-11 11:00:00,Z008,1264.21,128.52,12.31,0.1
2026-08-11 12:00:00,Z008,1204.95,122.73,12.38,0.094
2026-08-11 13:00:00,Z008,1411.91,149.44,14.51,0.001
2026-08-11 14:00:00,Z008,1359.2,175.39,13.63,0.11
2026-08-11 15:00:00,Z008,1391.95,151.69,14.54,0.093
2026-08-11 16:00:00,Z008,1823.18,224.46,12.63,0.057
2026-08-11 17:00:00,Z008,2338.59,236.45,12.3,0.1
2026-08-11 18:00:00,Z008,2407.02,353.55,17.28,0.073
2026-08-11 19:00:00,Z008,2978.25,275.88,15.24,0.013
2026-08-11 20:00:00,Z008,3049.57,371.37,14.66,0.035
2026-08-11 21:00:00,Z008,3277.97,311.66,13.62,0.056
2026-08-11 22:00:00,Z008,3152.36,409.08,14.34,0.097
2026-08-11 23:00:00,Z008,2920.27,381.84,13.96,0.065
2026-08-12 00:00:00,Z008,1309.58,148.83,13.6,0.112
2026-08-12 01:00:00,Z008,1332.77,153.99,15.05,0.042
2026-08-12 02:00:00,Z008,1260.06,137.0,14.0,0.102
2026-08-12 03:00:00,Z008,1308.73,165.28,14.16,0.075
2026-08-12 04:00:00,Z008,1345.82,130.28,13.2,0.092
2026-08-12 05:00:00,Z008,1364.59,156.67,13.69,0.041
2026-08-12 06:00:00,Z008,1245.69,162.72,15.9,0.071
2026-08-12 07:00:00,Z008,1230.92,149.0,12.06,0.117
2026-08-12 08:00:00,Z008,1206.22,150.42,14.36,0.099
2026-08-12 09:00:00,Z008,1292.09,155.1,14.51,0.105
2026-08-12 10:00:00,Z008,1382.38,143.02,11.79,0.034
2026-08-12 11:00:00,Z008,1179.22,120.29,12.41,0.068
2026-08-12 12:00:00,Z008,1347.86,174.41,13.25,0.064
2026-08-12 13:00:00,Z008,1452.68,187.28,14.21,0.084
2026-08-12 14:00:00,Z008,1388.02,208.27,13.77,0.084
2026-08-12 15:00:00,Z008,1432.64,158.24,13.34,0.095
2026-08-12 16:00:00,Z008,1719.58,207.6,13.27,0.047
2026-08-12 17:00:00,Z008,2009.07,235.86,14.12,0.074
2026-08-12 18:00:00,Z008,2432.77,286.91,13.61,0.049
2026-08-12 19:00:00,Z008,2948.33,433.86,13.82,0.036
2026-08-12 20:00:00,Z008,3459.65,480.4,15.72,0.079
2026-08-12 21:00:00,Z008,3241.53,345.56,15.37,0.128
2026-08-12 22:00:00,Z008,3110.78,255.7,13.98,0.053
2026-08-12 23:00:00,Z008,2843.86,331.1,14.49,0.057
2026-08-13 00:00:00,Z008,1284.62,151.72,11.23,0.096
2026-08-13 01:00:00,Z008,1250.89,126.39,13.13,0.086
2026-08-13 02:00:00,Z008,1279.46,165.9,14.52,0.045
2026-08-13 03:00:00,Z008,1107.06,134.85,14.76,0.074
2026-08-13 04:00:00,Z008,1314.76,138.02,13.58,0.052
2026-08-13 05:00:00,Z008,1316.87,140.04,16.47,0.065
2026-08-13 06:00:00,Z008,1322.67,149.02,15.61,0.119
2026-08-13 07:00:00,Z008,1258.23,156.17,15.53,0.089
2026-08-13 08:00:00,Z008,1224.04,148.17,13.1,0.085
2026-08-13 09:00:00,Z008,1232.13,154.75,11.85,0.046
2026-08-13 10:00:00,Z008,1233.33,145.04,12.19,0.053
2026-08-13 11:00:00,Z008,1328.95,177.36,10.96,0.062
2026-08-13 12:00:00,Z008,1372.37,172.63,14.49,0.097
2026-08-13 13:00:00,Z008,1274.66,157.05,14.57,0.083
2026-08-13 14:00:00,Z008,1381.42,164.77,12.63,0.098
2026-08-13 15:00:00,Z008,1447.5,155.98,14.82,0.089
2026-08-13 16:00:00,Z008,1742.92,164.38,13.94,0.061
2026-08-13 17:00:00,Z008,2163.62,242.87,11.9,0.038
2026-08-13 18:00:00,Z008,2478.93,301.52,12.6,0.057
2026-08-13 19:00:00,Z008,3042.1,415.69,14.33,0.071
2026-08-13 20:00:00,Z008,3154.44,404.05,13.62,0.108
2026-08-13 21:00:00,Z008,3507.07,442.42,13.4,0.067
2026-08-13 22:00:00,Z008,3005.15,358.24,13.9,0.039
2026-08-13 23:00:00,Z008,3249.84,417.1,12.99,0.142
2026-08-14 00:00:00,Z008,1248.3,165.34,14.11,0.066
2026-08-14 01:00:00,Z008,1257.44,177.99,15.05,0.076
2026-08-14 02:00:00,Z008,1159.0,144.37,12.5,0.096
2026-08-14 03:00:00,Z008,1235.77,137.0,13.23,0.111
2026-08-14 04:00:00,Z008,1175.32,154.04,14.41,0.078
2026-08-14 05:00:00,Z008,1251.06,159.26,13.47,0.067
2026-08-14 06:00:00,Z008,1280.47,186.69,12.18,0.095
2026-08-14 07:00:00,Z008,1268.61,148.04,12.17,0.027
2026-08-14 08:00:00,Z008,1296.48,130.89,15.22,0.05
2026-08-14 09:00:00,Z008,1309.07,145.78,13.25,0.053
2026-08-14 10:00:00,Z008,1304.13,170.49,13.62,0.098
2026-08-14 11:00:00,Z008,1284.72,128.45,14.45,0.071
2026-08-14 12:00:00,Z008,1145.22,130.71,11.97,0.043
2026-08-14 13:00:00,Z008,1317.22,156.58,13.0,0.096
2026-08-14 14:00:00,Z008,1399.08,158.99,14.05,0.116
2026-08-14 15:00:00,Z008,1397.72,194.97,13.26,0.057
2026-08-14 16:00:00,Z008,1749.49,186.67,12.75,0.105
2026-08-14 17:00:00,Z008,2133.05,194.61,14.81,0.096
2026-08-14 18:00:00,Z008,,289.41,14.74,0.032
2026-08-14 19:00:00,Z008,2975.06,326.88,14.65,0.052
2026-08-14 20:00:00,Z008,3397.39,395.28,13.26,0.058
2026-08-14 21:00:00,Z008,3492.15,381.18,15.27,0.086
2026-08-14 22:00:00,Z008,3042.84,366.33,14.06,0.037
2026-08-14 23:00:00,Z008,2938.44,376.51,15.35,0.113
2026-08-15 00:00:00,Z008,1484.77,178.19,14.66,0.062
2026-08-15 01:00:00,Z008,1454.31,155.08,16.21,0.131
2026-08-15 02:00:00,Z008,1293.29,175.3,14.55,0.068
2026-08-15 03:00:00,Z008,1332.45,165.2,14.43,0.125
2026-08-15 04:00:00,Z008,1375.1,149.13,14.89,0.028
2026-08-15 05:00:00,Z008,1317.32,152.34,14.79,0.133
2026-08-15 06:00:00,Z008,1353.78,155.12,13.16,0.105
2026-08-15 07:00:00,Z008,1328.92,149.44,15.14,0.115
2026-08-15 08:00:00,Z008,1282.91,125.15,13.88,0.046
2026-08-15 09:00:00,Z008,1264.18,131.97,15.26,0.1
2026-08-15 10:00:00,Z008,1491.45,164.61,15.6,0.095
2026-08-15 11:00:00,Z008,1314.43,154.84,13.33,0.088
2026-08-15 12:00:00,Z008,1423.32,162.93,15.02,0.118
2026-08-15 13:00:00,Z008,1492.78,152.87,13.94,0.101
2026-08-15 14:00:00,Z008,1404.43,140.94,13.97,0.068
2026-08-15 15:00:00,Z008,1612.23,182.07,16.59,0.066
2026-08-15 16:00:00,Z008,1920.12,245.35,11.97,0.124
2026-08-15 17:00:00,Z008,2286.35,279.74,15.27,0.079
2026-08-15 18:00:00,Z008,2759.2,253.45,14.98,0.086
2026-08-15 19:00:00,Z008,3111.87,334.11,13.74,0.073
2026-08-15 20:00:00,Z008,3232.78,405.31,15.89,0.037
2026-08-15 21:00:00,Z008,3605.83,409.96,13.36,0.082
2026-08-15 22:00:00,Z008,3421.24,420.03,12.64,0.113
2026-08-15 23:00:00,Z008,3095.48,399.03,15.46,0.022
2026-08-16 00:00:00,Z008,1378.67,162.05,15.22,0.056
2026-08-16 01:00:00,Z008,1397.07,145.54,14.48,0.089
2026-08-16 02:00:00,Z008,1331.26,139.14,13.56,0.108
2026-08-16 03:00:00,Z008,1430.4,213.58,14.63,0.088
2026-08-16 04:00:00,Z008,1367.72,203.69,14.62,0.083
2026-08-16 05:00:00,Z008,1324.03,155.71,14.46,0.057
2026-08-16 06:00:00,Z008,1302.85,155.1,13.46,0.098
2026-08-16 07:00:00,Z008,1381.33,171.2,14.59,0.084
2026-08-16 08:00:00,Z008,1111.98,118.83,14.85,0.055
2026-08-16 09:00:00,Z008,1392.89,186.19,13.68,0.062
2026-08-16 10:00:00,Z008,1343.52,160.33,14.75,0.01
2026-08-16 11:00:00,Z008,1303.65,136.64,10.98,0.065
2026-08-16 12:00:00,Z008,1270.84,145.11,13.41,0.094
2026-08-16 13:00:00,Z008,1383.0,130.87,14.42,0.153
2026-08-16 14:00:00,Z008,1548.08,201.54,13.77,0.065
2026-08-16 15:00:00,Z008,1583.86,195.78,12.64,0.087
2026-08-16 16:00:00,Z008,1814.95,171.12,13.19,0.118
2026-08-16 17:00:00,Z008,2237.57,149.27,13.19,0.107
2026-08-16 18:00:00,Z008,2618.24,334.76,13.53,0.086
2026-08-16 19:00:00,Z008,3089.11,340.77,14.69,0.126
2026-08-16 20:00:00,Z008,3466.43,421.38,12.99,0.108
2026-08-16 21:00:00,Z008,3446.87,442.61,14.91,0.11
2026-08-16 22:00:00,Z008,3561.72,479.23,12.49,0.054
2026-08-16 23:00:00,Z008,2893.73,284.75,15.83,0.05
2026-08-17 00:00:00,Z008,1212.07,144.43,13.1,0.148
2026-08-17 01:00:00,Z008,1261.09,159.75,13.06,0.03
2026-08-17 02:00:00,Z008,1234.93,134.89,13.13,0.032
2026-08-17 03:00:00,Z008,1284.62,147.66,12.15,0.083
2026-08-17 04:00:00,Z008,1320.6,182.2,11.1,0.058
2026-08-17 05:00:00,Z008,1198.04,132.04,15.67,0.058
2026-08-17 06:00:00,Z008,1249.51,134.4,15.95,0.011
2026-08-17 07:00:00,Z008,1244.86,133.22,11.93,0.113
2026-08-17 08:00:00,Z008,1173.33,132.71,13.91,0.057
2026-08-17 09:00:00,Z008,1177.7,138.35,13.09,0.104
2026-08-17 10:00:00,Z008,1308.69,195.21,14.13,0.098
2026-08-17 11:00:00,Z008,1263.25,184.03,14.01,0.077
2026-08-17 12:00:00,Z008,1329.48,146.68,13.4,0.096
2026-08-17 13:00:00,Z008,1376.04,177.45,13.9,0.088
2026-08-17 14:00:00,Z008,1467.11,151.98,14.0,0.0
2026-08-17 15:00:00,Z008,1599.0,173.11,13.09,0.076
2026-08-17 16:00:00,Z008,1831.37,285.47,12.14,0.055
2026-08-17 17:00:00,Z008,2139.63,233.43,15.0,0.075
2026-08-17 18:00:00,Z008,2628.19,305.59,14.65,0.051
2026-08-17 19:00:00,Z008,3193.44,301.8,13.15,0.037
2026-08-17 20:00:00,Z008,3362.06,430.66,12.54,0.11
2026-08-17 21:00:00,Z008,3254.38,409.43,14.75,0.073
2026-08-17 22:00:00,Z008,3378.06,398.06,14.41,0.072
2026-08-17 23:00:00,Z008,2690.41,317.86,12.95,0.122
2026-08-18 00:00:00,Z008,1198.42,165.83,13.79,0.092
2026-08-18 01:00:00,Z008,1197.52,138.16,13.2,0.143
2026-08-18 02:00:00,Z008,1237.19,169.87,15.4,0.114
2026-08-18 03:00:00,Z008,1242.68,182.76,16.41,0.091
2026-08-18 04:00:00,Z008,1250.06,133.87,14.57,0.082
2026-08-18 05:00:00,Z008,1287.3,128.45,14.04,0.114
2026-08-18 06:00:00,Z008,1323.64,150.61,13.87,0.036
2026-08-18 07:00:00,Z008,1238.61,142.32,14.76,0.059
2026-08-18 08:00:00,Z008,1217.41,159.93,13.49,0.055
2026-08-18 09:00:00,Z008,1324.09,168.0,13.75,0.069
2026-08-18 10:00:00,Z008,1300.83,166.61,14.25,0.084
2026-08-18 11:00:00,Z008,1248.94,139.63,13.79,0.051
2026-08-18 12:00:00,Z008,1234.95,146.53,15.19,0.018
2026-08-18 13:00:00,Z008,1308.68,162.39,15.29,0.134
2026-08-18 14:00:00,Z008,1390.01,207.93,14.55,0.104
2026-08-18 15:00:00,Z008,1473.27,186.81,15.08,0.059
2026-08-18 16:00:00,Z008,1572.82,192.25,13.74,0.12
2026-08-18 17:00:00,Z008,2066.53,226.13,12.59,0.061
2026-08-18 18:00:00,Z008,2830.83,272.33,12.4,0.078
2026-08-18 19:00:00,Z008,3198.35,419.38,15.86,0.068
2026-08-18 20:00:00,Z008,3042.19,344.56,13.85,0.08
2026-08-18 21:00:00,Z008,3327.65,428.8,13.15,0.052
2026-08-18 22:00:00,Z008,3069.27,377.75,14.13,0.113
2026-08-18 23:00:00,Z008,3141.83,320.12,14.03,0.074
2026-08-19 00:00:00,Z008,1188.51,133.2,15.88,0.061
2026-08-19 01:00:00,Z008,1230.89,146.75,15.09,0.071
2026-08-19 02:00:00,Z008,1284.14,110.09,14.69,0.087
2026-08-19 03:00:00,Z008,1327.63,122.12,13.64,0.109
2026-08-19 04:00:00,Z008,1244.8,150.33,13.51,0.068
2026-08-19 05:00:00,Z008,1343.86,132.57,13.94,0.088
2026-08-19 06:00:00,Z008,1330.71,157.25,15.16,0.078
2026-08-19 07:00:00,Z008,1283.7,155.61,14.79,0.096
2026-08-19 08:00:00,Z008,1212.98,149.51,14.65,0.124
2026-08-19 09:00:00,Z008,1219.41,156.18,13.58,0.086
2026-08-19 10:00:00,Z008,1217.2,145.82,14.38,0.051
2026-08-19 11:00:00,Z008,1367.7,132.44,14.65,0.007
2026-08-19 12:00:00,Z008,1283.02,163.19,14.86,0.077
2026-08-19 13:00:00,Z008,1317.66,169.33,15.14,0.121
2026-08-19 14:00:00,Z008,1324.64,154.97,11.37,0.039
2026-08-19 15:00:00,Z008,1498.42,199.25,13.42,0.071
2026-08-19 16:00:00,Z008,1805.79,198.53,11.61,0.058
2026-08-19 17:00:00,Z008,2106.33,267.56,13.75,0.094
2026-08-19 18:00:00,Z008,2632.67,360.17,14.21,0.046
2026-08-19 19:00:00,Z008,2772.78,284.83,12.71,0.083
2026-08-19 20:00:00,Z008,3520.82,433.69,13.9,0.109
2026-08-19 21:00:00,Z008,3234.72,438.73,15.16,0.082
2026-08-19 22:00:00,Z008,3550.95,485.52,14.05,0.076
2026-08-19 23:00:00,Z008,2880.26,339.98,13.88,0.07
2026-08-20 00:00:00,Z008,1264.51,129.12,13.32,0.032
2026-08-20 01:00:00,Z008,1300.61,157.64,13.85,0.107
2026-08-20 02:00:00,Z008,1227.18,134.18,12.22,0.111
2026-08-20 03:00:00,Z008,1311.59,183.55,15.9,0.067
2026-08-20 04:00:00,Z008,1235.94,115.03,12.68,0.07
2026-08-20 05:00:00,Z008,1158.39,120.29,13.9,0.107
2026-08-20 06:00:00,Z008,1235.61,150.64,16.24,0.026
2026-08-20 07:00:00,Z008,1339.22,168.36,15.52,0.109
2026-08-20 08:00:00,Z008,1238.83,148.69,12.25,0.064
2026-08-20 09:00:00,Z008,1279.07,159.31,14.95,0.127
2026-08-20 10:00:00,Z008,1253.92,172.0,14.32,0.041
2026-08-20 11:00:00,Z008,1275.3,155.25,13.0,0.049
2026-08-20 12:00:00,Z008,1235.17,138.15,12.96,0.117
2026-08-20 13:00:00,Z008,1185.21,144.2,14.63,0.051
2026-08-20 14:00:00,Z008,1391.65,159.86,13.91,0.1
2026-08-20 15:00:00,Z008,1587.38,176.2,12.19,0.085
2026-08-20 16:00:00,Z008,1729.08,193.8,14.27,0.067
2026-08-20 17:00:00,Z008,2147.06,338.58,14.82,0.12
2026-08-20 18:00:00,Z008,2585.6,313.26,14.63,0.094
2026-08-20 19:00:00,Z008,3051.39,368.88,12.43,0.036
2026-08-20 20:00:00,Z008,3312.55,341.55,14.82,0.12
2026-08-20 21:00:00,Z008,3326.64,459.64,14.31,0.081
2026-08-20 22:00:00,Z008,3255.83,350.12,12.85,0.031
2026-08-20 23:00:00,Z008,2840.45,432.01,12.21,0.045
2026-08-21 00:00:00,Z008,1230.51,133.66,14.32,0.062
2026-08-21 01:00:00,Z008,1265.39,135.72,13.43,0.078
2026-08-21 02:00:00,Z008,1269.07,189.99,13.97,0.074
2026-08-21 03:00:00,Z008,1133.33,140.08,11.63,0.097
2026-08-21 04:00:00,Z008,1284.98,169.58,13.24,0.081
2026-08-21 05:00:00,Z008,1315.63,139.53,14.73,0.097
2026-08-21 06:00:00,Z008,1269.06,182.34,14.62,0.03
2026-08-21 07:00:00,Z008,1333.64,146.87,14.96,0.089
2026-08-21 08:00:00,Z008,1125.14,145.23,13.73,0.066
2026-08-21 09:00:00,Z008,1253.12,165.2,12.89,0.113
2026-08-21 10:00:00,Z008,1191.52,148.27,14.93,0.102
2026-08-21 11:00:00,Z008,1294.63,151.34,13.34,0.043
2026-08-21 12:00:00,Z008,1257.86,132.8,12.65,0.134
2026-08-21 13:00:00,Z008,1229.07,168.24,12.52,0.049
2026-08-21 14:00:00,Z008,1340.61,138.54,15.11,0.098
2026-08-21 15:00:00,Z008,1531.26,245.94,13.98,0.082
2026-08-21 16:00:00,Z008,1726.76,186.37,13.36,0.106
2026-08-21 17:00:00,Z008,2172.26,302.72,13.14,0.098
2026-08-21 18:00:00,Z008,2562.24,324.16,12.96,0.049
2026-08-21 19:00:00,Z008,3008.61,400.42,13.26,0.098
2026-08-21 20:00:00,Z008,3420.34,391.88,12.27,0.041
2026-08-21 21:00:00,Z008,3257.71,369.13,13.96,0.08
2026-08-21 22:00:00,Z008,3205.42,417.31,13.09,0.118
2026-08-21 23:00:00,Z008,3061.61,407.2,13.21,0.077
2026-08-22 00:00:00,Z008,1384.25,161.96,13.16,0.058
2026-08-22 01:00:00,Z008,1298.98,133.26,17.44,0.021
2026-08-22 02:00:00,Z008,1281.47,165.23,13.18,0.069
2026-08-22 03:00:00,Z008,1364.48,184.87,13.67,0.108
2026-08-22 04:00:00,Z008,1238.24,137.33,14.59,0.139
2026-08-22 05:00:00,Z008,1282.4,131.93,14.41,0.082
2026-08-22 06:00:00,Z008,1297.3,132.0,13.38,0.096
2026-08-22 07:00:00,Z008,1320.57,181.67,13.84,0.098
2026-08-22 08:00:00,Z008,1357.59,154.69,15.0,0.043
2026-08-22 09:00:00,Z008,1307.85,148.82,14.46,0.099
2026-08-22 10:00:00,Z008,1293.67,136.69,14.09,0.034
2026-08-22 11:00:00,Z008,1409.33,164.39,12.6,0.044
2026-08-22 12:00:00,Z008,1382.01,171.77,13.08,0.077
2026-08-22 13:00:00,Z008,1327.67,154.17,15.77,0.144
2026-08-22 14:00:00,Z008,1462.57,184.98,14.47,0.028
2026-08-22 15:00:00,Z008,1540.75,131.37,14.54,0.138
2026-08-22 16:00:00,Z008,1960.55,236.57,13.88,0.069
2026-08-22 17:00:00,Z008,2329.76,287.11,14.07,0.047
2026-08-22 18:00:00,Z008,2725.66,320.95,14.48,0.11
2026-08-22 19:00:00,Z008,2857.31,330.21,13.47,0.064
2026-08-22 20:00:00,Z008,3236.19,353.03,12.68,0.105
2026-08-22 21:00:00,Z008,3587.92,447.13,11.69,0.138
2026-08-22 22:00:00,Z008,3344.81,488.91,14.9,0.073
2026-08-22 23:00:00,Z008,3367.79,432.8,13.73,0.068
2026-08-23 00:00:00,Z008,1402.9,157.06,13.55,0.062
2026-08-23 01:00:00,Z008,1295.05,141.92,16.13,0.11
2026-08-23 02:00:00,Z008,1354.84,151.45,13.34,0.069
2026-08-23 03:00:00,Z008,1448.57,180.15,14.9,0.086
2026-08-23 04:00:00,Z008,1287.21,156.45,12.71,0.116
2026-08-23 05:00:00,Z008,1295.48,144.34,14.98,0.059
2026-08-23 06:00:00,Z008,1327.43,106.77,13.61,0.098
2026-08-23 07:00:00,Z008,1302.88,167.28,13.98,0.113
2026-08-23 08:00:00,Z008,1296.45,150.88,12.24,0.077
2026-08-23 09:00:00,Z008,1315.82,176.85,13.25,0.067
2026-08-23 10:00:00,Z008,1302.13,156.79,16.39,0.0
2026-08-23 11:00:00,Z008,1345.29,185.13,13.38,0.096
2026-08-23 12:00:00,Z008,1435.01,166.26,13.22,0.108
2026-08-23 13:00:00,Z008,1429.93,170.25,14.73,0.109
2026-08-23 14:00:00,Z008,1473.12,183.52,14.63,0.066
2026-08-23 15:00:00,Z008,1711.69,178.93,13.84,0.103
2026-08-23 16:00:00,Z008,1781.88,237.12,14.23,0.12
2026-08-23 17:00:00,Z008,2285.04,268.63,14.28,0.088
2026-08-23 18:00:00,Z008,2895.5,351.14,13.83,0.074
2026-08-23 19:00:00,Z008,3110.43,320.33,13.54,0.05
2026-08-23 20:00:00,Z008,3272.29,432.14,14.03,0.058
2026-08-23 21:00:00,Z008,3504.14,407.56,14.06,0.035
2026-08-23 22:00:00,Z008,3240.12,318.76,12.92,0.058
2026-08-23 23:00:00,Z008,2940.63,386.59,16.21,0.105
2026-08-24 00:00:00,Z008,1244.31,153.24,13.92,0.062
2026-08-24 01:00:00,Z008,1352.91,203.08,12.24,0.123
2026-08-24 02:00:00,Z008,1242.84,144.25,14.34,0.126
2026-08-24 03:00:00,Z008,1292.96,163.15,15.02,0.11
2026-08-24 04:00:00,Z008,1306.17,176.67,13.28,0.028
2026-08-24 05:00:00,Z008,1381.66,144.29,13.36,0.07
2026-08-24 06:00:00,Z008,1247.85,136.15,14.56,0.094
2026-08-24 07:00:00,Z008,1312.45,168.46,13.5,0.067
2026-08-24 08:00:00,Z008,1341.26,150.46,13.35,0.108
2026-08-24 09:00:00,Z008,1276.33,143.49,13.41,0.114
2026-08-24 10:00:00,Z008,1312.71,162.18,12.6,0.087
2026-08-24 11:00:00,Z008,1271.7,135.2,13.28,0.101
2026-08-24 12:00:00,Z008,1370.48,142.72,12.88,0.101
2026-08-24 13:00:00,Z008,1307.61,167.76,13.49,0.097
2026-08-24 14:00:00,Z008,1319.39,169.2,11.48,0.108
2026-08-24 15:00:00,Z008,1545.09,195.64,14.28,0.029
2026-08-24 16:00:00,Z008,1891.32,236.45,14.91,0.056
2026-08-24 17:00:00,Z008,2140.78,214.83,14.18,0.052
2026-08-24 18:00:00,Z008,3097.01,399.75,15.6,0.073
2026-08-24 19:00:00,Z008,2990.09,399.42,12.71,0.06
2026-08-24 20:00:00,Z008,3387.21,395.39,13.1,0.061
2026-08-24 21:00:00,Z008,3175.16,287.7,11.96,0.081
2026-08-24 22:00:00,Z008,3343.27,527.51,13.95,0.042
2026-08-24 23:00:00,Z008,2933.59,382.96,15.24,0.108
2026-08-25 00:00:00,Z008,1309.71,159.04,14.88,0.044
2026-08-25 01:00:00,Z008,1161.42,175.84,13.94,0.096
2026-08-25 02:00:00,Z008,1115.82,159.76,15.39,0.033
2026-08-25 03:00:00,Z008,1258.57,156.05,12.48,0.095
2026-08-25 04:00:00,Z008,1336.88,166.93,12.12,0.049
2026-08-25 05:00:00,Z008,1269.69,147.61,13.72,0.072
2026-08-25 06:00:00,Z008,1173.15,154.96,14.75,0.096
2026-08-25 07:00:00,Z008,1301.52,150.64,13.27,0.049
2026-08-25 08:00:00,Z008,1365.6,163.45,12.01,0.079
2026-08-25 09:00:00,Z008,1157.58,143.22,14.17,0.064
2026-08-25 10:00:00,Z008,1224.91,157.32,13.9,0.022
2026-08-25 11:00:00,Z008,1353.55,143.34,12.42,0.121
2026-08-25 12:00:00,Z008,1359.8,154.6,12.5,0.053
2026-08-25 13:00:00,Z008,1305.92,180.53,15.55,0.085
2026-08-25 14:00:00,Z008,1447.47,169.15,12.95,0.035
2026-08-25 15:00:00,Z008,1569.94,209.6,13.39,0.116
2026-08-25 16:00:00,Z008,1750.87,212.3,13.73,0.117
2026-08-25 17:00:00,Z008,2164.79,257.88,14.09,0.044
2026-08-25 18:00:00,Z008,2273.47,254.69,13.77,0.096
2026-08-25 19:00:00,Z008,2915.79,329.37,10.46,0.096
2026-08-25 20:00:00,Z008,3276.01,433.11,14.03,0.114
2026-08-25 21:00:00,Z008,3276.76,391.22,14.29,0.1
2026-08-25 22:00:00,Z008,3306.0,420.4,14.32,0.074
2026-08-25 23:00:00,Z008,3056.48,290.01,13.25,0.128
2026-08-26 00:00:00,Z008,1238.16,147.13,15.67,0.076
2026-08-26 01:00:00,Z008,1228.89,169.56,13.65,0.073
2026-08-26 02:00:00,Z008,1163.02,137.34,14.82,0.067
2026-08-26 03:00:00,Z008,-100.0,135.71,13.26,0.072
2026-08-26 04:00:00,Z008,1247.06,180.78,14.36,0.028
2026-08-26 05:00:00,Z008,1280.91,152.94,15.43,0.075
2026-08-26 06:00:00,Z008,1266.19,187.33,12.72,0.104
2026-08-26 07:00:00,Z008,1280.5,144.04,13.22,0.121
2026-08-26 08:00:00,Z008,1303.68,168.2,15.07,0.09
2026-08-26 09:00:00,Z008,1216.41,117.29,15.85,0.086
2026-08-26 10:00:00,Z008,1283.55,188.77,12.72,0.004
2026-08-26 11:00:00,Z008,1179.32,132.13,14.14,0.122
2026-08-26 12:00:00,Z008,1347.16,109.89,17.36,0.068
2026-08-26 13:00:00,Z008,1405.75,180.2,14.01,0.073
2026-08-26 14:00:00,Z008,1335.93,134.5,13.8,0.038
2026-08-26 15:00:00,Z008,1662.21,201.88,16.51,0.067
2026-08-26 16:00:00,Z008,1734.39,223.5,13.69,0.109
2026-08-26 17:00:00,Z008,2254.9,307.76,15.64,0.105
2026-08-26 18:00:00,Z008,2465.05,337.95,14.84,0.061
2026-08-26 19:00:00,Z008,2872.46,340.74,15.33,0.084
2026-08-26 20:00:00,Z008,3244.36,381.58,13.58,0.045
2026-08-26 21:00:00,Z008,3480.24,364.52,14.08,0.068
2026-08-26 22:00:00,Z008,3357.1,385.63,12.79,0.11
2026-08-26 23:00:00,Z008,2828.17,345.94,15.53,0.058
2026-08-27 00:00:00,Z008,1270.85,144.28,14.16,0.078
2026-08-27 01:00:00,Z008,1329.68,147.18,15.53,0.128
2026-08-27 02:00:00,Z008,1291.54,139.68,13.95,0.076
2026-08-27 03:00:00,Z008,1378.63,163.3,15.66,0.083
2026-08-27 04:00:00,Z008,1279.43,146.73,13.69,0.107
2026-08-27 05:00:00,Z008,1234.82,165.96,15.73,0.062
2026-08-27 06:00:00,Z008,1346.21,182.71,15.04,0.061
2026-08-27 07:00:00,Z008,1269.97,150.1,16.51,0.08
2026-08-27 08:00:00,Z008,1266.41,130.16,12.83,0.059
2026-08-27 09:00:00,Z008,1298.16,128.05,13.2,0.024
2026-08-27 10:00:00,Z008,1359.67,165.33,14.37,0.047
2026-08-27 11:00:00,Z008,1351.09,192.59,14.08,0.066
2026-08-27 12:00:00,Z008,1330.17,174.28,15.04,0.1
2026-08-27 13:00:00,Z008,1389.93,152.35,15.09,0.066
2026-08-27 14:00:00,Z008,1247.49,141.03,13.34,0.087
2026-08-27 15:00:00,Z008,1605.81,197.34,16.41,0.064
2026-08-27 16:00:00,Z008,1622.36,201.45,13.35,0.047
2026-08-27 17:00:00,Z008,2089.48,226.18,13.18,0.126
2026-08-27 18:00:00,Z008,2541.64,294.88,15.92,0.071
2026-08-27 19:00:00,Z008,2774.75,277.76,13.9,0.031
2026-08-27 20:00:00,Z008,3073.97,351.3,15.36,0.119
2026-08-27 21:00:00,Z008,3459.74,414.97,13.32,0.092
2026-08-27 22:00:00,Z008,3505.42,428.09,13.45,0.075
2026-08-27 23:00:00,Z008,2902.1,372.14,13.08,0.092
2026-08-28 00:00:00,Z008,1309.44,163.89,12.7,0.076
2026-08-28 01:00:00,Z008,1246.53,148.2,13.2,0.117
2026-08-28 02:00:00,Z008,1287.54,123.25,12.4,0.116
2026-08-28 03:00:00,Z008,1266.45,144.57,15.35,0.075
2026-08-28 04:00:00,Z008,1208.13,124.54,14.75,0.141
2026-08-28 05:00:00,Z008,1325.04,151.41,13.73,0.081
2026-08-28 06:00:00,Z008,1160.75,139.7,14.7,0.133
2026-08-28 07:00:00,Z008,1339.5,199.52,16.02,0.122
2026-08-28 08:00:00,Z008,1278.45,160.03,12.0,0.084
2026-08-28 09:00:00,Z008,1309.94,151.62,12.15,0.127
2026-08-28 10:00:00,Z008,1302.36,189.9,14.89,0.121
2026-08-28 11:00:00,Z008,1351.19,148.37,13.39,0.067
2026-08-28 12:00:00,Z008,1241.47,181.85,14.05,0.094
2026-08-28 13:00:00,Z008,1252.35,165.66,13.51,0.118
2026-08-28 14:00:00,Z008,1362.95,190.78,15.13,0.066
2026-08-28 15:00:00,Z008,1646.19,225.91,14.59,0.05
2026-08-28 16:00:00,Z008,1845.88,223.33,14.06,0.082
2026-08-28 17:00:00,Z008,2114.96,226.33,12.18,0.028
2026-08-28 18:00:00,Z008,2561.54,214.25,14.87,0.095
2026-08-28 19:00:00,Z008,2897.33,392.29,13.69,0.093
2026-08-28 20:00:00,Z008,2959.23,255.6,13.72,0.093
2026-08-28 21:00:00,Z008,3503.68,411.13,14.3,0.104
2026-08-28 22:00:00,Z008,3226.53,415.61,12.65,0.03
2026-08-28 23:00:00,Z008,2866.78,377.33,13.15,0.1
2026-08-29 00:00:00,Z008,1278.68,142.27,14.29,0.06
2026-08-29 01:00:00,Z008,1310.6,105.99,15.01,0.076
2026-08-29 02:00:00,Z008,1283.61,189.32,13.05,0.065
2026-08-29 03:00:00,Z008,1282.62,175.15,15.72,0.12
2026-08-29 04:00:00,Z008,1420.54,157.74,16.01,0.074
2026-08-29 05:00:00,Z008,1247.58,141.73,14.39,0.061
2026-08-29 06:00:00,Z008,1349.51,172.8,14.49,0.1
2026-08-29 07:00:00,Z008,1329.81,145.07,12.24,0.077
2026-08-29 08:00:00,Z008,1308.38,154.68,11.52,0.034
2026-08-29 09:00:00,Z008,1372.04,130.99,13.77,0.055
2026-08-29 10:00:00,Z008,1288.89,156.32,14.03,0.096
2026-08-29 11:00:00,Z008,1281.33,136.76,15.35,0.073
2026-08-29 12:00:00,Z008,1385.25,155.9,14.55,0.005
2026-08-29 13:00:00,Z008,1471.22,166.5,12.5,0.048
2026-08-29 14:00:00,Z008,1459.13,172.68,14.17,0.044
2026-08-29 15:00:00,Z008,1688.53,189.34,13.31,0.073
2026-08-29 16:00:00,Z008,1926.62,230.21,13.35,0.07
2026-08-29 17:00:00,Z008,2345.72,318.62,14.44,0.084
2026-08-29 18:00:00,Z008,2930.17,371.99,14.22,0.074
2026-08-29 19:00:00,Z008,3133.74,232.9,15.23,0.042
2026-08-29 20:00:00,Z008,3297.34,326.43,13.12,0.07
2026-08-29 21:00:00,Z008,3669.19,511.25,16.33,0.083
2026-08-29 22:00:00,Z008,3373.86,444.32,12.98,0.051
2026-08-29 23:00:00,Z008,3033.25,362.45,11.52,0.112
2026-08-30 00:00:00,Z008,1355.12,178.84,12.12,0.06
2026-08-30 01:00:00,Z008,1297.46,151.75,13.96,0.106
2026-08-30 02:00:00,Z008,1346.6,146.62,16.63,0.072
2026-08-30 03:00:00,Z008,1285.93,117.95,14.11,0.101
2026-08-30 04:00:00,Z008,1271.87,164.55,14.1,0.027
2026-08-30 05:00:00,Z008,1378.39,159.93,12.65,0.109
2026-08-30 06:00:00,Z008,1397.23,143.61,14.35,0.086
2026-08-30 07:00:00,Z008,1336.58,150.05,13.82,0.108
2026-08-30 08:00:00,Z008,1365.48,124.37,11.43,0.024
2026-08-30 09:00:00,Z008,1259.29,136.85,13.46,0.078
2026-08-30 10:00:00,Z008,1340.89,159.93,15.37,0.03
2026-08-30 11:00:00,Z008,1368.45,170.97,12.48,0.096
2026-08-30 12:00:00,Z008,1385.66,165.38,11.1,0.109
2026-08-30 13:00:00,Z008,1413.02,178.12,9.93,0.064
2026-08-30 14:00:00,Z008,1381.38,192.57,12.67,0.124
2026-08-30 15:00:00,Z008,1694.5,208.97,15.36,0.052
2026-08-30 16:00:00,Z008,1806.39,241.76,12.87,0.04
2026-08-30 17:00:00,Z008,2191.57,233.99,16.24,0.103
2026-08-30 18:00:00,Z008,2585.09,271.38,14.41,0.116
2026-08-30 19:00:00,Z008,3124.59,330.38,12.28,0.069
2026-08-30 20:00:00,Z008,3455.88,390.32,15.21,0.096
2026-08-30 21:00:00,Z008,3565.68,455.02,12.33,0.065
2026-08-30 22:00:00,Z008,3247.94,408.48,12.77,0.082
2026-08-30 23:00:00,Z008,3061.38,394.92,12.56,0.094
2026-08-31 00:00:00,Z008,1215.35,128.26,13.83,0.116
2026-08-31 01:00:00,Z008,1228.44,114.65,12.87,0.068
2026-08-31 02:00:00,Z008,1384.19,174.17,13.1,0.076
2026-08-31 03:00:00,Z008,1367.06,159.12,13.73,0.068
2026-08-31 04:00:00,Z008,1316.79,147.64,15.05,0.112
2026-08-31 05:00:00,Z008,1312.05,153.03,12.32,0.073
2026-08-31 06:00:00,Z008,1238.39,134.14,13.71,0.094
2026-08-31 07:00:00,Z008,1241.05,123.33,12.85,0.131
2026-08-31 08:00:00,Z008,1308.48,138.22,15.55,0.073
2026-08-31 09:00:00,Z008,1408.34,174.54,14.68,0.105
2026-08-31 10:00:00,Z008,1364.51,154.76,15.68,0.061
2026-08-31 11:00:00,Z008,1263.11,151.74,15.1,0.07
2026-08-31 12:00:00,Z008,1394.32,195.06,14.05,0.051
2026-08-31 13:00:00,Z008,1392.16,123.3,14.89,0.055
2026-08-31 14:00:00,Z008,1485.83,147.41,13.21,0.093
2026-08-31 15:00:00,Z008,1589.35,175.8,13.6,0.109
2026-08-31 16:00:00,Z008,1862.46,213.67,13.27,0.039
2026-08-31 17:00:00,Z008,2142.01,283.15,14.18,0.052
2026-08-31 18:00:00,Z008,2730.69,241.53,15.05,0.087
2026-08-31 19:00:00,Z008,2999.3,324.52,13.82,0.089
2026-08-31 20:00:00,Z008,3232.66,300.94,16.06,0.1
2026-08-31 21:00:00,Z008,3365.23,408.83,16.02,0.058
2026-08-31 22:00:00,Z008,3103.8,412.03,14.56,0.05
2026-08-31 23:00:00,Z008,3081.25,383.38,12.92,0.095
2026-08-14 07:00:00,Z006,2071.44,268.9,12.39,0.126
2026-08-22 23:00:00,Z006,5175.91,723.29,13.07,0.023
2026-08-20 22:00:00,Z003,8792.67,1106.45,15.31,0.071
2026-08-13 13:00:00,Z007,1675.66,152.09,12.35,0.094
2026-08-27 06:00:00,Z002,2049.93,256.96,14.27,0.057
2026-08-31 08:00:00,Z007,1703.69,218.8,11.21,0.084
2026-08-17 22:00:00,Z003,8570.74,1501.92,12.19,0.028
2026-08-11 00:00:00,Z006,2236.5,277.1,13.61,0.058
