solicitud_id,month,riesgo_estimado,prioridad_mes,accion
902017,6,0.5877467740396504,1,Revision adicional por analista; simulacion BAF
867255,6,0.5731572936994812,2,Revision adicional por analista; simulacion BAF
850107,6,0.5339835916440941,3,Revision adicional por analista; simulacion BAF
851343,6,0.5299930269391309,4,Revision adicional por analista; simulacion BAF
805265,6,0.5055824691047199,5,Revision adicional por analista; simulacion BAF
843983,6,0.477225053695205,6,Revision adicional por analista; simulacion BAF
820365,6,0.4530164616901376,7,Revision adicional por analista; simulacion BAF
848959,6,0.42567181969032625,8,Revision adicional por analista; simulacion BAF
798071,6,0.4093587344079073,9,Revision adicional por analista; simulacion BAF
795286,6,0.3953512393641503,10,Revision adicional por analista; simulacion BAF
888383,6,0.3937574921274431,11,Revision adicional por analista; simulacion BAF
830179,6,0.3907141266950079,12,Revision adicional por analista; simulacion BAF
859057,6,0.3856542427701204,13,Revision adicional por analista; simulacion BAF
816451,6,0.3832853594230879,14,Revision adicional por analista; simulacion BAF
806770,6,0.38028439027719924,15,Revision adicional por analista; simulacion BAF
851670,6,0.37962649489247,16,Revision adicional por analista; simulacion BAF
831515,6,0.3696578514445172,17,Revision adicional por analista; simulacion BAF
825373,6,0.3683995937262117,18,Revision adicional por analista; simulacion BAF
901574,6,0.3625541457658596,19,Revision adicional por analista; simulacion BAF
850502,6,0.35868272225088865,20,Revision adicional por analista; simulacion BAF
892561,6,0.35581941416261087,21,Revision adicional por analista; simulacion BAF
803200,6,0.354247840710447,22,Revision adicional por analista; simulacion BAF
814134,6,0.3490965780994994,23,Revision adicional por analista; simulacion BAF
884158,6,0.34870756312752915,24,Revision adicional por analista; simulacion BAF
902521,6,0.3472374109887195,25,Revision adicional por analista; simulacion BAF
801104,6,0.3461066862989882,26,Revision adicional por analista; simulacion BAF
811332,6,0.3419598749262271,27,Revision adicional por analista; simulacion BAF
892953,6,0.3361779832377114,28,Revision adicional por analista; simulacion BAF
811718,6,0.33489878258521216,29,Revision adicional por analista; simulacion BAF
853693,6,0.33220250120498623,30,Revision adicional por analista; simulacion BAF
877354,6,0.3297715012086721,31,Revision adicional por analista; simulacion BAF
843402,6,0.3293472422507881,32,Revision adicional por analista; simulacion BAF
848027,6,0.32061007226895444,33,Revision adicional por analista; simulacion BAF
832456,6,0.3180824239273483,34,Revision adicional por analista; simulacion BAF
837938,6,0.31706858563917495,35,Revision adicional por analista; simulacion BAF
809172,6,0.3161786036864547,36,Revision adicional por analista; simulacion BAF
795793,6,0.3155399819009875,37,Revision adicional por analista; simulacion BAF
806657,6,0.31505486741324007,38,Revision adicional por analista; simulacion BAF
818326,6,0.31393824608713095,39,Revision adicional por analista; simulacion BAF
897693,6,0.31144865543224465,40,Revision adicional por analista; simulacion BAF
819751,6,0.31036719431205484,41,Revision adicional por analista; simulacion BAF
894982,6,0.30929456412046774,42,Revision adicional por analista; simulacion BAF
868480,6,0.308795033873143,43,Revision adicional por analista; simulacion BAF
854644,6,0.3065741102827168,44,Revision adicional por analista; simulacion BAF
860597,6,0.3057477197579908,45,Revision adicional por analista; simulacion BAF
856982,6,0.3035801364486746,46,Revision adicional por analista; simulacion BAF
871500,6,0.3026282591473803,47,Revision adicional por analista; simulacion BAF
804595,6,0.30164743228132346,48,Revision adicional por analista; simulacion BAF
834311,6,0.30107347505334714,49,Revision adicional por analista; simulacion BAF
851113,6,0.30060753667869294,50,Revision adicional por analista; simulacion BAF
892119,6,0.2999322072605476,51,Revision adicional por analista; simulacion BAF
800296,6,0.29953756959203653,52,Revision adicional por analista; simulacion BAF
799055,6,0.2993473747082076,53,Revision adicional por analista; simulacion BAF
897617,6,0.2983542499990177,54,Revision adicional por analista; simulacion BAF
900014,6,0.2973875076544432,55,Revision adicional por analista; simulacion BAF
813920,6,0.2951542573218586,56,Revision adicional por analista; simulacion BAF
812899,6,0.2925463840597929,57,Revision adicional por analista; simulacion BAF
875368,6,0.2909718227347347,58,Revision adicional por analista; simulacion BAF
864757,6,0.29020437413288663,59,Revision adicional por analista; simulacion BAF
866589,6,0.289584086187831,60,Revision adicional por analista; simulacion BAF
898062,6,0.288894650343164,61,Revision adicional por analista; simulacion BAF
837067,6,0.28824438439894007,62,Revision adicional por analista; simulacion BAF
851547,6,0.28788807977568875,63,Revision adicional por analista; simulacion BAF
814559,6,0.2861514210942278,64,Revision adicional por analista; simulacion BAF
828213,6,0.2852940978740909,65,Revision adicional por analista; simulacion BAF
838983,6,0.2851574976472125,66,Revision adicional por analista; simulacion BAF
891635,6,0.28338858789570087,67,Revision adicional por analista; simulacion BAF
843778,6,0.28177328917025113,68,Revision adicional por analista; simulacion BAF
842805,6,0.2815745995920417,69,Revision adicional por analista; simulacion BAF
831200,6,0.28096175459166,70,Revision adicional por analista; simulacion BAF
866293,6,0.28026233235650244,71,Revision adicional por analista; simulacion BAF
841422,6,0.27786275191678583,72,Revision adicional por analista; simulacion BAF
829440,6,0.2762476237450457,73,Revision adicional por analista; simulacion BAF
868641,6,0.2761037757403533,74,Revision adicional por analista; simulacion BAF
816551,6,0.27526866729834026,75,Revision adicional por analista; simulacion BAF
842575,6,0.275204732711651,76,Revision adicional por analista; simulacion BAF
886165,6,0.27441761203267073,77,Revision adicional por analista; simulacion BAF
849317,6,0.2721448716058256,78,Revision adicional por analista; simulacion BAF
891800,6,0.2694468970479635,79,Revision adicional por analista; simulacion BAF
864693,6,0.26922033837380577,80,Revision adicional por analista; simulacion BAF
869380,6,0.26907919115952683,81,Revision adicional por analista; simulacion BAF
811617,6,0.2690292410259084,82,Revision adicional por analista; simulacion BAF
850379,6,0.26901061161348955,83,Revision adicional por analista; simulacion BAF
816642,6,0.26887712205058606,84,Revision adicional por analista; simulacion BAF
797964,6,0.2682925300351358,85,Revision adicional por analista; simulacion BAF
837649,6,0.2668589589209553,86,Revision adicional por analista; simulacion BAF
877093,6,0.26621844238119385,87,Revision adicional por analista; simulacion BAF
806370,6,0.2652887752589716,88,Revision adicional por analista; simulacion BAF
844757,6,0.264600735479692,89,Revision adicional por analista; simulacion BAF
896092,6,0.26286971405104165,90,Revision adicional por analista; simulacion BAF
902361,6,0.2613111570019224,91,Revision adicional por analista; simulacion BAF
804290,6,0.25983868856802744,92,Revision adicional por analista; simulacion BAF
827245,6,0.25896970757320115,93,Revision adicional por analista; simulacion BAF
897188,6,0.25721420215915297,94,Revision adicional por analista; simulacion BAF
876054,6,0.25644072996240397,95,Revision adicional por analista; simulacion BAF
878500,6,0.2563216705183192,96,Revision adicional por analista; simulacion BAF
812108,6,0.25607021078263376,97,Revision adicional por analista; simulacion BAF
871579,6,0.25588603340660016,98,Revision adicional por analista; simulacion BAF
880298,6,0.2549930223009431,99,Revision adicional por analista; simulacion BAF
797464,6,0.2530115475567308,100,Revision adicional por analista; simulacion BAF
884551,6,0.25276504431014185,101,Revision adicional por analista; simulacion BAF
819096,6,0.25249380372095276,102,Revision adicional por analista; simulacion BAF
887908,6,0.2517611000356145,103,Revision adicional por analista; simulacion BAF
823675,6,0.2515101995704761,104,Revision adicional por analista; simulacion BAF
888869,6,0.2509034293139382,105,Revision adicional por analista; simulacion BAF
882579,6,0.2505561397367061,106,Revision adicional por analista; simulacion BAF
803259,6,0.2504266368142568,107,Revision adicional por analista; simulacion BAF
849684,6,0.2497407341896296,108,Revision adicional por analista; simulacion BAF
868681,6,0.24858890499785677,109,Revision adicional por analista; simulacion BAF
808075,6,0.2484777695889082,110,Revision adicional por analista; simulacion BAF
804561,6,0.24818636388084073,111,Revision adicional por analista; simulacion BAF
865858,6,0.24768149059424927,112,Revision adicional por analista; simulacion BAF
824859,6,0.24752740957069103,113,Revision adicional por analista; simulacion BAF
899974,6,0.24670133876327055,114,Revision adicional por analista; simulacion BAF
825563,6,0.2462739686981886,115,Revision adicional por analista; simulacion BAF
855630,6,0.2462026675206574,116,Revision adicional por analista; simulacion BAF
866314,6,0.24586153572124295,117,Revision adicional por analista; simulacion BAF
823820,6,0.2442115359422937,118,Revision adicional por analista; simulacion BAF
821455,6,0.24399364464131468,119,Revision adicional por analista; simulacion BAF
896946,6,0.24369807381599795,120,Revision adicional por analista; simulacion BAF
807069,6,0.24260937362608972,121,Revision adicional por analista; simulacion BAF
846176,6,0.24210956169827488,122,Revision adicional por analista; simulacion BAF
797944,6,0.2414746715437686,123,Revision adicional por analista; simulacion BAF
847331,6,0.2414030546341606,124,Revision adicional por analista; simulacion BAF
860274,6,0.2406577891409231,125,Revision adicional por analista; simulacion BAF
851245,6,0.24022318329069492,126,Revision adicional por analista; simulacion BAF
877532,6,0.23932768919477737,127,Revision adicional por analista; simulacion BAF
896666,6,0.23901436160941023,128,Revision adicional por analista; simulacion BAF
867261,6,0.23842491773232216,129,Revision adicional por analista; simulacion BAF
848145,6,0.23800149034791201,130,Revision adicional por analista; simulacion BAF
857045,6,0.2373465331173943,131,Revision adicional por analista; simulacion BAF
838784,6,0.23701693034401378,132,Revision adicional por analista; simulacion BAF
876995,6,0.23696927968684514,133,Revision adicional por analista; simulacion BAF
874637,6,0.23664122091695108,134,Revision adicional por analista; simulacion BAF
841834,6,0.23631176181424823,135,Revision adicional por analista; simulacion BAF
866653,6,0.23491011486907404,136,Revision adicional por analista; simulacion BAF
865358,6,0.2346532940166272,137,Revision adicional por analista; simulacion BAF
830453,6,0.23444302787371754,138,Revision adicional por analista; simulacion BAF
884598,6,0.2342375101928048,139,Revision adicional por analista; simulacion BAF
853426,6,0.23389701693074558,140,Revision adicional por analista; simulacion BAF
837231,6,0.23290733412308146,141,Revision adicional por analista; simulacion BAF
811674,6,0.2320778559097797,142,Revision adicional por analista; simulacion BAF
832873,6,0.23193670261276456,143,Revision adicional por analista; simulacion BAF
799350,6,0.230514490383783,144,Revision adicional por analista; simulacion BAF
893579,6,0.22994951888626486,145,Revision adicional por analista; simulacion BAF
898422,6,0.22994387333869634,146,Revision adicional por analista; simulacion BAF
813593,6,0.22966020791140154,147,Revision adicional por analista; simulacion BAF
800981,6,0.22855529623388565,148,Revision adicional por analista; simulacion BAF
882490,6,0.22845058667310375,149,Revision adicional por analista; simulacion BAF
861695,6,0.22794785930054373,150,Revision adicional por analista; simulacion BAF
886560,6,0.22778126808742274,151,Revision adicional por analista; simulacion BAF
901836,6,0.2261091041539837,152,Revision adicional por analista; simulacion BAF
797976,6,0.22602956390257933,153,Revision adicional por analista; simulacion BAF
870432,6,0.22582318013867542,154,Revision adicional por analista; simulacion BAF
822368,6,0.22537340693073782,155,Revision adicional por analista; simulacion BAF
804400,6,0.22468384364851748,156,Revision adicional por analista; simulacion BAF
839380,6,0.22310254859317738,157,Revision adicional por analista; simulacion BAF
885449,6,0.22298449914152293,158,Revision adicional por analista; simulacion BAF
858854,6,0.22288320972520365,159,Revision adicional por analista; simulacion BAF
902919,6,0.2215227855056165,160,Revision adicional por analista; simulacion BAF
878042,6,0.2209473244653109,161,Revision adicional por analista; simulacion BAF
808891,6,0.22063508074592347,162,Revision adicional por analista; simulacion BAF
857775,6,0.2203351810540989,163,Revision adicional por analista; simulacion BAF
901557,6,0.2202054505895472,164,Revision adicional por analista; simulacion BAF
806726,6,0.21975534464117383,165,Revision adicional por analista; simulacion BAF
807083,6,0.2180024323595317,166,Revision adicional por analista; simulacion BAF
844147,6,0.21679813901548922,167,Revision adicional por analista; simulacion BAF
894804,6,0.2167939777059753,168,Revision adicional por analista; simulacion BAF
810103,6,0.21555070418822775,169,Revision adicional por analista; simulacion BAF
849833,6,0.2151608328514557,170,Revision adicional por analista; simulacion BAF
878907,6,0.21495290784315976,171,Revision adicional por analista; simulacion BAF
825644,6,0.21367027214624598,172,Revision adicional por analista; simulacion BAF
893643,6,0.21326839937950828,173,Revision adicional por analista; simulacion BAF
800250,6,0.21310200862553852,174,Revision adicional por analista; simulacion BAF
840796,6,0.21261684368221764,175,Revision adicional por analista; simulacion BAF
859725,6,0.21050272700040248,176,Revision adicional por analista; simulacion BAF
890398,6,0.20835816813034097,177,Revision adicional por analista; simulacion BAF
863713,6,0.2080377722786929,178,Revision adicional por analista; simulacion BAF
829937,6,0.2059890773471637,179,Revision adicional por analista; simulacion BAF
817324,6,0.20596662120757148,180,Revision adicional por analista; simulacion BAF
842466,6,0.20549388253907047,181,Revision adicional por analista; simulacion BAF
872782,6,0.2045220666671373,182,Revision adicional por analista; simulacion BAF
795270,6,0.2044289180973367,183,Revision adicional por analista; simulacion BAF
819896,6,0.2040731826087329,184,Revision adicional por analista; simulacion BAF
809490,6,0.20403137523353213,185,Revision adicional por analista; simulacion BAF
892388,6,0.2029715757001683,186,Revision adicional por analista; simulacion BAF
891321,6,0.20265959647048673,187,Revision adicional por analista; simulacion BAF
881300,6,0.2023918938175652,188,Revision adicional por analista; simulacion BAF
897460,6,0.20097918923208635,189,Revision adicional por analista; simulacion BAF
896138,6,0.2008535284477135,190,Revision adicional por analista; simulacion BAF
846205,6,0.20079907988690968,191,Revision adicional por analista; simulacion BAF
843962,6,0.2005100018614971,192,Revision adicional por analista; simulacion BAF
880912,6,0.20004512669941774,193,Revision adicional por analista; simulacion BAF
843804,6,0.19991770080065369,194,Revision adicional por analista; simulacion BAF
896037,6,0.19968163920833765,195,Revision adicional por analista; simulacion BAF
856346,6,0.19939906226284934,196,Revision adicional por analista; simulacion BAF
886430,6,0.1991830727737783,197,Revision adicional por analista; simulacion BAF
841166,6,0.19867729201211165,198,Revision adicional por analista; simulacion BAF
900423,6,0.19854325791970392,199,Revision adicional por analista; simulacion BAF
822237,6,0.19837404186394791,200,Revision adicional por analista; simulacion BAF
897771,6,0.1982932870481042,201,Revision adicional por analista; simulacion BAF
902277,6,0.19808031643791643,202,Revision adicional por analista; simulacion BAF
802286,6,0.19758771921471788,203,Revision adicional por analista; simulacion BAF
850346,6,0.19742289731069482,204,Revision adicional por analista; simulacion BAF
824654,6,0.19706891272840693,205,Revision adicional por analista; simulacion BAF
796819,6,0.19705829069204508,206,Revision adicional por analista; simulacion BAF
826200,6,0.19701373253132398,207,Revision adicional por analista; simulacion BAF
802010,6,0.19661764531372475,208,Revision adicional por analista; simulacion BAF
800478,6,0.19608180562497135,209,Revision adicional por analista; simulacion BAF
822987,6,0.1958189970592647,210,Revision adicional por analista; simulacion BAF
895740,6,0.1957082409058244,211,Revision adicional por analista; simulacion BAF
834865,6,0.1954385394278101,212,Revision adicional por analista; simulacion BAF
851937,6,0.1950894716871943,213,Revision adicional por analista; simulacion BAF
828748,6,0.1948678310527786,214,Revision adicional por analista; simulacion BAF
833514,6,0.1941391589884573,215,Revision adicional por analista; simulacion BAF
836296,6,0.1940926725269854,216,Revision adicional por analista; simulacion BAF
844618,6,0.1940542502232679,217,Revision adicional por analista; simulacion BAF
812569,6,0.19376531806834105,218,Revision adicional por analista; simulacion BAF
890987,6,0.19362714001726408,219,Revision adicional por analista; simulacion BAF
868502,6,0.19355476577245523,220,Revision adicional por analista; simulacion BAF
846166,6,0.19351441666454214,221,Revision adicional por analista; simulacion BAF
881180,6,0.19339517099242823,222,Revision adicional por analista; simulacion BAF
827090,6,0.19320417476200566,223,Revision adicional por analista; simulacion BAF
867110,6,0.19289108486837253,224,Revision adicional por analista; simulacion BAF
892047,6,0.19280783303240245,225,Revision adicional por analista; simulacion BAF
816896,6,0.19261686690580213,226,Revision adicional por analista; simulacion BAF
797657,6,0.192595826878264,227,Revision adicional por analista; simulacion BAF
853482,6,0.19254207224880526,228,Revision adicional por analista; simulacion BAF
894318,6,0.192463240995402,229,Revision adicional por analista; simulacion BAF
807454,6,0.19143076102908066,230,Revision adicional por analista; simulacion BAF
825559,6,0.19117224496458002,231,Revision adicional por analista; simulacion BAF
822844,6,0.19096170193393558,232,Revision adicional por analista; simulacion BAF
872527,6,0.1909509593588824,233,Revision adicional por analista; simulacion BAF
902392,6,0.19076771559123512,234,Revision adicional por analista; simulacion BAF
813498,6,0.19063857429487288,235,Revision adicional por analista; simulacion BAF
816086,6,0.19003601147124874,236,Revision adicional por analista; simulacion BAF
840560,6,0.18980211685502102,237,Revision adicional por analista; simulacion BAF
821302,6,0.18909590298714266,238,Revision adicional por analista; simulacion BAF
827579,6,0.18899620075952736,239,Revision adicional por analista; simulacion BAF
894473,6,0.18808542556966218,240,Revision adicional por analista; simulacion BAF
823445,6,0.1878487673472543,241,Revision adicional por analista; simulacion BAF
894783,6,0.18784352101091384,242,Revision adicional por analista; simulacion BAF
844894,6,0.1875755276670345,243,Revision adicional por analista; simulacion BAF
817821,6,0.18727944090942983,244,Revision adicional por analista; simulacion BAF
805249,6,0.18710877241793814,245,Revision adicional por analista; simulacion BAF
867459,6,0.18694974411737147,246,Revision adicional por analista; simulacion BAF
807852,6,0.1862214496492206,247,Revision adicional por analista; simulacion BAF
846551,6,0.18613094392278243,248,Revision adicional por analista; simulacion BAF
900845,6,0.18608872630554257,249,Revision adicional por analista; simulacion BAF
866908,6,0.1856448996088417,250,Revision adicional por analista; simulacion BAF
858558,6,0.18553000586973348,251,Revision adicional por analista; simulacion BAF
822639,6,0.18551142025797265,252,Revision adicional por analista; simulacion BAF
856070,6,0.18501006470482018,253,Revision adicional por analista; simulacion BAF
856020,6,0.18457439304712,254,Revision adicional por analista; simulacion BAF
829524,6,0.18392291528442453,255,Revision adicional por analista; simulacion BAF
865933,6,0.18381359354438762,256,Revision adicional por analista; simulacion BAF
851827,6,0.18378271656707446,257,Revision adicional por analista; simulacion BAF
874504,6,0.18360758196122542,258,Revision adicional por analista; simulacion BAF
847408,6,0.1830452799127245,259,Revision adicional por analista; simulacion BAF
834334,6,0.18294457682300874,260,Revision adicional por analista; simulacion BAF
802884,6,0.18286223801599588,261,Revision adicional por analista; simulacion BAF
879740,6,0.18282060327381455,262,Revision adicional por analista; simulacion BAF
823309,6,0.18254631104601793,263,Revision adicional por analista; simulacion BAF
830137,6,0.1825371459494208,264,Revision adicional por analista; simulacion BAF
847674,6,0.18240538167027137,265,Revision adicional por analista; simulacion BAF
876592,6,0.18161592629277698,266,Revision adicional por analista; simulacion BAF
890835,6,0.181492443732644,267,Revision adicional por analista; simulacion BAF
897532,6,0.18089316630551586,268,Revision adicional por analista; simulacion BAF
883200,6,0.18062478786481678,269,Revision adicional por analista; simulacion BAF
899931,6,0.18024272701512375,270,Revision adicional por analista; simulacion BAF
833044,6,0.17985179287064632,271,Revision adicional por analista; simulacion BAF
899662,6,0.1796900089828123,272,Revision adicional por analista; simulacion BAF
795875,6,0.17966898310824495,273,Revision adicional por analista; simulacion BAF
817709,6,0.17942224099931373,274,Revision adicional por analista; simulacion BAF
900676,6,0.17791835731842837,275,Revision adicional por analista; simulacion BAF
840604,6,0.17777876114704017,276,Revision adicional por analista; simulacion BAF
831691,6,0.17749252742256602,277,Revision adicional por analista; simulacion BAF
822455,6,0.17746475980753862,278,Revision adicional por analista; simulacion BAF
813251,6,0.17729204759872846,279,Revision adicional por analista; simulacion BAF
884299,6,0.17718349505599248,280,Revision adicional por analista; simulacion BAF
812537,6,0.17696952964801352,281,Revision adicional por analista; simulacion BAF
827897,6,0.17691732183255274,282,Revision adicional por analista; simulacion BAF
849437,6,0.1768706239015053,283,Revision adicional por analista; simulacion BAF
847825,6,0.17643392997402715,284,Revision adicional por analista; simulacion BAF
895985,6,0.17598579601040829,285,Revision adicional por analista; simulacion BAF
797959,6,0.17590046368717568,286,Revision adicional por analista; simulacion BAF
878841,6,0.1757895340578259,287,Revision adicional por analista; simulacion BAF
892653,6,0.17566188390368312,288,Revision adicional por analista; simulacion BAF
836452,6,0.17561290416855654,289,Revision adicional por analista; simulacion BAF
882276,6,0.17521320285252245,290,Revision adicional por analista; simulacion BAF
874838,6,0.17505487291572683,291,Revision adicional por analista; simulacion BAF
823657,6,0.17496980954762245,292,Revision adicional por analista; simulacion BAF
856193,6,0.17465065456406315,293,Revision adicional por analista; simulacion BAF
810453,6,0.17458299351599257,294,Revision adicional por analista; simulacion BAF
854776,6,0.17411536590353596,295,Revision adicional por analista; simulacion BAF
871770,6,0.1740854403783742,296,Revision adicional por analista; simulacion BAF
860636,6,0.17404157072789755,297,Revision adicional por analista; simulacion BAF
801710,6,0.17353336671812175,298,Revision adicional por analista; simulacion BAF
799738,6,0.17353237154497322,299,Revision adicional por analista; simulacion BAF
886188,6,0.17347408193541955,300,Revision adicional por analista; simulacion BAF
859048,6,0.17336619028733102,301,Revision adicional por analista; simulacion BAF
895407,6,0.1733430344361229,302,Revision adicional por analista; simulacion BAF
880201,6,0.1728739919781899,303,Revision adicional por analista; simulacion BAF
809341,6,0.17253808143620347,304,Revision adicional por analista; simulacion BAF
795295,6,0.172392756672124,305,Revision adicional por analista; simulacion BAF
825906,6,0.17235836134333085,306,Revision adicional por analista; simulacion BAF
829648,6,0.17217216151936862,307,Revision adicional por analista; simulacion BAF
887450,6,0.17163030362757792,308,Revision adicional por analista; simulacion BAF
850648,6,0.1715637720853769,309,Revision adicional por analista; simulacion BAF
872558,6,0.1712795072928287,310,Revision adicional por analista; simulacion BAF
852011,6,0.171138114095772,311,Revision adicional por analista; simulacion BAF
825776,6,0.17014528089478909,312,Revision adicional por analista; simulacion BAF
856753,6,0.1701239418624586,313,Revision adicional por analista; simulacion BAF
877270,6,0.17001972051637881,314,Revision adicional por analista; simulacion BAF
843632,6,0.16980665115587815,315,Revision adicional por analista; simulacion BAF
795050,6,0.16979837493332658,316,Revision adicional por analista; simulacion BAF
845986,6,0.16961122581451132,317,Revision adicional por analista; simulacion BAF
886866,6,0.16950378642398123,318,Revision adicional por analista; simulacion BAF
832855,6,0.16911481928300237,319,Revision adicional por analista; simulacion BAF
858970,6,0.16900794034245467,320,Revision adicional por analista; simulacion BAF
823636,6,0.16858484099602858,321,Revision adicional por analista; simulacion BAF
797480,6,0.1685762358370965,322,Revision adicional por analista; simulacion BAF
892182,6,0.1685621743086414,323,Revision adicional por analista; simulacion BAF
895122,6,0.16850269955072758,324,Revision adicional por analista; simulacion BAF
874092,6,0.16839087901414426,325,Revision adicional por analista; simulacion BAF
892806,6,0.16823247695431118,326,Revision adicional por analista; simulacion BAF
828172,6,0.16820263306712566,327,Revision adicional por analista; simulacion BAF
837026,6,0.16803570921892574,328,Revision adicional por analista; simulacion BAF
877694,6,0.16787739818659056,329,Revision adicional por analista; simulacion BAF
814710,6,0.16784587664274175,330,Revision adicional por analista; simulacion BAF
813588,6,0.1678332377887647,331,Revision adicional por analista; simulacion BAF
850746,6,0.1676421463242782,332,Revision adicional por analista; simulacion BAF
840311,6,0.1676205983024666,333,Revision adicional por analista; simulacion BAF
860956,6,0.1674552799493523,334,Revision adicional por analista; simulacion BAF
895995,6,0.16721668766613573,335,Revision adicional por analista; simulacion BAF
831336,6,0.1670952072321069,336,Revision adicional por analista; simulacion BAF
806832,6,0.16706049158430966,337,Revision adicional por analista; simulacion BAF
846837,6,0.16666134551349202,338,Revision adicional por analista; simulacion BAF
844254,6,0.16655582352866433,339,Revision adicional por analista; simulacion BAF
797089,6,0.1664194611370071,340,Revision adicional por analista; simulacion BAF
862954,6,0.166069121606599,341,Revision adicional por analista; simulacion BAF
808311,6,0.1656412825350215,342,Revision adicional por analista; simulacion BAF
884687,6,0.16546369548383016,343,Revision adicional por analista; simulacion BAF
884000,6,0.1654104531814235,344,Revision adicional por analista; simulacion BAF
844974,6,0.1652979453066704,345,Revision adicional por analista; simulacion BAF
894181,6,0.1652877580623555,346,Revision adicional por analista; simulacion BAF
855753,6,0.16522823249372431,347,Revision adicional por analista; simulacion BAF
853493,6,0.1648931787293439,348,Revision adicional por analista; simulacion BAF
859569,6,0.1648219605485982,349,Revision adicional por analista; simulacion BAF
886793,6,0.16481107024435443,350,Revision adicional por analista; simulacion BAF
829973,6,0.16453671542447784,351,Revision adicional por analista; simulacion BAF
902243,6,0.1644309270117038,352,Revision adicional por analista; simulacion BAF
882889,6,0.1643217092919084,353,Revision adicional por analista; simulacion BAF
815787,6,0.16420782085185073,354,Revision adicional por analista; simulacion BAF
892598,6,0.16398810104008749,355,Revision adicional por analista; simulacion BAF
890806,6,0.16386493674267655,356,Revision adicional por analista; simulacion BAF
877037,6,0.16377685642667894,357,Revision adicional por analista; simulacion BAF
859227,6,0.16342754940070178,358,Revision adicional por analista; simulacion BAF
885618,6,0.16313025453961627,359,Revision adicional por analista; simulacion BAF
837759,6,0.1630407939701945,360,Revision adicional por analista; simulacion BAF
855667,6,0.16301530516573945,361,Revision adicional por analista; simulacion BAF
816629,6,0.162802734312481,362,Revision adicional por analista; simulacion BAF
840210,6,0.16269036423288824,363,Revision adicional por analista; simulacion BAF
802214,6,0.16241089444585707,364,Revision adicional por analista; simulacion BAF
861747,6,0.16233769454287328,365,Revision adicional por analista; simulacion BAF
901592,6,0.16231019351582315,366,Revision adicional por analista; simulacion BAF
871969,6,0.16222358061128234,367,Revision adicional por analista; simulacion BAF
847190,6,0.1621150759412741,368,Revision adicional por analista; simulacion BAF
857447,6,0.1620845295582108,369,Revision adicional por analista; simulacion BAF
833189,6,0.16203504733234528,370,Revision adicional por analista; simulacion BAF
879737,6,0.16167815100153965,371,Revision adicional por analista; simulacion BAF
859654,6,0.16132723240526511,372,Revision adicional por analista; simulacion BAF
892033,6,0.16130881078935932,373,Revision adicional por analista; simulacion BAF
850585,6,0.16129926378731224,374,Revision adicional por analista; simulacion BAF
805515,6,0.16116474264738073,375,Revision adicional por analista; simulacion BAF
879148,6,0.1610339539365985,376,Revision adicional por analista; simulacion BAF
872064,6,0.160262633233449,377,Revision adicional por analista; simulacion BAF
816183,6,0.16006025202637691,378,Revision adicional por analista; simulacion BAF
902777,6,0.1595842012801555,379,Revision adicional por analista; simulacion BAF
823971,6,0.15952620746589033,380,Revision adicional por analista; simulacion BAF
874494,6,0.15948587806051762,381,Revision adicional por analista; simulacion BAF
886422,6,0.1586308146441937,382,Revision adicional por analista; simulacion BAF
900496,6,0.15857975632976581,383,Revision adicional por analista; simulacion BAF
841042,6,0.15836932525275518,384,Revision adicional por analista; simulacion BAF
867337,6,0.1582082481916209,385,Revision adicional por analista; simulacion BAF
822641,6,0.15816401539679695,386,Revision adicional por analista; simulacion BAF
871462,6,0.15813406856098602,387,Revision adicional por analista; simulacion BAF
826050,6,0.1579592014305272,388,Revision adicional por analista; simulacion BAF
831964,6,0.15772923330016014,389,Revision adicional por analista; simulacion BAF
845662,6,0.1576229324219765,390,Revision adicional por analista; simulacion BAF
811436,6,0.15762219710884107,391,Revision adicional por analista; simulacion BAF
870103,6,0.15735393256801591,392,Revision adicional por analista; simulacion BAF
865080,6,0.15726495352226058,393,Revision adicional por analista; simulacion BAF
885648,6,0.15726165378176396,394,Revision adicional por analista; simulacion BAF
890741,6,0.15723081226537478,395,Revision adicional por analista; simulacion BAF
886666,6,0.15691038324916132,396,Revision adicional por analista; simulacion BAF
881253,6,0.15677499427247177,397,Revision adicional por analista; simulacion BAF
872898,6,0.15675249835670862,398,Revision adicional por analista; simulacion BAF
900948,6,0.1566354476216007,399,Revision adicional por analista; simulacion BAF
814175,6,0.1565953678254462,400,Revision adicional por analista; simulacion BAF
834830,6,0.1565703605323318,401,Revision adicional por analista; simulacion BAF
825424,6,0.1565447092185166,402,Revision adicional por analista; simulacion BAF
812098,6,0.1564662090652113,403,Revision adicional por analista; simulacion BAF
845260,6,0.15643645910649895,404,Revision adicional por analista; simulacion BAF
822299,6,0.15640208945299164,405,Revision adicional por analista; simulacion BAF
878314,6,0.15599023268825832,406,Revision adicional por analista; simulacion BAF
802141,6,0.1558471076845751,407,Revision adicional por analista; simulacion BAF
874028,6,0.15583382157614303,408,Revision adicional por analista; simulacion BAF
863398,6,0.15569031137878167,409,Revision adicional por analista; simulacion BAF
866703,6,0.1555380322872584,410,Revision adicional por analista; simulacion BAF
798547,6,0.1554321543959355,411,Revision adicional por analista; simulacion BAF
852485,6,0.15517051038342095,412,Revision adicional por analista; simulacion BAF
888695,6,0.15486804747749267,413,Revision adicional por analista; simulacion BAF
843722,6,0.15478318700261642,414,Revision adicional por analista; simulacion BAF
881552,6,0.15441254353293501,415,Revision adicional por analista; simulacion BAF
831821,6,0.1541177592633037,416,Revision adicional por analista; simulacion BAF
799148,6,0.15411134277563798,417,Revision adicional por analista; simulacion BAF
825093,6,0.15369029409544305,418,Revision adicional por analista; simulacion BAF
846284,6,0.1534839105815394,419,Revision adicional por analista; simulacion BAF
825144,6,0.15325787152074904,420,Revision adicional por analista; simulacion BAF
856015,6,0.15307786938658696,421,Revision adicional por analista; simulacion BAF
888783,6,0.15290621593195425,422,Revision adicional por analista; simulacion BAF
822999,6,0.15274329949888155,423,Revision adicional por analista; simulacion BAF
806733,6,0.15268938815146807,424,Revision adicional por analista; simulacion BAF
873052,6,0.15184833516604768,425,Revision adicional por analista; simulacion BAF
861667,6,0.1518395534943161,426,Revision adicional por analista; simulacion BAF
805673,6,0.15176082195403656,427,Revision adicional por analista; simulacion BAF
857931,6,0.15162048773313774,428,Revision adicional por analista; simulacion BAF
850051,6,0.15155931374369966,429,Revision adicional por analista; simulacion BAF
847127,6,0.15141826675953246,430,Revision adicional por analista; simulacion BAF
826340,6,0.15134186688740717,431,Revision adicional por analista; simulacion BAF
809681,6,0.15128734384698006,432,Revision adicional por analista; simulacion BAF
870740,6,0.1512789501969224,433,Revision adicional por analista; simulacion BAF
891375,6,0.15122433038888355,434,Revision adicional por analista; simulacion BAF
835768,6,0.15117281845017985,435,Revision adicional por analista; simulacion BAF
860706,6,0.15116011733584747,436,Revision adicional por analista; simulacion BAF
838715,6,0.1508734385183799,437,Revision adicional por analista; simulacion BAF
880551,6,0.15075122630592794,438,Revision adicional por analista; simulacion BAF
897029,6,0.15018505124471496,439,Revision adicional por analista; simulacion BAF
878811,6,0.1501822743917377,440,Revision adicional por analista; simulacion BAF
899678,6,0.15007675855097383,441,Revision adicional por analista; simulacion BAF
814150,6,0.14984415507168108,442,Revision adicional por analista; simulacion BAF
856379,6,0.14971976337769421,443,Revision adicional por analista; simulacion BAF
797732,6,0.149690097774931,444,Revision adicional por analista; simulacion BAF
866915,6,0.14965033088336202,445,Revision adicional por analista; simulacion BAF
885998,6,0.14932649885433147,446,Revision adicional por analista; simulacion BAF
849582,6,0.14886722645102196,447,Revision adicional por analista; simulacion BAF
799800,6,0.14885149268628936,448,Revision adicional por analista; simulacion BAF
846256,6,0.14856419672760252,449,Revision adicional por analista; simulacion BAF
805111,6,0.1485081975786356,450,Revision adicional por analista; simulacion BAF
864413,6,0.14841121234358312,451,Revision adicional por analista; simulacion BAF
901643,6,0.14809683589130845,452,Revision adicional por analista; simulacion BAF
881226,6,0.14777972425669597,453,Revision adicional por analista; simulacion BAF
828344,6,0.14761730362129638,454,Revision adicional por analista; simulacion BAF
819179,6,0.1474776447527389,455,Revision adicional por analista; simulacion BAF
871084,6,0.14744954008883587,456,Revision adicional por analista; simulacion BAF
857864,6,0.14732179748203825,457,Revision adicional por analista; simulacion BAF
801094,6,0.14712184387665658,458,Revision adicional por analista; simulacion BAF
860103,6,0.14693585422928376,459,Revision adicional por analista; simulacion BAF
803293,6,0.1467543368395517,460,Revision adicional por analista; simulacion BAF
886121,6,0.14674901086958642,461,Revision adicional por analista; simulacion BAF
893039,6,0.14671088427887377,462,Revision adicional por analista; simulacion BAF
881165,6,0.14666749803084828,463,Revision adicional por analista; simulacion BAF
846932,6,0.1464074184172409,464,Revision adicional por analista; simulacion BAF
860366,6,0.1462765806849632,465,Revision adicional por analista; simulacion BAF
847373,6,0.14598467187760805,466,Revision adicional por analista; simulacion BAF
828894,6,0.14596439468888153,467,Revision adicional por analista; simulacion BAF
845478,6,0.14571850428234578,468,Revision adicional por analista; simulacion BAF
819153,6,0.14571022312179013,469,Revision adicional por analista; simulacion BAF
830958,6,0.14533364930195333,470,Revision adicional por analista; simulacion BAF
849914,6,0.1451779851223315,471,Revision adicional por analista; simulacion BAF
841135,6,0.14504012458034318,472,Revision adicional por analista; simulacion BAF
808252,6,0.1449864084682375,473,Revision adicional por analista; simulacion BAF
798413,6,0.14496803613262296,474,Revision adicional por analista; simulacion BAF
853654,6,0.14476033455058623,475,Revision adicional por analista; simulacion BAF
887047,6,0.14449139404645633,476,Revision adicional por analista; simulacion BAF
843345,6,0.1443377765379377,477,Revision adicional por analista; simulacion BAF
797684,6,0.14433280951578986,478,Revision adicional por analista; simulacion BAF
818244,6,0.14423857220655134,479,Revision adicional por analista; simulacion BAF
848994,6,0.14413381744920722,480,Revision adicional por analista; simulacion BAF
801446,6,0.14405269531917483,481,Revision adicional por analista; simulacion BAF
797292,6,0.1439990507722162,482,Revision adicional por analista; simulacion BAF
895374,6,0.14397975810085506,483,Revision adicional por analista; simulacion BAF
844895,6,0.14391600332181345,484,Revision adicional por analista; simulacion BAF
799191,6,0.14382180063522823,485,Revision adicional por analista; simulacion BAF
868589,6,0.14379856662721405,486,Revision adicional por analista; simulacion BAF
880413,6,0.1435879524963205,487,Revision adicional por analista; simulacion BAF
890522,6,0.1435224150259091,488,Revision adicional por analista; simulacion BAF
896522,6,0.14334143728106008,489,Revision adicional por analista; simulacion BAF
795321,6,0.14323956382363384,490,Revision adicional por analista; simulacion BAF
810712,6,0.14322420080230217,491,Revision adicional por analista; simulacion BAF
851923,6,0.14321214312862568,492,Revision adicional por analista; simulacion BAF
866873,6,0.14319246863478194,493,Revision adicional por analista; simulacion BAF
881266,6,0.14299318934424862,494,Revision adicional por analista; simulacion BAF
813916,6,0.14297857993955634,495,Revision adicional por analista; simulacion BAF
820236,6,0.14295068805154904,496,Revision adicional por analista; simulacion BAF
858426,6,0.14294770900699505,497,Revision adicional por analista; simulacion BAF
870824,6,0.14291919252419008,498,Revision adicional por analista; simulacion BAF
871264,6,0.14269763728339172,499,Revision adicional por analista; simulacion BAF
857632,6,0.1425583331601806,500,Revision adicional por analista; simulacion BAF
822700,6,0.1421366088890409,501,Revision adicional por analista; simulacion BAF
795324,6,0.14209585822747567,502,Revision adicional por analista; simulacion BAF
816279,6,0.14168685093902214,503,Revision adicional por analista; simulacion BAF
869494,6,0.14147668265618302,504,Revision adicional por analista; simulacion BAF
889335,6,0.14126425429968445,505,Revision adicional por analista; simulacion BAF
890389,6,0.1411560422732229,506,Revision adicional por analista; simulacion BAF
856084,6,0.1410268779013762,507,Revision adicional por analista; simulacion BAF
875272,6,0.14038577582493236,508,Revision adicional por analista; simulacion BAF
888621,6,0.14038509432903826,509,Revision adicional por analista; simulacion BAF
834771,6,0.1403141472966703,510,Revision adicional por analista; simulacion BAF
858460,6,0.14029474539772055,511,Revision adicional por analista; simulacion BAF
833128,6,0.14006314881937368,512,Revision adicional por analista; simulacion BAF
823692,6,0.1400601797515143,513,Revision adicional por analista; simulacion BAF
838672,6,0.1400189130952511,514,Revision adicional por analista; simulacion BAF
824480,6,0.13995576653785913,515,Revision adicional por analista; simulacion BAF
797334,6,0.1398542114543508,516,Revision adicional por analista; simulacion BAF
857889,6,0.13979449321325801,517,Revision adicional por analista; simulacion BAF
873670,6,0.13953195497157386,518,Revision adicional por analista; simulacion BAF
800823,6,0.13945732097610608,519,Revision adicional por analista; simulacion BAF
876364,6,0.13940119061828338,520,Revision adicional por analista; simulacion BAF
870031,6,0.1390835806126076,521,Revision adicional por analista; simulacion BAF
891043,6,0.1390194640719502,522,Revision adicional por analista; simulacion BAF
842292,6,0.13892263681043102,523,Revision adicional por analista; simulacion BAF
878018,6,0.1389190522155281,524,Revision adicional por analista; simulacion BAF
838203,6,0.13887890591476854,525,Revision adicional por analista; simulacion BAF
871962,6,0.13849981546411994,526,Revision adicional por analista; simulacion BAF
874891,6,0.13844369328800898,527,Revision adicional por analista; simulacion BAF
881504,6,0.13802181972475647,528,Revision adicional por analista; simulacion BAF
869864,6,0.13800409032807964,529,Revision adicional por analista; simulacion BAF
859902,6,0.13800284867013635,530,Revision adicional por analista; simulacion BAF
823615,6,0.1379696331561741,531,Revision adicional por analista; simulacion BAF
809732,6,0.1378382716824565,532,Revision adicional por analista; simulacion BAF
814633,6,0.13757998993498538,533,Revision adicional por analista; simulacion BAF
870725,6,0.13737671848567407,534,Revision adicional por analista; simulacion BAF
874175,6,0.13730658898780698,535,Revision adicional por analista; simulacion BAF
866448,6,0.1372977598567106,536,Revision adicional por analista; simulacion BAF
901194,6,0.1367467351343894,537,Revision adicional por analista; simulacion BAF
874499,6,0.13669341791589507,538,Revision adicional por analista; simulacion BAF
900700,6,0.13658708734576558,539,Revision adicional por analista; simulacion BAF
808482,6,0.1364976019419191,540,Revision adicional por analista; simulacion BAF
887919,6,0.13646294565455297,541,Revision adicional por analista; simulacion BAF
815481,6,0.13626258761590737,542,Revision adicional por analista; simulacion BAF
857649,6,0.1359751008473059,543,Revision adicional por analista; simulacion BAF
898832,6,0.1358147802124537,544,Revision adicional por analista; simulacion BAF
880133,6,0.13576070303512905,545,Revision adicional por analista; simulacion BAF
838383,6,0.13572512594730385,546,Revision adicional por analista; simulacion BAF
819443,6,0.13546939117056891,547,Revision adicional por analista; simulacion BAF
804800,6,0.1354199053604439,548,Revision adicional por analista; simulacion BAF
899280,6,0.1350966693119653,549,Revision adicional por analista; simulacion BAF
901802,6,0.13504986494061372,550,Revision adicional por analista; simulacion BAF
881737,6,0.13485787439175687,551,Revision adicional por analista; simulacion BAF
834200,6,0.13481372201448485,552,Revision adicional por analista; simulacion BAF
839455,6,0.13474358591295152,553,Revision adicional por analista; simulacion BAF
903050,6,0.13454311673730396,554,Revision adicional por analista; simulacion BAF
855662,6,0.13440462786411042,555,Revision adicional por analista; simulacion BAF
852610,6,0.13417548812261096,556,Revision adicional por analista; simulacion BAF
828291,6,0.13408932469830628,557,Revision adicional por analista; simulacion BAF
845772,6,0.13385010147625215,558,Revision adicional por analista; simulacion BAF
879809,6,0.1337418122425314,559,Revision adicional por analista; simulacion BAF
900384,6,0.1336675717493196,560,Revision adicional por analista; simulacion BAF
876690,6,0.1336624212874909,561,Revision adicional por analista; simulacion BAF
856671,6,0.1336608955289192,562,Revision adicional por analista; simulacion BAF
808699,6,0.133257088737051,563,Revision adicional por analista; simulacion BAF
870770,6,0.13318608462164433,564,Revision adicional por analista; simulacion BAF
886199,6,0.13303225076904862,565,Revision adicional por analista; simulacion BAF
823924,6,0.13302248567208155,566,Revision adicional por analista; simulacion BAF
800310,6,0.13301592119192593,567,Revision adicional por analista; simulacion BAF
887754,6,0.13298909293518116,568,Revision adicional por analista; simulacion BAF
818429,6,0.13293334290111333,569,Revision adicional por analista; simulacion BAF
821842,6,0.13289280731965544,570,Revision adicional por analista; simulacion BAF
835587,6,0.13255592998430715,571,Revision adicional por analista; simulacion BAF
807604,6,0.13251715809364656,572,Revision adicional por analista; simulacion BAF
852309,6,0.13227661108175667,573,Revision adicional por analista; simulacion BAF
901059,6,0.1321115950040288,574,Revision adicional por analista; simulacion BAF
826583,6,0.13189474913081423,575,Revision adicional por analista; simulacion BAF
888499,6,0.13186167222676937,576,Revision adicional por analista; simulacion BAF
869068,6,0.1318377802304926,577,Revision adicional por analista; simulacion BAF
900939,6,0.13178357423314394,578,Revision adicional por analista; simulacion BAF
854980,6,0.13175051398879534,579,Revision adicional por analista; simulacion BAF
857462,6,0.13173881134130772,580,Revision adicional por analista; simulacion BAF
802260,6,0.1317382646392864,581,Revision adicional por analista; simulacion BAF
868820,6,0.1315963137563587,582,Revision adicional por analista; simulacion BAF
810365,6,0.13157156154636077,583,Revision adicional por analista; simulacion BAF
854159,6,0.13152291684416936,584,Revision adicional por analista; simulacion BAF
833028,6,0.13145545012811125,585,Revision adicional por analista; simulacion BAF
838574,6,0.13110080129728627,586,Revision adicional por analista; simulacion BAF
807198,6,0.13106241566989432,587,Revision adicional por analista; simulacion BAF
840419,6,0.13080462173186763,588,Revision adicional por analista; simulacion BAF
850343,6,0.13061031094019565,589,Revision adicional por analista; simulacion BAF
817433,6,0.1303615030182393,590,Revision adicional por analista; simulacion BAF
845884,6,0.1303435950197766,591,Revision adicional por analista; simulacion BAF
823314,6,0.13024477378766114,592,Revision adicional por analista; simulacion BAF
884435,6,0.13017938949162466,593,Revision adicional por analista; simulacion BAF
853343,6,0.13017390000069692,594,Revision adicional por analista; simulacion BAF
810698,6,0.13014238039680323,595,Revision adicional por analista; simulacion BAF
873280,6,0.13007977721887026,596,Revision adicional por analista; simulacion BAF
880489,6,0.12999059509756125,597,Revision adicional por analista; simulacion BAF
898451,6,0.1297042704223549,598,Revision adicional por analista; simulacion BAF
858760,6,0.12969889635175325,599,Revision adicional por analista; simulacion BAF
799005,6,0.1296255939492008,600,Revision adicional por analista; simulacion BAF
809240,6,0.1295882555088957,601,Revision adicional por analista; simulacion BAF
879986,6,0.1294904419395503,602,Revision adicional por analista; simulacion BAF
851109,6,0.12941421393007174,603,Revision adicional por analista; simulacion BAF
813584,6,0.1293120958046634,604,Revision adicional por analista; simulacion BAF
857903,6,0.1289496310093137,605,Revision adicional por analista; simulacion BAF
849475,6,0.12892581180619916,606,Revision adicional por analista; simulacion BAF
817160,6,0.12880351238378235,607,Revision adicional por analista; simulacion BAF
818331,6,0.12879278988358928,608,Revision adicional por analista; simulacion BAF
848517,6,0.12871321044126607,609,Revision adicional por analista; simulacion BAF
881378,6,0.1285231957587301,610,Revision adicional por analista; simulacion BAF
845442,6,0.12843773344847623,611,Revision adicional por analista; simulacion BAF
889617,6,0.12832913170555127,612,Revision adicional por analista; simulacion BAF
816041,6,0.12831329813442588,613,Revision adicional por analista; simulacion BAF
820127,6,0.12821022152223852,614,Revision adicional por analista; simulacion BAF
866300,6,0.12820478084286624,615,Revision adicional por analista; simulacion BAF
808888,6,0.12806301706358822,616,Revision adicional por analista; simulacion BAF
873669,6,0.12794787658539816,617,Revision adicional por analista; simulacion BAF
796509,6,0.1278494227329983,618,Revision adicional por analista; simulacion BAF
806901,6,0.12768695391251864,619,Revision adicional por analista; simulacion BAF
796583,6,0.12762609655104837,620,Revision adicional por analista; simulacion BAF
872892,6,0.12750395536517814,621,Revision adicional por analista; simulacion BAF
801384,6,0.12736964239220852,622,Revision adicional por analista; simulacion BAF
798919,6,0.12726769189069376,623,Revision adicional por analista; simulacion BAF
872126,6,0.1270810427385351,624,Revision adicional por analista; simulacion BAF
902918,6,0.12687699193174043,625,Revision adicional por analista; simulacion BAF
827445,6,0.12681638329867642,626,Revision adicional por analista; simulacion BAF
858397,6,0.1267615111593019,627,Revision adicional por analista; simulacion BAF
889141,6,0.12652345495757084,628,Revision adicional por analista; simulacion BAF
880181,6,0.12605427298190053,629,Revision adicional por analista; simulacion BAF
876830,6,0.12596340440307158,630,Revision adicional por analista; simulacion BAF
892988,6,0.1257626856660143,631,Revision adicional por analista; simulacion BAF
877680,6,0.12573303876817063,632,Revision adicional por analista; simulacion BAF
819297,6,0.12563917929793497,633,Revision adicional por analista; simulacion BAF
890000,6,0.12549585150652928,634,Revision adicional por analista; simulacion BAF
902703,6,0.12530970751822268,635,Revision adicional por analista; simulacion BAF
840946,6,0.1253012864239275,636,Revision adicional por analista; simulacion BAF
890377,6,0.1252320933976982,637,Revision adicional por analista; simulacion BAF
852226,6,0.12516307284268,638,Revision adicional por analista; simulacion BAF
873057,6,0.12514295136288722,639,Revision adicional por analista; simulacion BAF
879418,6,0.12502077747209392,640,Revision adicional por analista; simulacion BAF
887364,6,0.12481854876582703,641,Revision adicional por analista; simulacion BAF
902952,6,0.12475346953035152,642,Revision adicional por analista; simulacion BAF
824878,6,0.12474705120632415,643,Revision adicional por analista; simulacion BAF
856027,6,0.124733547051486,644,Revision adicional por analista; simulacion BAF
863440,6,0.12469619906873095,645,Revision adicional por analista; simulacion BAF
902028,6,0.12464572655947352,646,Revision adicional por analista; simulacion BAF
818622,6,0.1245787760684178,647,Revision adicional por analista; simulacion BAF
819853,6,0.12453250846634298,648,Revision adicional por analista; simulacion BAF
875084,6,0.12450477632761761,649,Revision adicional por analista; simulacion BAF
817847,6,0.12441171123117507,650,Revision adicional por analista; simulacion BAF
801892,6,0.12437856146756002,651,Revision adicional por analista; simulacion BAF
831906,6,0.1243502914246568,652,Revision adicional por analista; simulacion BAF
880946,6,0.12410323707922578,653,Revision adicional por analista; simulacion BAF
821452,6,0.12403153378253484,654,Revision adicional por analista; simulacion BAF
861646,6,0.12394502082594694,655,Revision adicional por analista; simulacion BAF
818508,6,0.12390172791054213,656,Revision adicional por analista; simulacion BAF
830651,6,0.12388454147588569,657,Revision adicional por analista; simulacion BAF
832729,6,0.12380713311504778,658,Revision adicional por analista; simulacion BAF
853796,6,0.12374055897872266,659,Revision adicional por analista; simulacion BAF
837334,6,0.12370732397506914,660,Revision adicional por analista; simulacion BAF
823392,6,0.12368959473854828,661,Revision adicional por analista; simulacion BAF
820289,6,0.12366858370960258,662,Revision adicional por analista; simulacion BAF
851575,6,0.12340456068279866,663,Revision adicional por analista; simulacion BAF
852746,6,0.12328219782120572,664,Revision adicional por analista; simulacion BAF
807520,6,0.12323454355213054,665,Revision adicional por analista; simulacion BAF
843323,6,0.12306245368076943,666,Revision adicional por analista; simulacion BAF
813035,6,0.12295573151337211,667,Revision adicional por analista; simulacion BAF
808284,6,0.12291369408443639,668,Revision adicional por analista; simulacion BAF
880081,6,0.12291092003300044,669,Revision adicional por analista; simulacion BAF
841592,6,0.12278605320260177,670,Revision adicional por analista; simulacion BAF
823389,6,0.1227340273829463,671,Revision adicional por analista; simulacion BAF
832571,6,0.12271809856440855,672,Revision adicional por analista; simulacion BAF
826312,6,0.12232417924452624,673,Revision adicional por analista; simulacion BAF
805293,6,0.12222710772796053,674,Revision adicional por analista; simulacion BAF
817902,6,0.12221771087460175,675,Revision adicional por analista; simulacion BAF
809531,6,0.12216473283417338,676,Revision adicional por analista; simulacion BAF
854913,6,0.1220776977611023,677,Revision adicional por analista; simulacion BAF
837541,6,0.12198718693305895,678,Revision adicional por analista; simulacion BAF
818365,6,0.12178104942726985,679,Revision adicional por analista; simulacion BAF
894214,6,0.12176759017162982,680,Revision adicional por analista; simulacion BAF
860208,6,0.12173679150996095,681,Revision adicional por analista; simulacion BAF
805838,6,0.12171421096397703,682,Revision adicional por analista; simulacion BAF
869459,6,0.1213667447272524,683,Revision adicional por analista; simulacion BAF
870902,6,0.12132890032555774,684,Revision adicional por analista; simulacion BAF
800179,6,0.12121479595886216,685,Revision adicional por analista; simulacion BAF
806534,6,0.12109765930937433,686,Revision adicional por analista; simulacion BAF
830782,6,0.12102326863840289,687,Revision adicional por analista; simulacion BAF
817173,6,0.12083103569901203,688,Revision adicional por analista; simulacion BAF
852298,6,0.1208016526325384,689,Revision adicional por analista; simulacion BAF
861730,6,0.12075690085477242,690,Revision adicional por analista; simulacion BAF
828519,6,0.12058256087908123,691,Revision adicional por analista; simulacion BAF
902810,6,0.12051829093345472,692,Revision adicional por analista; simulacion BAF
860874,6,0.12050601744927215,693,Revision adicional por analista; simulacion BAF
872437,6,0.12045408975038581,694,Revision adicional por analista; simulacion BAF
859697,6,0.12043871917246467,695,Revision adicional por analista; simulacion BAF
869367,6,0.12025424561669114,696,Revision adicional por analista; simulacion BAF
801407,6,0.12020090849879274,697,Revision adicional por analista; simulacion BAF
868900,6,0.12001051042899098,698,Revision adicional por analista; simulacion BAF
888910,6,0.11999444484881662,699,Revision adicional por analista; simulacion BAF
888281,6,0.11976862272547649,700,Revision adicional por analista; simulacion BAF
850171,6,0.11972987272250399,701,Revision adicional por analista; simulacion BAF
837016,6,0.11965156416795697,702,Revision adicional por analista; simulacion BAF
820389,6,0.1195005868916686,703,Revision adicional por analista; simulacion BAF
797379,6,0.11932625161116216,704,Revision adicional por analista; simulacion BAF
902385,6,0.11904856225352686,705,Revision adicional por analista; simulacion BAF
857818,6,0.11901664196433699,706,Revision adicional por analista; simulacion BAF
880642,6,0.1190060794290758,707,Revision adicional por analista; simulacion BAF
902894,6,0.11898879969153528,708,Revision adicional por analista; simulacion BAF
830804,6,0.1189600134994444,709,Revision adicional por analista; simulacion BAF
866134,6,0.11879535628186617,710,Revision adicional por analista; simulacion BAF
804792,6,0.11863535659903968,711,Revision adicional por analista; simulacion BAF
837489,6,0.11844968273938247,712,Revision adicional por analista; simulacion BAF
860527,6,0.11838002103492302,713,Revision adicional por analista; simulacion BAF
795406,6,0.11832995982761756,714,Revision adicional por analista; simulacion BAF
803544,6,0.11825281811386884,715,Revision adicional por analista; simulacion BAF
800173,6,0.11818399740955791,716,Revision adicional por analista; simulacion BAF
829295,6,0.11814924036529124,717,Revision adicional por analista; simulacion BAF
835281,6,0.11799448677801597,718,Revision adicional por analista; simulacion BAF
877232,6,0.1178186934929416,719,Revision adicional por analista; simulacion BAF
863321,6,0.11781112934741356,720,Revision adicional por analista; simulacion BAF
817782,6,0.11780510188028914,721,Revision adicional por analista; simulacion BAF
875183,6,0.11770910045968697,722,Revision adicional por analista; simulacion BAF
837234,6,0.11764890483118716,723,Revision adicional por analista; simulacion BAF
890223,6,0.1175979443729317,724,Revision adicional por analista; simulacion BAF
810606,6,0.11755484862468918,725,Revision adicional por analista; simulacion BAF
852918,6,0.11738170365240533,726,Revision adicional por analista; simulacion BAF
825030,6,0.11731003827504968,727,Revision adicional por analista; simulacion BAF
804555,6,0.11705876108302324,728,Revision adicional por analista; simulacion BAF
822316,6,0.11701780265239003,729,Revision adicional por analista; simulacion BAF
817602,6,0.11677960728377984,730,Revision adicional por analista; simulacion BAF
867463,6,0.11668309613331153,731,Revision adicional por analista; simulacion BAF
830700,6,0.11635819427135097,732,Revision adicional por analista; simulacion BAF
872603,6,0.11632600939113633,733,Revision adicional por analista; simulacion BAF
811944,6,0.1162543842934792,734,Revision adicional por analista; simulacion BAF
848075,6,0.1162487431233423,735,Revision adicional por analista; simulacion BAF
875507,6,0.11623183711139744,736,Revision adicional por analista; simulacion BAF
857007,6,0.11621994625887272,737,Revision adicional por analista; simulacion BAF
884061,6,0.11611535116304172,738,Revision adicional por analista; simulacion BAF
860068,6,0.11595982501378214,739,Revision adicional por analista; simulacion BAF
840011,6,0.11587737130918857,740,Revision adicional por analista; simulacion BAF
835225,6,0.1158506576678223,741,Revision adicional por analista; simulacion BAF
880156,6,0.11583935492926926,742,Revision adicional por analista; simulacion BAF
861960,6,0.11580357330378901,743,Revision adicional por analista; simulacion BAF
797056,6,0.11573249220572641,744,Revision adicional por analista; simulacion BAF
808508,6,0.11568761483366319,745,Revision adicional por analista; simulacion BAF
849811,6,0.11556271604361637,746,Revision adicional por analista; simulacion BAF
828360,6,0.11552445329555092,747,Revision adicional por analista; simulacion BAF
882007,6,0.11537671400581623,748,Revision adicional por analista; simulacion BAF
836314,6,0.11511955996382572,749,Revision adicional por analista; simulacion BAF
801711,6,0.11507417373545782,750,Revision adicional por analista; simulacion BAF
823289,6,0.11504458542969952,751,Revision adicional por analista; simulacion BAF
893546,6,0.11504313871227276,752,Revision adicional por analista; simulacion BAF
841332,6,0.11492979934160824,753,Revision adicional por analista; simulacion BAF
880127,6,0.11490410793807287,754,Revision adicional por analista; simulacion BAF
887514,6,0.11475724515376177,755,Revision adicional por analista; simulacion BAF
890431,6,0.11474789036383357,756,Revision adicional por analista; simulacion BAF
882461,6,0.11458272947912108,757,Revision adicional por analista; simulacion BAF
896008,6,0.11447456201068337,758,Revision adicional por analista; simulacion BAF
835633,6,0.11444208790850888,759,Revision adicional por analista; simulacion BAF
840667,6,0.11432682625657825,760,Revision adicional por analista; simulacion BAF
847148,6,0.1142606950301281,761,Revision adicional por analista; simulacion BAF
844756,6,0.11424908961367368,762,Revision adicional por analista; simulacion BAF
819024,6,0.11415103220422158,763,Revision adicional por analista; simulacion BAF
820524,6,0.11413059122407551,764,Revision adicional por analista; simulacion BAF
862403,6,0.1139539329438814,765,Revision adicional por analista; simulacion BAF
826276,6,0.11381079991973171,766,Revision adicional por analista; simulacion BAF
811126,6,0.11375984296405457,767,Revision adicional por analista; simulacion BAF
813064,6,0.11375163833052343,768,Revision adicional por analista; simulacion BAF
800689,6,0.11366304229902459,769,Revision adicional por analista; simulacion BAF
891826,6,0.11364912570820208,770,Revision adicional por analista; simulacion BAF
820426,6,0.11358234191312626,771,Revision adicional por analista; simulacion BAF
897230,6,0.11350721217538781,772,Revision adicional por analista; simulacion BAF
876137,6,0.11346443371982148,773,Revision adicional por analista; simulacion BAF
845971,6,0.11346393478639884,774,Revision adicional por analista; simulacion BAF
797772,6,0.1134041745044251,775,Revision adicional por analista; simulacion BAF
834282,6,0.11336923847042041,776,Revision adicional por analista; simulacion BAF
858939,6,0.11333533915647885,777,Revision adicional por analista; simulacion BAF
828535,6,0.11331475361374202,778,Revision adicional por analista; simulacion BAF
824085,6,0.11328607420402606,779,Revision adicional por analista; simulacion BAF
809022,6,0.11327507107005835,780,Revision adicional por analista; simulacion BAF
846369,6,0.1132095992534439,781,Revision adicional por analista; simulacion BAF
864694,6,0.11318812066111983,782,Revision adicional por analista; simulacion BAF
891890,6,0.11314115576625279,783,Revision adicional por analista; simulacion BAF
869282,6,0.11313711186791839,784,Revision adicional por analista; simulacion BAF
900805,6,0.1131308379203796,785,Revision adicional por analista; simulacion BAF
898918,6,0.11310545622605044,786,Revision adicional por analista; simulacion BAF
879448,6,0.11307954649717893,787,Revision adicional por analista; simulacion BAF
870472,6,0.11299554646658319,788,Revision adicional por analista; simulacion BAF
823000,6,0.11296825541424732,789,Revision adicional por analista; simulacion BAF
815678,6,0.11292511780236653,790,Revision adicional por analista; simulacion BAF
902190,6,0.11284061922464139,791,Revision adicional por analista; simulacion BAF
847046,6,0.11279977249632052,792,Revision adicional por analista; simulacion BAF
869618,6,0.1126779039395339,793,Revision adicional por analista; simulacion BAF
846661,6,0.11260945267817861,794,Revision adicional por analista; simulacion BAF
883345,6,0.11249984718985272,795,Revision adicional por analista; simulacion BAF
796667,6,0.11217465465331204,796,Revision adicional por analista; simulacion BAF
852046,6,0.11215750422960705,797,Revision adicional por analista; simulacion BAF
869408,6,0.11199094939113556,798,Revision adicional por analista; simulacion BAF
893136,6,0.11174667294441418,799,Revision adicional por analista; simulacion BAF
819034,6,0.11174129477276618,800,Revision adicional por analista; simulacion BAF
844245,6,0.11169536672350083,801,Revision adicional por analista; simulacion BAF
888460,6,0.11130176222445487,802,Revision adicional por analista; simulacion BAF
815495,6,0.11107860417265868,803,Revision adicional por analista; simulacion BAF
833330,6,0.11095695100049628,804,Revision adicional por analista; simulacion BAF
819994,6,0.11094441074452814,805,Revision adicional por analista; simulacion BAF
797072,6,0.11092283700882673,806,Revision adicional por analista; simulacion BAF
821267,6,0.11091601924771208,807,Revision adicional por analista; simulacion BAF
795711,6,0.11085161362341436,808,Revision adicional por analista; simulacion BAF
806785,6,0.11059970169458047,809,Revision adicional por analista; simulacion BAF
805051,6,0.1105694825060463,810,Revision adicional por analista; simulacion BAF
797817,6,0.11051866361529933,811,Revision adicional por analista; simulacion BAF
818600,6,0.11049560227600998,812,Revision adicional por analista; simulacion BAF
886684,6,0.1104508178030115,813,Revision adicional por analista; simulacion BAF
897109,6,0.1104379110818519,814,Revision adicional por analista; simulacion BAF
835975,6,0.11025528123195845,815,Revision adicional por analista; simulacion BAF
801124,6,0.11025120266751588,816,Revision adicional por analista; simulacion BAF
860029,6,0.11022942543287698,817,Revision adicional por analista; simulacion BAF
851900,6,0.11001239850575828,818,Revision adicional por analista; simulacion BAF
821865,6,0.10998595227945092,819,Revision adicional por analista; simulacion BAF
895786,6,0.10985745105940706,820,Revision adicional por analista; simulacion BAF
893958,6,0.10974518444619823,821,Revision adicional por analista; simulacion BAF
795148,6,0.10971702159292691,822,Revision adicional por analista; simulacion BAF
897674,6,0.1097138101839042,823,Revision adicional por analista; simulacion BAF
876507,6,0.10964926808608184,824,Revision adicional por analista; simulacion BAF
802633,6,0.10964312177650225,825,Revision adicional por analista; simulacion BAF
841601,6,0.10957508118957925,826,Revision adicional por analista; simulacion BAF
902132,6,0.10952403730222195,827,Revision adicional por analista; simulacion BAF
807625,6,0.10946530879229627,828,Revision adicional por analista; simulacion BAF
868089,6,0.10940956655963929,829,Revision adicional por analista; simulacion BAF
845434,6,0.10923932694656296,830,Revision adicional por analista; simulacion BAF
871813,6,0.10918504398821233,831,Revision adicional por analista; simulacion BAF
836378,6,0.10911353881750524,832,Revision adicional por analista; simulacion BAF
881088,6,0.10910322413590984,833,Revision adicional por analista; simulacion BAF
878651,6,0.10910164558566679,834,Revision adicional por analista; simulacion BAF
817473,6,0.10908413508650401,835,Revision adicional por analista; simulacion BAF
883896,6,0.10903040513597011,836,Revision adicional por analista; simulacion BAF
848980,6,0.10895507521567843,837,Revision adicional por analista; simulacion BAF
868550,6,0.10894647407357937,838,Revision adicional por analista; simulacion BAF
843068,6,0.10894597735948779,839,Revision adicional por analista; simulacion BAF
796195,6,0.10891742427847259,840,Revision adicional por analista; simulacion BAF
798107,6,0.10887491212491907,841,Revision adicional por analista; simulacion BAF
860257,6,0.10868936724243122,842,Revision adicional por analista; simulacion BAF
882826,6,0.1086695146239245,843,Revision adicional por analista; simulacion BAF
796703,6,0.1086664983869736,844,Revision adicional por analista; simulacion BAF
798749,6,0.10864969373021655,845,Revision adicional por analista; simulacion BAF
873010,6,0.10864864177977938,846,Revision adicional por analista; simulacion BAF
814688,6,0.1086471964351632,847,Revision adicional por analista; simulacion BAF
815555,6,0.10861304485306011,848,Revision adicional por analista; simulacion BAF
846213,6,0.10858410438346798,849,Revision adicional por analista; simulacion BAF
873458,6,0.10858130551623045,850,Revision adicional por analista; simulacion BAF
879264,6,0.10853753494654508,851,Revision adicional por analista; simulacion BAF
832608,6,0.1084883993909714,852,Revision adicional por analista; simulacion BAF
799949,6,0.1084568118858452,853,Revision adicional por analista; simulacion BAF
845069,6,0.10841523710657879,854,Revision adicional por analista; simulacion BAF
832216,6,0.10841113822069448,855,Revision adicional por analista; simulacion BAF
834786,6,0.1084031526745062,856,Revision adicional por analista; simulacion BAF
817812,6,0.10828301014838632,857,Revision adicional por analista; simulacion BAF
902669,6,0.10823334516920688,858,Revision adicional por analista; simulacion BAF
811955,6,0.10815899400891393,859,Revision adicional por analista; simulacion BAF
882529,6,0.10807564893224055,860,Revision adicional por analista; simulacion BAF
861175,6,0.10801383739279902,861,Revision adicional por analista; simulacion BAF
813045,6,0.1079724604729968,862,Revision adicional por analista; simulacion BAF
841148,6,0.10794492648668295,863,Revision adicional por analista; simulacion BAF
834319,6,0.10792307447423125,864,Revision adicional por analista; simulacion BAF
865098,6,0.10791303335225909,865,Revision adicional por analista; simulacion BAF
901730,6,0.10790088782587035,866,Revision adicional por analista; simulacion BAF
852675,6,0.10787429141322691,867,Revision adicional por analista; simulacion BAF
863076,6,0.10775169890042675,868,Revision adicional por analista; simulacion BAF
798042,6,0.1077018056282708,869,Revision adicional por analista; simulacion BAF
810825,6,0.10765740852085587,870,Revision adicional por analista; simulacion BAF
891876,6,0.10757718500080041,871,Revision adicional por analista; simulacion BAF
901318,6,0.1074717046678621,872,Revision adicional por analista; simulacion BAF
809847,6,0.10740535745320573,873,Revision adicional por analista; simulacion BAF
838925,6,0.10700365062018227,874,Revision adicional por analista; simulacion BAF
804185,6,0.10691086274802428,875,Revision adicional por analista; simulacion BAF
817248,6,0.10690164085585603,876,Revision adicional por analista; simulacion BAF
902594,6,0.1066818462667481,877,Revision adicional por analista; simulacion BAF
857486,6,0.10659245259175837,878,Revision adicional por analista; simulacion BAF
844520,6,0.10651676891783884,879,Revision adicional por analista; simulacion BAF
892932,6,0.10650327049213579,880,Revision adicional por analista; simulacion BAF
813154,6,0.10644114033052265,881,Revision adicional por analista; simulacion BAF
820934,6,0.10639939247402688,882,Revision adicional por analista; simulacion BAF
817925,6,0.10637737657179833,883,Revision adicional por analista; simulacion BAF
872035,6,0.10628416608559636,884,Revision adicional por analista; simulacion BAF
857375,6,0.10626085659278628,885,Revision adicional por analista; simulacion BAF
807230,6,0.1061761786419058,886,Revision adicional por analista; simulacion BAF
856599,6,0.10614204004100582,887,Revision adicional por analista; simulacion BAF
828823,6,0.10606281282057987,888,Revision adicional por analista; simulacion BAF
837081,6,0.10604892619384372,889,Revision adicional por analista; simulacion BAF
809534,6,0.10601447369516763,890,Revision adicional por analista; simulacion BAF
810485,6,0.10598882300814962,891,Revision adicional por analista; simulacion BAF
795224,6,0.10588287651330584,892,Revision adicional por analista; simulacion BAF
836513,6,0.10587460992307715,893,Revision adicional por analista; simulacion BAF
832874,6,0.10566443663259882,894,Revision adicional por analista; simulacion BAF
849934,6,0.10557711117796753,895,Revision adicional por analista; simulacion BAF
804385,6,0.10547820063845738,896,Revision adicional por analista; simulacion BAF
869452,6,0.10543356183443074,897,Revision adicional por analista; simulacion BAF
882446,6,0.10543245120350055,898,Revision adicional por analista; simulacion BAF
869308,6,0.10532978018803893,899,Revision adicional por analista; simulacion BAF
847765,6,0.10530809812381631,900,Revision adicional por analista; simulacion BAF
798484,6,0.10527266856008174,901,Revision adicional por analista; simulacion BAF
839245,6,0.1052516109271351,902,Revision adicional por analista; simulacion BAF
849188,6,0.10524019092596704,903,Revision adicional por analista; simulacion BAF
820160,6,0.10522540234534693,904,Revision adicional por analista; simulacion BAF
808194,6,0.10521867257226103,905,Revision adicional por analista; simulacion BAF
824548,6,0.10517838818773127,906,Revision adicional por analista; simulacion BAF
889015,6,0.10515093305779762,907,Revision adicional por analista; simulacion BAF
898429,6,0.10506546334509209,908,Revision adicional por analista; simulacion BAF
877714,6,0.10457108539378923,909,Revision adicional por analista; simulacion BAF
854138,6,0.10443739906411453,910,Revision adicional por analista; simulacion BAF
846955,6,0.10433453495402399,911,Revision adicional por analista; simulacion BAF
830924,6,0.10426135227169092,912,Revision adicional por analista; simulacion BAF
854826,6,0.1042323991061968,913,Revision adicional por analista; simulacion BAF
895421,6,0.10423225520963678,914,Revision adicional por analista; simulacion BAF
795756,6,0.10421929807451905,915,Revision adicional por analista; simulacion BAF
857888,6,0.1041819816682288,916,Revision adicional por analista; simulacion BAF
881740,6,0.10415871845970437,917,Revision adicional por analista; simulacion BAF
844495,6,0.10413027194674454,918,Revision adicional por analista; simulacion BAF
825875,6,0.10403221876053849,919,Revision adicional por analista; simulacion BAF
861355,6,0.10399449312297997,920,Revision adicional por analista; simulacion BAF
807972,6,0.10396004232291031,921,Revision adicional por analista; simulacion BAF
841377,6,0.10395654023431007,922,Revision adicional por analista; simulacion BAF
878570,6,0.10395417261099042,923,Revision adicional por analista; simulacion BAF
826484,6,0.10394762299246149,924,Revision adicional por analista; simulacion BAF
850773,6,0.10386465424779039,925,Revision adicional por analista; simulacion BAF
843154,6,0.10380913047779103,926,Revision adicional por analista; simulacion BAF
847274,6,0.10375399097366388,927,Revision adicional por analista; simulacion BAF
846087,6,0.10368768178635655,928,Revision adicional por analista; simulacion BAF
888702,6,0.10360531061443866,929,Revision adicional por analista; simulacion BAF
855918,6,0.10354321876791704,930,Revision adicional por analista; simulacion BAF
859158,6,0.10351190365855367,931,Revision adicional por analista; simulacion BAF
824430,6,0.1033924231406037,932,Revision adicional por analista; simulacion BAF
812243,6,0.1032404511789821,933,Revision adicional por analista; simulacion BAF
817014,6,0.10323424125926846,934,Revision adicional por analista; simulacion BAF
821401,6,0.10298727839589279,935,Revision adicional por analista; simulacion BAF
870746,6,0.1029859276149225,936,Revision adicional por analista; simulacion BAF
795537,6,0.10295760713829043,937,Revision adicional por analista; simulacion BAF
881861,6,0.10293846452409286,938,Revision adicional por analista; simulacion BAF
826897,6,0.10283591904796256,939,Revision adicional por analista; simulacion BAF
872548,6,0.10274088001034579,940,Revision adicional por analista; simulacion BAF
851132,6,0.10271625766129097,941,Revision adicional por analista; simulacion BAF
870270,6,0.10252392946078279,942,Revision adicional por analista; simulacion BAF
830182,6,0.10243556481487033,943,Revision adicional por analista; simulacion BAF
825059,6,0.1023803779989148,944,Revision adicional por analista; simulacion BAF
796847,6,0.10219127996259872,945,Revision adicional por analista; simulacion BAF
815626,6,0.10207558614066227,946,Revision adicional por analista; simulacion BAF
824143,6,0.10201061328616888,947,Revision adicional por analista; simulacion BAF
887011,6,0.10197620264166697,948,Revision adicional por analista; simulacion BAF
844929,6,0.10188779680550718,949,Revision adicional por analista; simulacion BAF
895416,6,0.10185027308331598,950,Revision adicional por analista; simulacion BAF
831030,6,0.10178903746741846,951,Revision adicional por analista; simulacion BAF
876474,6,0.10174022869152612,952,Revision adicional por analista; simulacion BAF
801658,6,0.10168826978879703,953,Revision adicional por analista; simulacion BAF
850812,6,0.10160480211187006,954,Revision adicional por analista; simulacion BAF
839555,6,0.1015931435137907,955,Revision adicional por analista; simulacion BAF
817862,6,0.10157170664224155,956,Revision adicional por analista; simulacion BAF
885176,6,0.10156031242363167,957,Revision adicional por analista; simulacion BAF
892751,6,0.1015497281870247,958,Revision adicional por analista; simulacion BAF
851000,6,0.10149141440240605,959,Revision adicional por analista; simulacion BAF
868542,6,0.10143744902840827,960,Revision adicional por analista; simulacion BAF
835787,6,0.10140621980462518,961,Revision adicional por analista; simulacion BAF
807347,6,0.10134055259051727,962,Revision adicional por analista; simulacion BAF
883316,6,0.10127832729115935,963,Revision adicional por analista; simulacion BAF
822540,6,0.10119282342274534,964,Revision adicional por analista; simulacion BAF
896944,6,0.10115266756138004,965,Revision adicional por analista; simulacion BAF
799050,6,0.1011354219396945,966,Revision adicional por analista; simulacion BAF
802342,6,0.10111224401896053,967,Revision adicional por analista; simulacion BAF
861477,6,0.10105211050468955,968,Revision adicional por analista; simulacion BAF
848088,6,0.10104087541589234,969,Revision adicional por analista; simulacion BAF
858286,6,0.10093547283974938,970,Revision adicional por analista; simulacion BAF
876877,6,0.10088547160960848,971,Revision adicional por analista; simulacion BAF
820157,6,0.10085478109782417,972,Revision adicional por analista; simulacion BAF
839852,6,0.10082949349442798,973,Revision adicional por analista; simulacion BAF
880930,6,0.1008104944343481,974,Revision adicional por analista; simulacion BAF
808850,6,0.10075789017369205,975,Revision adicional por analista; simulacion BAF
837847,6,0.10069982285191859,976,Revision adicional por analista; simulacion BAF
898465,6,0.10069173099213888,977,Revision adicional por analista; simulacion BAF
795144,6,0.10069137166317223,978,Revision adicional por analista; simulacion BAF
809195,6,0.10060587791490384,979,Revision adicional por analista; simulacion BAF
873441,6,0.10058921521910795,980,Revision adicional por analista; simulacion BAF
825902,6,0.10054869807445303,981,Revision adicional por analista; simulacion BAF
824315,6,0.1005337301424397,982,Revision adicional por analista; simulacion BAF
860082,6,0.1004398421629061,983,Revision adicional por analista; simulacion BAF
800941,6,0.10038259526304506,984,Revision adicional por analista; simulacion BAF
843659,6,0.10035612921824665,985,Revision adicional por analista; simulacion BAF
895208,6,0.10035010440660722,986,Revision adicional por analista; simulacion BAF
797514,6,0.10033869551713524,987,Revision adicional por analista; simulacion BAF
847490,6,0.10033722418271993,988,Revision adicional por analista; simulacion BAF
844659,6,0.1002975738606006,989,Revision adicional por analista; simulacion BAF
802432,6,0.10024024124824037,990,Revision adicional por analista; simulacion BAF
795271,6,0.10023825214414281,991,Revision adicional por analista; simulacion BAF
849023,6,0.10021396236998013,992,Revision adicional por analista; simulacion BAF
859871,6,0.10012386323624746,993,Revision adicional por analista; simulacion BAF
847310,6,0.10003796644846763,994,Revision adicional por analista; simulacion BAF
816078,6,0.10001075617334763,995,Revision adicional por analista; simulacion BAF
841674,6,0.09997914882659159,996,Revision adicional por analista; simulacion BAF
825663,6,0.09989660110382283,997,Revision adicional por analista; simulacion BAF
799434,6,0.09984464971989886,998,Revision adicional por analista; simulacion BAF
839477,6,0.09977922294520156,999,Revision adicional por analista; simulacion BAF
821052,6,0.0997613409476209,1000,Revision adicional por analista; simulacion BAF
897518,6,0.09973234426129153,1001,Revision adicional por analista; simulacion BAF
853038,6,0.09966228815575581,1002,Revision adicional por analista; simulacion BAF
803766,6,0.09965486093660185,1003,Revision adicional por analista; simulacion BAF
863551,6,0.09942952333183173,1004,Revision adicional por analista; simulacion BAF
868040,6,0.09935876301227883,1005,Revision adicional por analista; simulacion BAF
899673,6,0.09932978278501349,1006,Revision adicional por analista; simulacion BAF
865874,6,0.09932609262463489,1007,Revision adicional por analista; simulacion BAF
797344,6,0.09926184091738473,1008,Revision adicional por analista; simulacion BAF
817299,6,0.09926088037185624,1009,Revision adicional por analista; simulacion BAF
902062,6,0.09915856138946526,1010,Revision adicional por analista; simulacion BAF
805960,6,0.09909326664775828,1011,Revision adicional por analista; simulacion BAF
827736,6,0.09894505050509086,1012,Revision adicional por analista; simulacion BAF
830603,6,0.09889629959967298,1013,Revision adicional por analista; simulacion BAF
872591,6,0.09883847954327274,1014,Revision adicional por analista; simulacion BAF
817570,6,0.09883197122013536,1015,Revision adicional por analista; simulacion BAF
877831,6,0.09876659930975884,1016,Revision adicional por analista; simulacion BAF
847780,6,0.09872813280318511,1017,Revision adicional por analista; simulacion BAF
866072,6,0.0987217738055541,1018,Revision adicional por analista; simulacion BAF
796376,6,0.09842051487239849,1019,Revision adicional por analista; simulacion BAF
831484,6,0.09831475693279253,1020,Revision adicional por analista; simulacion BAF
901947,6,0.09826990550392245,1021,Revision adicional por analista; simulacion BAF
848666,6,0.09822472050459337,1022,Revision adicional por analista; simulacion BAF
826039,6,0.09818494480587633,1023,Revision adicional por analista; simulacion BAF
893967,6,0.09807128542649118,1024,Revision adicional por analista; simulacion BAF
875685,6,0.09805202017689588,1025,Revision adicional por analista; simulacion BAF
804858,6,0.09804651344908194,1026,Revision adicional por analista; simulacion BAF
878241,6,0.09803287990058897,1027,Revision adicional por analista; simulacion BAF
816369,6,0.09802892939907382,1028,Revision adicional por analista; simulacion BAF
879525,6,0.09802598685349084,1029,Revision adicional por analista; simulacion BAF
874179,6,0.09798435261487863,1030,Revision adicional por analista; simulacion BAF
812687,6,0.09793557845103279,1031,Revision adicional por analista; simulacion BAF
797988,6,0.09779296666499446,1032,Revision adicional por analista; simulacion BAF
888498,6,0.09776823872597962,1033,Revision adicional por analista; simulacion BAF
838068,6,0.09775866914722267,1034,Revision adicional por analista; simulacion BAF
828629,6,0.09772120175425054,1035,Revision adicional por analista; simulacion BAF
877051,6,0.0977170580055102,1036,Revision adicional por analista; simulacion BAF
811173,6,0.0976195842864821,1037,Revision adicional por analista; simulacion BAF
859905,6,0.09758662427841512,1038,Revision adicional por analista; simulacion BAF
803739,6,0.09756317234136469,1039,Revision adicional por analista; simulacion BAF
885479,6,0.09754937376323057,1040,Revision adicional por analista; simulacion BAF
798653,6,0.09749202438426358,1041,Revision adicional por analista; simulacion BAF
801661,6,0.09748717032549745,1042,Revision adicional por analista; simulacion BAF
811034,6,0.09742669937386766,1043,Revision adicional por analista; simulacion BAF
885348,6,0.09741561906286299,1044,Revision adicional por analista; simulacion BAF
848108,6,0.09732182784045242,1045,Revision adicional por analista; simulacion BAF
870114,6,0.09730355514624708,1046,Revision adicional por analista; simulacion BAF
837634,6,0.09724631441024106,1047,Revision adicional por analista; simulacion BAF
845880,6,0.09720112463653278,1048,Revision adicional por analista; simulacion BAF
881548,6,0.09713855994211568,1049,Revision adicional por analista; simulacion BAF
818790,6,0.09702187014120026,1050,Revision adicional por analista; simulacion BAF
821670,6,0.09698181595010805,1051,Revision adicional por analista; simulacion BAF
826389,6,0.09691776309670501,1052,Revision adicional por analista; simulacion BAF
828154,6,0.0969100155625212,1053,Revision adicional por analista; simulacion BAF
857448,6,0.09676793121525994,1054,Revision adicional por analista; simulacion BAF
837466,6,0.09676559547903331,1055,Revision adicional por analista; simulacion BAF
830585,6,0.09676041131577294,1056,Revision adicional por analista; simulacion BAF
888450,6,0.09672511516052983,1057,Revision adicional por analista; simulacion BAF
898720,6,0.09671303141513511,1058,Revision adicional por analista; simulacion BAF
823225,6,0.09663673076667872,1059,Revision adicional por analista; simulacion BAF
889754,6,0.09663295320471918,1060,Revision adicional por analista; simulacion BAF
824466,6,0.09648043144260823,1061,Revision adicional por analista; simulacion BAF
901770,6,0.09647521054045931,1062,Revision adicional por analista; simulacion BAF
813494,6,0.0963464178796737,1063,Revision adicional por analista; simulacion BAF
875253,6,0.0963354894175813,1064,Revision adicional por analista; simulacion BAF
856050,6,0.09631747366806095,1065,Revision adicional por analista; simulacion BAF
896117,6,0.09631432747894926,1066,Revision adicional por analista; simulacion BAF
832170,6,0.09626486639938675,1067,Revision adicional por analista; simulacion BAF
868351,6,0.09626382011766861,1068,Revision adicional por analista; simulacion BAF
901540,6,0.09623505019219182,1069,Revision adicional por analista; simulacion BAF
896079,6,0.09618588037742205,1070,Revision adicional por analista; simulacion BAF
836890,6,0.09615929183301707,1071,Revision adicional por analista; simulacion BAF
819258,6,0.09611822744978658,1072,Revision adicional por analista; simulacion BAF
895861,6,0.09605093764703872,1073,Revision adicional por analista; simulacion BAF
870346,6,0.09601739483039216,1074,Revision adicional por analista; simulacion BAF
807150,6,0.09593995691821683,1075,Revision adicional por analista; simulacion BAF
799503,6,0.09588538072950027,1076,Revision adicional por analista; simulacion BAF
872162,6,0.09588169794204376,1077,Revision adicional por analista; simulacion BAF
805530,6,0.09583948181362757,1078,Revision adicional por analista; simulacion BAF
897851,6,0.09579131750944438,1079,Revision adicional por analista; simulacion BAF
802929,6,0.09577987062958251,1080,Revision adicional por analista; simulacion BAF
795979,6,0.09573522270926542,1081,Revision adicional por analista; simulacion BAF
827083,6,0.09570053263176012,1082,Revision adicional por analista; simulacion BAF
891773,6,0.09562703338823306,1083,Revision adicional por analista; simulacion BAF
903004,6,0.09560222547204436,1084,Revision adicional por analista; simulacion BAF
902452,6,0.09559000690227584,1085,Revision adicional por analista; simulacion BAF
836024,6,0.09557093783856543,1086,Revision adicional por analista; simulacion BAF
853500,6,0.09552690481398175,1087,Revision adicional por analista; simulacion BAF
883647,6,0.0955207000133123,1088,Revision adicional por analista; simulacion BAF
850845,6,0.09545344267323733,1089,Revision adicional por analista; simulacion BAF
809749,6,0.09540547231272668,1090,Revision adicional por analista; simulacion BAF
900868,6,0.09519762237439273,1091,Revision adicional por analista; simulacion BAF
837681,6,0.09518649816018558,1092,Revision adicional por analista; simulacion BAF
871790,6,0.09511100011164333,1093,Revision adicional por analista; simulacion BAF
795381,6,0.09510107707450746,1094,Revision adicional por analista; simulacion BAF
870616,6,0.09506525519203286,1095,Revision adicional por analista; simulacion BAF
840337,6,0.09504459000685798,1096,Revision adicional por analista; simulacion BAF
799428,6,0.09492182887029757,1097,Revision adicional por analista; simulacion BAF
840453,6,0.0948291626257705,1098,Revision adicional por analista; simulacion BAF
851748,6,0.09469372220184669,1099,Revision adicional por analista; simulacion BAF
840114,6,0.09453957454936414,1100,Revision adicional por analista; simulacion BAF
836766,6,0.09445847434801814,1101,Revision adicional por analista; simulacion BAF
886297,6,0.09443723004226053,1102,Revision adicional por analista; simulacion BAF
797331,6,0.09442118640552738,1103,Revision adicional por analista; simulacion BAF
799190,6,0.09438585048539815,1104,Revision adicional por analista; simulacion BAF
812280,6,0.09435150311441486,1105,Revision adicional por analista; simulacion BAF
865169,6,0.09434949404115324,1106,Revision adicional por analista; simulacion BAF
814684,6,0.09421319275223511,1107,Revision adicional por analista; simulacion BAF
899364,6,0.09421128392100318,1108,Revision adicional por analista; simulacion BAF
896049,6,0.09410398324769237,1109,Revision adicional por analista; simulacion BAF
849378,6,0.09405549342100396,1110,Revision adicional por analista; simulacion BAF
857163,6,0.09402830138864249,1111,Revision adicional por analista; simulacion BAF
818543,6,0.09395925422619733,1112,Revision adicional por analista; simulacion BAF
847398,6,0.09394877021954633,1113,Revision adicional por analista; simulacion BAF
828557,6,0.09394843738342512,1114,Revision adicional por analista; simulacion BAF
805758,6,0.09394176883321935,1115,Revision adicional por analista; simulacion BAF
837386,6,0.09372490965329053,1116,Revision adicional por analista; simulacion BAF
859879,6,0.09370189725598572,1117,Revision adicional por analista; simulacion BAF
843001,6,0.0936956191010727,1118,Revision adicional por analista; simulacion BAF
893012,6,0.09369141749658168,1119,Revision adicional por analista; simulacion BAF
849104,6,0.09367730603619276,1120,Revision adicional por analista; simulacion BAF
800030,6,0.09367655015838672,1121,Revision adicional por analista; simulacion BAF
873443,6,0.09365651643595328,1122,Revision adicional por analista; simulacion BAF
898970,6,0.09360439551414984,1123,Revision adicional por analista; simulacion BAF
902993,6,0.09357807236528269,1124,Revision adicional por analista; simulacion BAF
889194,6,0.09355923826667108,1125,Revision adicional por analista; simulacion BAF
854474,6,0.09355395384148733,1126,Revision adicional por analista; simulacion BAF
898577,6,0.09353916320237801,1127,Revision adicional por analista; simulacion BAF
823958,6,0.09339023779630296,1128,Revision adicional por analista; simulacion BAF
810795,6,0.09325389915860063,1129,Revision adicional por analista; simulacion BAF
804766,6,0.09325087760514951,1130,Revision adicional por analista; simulacion BAF
815619,6,0.09321904343244465,1131,Revision adicional por analista; simulacion BAF
814443,6,0.0932066526795634,1132,Revision adicional por analista; simulacion BAF
888679,6,0.09320330306719135,1133,Revision adicional por analista; simulacion BAF
820328,6,0.09312468849289854,1134,Revision adicional por analista; simulacion BAF
815589,6,0.0931086783043598,1135,Revision adicional por analista; simulacion BAF
891144,6,0.09306867925810888,1136,Revision adicional por analista; simulacion BAF
820610,6,0.09297063460905831,1137,Revision adicional por analista; simulacion BAF
833252,6,0.0929523862943658,1138,Revision adicional por analista; simulacion BAF
860256,6,0.0929001281675896,1139,Revision adicional por analista; simulacion BAF
876577,6,0.09282031144950637,1140,Revision adicional por analista; simulacion BAF
809744,6,0.09277741016528704,1141,Revision adicional por analista; simulacion BAF
895835,6,0.09276020636619664,1142,Revision adicional por analista; simulacion BAF
879245,6,0.09274861234064048,1143,Revision adicional por analista; simulacion BAF
842169,6,0.0926512268329288,1144,Revision adicional por analista; simulacion BAF
802799,6,0.0925942264564279,1145,Revision adicional por analista; simulacion BAF
903153,6,0.09257917675715681,1146,Revision adicional por analista; simulacion BAF
882693,6,0.09254414728193766,1147,Revision adicional por analista; simulacion BAF
870659,6,0.09238580492907354,1148,Revision adicional por analista; simulacion BAF
897015,6,0.09237348030019904,1149,Revision adicional por analista; simulacion BAF
899799,6,0.09227166984646767,1150,Revision adicional por analista; simulacion BAF
900317,6,0.09225214053064515,1151,Revision adicional por analista; simulacion BAF
819000,6,0.09223013271731222,1152,Revision adicional por analista; simulacion BAF
890296,6,0.09220520859600713,1153,Revision adicional por analista; simulacion BAF
826494,6,0.09219505455882895,1154,Revision adicional por analista; simulacion BAF
867301,6,0.09217385885363052,1155,Revision adicional por analista; simulacion BAF
866512,6,0.0921510918220038,1156,Revision adicional por analista; simulacion BAF
811296,6,0.09206539092692831,1157,Revision adicional por analista; simulacion BAF
903028,6,0.09202369351659483,1158,Revision adicional por analista; simulacion BAF
828999,6,0.09200472950603295,1159,Revision adicional por analista; simulacion BAF
802669,6,0.09200286466219652,1160,Revision adicional por analista; simulacion BAF
795161,6,0.091986684557612,1161,Revision adicional por analista; simulacion BAF
849415,6,0.09197445991180925,1162,Revision adicional por analista; simulacion BAF
840920,6,0.09196280838273735,1163,Revision adicional por analista; simulacion BAF
891340,6,0.09191601941421584,1164,Revision adicional por analista; simulacion BAF
816752,6,0.09181109888601041,1165,Revision adicional por analista; simulacion BAF
878223,6,0.09179123067211785,1166,Revision adicional por analista; simulacion BAF
806745,6,0.09174903726408848,1167,Revision adicional por analista; simulacion BAF
894032,6,0.0917148774928636,1168,Revision adicional por analista; simulacion BAF
847061,6,0.09170799018782096,1169,Revision adicional por analista; simulacion BAF
886244,6,0.09167911911749614,1170,Revision adicional por analista; simulacion BAF
875164,6,0.09154505584519725,1171,Revision adicional por analista; simulacion BAF
802054,6,0.0915341830686052,1172,Revision adicional por analista; simulacion BAF
813569,6,0.09153051127965892,1173,Revision adicional por analista; simulacion BAF
853793,6,0.09150334799675824,1174,Revision adicional por analista; simulacion BAF
797090,6,0.09149918255702878,1175,Revision adicional por analista; simulacion BAF
871992,6,0.09141134557233467,1176,Revision adicional por analista; simulacion BAF
903086,6,0.09140910007536675,1177,Revision adicional por analista; simulacion BAF
877074,6,0.09136793100098534,1178,Revision adicional por analista; simulacion BAF
891486,6,0.09131124000772331,1179,Revision adicional por analista; simulacion BAF
846436,6,0.09125956433191285,1180,Revision adicional por analista; simulacion BAF
836669,6,0.0912252206090098,1181,Revision adicional por analista; simulacion BAF
892711,6,0.09117664958537634,1182,Revision adicional por analista; simulacion BAF
900589,6,0.09115949197003206,1183,Revision adicional por analista; simulacion BAF
840035,6,0.09115071741972569,1184,Revision adicional por analista; simulacion BAF
894451,6,0.09115000051368388,1185,Revision adicional por analista; simulacion BAF
810296,6,0.09112915028439468,1186,Revision adicional por analista; simulacion BAF
837101,6,0.09095146968257263,1187,Revision adicional por analista; simulacion BAF
833135,6,0.09094848212235054,1188,Revision adicional por analista; simulacion BAF
888497,6,0.09085888926442647,1189,Revision adicional por analista; simulacion BAF
805870,6,0.09077867688568485,1190,Revision adicional por analista; simulacion BAF
832489,6,0.09077079965744096,1191,Revision adicional por analista; simulacion BAF
854398,6,0.09067817174666772,1192,Revision adicional por analista; simulacion BAF
871492,6,0.0906382088455301,1193,Revision adicional por analista; simulacion BAF
813765,6,0.09054226300771062,1194,Revision adicional por analista; simulacion BAF
837251,6,0.09053057274304055,1195,Revision adicional por analista; simulacion BAF
887097,6,0.09047658207998345,1196,Revision adicional por analista; simulacion BAF
898078,6,0.09033509879300362,1197,Revision adicional por analista; simulacion BAF
816874,6,0.09032908242320077,1198,Revision adicional por analista; simulacion BAF
834369,6,0.09031942583526165,1199,Revision adicional por analista; simulacion BAF
894069,6,0.09024265341551466,1200,Revision adicional por analista; simulacion BAF
901620,6,0.09023397941823705,1201,Revision adicional por analista; simulacion BAF
849672,6,0.09020513608338585,1202,Revision adicional por analista; simulacion BAF
843741,6,0.09019498893020451,1203,Revision adicional por analista; simulacion BAF
837886,6,0.09008330009277599,1204,Revision adicional por analista; simulacion BAF
864469,6,0.09005661799564389,1205,Revision adicional por analista; simulacion BAF
804531,6,0.09003273442725492,1206,Revision adicional por analista; simulacion BAF
814772,6,0.09001347376363587,1207,Revision adicional por analista; simulacion BAF
815542,6,0.0899815854704196,1208,Revision adicional por analista; simulacion BAF
839892,6,0.08994548613406646,1209,Revision adicional por analista; simulacion BAF
810674,6,0.08992569096564647,1210,Revision adicional por analista; simulacion BAF
880475,6,0.08989766600729765,1211,Revision adicional por analista; simulacion BAF
889517,6,0.08983845448889739,1212,Revision adicional por analista; simulacion BAF
852151,6,0.08982617966683955,1213,Revision adicional por analista; simulacion BAF
867000,6,0.0898147183553579,1214,Revision adicional por analista; simulacion BAF
814670,6,0.08976020828358883,1215,Revision adicional por analista; simulacion BAF
863744,6,0.08975359592516396,1216,Revision adicional por analista; simulacion BAF
820949,6,0.08974251613966226,1217,Revision adicional por analista; simulacion BAF
819263,6,0.08968556517395185,1218,Revision adicional por analista; simulacion BAF
867224,6,0.0896532301292261,1219,Revision adicional por analista; simulacion BAF
851938,6,0.08964187510683407,1220,Revision adicional por analista; simulacion BAF
821386,6,0.0896189136119826,1221,Revision adicional por analista; simulacion BAF
890085,6,0.0895630029192578,1222,Revision adicional por analista; simulacion BAF
832058,6,0.08955714053164049,1223,Revision adicional por analista; simulacion BAF
858661,6,0.08955032615918684,1224,Revision adicional por analista; simulacion BAF
902001,6,0.08948093552246043,1225,Revision adicional por analista; simulacion BAF
797178,6,0.08946601231044898,1226,Revision adicional por analista; simulacion BAF
799469,6,0.08940817964998293,1227,Revision adicional por analista; simulacion BAF
864838,6,0.0893528908092036,1228,Revision adicional por analista; simulacion BAF
828086,6,0.08929477967095302,1229,Revision adicional por analista; simulacion BAF
829861,6,0.0892894999295222,1230,Revision adicional por analista; simulacion BAF
877539,6,0.08916141656433253,1231,Revision adicional por analista; simulacion BAF
809096,6,0.08906205996216678,1232,Revision adicional por analista; simulacion BAF
842813,6,0.08905238740366857,1233,Revision adicional por analista; simulacion BAF
798922,6,0.08905013326307412,1234,Revision adicional por analista; simulacion BAF
862877,6,0.08891811878745629,1235,Revision adicional por analista; simulacion BAF
804598,6,0.08891094998024343,1236,Revision adicional por analista; simulacion BAF
892139,6,0.08886460048501703,1237,Revision adicional por analista; simulacion BAF
843287,6,0.08871129257062661,1238,Revision adicional por analista; simulacion BAF
795892,6,0.08870950045948357,1239,Revision adicional por analista; simulacion BAF
879320,6,0.08868993039303914,1240,Revision adicional por analista; simulacion BAF
844478,6,0.08862163950476352,1241,Revision adicional por analista; simulacion BAF
839115,6,0.0883229100123671,1242,Revision adicional por analista; simulacion BAF
869264,6,0.08828041328584402,1243,Revision adicional por analista; simulacion BAF
887112,6,0.08822624930763641,1244,Revision adicional por analista; simulacion BAF
865499,6,0.08808550928310557,1245,Revision adicional por analista; simulacion BAF
888756,6,0.08806772650552447,1246,Revision adicional por analista; simulacion BAF
810775,6,0.08791568525145661,1247,Revision adicional por analista; simulacion BAF
805591,6,0.08789577782243245,1248,Revision adicional por analista; simulacion BAF
810741,6,0.08771636851977753,1249,Revision adicional por analista; simulacion BAF
852508,6,0.08763088005612225,1250,Revision adicional por analista; simulacion BAF
854171,6,0.08753112861660024,1251,Revision adicional por analista; simulacion BAF
815786,6,0.08747552860757511,1252,Revision adicional por analista; simulacion BAF
827809,6,0.08742397817454681,1253,Revision adicional por analista; simulacion BAF
807673,6,0.08739402561062468,1254,Revision adicional por analista; simulacion BAF
889107,6,0.08735247489075362,1255,Revision adicional por analista; simulacion BAF
896589,6,0.08731663481567986,1256,Revision adicional por analista; simulacion BAF
869822,6,0.08729127835661887,1257,Revision adicional por analista; simulacion BAF
835837,6,0.0872771036853665,1258,Revision adicional por analista; simulacion BAF
875097,6,0.08727632676630681,1259,Revision adicional por analista; simulacion BAF
806197,6,0.08726237166216239,1260,Revision adicional por analista; simulacion BAF
801194,6,0.0872593015618164,1261,Revision adicional por analista; simulacion BAF
891509,6,0.08718565800143631,1262,Revision adicional por analista; simulacion BAF
809451,6,0.08710362744654393,1263,Revision adicional por analista; simulacion BAF
845595,6,0.08709826523437665,1264,Revision adicional por analista; simulacion BAF
802278,6,0.08709761781618736,1265,Revision adicional por analista; simulacion BAF
889328,6,0.08708776477935827,1266,Revision adicional por analista; simulacion BAF
847045,6,0.08705120402564984,1267,Revision adicional por analista; simulacion BAF
889751,6,0.08699048621785738,1268,Revision adicional por analista; simulacion BAF
813873,6,0.08697621993686745,1269,Revision adicional por analista; simulacion BAF
882019,6,0.0869501075847909,1270,Revision adicional por analista; simulacion BAF
851337,6,0.08693952633086659,1271,Revision adicional por analista; simulacion BAF
841768,6,0.08692400680851013,1272,Revision adicional por analista; simulacion BAF
889940,6,0.0869182081540661,1273,Revision adicional por analista; simulacion BAF
887539,6,0.08688963352265086,1274,Revision adicional por analista; simulacion BAF
862334,6,0.08688212480418876,1275,Revision adicional por analista; simulacion BAF
896107,6,0.08679168635778813,1276,Revision adicional por analista; simulacion BAF
875491,6,0.08678400494381987,1277,Revision adicional por analista; simulacion BAF
817559,6,0.0867484650333705,1278,Revision adicional por analista; simulacion BAF
839611,6,0.08670458310092685,1279,Revision adicional por analista; simulacion BAF
828441,6,0.08669772165263999,1280,Revision adicional por analista; simulacion BAF
894436,6,0.08668493403294125,1281,Revision adicional por analista; simulacion BAF
902389,6,0.08665689924279868,1282,Revision adicional por analista; simulacion BAF
823320,6,0.0866005060980449,1283,Revision adicional por analista; simulacion BAF
843286,6,0.0865779963828973,1284,Revision adicional por analista; simulacion BAF
887282,6,0.086547414792283,1285,Revision adicional por analista; simulacion BAF
844311,6,0.08650365516865932,1286,Revision adicional por analista; simulacion BAF
823009,6,0.08646527003192754,1287,Revision adicional por analista; simulacion BAF
830905,6,0.08645477987482958,1288,Revision adicional por analista; simulacion BAF
859467,6,0.08634281372668096,1289,Revision adicional por analista; simulacion BAF
900346,6,0.08632331180126666,1290,Revision adicional por analista; simulacion BAF
819055,6,0.08625753943081627,1291,Revision adicional por analista; simulacion BAF
819766,6,0.08624672917128806,1292,Revision adicional por analista; simulacion BAF
881475,6,0.08624012404396528,1293,Revision adicional por analista; simulacion BAF
867206,6,0.08619284289952293,1294,Revision adicional por analista; simulacion BAF
810325,6,0.08613269309021855,1295,Revision adicional por analista; simulacion BAF
860848,6,0.08608768723380897,1296,Revision adicional por analista; simulacion BAF
874813,6,0.08603662734688546,1297,Revision adicional por analista; simulacion BAF
816945,6,0.0860348447278042,1298,Revision adicional por analista; simulacion BAF
893915,6,0.08601408225957698,1299,Revision adicional por analista; simulacion BAF
855500,6,0.08594973964367351,1300,Revision adicional por analista; simulacion BAF
878525,6,0.08593739266060262,1301,Revision adicional por analista; simulacion BAF
839133,6,0.08591706999115438,1302,Revision adicional por analista; simulacion BAF
801686,6,0.08584454550822311,1303,Revision adicional por analista; simulacion BAF
899301,6,0.08582418772833274,1304,Revision adicional por analista; simulacion BAF
870706,6,0.08582121145453961,1305,Revision adicional por analista; simulacion BAF
821049,6,0.08580850782495426,1306,Revision adicional por analista; simulacion BAF
875696,6,0.08578208304034543,1307,Revision adicional por analista; simulacion BAF
804811,6,0.08577163703206528,1308,Revision adicional por analista; simulacion BAF
892273,6,0.08576546258590353,1309,Revision adicional por analista; simulacion BAF
875598,6,0.0857525355185609,1310,Revision adicional por analista; simulacion BAF
832158,6,0.08575149177688172,1311,Revision adicional por analista; simulacion BAF
843630,6,0.08571957048370557,1312,Revision adicional por analista; simulacion BAF
821511,6,0.08560685842735094,1313,Revision adicional por analista; simulacion BAF
829645,6,0.08559125471122059,1314,Revision adicional por analista; simulacion BAF
870921,6,0.08557550459771995,1315,Revision adicional por analista; simulacion BAF
847226,6,0.08552134453971186,1316,Revision adicional por analista; simulacion BAF
887059,6,0.08551592428298598,1317,Revision adicional por analista; simulacion BAF
835667,6,0.08543175135353775,1318,Revision adicional por analista; simulacion BAF
869084,6,0.08542949409732403,1319,Revision adicional por analista; simulacion BAF
820717,6,0.08542862061180187,1320,Revision adicional por analista; simulacion BAF
895535,6,0.08541528875309212,1321,Revision adicional por analista; simulacion BAF
817415,6,0.08537794053216011,1322,Revision adicional por analista; simulacion BAF
864707,6,0.08536795322144679,1323,Revision adicional por analista; simulacion BAF
893306,6,0.08536434701956049,1324,Revision adicional por analista; simulacion BAF
850066,6,0.08536287230739054,1325,Revision adicional por analista; simulacion BAF
816226,6,0.085267384150623,1326,Revision adicional por analista; simulacion BAF
895076,6,0.08524691617527451,1327,Revision adicional por analista; simulacion BAF
810417,6,0.08518825988916094,1328,Revision adicional por analista; simulacion BAF
869609,6,0.08516263292207901,1329,Revision adicional por analista; simulacion BAF
889430,6,0.08511836563644527,1330,Revision adicional por analista; simulacion BAF
817835,6,0.08507563330349396,1331,Revision adicional por analista; simulacion BAF
892649,6,0.08507178403983288,1332,Revision adicional por analista; simulacion BAF
837082,6,0.08498410552074698,1333,Revision adicional por analista; simulacion BAF
882245,6,0.08488942725765532,1334,Revision adicional por analista; simulacion BAF
814958,6,0.08488524171780394,1335,Revision adicional por analista; simulacion BAF
855940,6,0.08488313227947177,1336,Revision adicional por analista; simulacion BAF
859483,6,0.08480143199274412,1337,Revision adicional por analista; simulacion BAF
843911,6,0.08479818306744405,1338,Revision adicional por analista; simulacion BAF
887547,6,0.08478660529041426,1339,Revision adicional por analista; simulacion BAF
818979,6,0.0847612990459065,1340,Revision adicional por analista; simulacion BAF
797123,6,0.08473766226230066,1341,Revision adicional por analista; simulacion BAF
852149,6,0.08472794906072077,1342,Revision adicional por analista; simulacion BAF
895783,6,0.08471739801274514,1343,Revision adicional por analista; simulacion BAF
870141,6,0.08470306896519113,1344,Revision adicional por analista; simulacion BAF
900664,6,0.08468480455620316,1345,Revision adicional por analista; simulacion BAF
886407,6,0.0846760363712224,1346,Revision adicional por analista; simulacion BAF
901416,6,0.08466878988349787,1347,Revision adicional por analista; simulacion BAF
814208,6,0.0846513101209809,1348,Revision adicional por analista; simulacion BAF
831451,6,0.08459409251995405,1349,Revision adicional por analista; simulacion BAF
828040,6,0.08454456894763823,1350,Revision adicional por analista; simulacion BAF
861760,6,0.08447730778620857,1351,Revision adicional por analista; simulacion BAF
820312,6,0.08442951006737058,1352,Revision adicional por analista; simulacion BAF
900166,6,0.0843939321102837,1353,Revision adicional por analista; simulacion BAF
890745,6,0.08436552048999359,1354,Revision adicional por analista; simulacion BAF
833877,6,0.08435619094080385,1355,Revision adicional por analista; simulacion BAF
882068,6,0.08428170095786541,1356,Revision adicional por analista; simulacion BAF
804716,6,0.08427675868721482,1357,Revision adicional por analista; simulacion BAF
811138,6,0.0842088611775602,1358,Revision adicional por analista; simulacion BAF
866385,6,0.08416723870401381,1359,Revision adicional por analista; simulacion BAF
825637,6,0.08416205450944325,1360,Revision adicional por analista; simulacion BAF
844964,6,0.08409728423402574,1361,Revision adicional por analista; simulacion BAF
811322,6,0.0840756806934905,1362,Revision adicional por analista; simulacion BAF
804298,6,0.08404689389823271,1363,Revision adicional por analista; simulacion BAF
869211,6,0.0840343783921509,1364,Revision adicional por analista; simulacion BAF
797038,6,0.08402164911233842,1365,Revision adicional por analista; simulacion BAF
828572,6,0.08400919501508117,1366,Revision adicional por analista; simulacion BAF
861370,6,0.08397676517055559,1367,Revision adicional por analista; simulacion BAF
863051,6,0.0838325893390916,1368,Revision adicional por analista; simulacion BAF
867980,6,0.08375853398441829,1369,Revision adicional por analista; simulacion BAF
864944,6,0.08370903336989084,1370,Revision adicional por analista; simulacion BAF
875310,6,0.0836854967664921,1371,Revision adicional por analista; simulacion BAF
878105,6,0.08360708407623735,1372,Revision adicional por analista; simulacion BAF
795929,6,0.08360341043716468,1373,Revision adicional por analista; simulacion BAF
821557,6,0.08359910133445836,1374,Revision adicional por analista; simulacion BAF
875589,6,0.08350085092340528,1375,Revision adicional por analista; simulacion BAF
876609,6,0.08346832341556235,1376,Revision adicional por analista; simulacion BAF
868487,6,0.08346697627455567,1377,Revision adicional por analista; simulacion BAF
858798,6,0.08334835739349092,1378,Revision adicional por analista; simulacion BAF
814242,6,0.08334356283349664,1379,Revision adicional por analista; simulacion BAF
894225,6,0.08329298948665186,1380,Revision adicional por analista; simulacion BAF
853424,6,0.08325139568279367,1381,Revision adicional por analista; simulacion BAF
846593,6,0.08323459953149413,1382,Revision adicional por analista; simulacion BAF
865796,6,0.08320705394713036,1383,Revision adicional por analista; simulacion BAF
829801,6,0.08311934951352003,1384,Revision adicional por analista; simulacion BAF
841483,6,0.08311050288594735,1385,Revision adicional por analista; simulacion BAF
880888,6,0.08308805748161609,1386,Revision adicional por analista; simulacion BAF
867987,6,0.08308104951992354,1387,Revision adicional por analista; simulacion BAF
795845,6,0.0830257631956613,1388,Revision adicional por analista; simulacion BAF
803612,6,0.08302157693448448,1389,Revision adicional por analista; simulacion BAF
882608,6,0.08297986161633218,1390,Revision adicional por analista; simulacion BAF
802704,6,0.08292914611638155,1391,Revision adicional por analista; simulacion BAF
833771,6,0.08292053502998319,1392,Revision adicional por analista; simulacion BAF
899346,6,0.08286819827653824,1393,Revision adicional por analista; simulacion BAF
861713,6,0.08282208995160625,1394,Revision adicional por analista; simulacion BAF
874338,6,0.08265592741946162,1395,Revision adicional por analista; simulacion BAF
902621,6,0.08262167348744576,1396,Revision adicional por analista; simulacion BAF
877156,6,0.08257794025176586,1397,Revision adicional por analista; simulacion BAF
800740,6,0.08252994078683552,1398,Revision adicional por analista; simulacion BAF
811415,6,0.082529775382196,1399,Revision adicional por analista; simulacion BAF
885083,6,0.08252209096872719,1400,Revision adicional por analista; simulacion BAF
840073,6,0.08251157211225214,1401,Revision adicional por analista; simulacion BAF
804046,6,0.08248933070797343,1402,Revision adicional por analista; simulacion BAF
896148,6,0.08248430193617923,1403,Revision adicional por analista; simulacion BAF
847288,6,0.08243367911016881,1404,Revision adicional por analista; simulacion BAF
832611,6,0.08239558400087206,1405,Revision adicional por analista; simulacion BAF
831991,6,0.08239471146504718,1406,Revision adicional por analista; simulacion BAF
810555,6,0.08227894468328383,1407,Revision adicional por analista; simulacion BAF
814725,6,0.08227312750840832,1408,Revision adicional por analista; simulacion BAF
807854,6,0.08223508279992754,1409,Revision adicional por analista; simulacion BAF
899081,6,0.08222960567511985,1410,Revision adicional por analista; simulacion BAF
842158,6,0.08220869226557702,1411,Revision adicional por analista; simulacion BAF
803186,6,0.08220256694936023,1412,Revision adicional por analista; simulacion BAF
866790,6,0.08219904970477589,1413,Revision adicional por analista; simulacion BAF
897915,6,0.08217901324260551,1414,Revision adicional por analista; simulacion BAF
876842,6,0.08217607026902639,1415,Revision adicional por analista; simulacion BAF
858090,6,0.08212211646785827,1416,Revision adicional por analista; simulacion BAF
899089,6,0.08201064724629556,1417,Revision adicional por analista; simulacion BAF
835704,6,0.08199564323229945,1418,Revision adicional por analista; simulacion BAF
807296,6,0.08199378713156635,1419,Revision adicional por analista; simulacion BAF
829161,6,0.08191454119355629,1420,Revision adicional por analista; simulacion BAF
879421,6,0.08183332993296401,1421,Revision adicional por analista; simulacion BAF
807795,6,0.08178259357663552,1422,Revision adicional por analista; simulacion BAF
796625,6,0.08176205408211618,1423,Revision adicional por analista; simulacion BAF
895221,6,0.08171809949798171,1424,Revision adicional por analista; simulacion BAF
872779,6,0.08156502424237874,1425,Revision adicional por analista; simulacion BAF
803674,6,0.08152182926076745,1426,Revision adicional por analista; simulacion BAF
898252,6,0.08149123080637313,1427,Revision adicional por analista; simulacion BAF
864950,6,0.08148438496890924,1428,Revision adicional por analista; simulacion BAF
897410,6,0.08142834347435023,1429,Revision adicional por analista; simulacion BAF
859807,6,0.08141683327606425,1430,Revision adicional por analista; simulacion BAF
880011,6,0.08138931471966543,1431,Revision adicional por analista; simulacion BAF
892716,6,0.08133923447371269,1432,Revision adicional por analista; simulacion BAF
866443,6,0.08129942085761495,1433,Revision adicional por analista; simulacion BAF
889686,6,0.08124257794044373,1434,Revision adicional por analista; simulacion BAF
798337,6,0.0811953946241154,1435,Revision adicional por analista; simulacion BAF
853331,6,0.08114152592228575,1436,Revision adicional por analista; simulacion BAF
832804,6,0.08108658906136772,1437,Revision adicional por analista; simulacion BAF
814487,6,0.08101375438495775,1438,Revision adicional por analista; simulacion BAF
882997,6,0.08100216964297328,1439,Revision adicional por analista; simulacion BAF
846799,6,0.08100058038187155,1440,Revision adicional por analista; simulacion BAF
826732,6,0.08099385627198478,1441,Revision adicional por analista; simulacion BAF
836270,6,0.08097458304480447,1442,Revision adicional por analista; simulacion BAF
846222,6,0.08094930301899882,1443,Revision adicional por analista; simulacion BAF
900394,6,0.08092174577075259,1444,Revision adicional por analista; simulacion BAF
809935,6,0.08089773553396555,1445,Revision adicional por analista; simulacion BAF
809785,6,0.08089448260065121,1446,Revision adicional por analista; simulacion BAF
840150,6,0.08088936057229511,1447,Revision adicional por analista; simulacion BAF
835994,6,0.08088325913647731,1448,Revision adicional por analista; simulacion BAF
838478,6,0.08075687458979569,1449,Revision adicional por analista; simulacion BAF
853383,6,0.08065334172086724,1450,Revision adicional por analista; simulacion BAF
878333,6,0.08060670267054157,1451,Revision adicional por analista; simulacion BAF
800327,6,0.08058758409014118,1452,Revision adicional por analista; simulacion BAF
846840,6,0.08056252608587515,1453,Revision adicional por analista; simulacion BAF
812285,6,0.08049874785995478,1454,Revision adicional por analista; simulacion BAF
816518,6,0.0804974376791497,1455,Revision adicional por analista; simulacion BAF
850159,6,0.08049382567507825,1456,Revision adicional por analista; simulacion BAF
832202,6,0.080468614769604,1457,Revision adicional por analista; simulacion BAF
797819,6,0.08043550194700903,1458,Revision adicional por analista; simulacion BAF
866954,6,0.08041756230520973,1459,Revision adicional por analista; simulacion BAF
820357,6,0.08039956542043705,1460,Revision adicional por analista; simulacion BAF
887723,6,0.08033271556868604,1461,Revision adicional por analista; simulacion BAF
822721,6,0.08026541279879712,1462,Revision adicional por analista; simulacion BAF
806285,6,0.08024601620395364,1463,Revision adicional por analista; simulacion BAF
800226,6,0.08022150615149297,1464,Revision adicional por analista; simulacion BAF
808366,6,0.08021796665433838,1465,Revision adicional por analista; simulacion BAF
849033,6,0.08018440282597802,1466,Revision adicional por analista; simulacion BAF
810556,6,0.08017608566103049,1467,Revision adicional por analista; simulacion BAF
894579,6,0.080150714390334,1468,Revision adicional por analista; simulacion BAF
803188,6,0.08012945835213478,1469,Revision adicional por analista; simulacion BAF
827410,6,0.08001754549882592,1470,Revision adicional por analista; simulacion BAF
896231,6,0.07996501588342601,1471,Revision adicional por analista; simulacion BAF
806658,6,0.07994668974276607,1472,Revision adicional por analista; simulacion BAF
871822,6,0.07990180376065474,1473,Revision adicional por analista; simulacion BAF
869365,6,0.07988166057053703,1474,Revision adicional por analista; simulacion BAF
871690,6,0.07984672395777502,1475,Revision adicional por analista; simulacion BAF
847799,6,0.07984477899233956,1476,Revision adicional por analista; simulacion BAF
892080,6,0.07984202967693449,1477,Revision adicional por analista; simulacion BAF
889457,6,0.07981316252820546,1478,Revision adicional por analista; simulacion BAF
812270,6,0.07979296052788884,1479,Revision adicional por analista; simulacion BAF
847212,6,0.07975956648252193,1480,Revision adicional por analista; simulacion BAF
832589,6,0.07974470285161483,1481,Revision adicional por analista; simulacion BAF
802596,6,0.07972506534280077,1482,Revision adicional por analista; simulacion BAF
824399,6,0.07971099870075977,1483,Revision adicional por analista; simulacion BAF
806004,6,0.07968480503953156,1484,Revision adicional por analista; simulacion BAF
850694,6,0.07967114314740815,1485,Revision adicional por analista; simulacion BAF
878902,6,0.07966555168689929,1486,Revision adicional por analista; simulacion BAF
850081,6,0.07965089056285975,1487,Revision adicional por analista; simulacion BAF
881837,6,0.07963640430044931,1488,Revision adicional por analista; simulacion BAF
875047,6,0.07953611405033513,1489,Revision adicional por analista; simulacion BAF
814177,6,0.07953468731128997,1490,Revision adicional por analista; simulacion BAF
865696,6,0.07952850138341189,1491,Revision adicional por analista; simulacion BAF
868712,6,0.07952594603718903,1492,Revision adicional por analista; simulacion BAF
855433,6,0.07950416020196972,1493,Revision adicional por analista; simulacion BAF
838267,6,0.07949754420636036,1494,Revision adicional por analista; simulacion BAF
800164,6,0.07949238995852301,1495,Revision adicional por analista; simulacion BAF
827564,6,0.07949186184539539,1496,Revision adicional por analista; simulacion BAF
808109,6,0.07946704510254433,1497,Revision adicional por analista; simulacion BAF
834950,6,0.079362672515629,1498,Revision adicional por analista; simulacion BAF
860381,6,0.07931198320947108,1499,Revision adicional por analista; simulacion BAF
815980,6,0.07929910880956485,1500,Revision adicional por analista; simulacion BAF
817009,6,0.0792115500645603,1501,Revision adicional por analista; simulacion BAF
857194,6,0.07918606455906832,1502,Revision adicional por analista; simulacion BAF
872131,6,0.07912778472516482,1503,Revision adicional por analista; simulacion BAF
807651,6,0.07912381483976086,1504,Revision adicional por analista; simulacion BAF
869166,6,0.0790661436049867,1505,Revision adicional por analista; simulacion BAF
817551,6,0.07904869641742467,1506,Revision adicional por analista; simulacion BAF
803764,6,0.07902612468527218,1507,Revision adicional por analista; simulacion BAF
882462,6,0.07901623902467417,1508,Revision adicional por analista; simulacion BAF
804541,6,0.07899186802757366,1509,Revision adicional por analista; simulacion BAF
810202,6,0.07896312874504574,1510,Revision adicional por analista; simulacion BAF
846880,6,0.07894504549689911,1511,Revision adicional por analista; simulacion BAF
877003,6,0.07893275832410392,1512,Revision adicional por analista; simulacion BAF
831596,6,0.07881284112322413,1513,Revision adicional por analista; simulacion BAF
824906,6,0.0786932675431642,1514,Revision adicional por analista; simulacion BAF
851090,6,0.07867858842546065,1515,Revision adicional por analista; simulacion BAF
828073,6,0.07866272465964337,1516,Revision adicional por analista; simulacion BAF
898095,6,0.07864147263091048,1517,Revision adicional por analista; simulacion BAF
853214,6,0.07856528770565767,1518,Revision adicional por analista; simulacion BAF
898356,6,0.07849927861703218,1519,Revision adicional por analista; simulacion BAF
861808,6,0.07848162356911235,1520,Revision adicional por analista; simulacion BAF
886798,6,0.07846054659851369,1521,Revision adicional por analista; simulacion BAF
863223,6,0.07842565462015584,1522,Revision adicional por analista; simulacion BAF
857974,6,0.07830002767804335,1523,Revision adicional por analista; simulacion BAF
842289,6,0.07828637735184162,1524,Revision adicional por analista; simulacion BAF
800236,6,0.07825317961825097,1525,Revision adicional por analista; simulacion BAF
851366,6,0.07824838240007807,1526,Revision adicional por analista; simulacion BAF
902257,6,0.0782335409388924,1527,Revision adicional por analista; simulacion BAF
843605,6,0.07818059306161804,1528,Revision adicional por analista; simulacion BAF
875449,6,0.07810207366619495,1529,Revision adicional por analista; simulacion BAF
834852,6,0.078048008475596,1530,Revision adicional por analista; simulacion BAF
826175,6,0.07804226974582693,1531,Revision adicional por analista; simulacion BAF
811806,6,0.07800683344642272,1532,Revision adicional por analista; simulacion BAF
829432,6,0.07798217200344762,1533,Revision adicional por analista; simulacion BAF
798399,6,0.07789193780335975,1534,Revision adicional por analista; simulacion BAF
902612,6,0.07787543903514554,1535,Revision adicional por analista; simulacion BAF
796397,6,0.07787238979895411,1536,Revision adicional por analista; simulacion BAF
892358,6,0.07785465773959971,1537,Revision adicional por analista; simulacion BAF
837058,6,0.07784478657274292,1538,Revision adicional por analista; simulacion BAF
800413,6,0.07780241287532196,1539,Revision adicional por analista; simulacion BAF
890608,6,0.07779975040771978,1540,Revision adicional por analista; simulacion BAF
851152,6,0.07778845733474078,1541,Revision adicional por analista; simulacion BAF
843883,6,0.07773090411610245,1542,Revision adicional por analista; simulacion BAF
890088,6,0.07772018986792649,1543,Revision adicional por analista; simulacion BAF
900872,6,0.07768930714873892,1544,Revision adicional por analista; simulacion BAF
818766,6,0.07766673365473113,1545,Revision adicional por analista; simulacion BAF
822365,6,0.07764703881035717,1546,Revision adicional por analista; simulacion BAF
801319,6,0.07763058004925642,1547,Revision adicional por analista; simulacion BAF
824710,6,0.07756755552620764,1548,Revision adicional por analista; simulacion BAF
886609,6,0.07756006500225321,1549,Revision adicional por analista; simulacion BAF
870070,6,0.0775425677098355,1550,Revision adicional por analista; simulacion BAF
862202,6,0.0775293449807993,1551,Revision adicional por analista; simulacion BAF
891320,6,0.07749773925215954,1552,Revision adicional por analista; simulacion BAF
798963,6,0.07748166149889855,1553,Revision adicional por analista; simulacion BAF
882073,6,0.07741373498261918,1554,Revision adicional por analista; simulacion BAF
864255,6,0.07734023575641358,1555,Revision adicional por analista; simulacion BAF
830003,6,0.07733053609299757,1556,Revision adicional por analista; simulacion BAF
852250,6,0.07729775041273729,1557,Revision adicional por analista; simulacion BAF
871128,6,0.07726710713244658,1558,Revision adicional por analista; simulacion BAF
902204,6,0.07723911773945695,1559,Revision adicional por analista; simulacion BAF
823909,6,0.07716555145033946,1560,Revision adicional por analista; simulacion BAF
812334,6,0.07711494181516973,1561,Revision adicional por analista; simulacion BAF
869586,6,0.0770958531022595,1562,Revision adicional por analista; simulacion BAF
888574,6,0.07706695734451749,1563,Revision adicional por analista; simulacion BAF
898594,6,0.07701962810211069,1564,Revision adicional por analista; simulacion BAF
811908,6,0.07701751484736294,1565,Revision adicional por analista; simulacion BAF
859353,6,0.07701587277971736,1566,Revision adicional por analista; simulacion BAF
858356,6,0.07700588084043683,1567,Revision adicional por analista; simulacion BAF
854802,6,0.07682297555558514,1568,Revision adicional por analista; simulacion BAF
813140,6,0.07681192756181147,1569,Revision adicional por analista; simulacion BAF
867236,6,0.07680345075483298,1570,Revision adicional por analista; simulacion BAF
885695,6,0.07678931062818506,1571,Revision adicional por analista; simulacion BAF
797935,6,0.0767173555804275,1572,Revision adicional por analista; simulacion BAF
837444,6,0.07667221449838285,1573,Revision adicional por analista; simulacion BAF
902986,6,0.07665729770740415,1574,Revision adicional por analista; simulacion BAF
824508,6,0.07663721142786806,1575,Revision adicional por analista; simulacion BAF
901510,6,0.07663348738254769,1576,Revision adicional por analista; simulacion BAF
862674,6,0.07657989445588281,1577,Revision adicional por analista; simulacion BAF
877485,6,0.07655608308276488,1578,Revision adicional por analista; simulacion BAF
797372,6,0.0765227339624777,1579,Revision adicional por analista; simulacion BAF
825385,6,0.07649749232061805,1580,Revision adicional por analista; simulacion BAF
891605,6,0.07647979616630239,1581,Revision adicional por analista; simulacion BAF
806391,6,0.07646386612791724,1582,Revision adicional por analista; simulacion BAF
859923,6,0.07644182878575372,1583,Revision adicional por analista; simulacion BAF
806913,6,0.07635614163467111,1584,Revision adicional por analista; simulacion BAF
879040,6,0.07634739546770006,1585,Revision adicional por analista; simulacion BAF
840261,6,0.07630082345277095,1586,Revision adicional por analista; simulacion BAF
827101,6,0.0762926794538713,1587,Revision adicional por analista; simulacion BAF
815388,6,0.07628902356695287,1588,Revision adicional por analista; simulacion BAF
832083,6,0.0762798604564249,1589,Revision adicional por analista; simulacion BAF
854412,6,0.07627250786163198,1590,Revision adicional por analista; simulacion BAF
873327,6,0.0762668178042634,1591,Revision adicional por analista; simulacion BAF
811246,6,0.07626080148067312,1592,Revision adicional por analista; simulacion BAF
868609,6,0.07625863080382338,1593,Revision adicional por analista; simulacion BAF
813589,6,0.07622590749572776,1594,Revision adicional por analista; simulacion BAF
902525,6,0.0762065586582665,1595,Revision adicional por analista; simulacion BAF
844959,6,0.07616958075023612,1596,Revision adicional por analista; simulacion BAF
797504,6,0.07611626048927723,1597,Revision adicional por analista; simulacion BAF
882802,6,0.0760950523062788,1598,Revision adicional por analista; simulacion BAF
802191,6,0.07606970202419679,1599,Revision adicional por analista; simulacion BAF
843405,6,0.07606268191835704,1600,Revision adicional por analista; simulacion BAF
799638,6,0.07606132296712988,1601,Revision adicional por analista; simulacion BAF
892788,6,0.07604735676138075,1602,Revision adicional por analista; simulacion BAF
882200,6,0.07604024179271913,1603,Revision adicional por analista; simulacion BAF
875146,6,0.07596779981785257,1604,Revision adicional por analista; simulacion BAF
840772,6,0.07591024764167367,1605,Revision adicional por analista; simulacion BAF
832504,6,0.07585761843266946,1606,Revision adicional por analista; simulacion BAF
823877,6,0.07583673575966517,1607,Revision adicional por analista; simulacion BAF
871198,6,0.07581682429755097,1608,Revision adicional por analista; simulacion BAF
885400,6,0.07577556966436749,1609,Revision adicional por analista; simulacion BAF
854490,6,0.07573993979229224,1610,Revision adicional por analista; simulacion BAF
854366,6,0.07571667403448203,1611,Revision adicional por analista; simulacion BAF
812386,6,0.07570400256757033,1612,Revision adicional por analista; simulacion BAF
831230,6,0.07568705158442558,1613,Revision adicional por analista; simulacion BAF
798851,6,0.07565273597742608,1614,Revision adicional por analista; simulacion BAF
873826,6,0.07562179944686144,1615,Revision adicional por analista; simulacion BAF
810706,6,0.07553338252860085,1616,Revision adicional por analista; simulacion BAF
805846,6,0.07552645906306359,1617,Revision adicional por analista; simulacion BAF
894478,6,0.07552464977993112,1618,Revision adicional por analista; simulacion BAF
848815,6,0.07552133780762622,1619,Revision adicional por analista; simulacion BAF
879510,6,0.07548187568866682,1620,Revision adicional por analista; simulacion BAF
845047,6,0.0754307565716023,1621,Revision adicional por analista; simulacion BAF
874159,6,0.07540712623980096,1622,Revision adicional por analista; simulacion BAF
883588,6,0.07537154998627715,1623,Revision adicional por analista; simulacion BAF
823749,6,0.07535254256717819,1624,Revision adicional por analista; simulacion BAF
852154,6,0.07531482890141863,1625,Revision adicional por analista; simulacion BAF
864075,6,0.0752585518699673,1626,Revision adicional por analista; simulacion BAF
828997,6,0.07525833189736066,1627,Revision adicional por analista; simulacion BAF
821095,6,0.07525128994250159,1628,Revision adicional por analista; simulacion BAF
879240,6,0.07524937160652757,1629,Revision adicional por analista; simulacion BAF
883063,6,0.07523777782351745,1630,Revision adicional por analista; simulacion BAF
872586,6,0.07521320439447729,1631,Revision adicional por analista; simulacion BAF
841159,6,0.07516891768456216,1632,Revision adicional por analista; simulacion BAF
837843,6,0.07515829255669047,1633,Revision adicional por analista; simulacion BAF
848936,6,0.07514110240032931,1634,Revision adicional por analista; simulacion BAF
893795,6,0.0751174621451982,1635,Revision adicional por analista; simulacion BAF
822937,6,0.07505833900272615,1636,Revision adicional por analista; simulacion BAF
806639,6,0.07505316293058331,1637,Revision adicional por analista; simulacion BAF
807088,6,0.0750473990090266,1638,Revision adicional por analista; simulacion BAF
822739,6,0.07504529609946499,1639,Revision adicional por analista; simulacion BAF
826125,6,0.07500237970070343,1640,Revision adicional por analista; simulacion BAF
882985,6,0.07499123878282205,1641,Revision adicional por analista; simulacion BAF
852707,6,0.07496376850840346,1642,Revision adicional por analista; simulacion BAF
884130,6,0.07493694073998577,1643,Revision adicional por analista; simulacion BAF
831305,6,0.07483768105956924,1644,Revision adicional por analista; simulacion BAF
872184,6,0.07476058691249172,1645,Revision adicional por analista; simulacion BAF
900409,6,0.07473435560659507,1646,Revision adicional por analista; simulacion BAF
825545,6,0.07472732254368923,1647,Revision adicional por analista; simulacion BAF
866014,6,0.0746551758868167,1648,Revision adicional por analista; simulacion BAF
884832,6,0.07462684951291745,1649,Revision adicional por analista; simulacion BAF
872129,6,0.07459581114425136,1650,Revision adicional por analista; simulacion BAF
892824,6,0.07459212633803998,1651,Revision adicional por analista; simulacion BAF
855973,6,0.07455443656642503,1652,Revision adicional por analista; simulacion BAF
815631,6,0.07455028615422112,1653,Revision adicional por analista; simulacion BAF
894020,6,0.07453607266848014,1654,Revision adicional por analista; simulacion BAF
896073,6,0.07449831587829078,1655,Revision adicional por analista; simulacion BAF
812977,6,0.07447399441194079,1656,Revision adicional por analista; simulacion BAF
816461,6,0.074472628128195,1657,Revision adicional por analista; simulacion BAF
881291,6,0.07446654451299686,1658,Revision adicional por analista; simulacion BAF
832177,6,0.0744517116456493,1659,Revision adicional por analista; simulacion BAF
879022,6,0.07436838859795036,1660,Revision adicional por analista; simulacion BAF
796587,6,0.07431979735796616,1661,Revision adicional por analista; simulacion BAF
850084,6,0.074308691832203,1662,Revision adicional por analista; simulacion BAF
807489,6,0.07429566919528187,1663,Revision adicional por analista; simulacion BAF
832742,6,0.07428714126283772,1664,Revision adicional por analista; simulacion BAF
818604,6,0.07421592785323243,1665,Revision adicional por analista; simulacion BAF
886125,6,0.0741782883000503,1666,Revision adicional por analista; simulacion BAF
902346,6,0.07415976277981316,1667,Revision adicional por analista; simulacion BAF
869054,6,0.07415944161725845,1668,Revision adicional por analista; simulacion BAF
847323,6,0.07415256919829413,1669,Revision adicional por analista; simulacion BAF
846925,6,0.07414103922768471,1670,Revision adicional por analista; simulacion BAF
874953,6,0.07413715958717353,1671,Revision adicional por analista; simulacion BAF
856318,6,0.07411877914912257,1672,Revision adicional por analista; simulacion BAF
820535,6,0.0741031622848574,1673,Revision adicional por analista; simulacion BAF
857555,6,0.07409986032738204,1674,Revision adicional por analista; simulacion BAF
859176,6,0.0740862044635919,1675,Revision adicional por analista; simulacion BAF
801954,6,0.07408273942846828,1676,Revision adicional por analista; simulacion BAF
873768,6,0.07403918829947681,1677,Revision adicional por analista; simulacion BAF
803426,6,0.0739624974415877,1678,Revision adicional por analista; simulacion BAF
833040,6,0.07392418934470853,1679,Revision adicional por analista; simulacion BAF
826572,6,0.07390167794570064,1680,Revision adicional por analista; simulacion BAF
837933,6,0.07389102681068882,1681,Revision adicional por analista; simulacion BAF
894389,6,0.07385664089295053,1682,Revision adicional por analista; simulacion BAF
902416,6,0.0738476644718904,1683,Revision adicional por analista; simulacion BAF
829030,6,0.07380927494455412,1684,Revision adicional por analista; simulacion BAF
860673,6,0.07379267367287112,1685,Revision adicional por analista; simulacion BAF
805664,6,0.07378914857639653,1686,Revision adicional por analista; simulacion BAF
801054,6,0.07376776210386858,1687,Revision adicional por analista; simulacion BAF
888245,6,0.07373951943050361,1688,Revision adicional por analista; simulacion BAF
865931,6,0.0736559859167847,1689,Revision adicional por analista; simulacion BAF
859024,6,0.07364973230698008,1690,Revision adicional por analista; simulacion BAF
827662,6,0.07364101700312249,1691,Revision adicional por analista; simulacion BAF
877931,6,0.07361653956844459,1692,Revision adicional por analista; simulacion BAF
892174,6,0.07358024624390178,1693,Revision adicional por analista; simulacion BAF
809969,6,0.07357368561441294,1694,Revision adicional por analista; simulacion BAF
822170,6,0.0735078349604678,1695,Revision adicional por analista; simulacion BAF
877681,6,0.07349478645861192,1696,Revision adicional por analista; simulacion BAF
890368,6,0.07348494883796709,1697,Revision adicional por analista; simulacion BAF
876356,6,0.07348345731097487,1698,Revision adicional por analista; simulacion BAF
811109,6,0.07347820169273948,1699,Revision adicional por analista; simulacion BAF
833071,6,0.07347745576959347,1700,Revision adicional por analista; simulacion BAF
820408,6,0.07347621731128302,1701,Revision adicional por analista; simulacion BAF
884113,6,0.07346409625715927,1702,Revision adicional por analista; simulacion BAF
879003,6,0.07345284423382334,1703,Revision adicional por analista; simulacion BAF
853256,6,0.0734267449435958,1704,Revision adicional por analista; simulacion BAF
834623,6,0.07338749072703238,1705,Revision adicional por analista; simulacion BAF
891446,6,0.07338156958872744,1706,Revision adicional por analista; simulacion BAF
818778,6,0.07335429350152024,1707,Revision adicional por analista; simulacion BAF
873201,6,0.07334143612140451,1708,Revision adicional por analista; simulacion BAF
834618,6,0.07329181809746345,1709,Revision adicional por analista; simulacion BAF
835913,6,0.07322986474708186,1710,Revision adicional por analista; simulacion BAF
841548,6,0.0732208523290118,1711,Revision adicional por analista; simulacion BAF
882240,6,0.0732126970816822,1712,Revision adicional por analista; simulacion BAF
884154,6,0.07319703521595478,1713,Revision adicional por analista; simulacion BAF
877081,6,0.0731936066555945,1714,Revision adicional por analista; simulacion BAF
885696,6,0.07319132975904914,1715,Revision adicional por analista; simulacion BAF
852116,6,0.07319099000559053,1716,Revision adicional por analista; simulacion BAF
887707,6,0.0731261284503713,1717,Revision adicional por analista; simulacion BAF
827651,6,0.07311599528123526,1718,Revision adicional por analista; simulacion BAF
835653,6,0.07310516932066281,1719,Revision adicional por analista; simulacion BAF
859636,6,0.07307649753459255,1720,Revision adicional por analista; simulacion BAF
805795,6,0.07301998472460886,1721,Revision adicional por analista; simulacion BAF
863961,6,0.07299434524083852,1722,Revision adicional por analista; simulacion BAF
820146,6,0.07293753994060018,1723,Revision adicional por analista; simulacion BAF
857592,6,0.07293374569182341,1724,Revision adicional por analista; simulacion BAF
817741,6,0.07291396327542982,1725,Revision adicional por analista; simulacion BAF
828260,6,0.07289447217664996,1726,Revision adicional por analista; simulacion BAF
808531,6,0.07289369358832672,1727,Revision adicional por analista; simulacion BAF
802016,6,0.0728898375379571,1728,Revision adicional por analista; simulacion BAF
856150,6,0.07282516905086968,1729,Revision adicional por analista; simulacion BAF
840281,6,0.07281969423422048,1730,Revision adicional por analista; simulacion BAF
869626,6,0.07281756072419254,1731,Revision adicional por analista; simulacion BAF
819746,6,0.0728135041055391,1732,Revision adicional por analista; simulacion BAF
874357,6,0.07281031906493685,1733,Revision adicional por analista; simulacion BAF
899619,6,0.07279960473236823,1734,Revision adicional por analista; simulacion BAF
863752,6,0.07278462660471927,1735,Revision adicional por analista; simulacion BAF
816879,6,0.07275081405361288,1736,Revision adicional por analista; simulacion BAF
849951,6,0.07273798440395902,1737,Revision adicional por analista; simulacion BAF
881111,6,0.07270911257283925,1738,Revision adicional por analista; simulacion BAF
844879,6,0.07270647271406176,1739,Revision adicional por analista; simulacion BAF
874289,6,0.07265947635287094,1740,Revision adicional por analista; simulacion BAF
824928,6,0.07265620148737106,1741,Revision adicional por analista; simulacion BAF
896354,6,0.0726325040778514,1742,Revision adicional por analista; simulacion BAF
840146,6,0.07261979601547594,1743,Revision adicional por analista; simulacion BAF
898734,6,0.07257998517038237,1744,Revision adicional por analista; simulacion BAF
804270,6,0.07251973220917783,1745,Revision adicional por analista; simulacion BAF
808862,6,0.07251443179079474,1746,Revision adicional por analista; simulacion BAF
881157,6,0.07243952960831718,1747,Revision adicional por analista; simulacion BAF
811724,6,0.0724116481642114,1748,Revision adicional por analista; simulacion BAF
828932,6,0.07239956570422197,1749,Revision adicional por analista; simulacion BAF
889238,6,0.07238343742072274,1750,Revision adicional por analista; simulacion BAF
879257,6,0.07238330521967358,1751,Revision adicional por analista; simulacion BAF
897945,6,0.0723245704598927,1752,Revision adicional por analista; simulacion BAF
875714,6,0.07229625044021008,1753,Revision adicional por analista; simulacion BAF
876081,6,0.07227160800781383,1754,Revision adicional por analista; simulacion BAF
836194,6,0.07222697251628811,1755,Revision adicional por analista; simulacion BAF
850595,6,0.07221774629115763,1756,Revision adicional por analista; simulacion BAF
902616,6,0.07220363441005151,1757,Revision adicional por analista; simulacion BAF
808219,6,0.07220045441276274,1758,Revision adicional por analista; simulacion BAF
877581,6,0.07219203480680765,1759,Revision adicional por analista; simulacion BAF
885773,6,0.07218273452238344,1760,Revision adicional por analista; simulacion BAF
827407,6,0.0721706229227562,1761,Revision adicional por analista; simulacion BAF
892556,6,0.07216226669743199,1762,Revision adicional por analista; simulacion BAF
869569,6,0.0721249888632345,1763,Revision adicional por analista; simulacion BAF
855459,6,0.07210046035580345,1764,Revision adicional por analista; simulacion BAF
797543,6,0.07208087650127167,1765,Revision adicional por analista; simulacion BAF
833052,6,0.07203910283465931,1766,Revision adicional por analista; simulacion BAF
797433,6,0.07202667989478079,1767,Revision adicional por analista; simulacion BAF
833079,6,0.07200070686507083,1768,Revision adicional por analista; simulacion BAF
863036,6,0.07194511695157454,1769,Revision adicional por analista; simulacion BAF
804898,6,0.07194378230415877,1770,Revision adicional por analista; simulacion BAF
894399,6,0.07194006367450406,1771,Revision adicional por analista; simulacion BAF
822583,6,0.07184474441602673,1772,Revision adicional por analista; simulacion BAF
888466,6,0.07184341694101394,1773,Revision adicional por analista; simulacion BAF
816538,6,0.07181079075378584,1774,Revision adicional por analista; simulacion BAF
867962,6,0.07180850095295906,1775,Revision adicional por analista; simulacion BAF
800126,6,0.07180213517916356,1776,Revision adicional por analista; simulacion BAF
872460,6,0.07179534010980443,1777,Revision adicional por analista; simulacion BAF
802276,6,0.07177361546526004,1778,Revision adicional por analista; simulacion BAF
879658,6,0.07174982758933915,1779,Revision adicional por analista; simulacion BAF
827569,6,0.07174314813885481,1780,Revision adicional por analista; simulacion BAF
829595,6,0.07157426941790634,1781,Revision adicional por analista; simulacion BAF
878427,6,0.07156492951133604,1782,Revision adicional por analista; simulacion BAF
876141,6,0.07155069267014882,1783,Revision adicional por analista; simulacion BAF
810472,6,0.07153922681968139,1784,Revision adicional por analista; simulacion BAF
841734,6,0.07153001020155594,1785,Revision adicional por analista; simulacion BAF
887022,6,0.07150321165261242,1786,Revision adicional por analista; simulacion BAF
863848,6,0.0714827555800173,1787,Revision adicional por analista; simulacion BAF
872317,6,0.07142402222929144,1788,Revision adicional por analista; simulacion BAF
798573,6,0.0714161505291828,1789,Revision adicional por analista; simulacion BAF
801088,6,0.07138629055638965,1790,Revision adicional por analista; simulacion BAF
849376,6,0.07135737310519852,1791,Revision adicional por analista; simulacion BAF
836250,6,0.07135644364889654,1792,Revision adicional por analista; simulacion BAF
880071,6,0.0712974008647222,1793,Revision adicional por analista; simulacion BAF
797036,6,0.0712902015831039,1794,Revision adicional por analista; simulacion BAF
818831,6,0.0712262612858529,1795,Revision adicional por analista; simulacion BAF
814994,6,0.0712227177389589,1796,Revision adicional por analista; simulacion BAF
845502,6,0.07119752472645438,1797,Revision adicional por analista; simulacion BAF
844814,6,0.07119609564243323,1798,Revision adicional por analista; simulacion BAF
866009,6,0.07108786515933849,1799,Revision adicional por analista; simulacion BAF
810276,6,0.07107842710422362,1800,Revision adicional por analista; simulacion BAF
850736,6,0.07105174593011383,1801,Revision adicional por analista; simulacion BAF
799989,6,0.07104252027782082,1802,Revision adicional por analista; simulacion BAF
875894,6,0.07101208477065034,1803,Revision adicional por analista; simulacion BAF
895319,6,0.07100402821394482,1804,Revision adicional por analista; simulacion BAF
839883,6,0.07099980837899107,1805,Revision adicional por analista; simulacion BAF
832324,6,0.07097783735628677,1806,Revision adicional por analista; simulacion BAF
882100,6,0.07092483233214578,1807,Revision adicional por analista; simulacion BAF
849322,6,0.07087535106934925,1808,Revision adicional por analista; simulacion BAF
818004,6,0.07086841392727443,1809,Revision adicional por analista; simulacion BAF
877445,6,0.07086190826392996,1810,Revision adicional por analista; simulacion BAF
836344,6,0.07082728070708147,1811,Revision adicional por analista; simulacion BAF
826668,6,0.07080554231078567,1812,Revision adicional por analista; simulacion BAF
811842,6,0.07079455980383033,1813,Revision adicional por analista; simulacion BAF
856894,6,0.07079322898248419,1814,Revision adicional por analista; simulacion BAF
819391,6,0.07073997988781447,1815,Revision adicional por analista; simulacion BAF
895754,6,0.07073831732021987,1816,Revision adicional por analista; simulacion BAF
827316,6,0.07070094188151888,1817,Revision adicional por analista; simulacion BAF
890652,6,0.07068200843172055,1818,Revision adicional por analista; simulacion BAF
858019,6,0.0706786250136434,1819,Revision adicional por analista; simulacion BAF
816249,6,0.07065172003548426,1820,Revision adicional por analista; simulacion BAF
801894,6,0.07059272939538463,1821,Revision adicional por analista; simulacion BAF
865101,6,0.07053576846450096,1822,Revision adicional por analista; simulacion BAF
901426,6,0.07047084238115572,1823,Revision adicional por analista; simulacion BAF
885611,6,0.07044826971424135,1824,Revision adicional por analista; simulacion BAF
817898,6,0.07044405832844876,1825,Revision adicional por analista; simulacion BAF
861435,6,0.07039061856543875,1826,Revision adicional por analista; simulacion BAF
868051,6,0.07037510023193623,1827,Revision adicional por analista; simulacion BAF
849529,6,0.07036317229291049,1828,Revision adicional por analista; simulacion BAF
897154,6,0.07033737396298767,1829,Revision adicional por analista; simulacion BAF
828403,6,0.07027265874738162,1830,Revision adicional por analista; simulacion BAF
885949,6,0.07026731261027223,1831,Revision adicional por analista; simulacion BAF
888544,6,0.0702618791160842,1832,Revision adicional por analista; simulacion BAF
855705,6,0.07024307665424233,1833,Revision adicional por analista; simulacion BAF
859565,6,0.07019296834830933,1834,Revision adicional por analista; simulacion BAF
814450,6,0.07019247329613663,1835,Revision adicional por analista; simulacion BAF
835090,6,0.07018256840345807,1836,Revision adicional por analista; simulacion BAF
855132,6,0.07017815586657597,1837,Revision adicional por analista; simulacion BAF
872639,6,0.07014772017829878,1838,Revision adicional por analista; simulacion BAF
869685,6,0.07011099798214876,1839,Revision adicional por analista; simulacion BAF
832699,6,0.0700459000842195,1840,Revision adicional por analista; simulacion BAF
900041,6,0.07003415303334375,1841,Revision adicional por analista; simulacion BAF
796334,6,0.07002454578331906,1842,Revision adicional por analista; simulacion BAF
815268,6,0.06999350759360655,1843,Revision adicional por analista; simulacion BAF
868863,6,0.06997913140844932,1844,Revision adicional por analista; simulacion BAF
889869,6,0.06992003863642392,1845,Revision adicional por analista; simulacion BAF
798332,6,0.06986471429122959,1846,Revision adicional por analista; simulacion BAF
835971,6,0.06986054839147356,1847,Revision adicional por analista; simulacion BAF
897204,6,0.06985291606347001,1848,Revision adicional por analista; simulacion BAF
843205,6,0.06984383972229426,1849,Revision adicional por analista; simulacion BAF
902212,6,0.0698140667913428,1850,Revision adicional por analista; simulacion BAF
863117,6,0.06980805909978882,1851,Revision adicional por analista; simulacion BAF
880894,6,0.06977506745446325,1852,Revision adicional por analista; simulacion BAF
880319,6,0.06977161388865533,1853,Revision adicional por analista; simulacion BAF
841882,6,0.06974722308010776,1854,Revision adicional por analista; simulacion BAF
841725,6,0.06971926181779836,1855,Revision adicional por analista; simulacion BAF
835065,6,0.0696668987054943,1856,Revision adicional por analista; simulacion BAF
824455,6,0.06966649175507612,1857,Revision adicional por analista; simulacion BAF
899404,6,0.06966021570410152,1858,Revision adicional por analista; simulacion BAF
796653,6,0.06965793964150632,1859,Revision adicional por analista; simulacion BAF
818076,6,0.06965695972767522,1860,Revision adicional por analista; simulacion BAF
850501,6,0.06961300323772798,1861,Revision adicional por analista; simulacion BAF
838795,6,0.0696066018596634,1862,Revision adicional por analista; simulacion BAF
830046,6,0.0695692750585218,1863,Revision adicional por analista; simulacion BAF
881543,6,0.06949491747762765,1864,Revision adicional por analista; simulacion BAF
847889,6,0.06943186222450197,1865,Revision adicional por analista; simulacion BAF
855664,6,0.06942615069293372,1866,Revision adicional por analista; simulacion BAF
819678,6,0.06940612249331139,1867,Revision adicional por analista; simulacion BAF
858340,6,0.06939476467867718,1868,Revision adicional por analista; simulacion BAF
869993,6,0.06933794727542661,1869,Revision adicional por analista; simulacion BAF
831075,6,0.06930666114316088,1870,Revision adicional por analista; simulacion BAF
864239,6,0.06923505853928483,1871,Revision adicional por analista; simulacion BAF
886840,6,0.06922955762396941,1872,Revision adicional por analista; simulacion BAF
835423,6,0.06922049870754148,1873,Revision adicional por analista; simulacion BAF
827669,6,0.06921725119172653,1874,Revision adicional por analista; simulacion BAF
861763,6,0.06920038699201593,1875,Revision adicional por analista; simulacion BAF
856265,6,0.06919800489531347,1876,Revision adicional por analista; simulacion BAF
815779,6,0.06915865413466521,1877,Revision adicional por analista; simulacion BAF
813141,6,0.06913363339640732,1878,Revision adicional por analista; simulacion BAF
834261,6,0.06907486232528272,1879,Revision adicional por analista; simulacion BAF
812645,6,0.06904387943303673,1880,Revision adicional por analista; simulacion BAF
828837,6,0.06901529584326176,1881,Revision adicional por analista; simulacion BAF
798959,6,0.06900463060144832,1882,Revision adicional por analista; simulacion BAF
868575,6,0.06900253769521035,1883,Revision adicional por analista; simulacion BAF
824640,6,0.06900067376268472,1884,Revision adicional por analista; simulacion BAF
836229,6,0.06898369042740343,1885,Revision adicional por analista; simulacion BAF
818389,6,0.06891765689176574,1886,Revision adicional por analista; simulacion BAF
815842,6,0.06890851221112383,1887,Revision adicional por analista; simulacion BAF
850433,6,0.06888343975895189,1888,Revision adicional por analista; simulacion BAF
860560,6,0.06887563310530392,1889,Revision adicional por analista; simulacion BAF
870917,6,0.06884265522512524,1890,Revision adicional por analista; simulacion BAF
873271,6,0.0687912864122441,1891,Revision adicional por analista; simulacion BAF
894980,6,0.06876198468168844,1892,Revision adicional por analista; simulacion BAF
819662,6,0.06876008723691548,1893,Revision adicional por analista; simulacion BAF
853029,6,0.06871351529184029,1894,Revision adicional por analista; simulacion BAF
838429,6,0.06866743294814816,1895,Revision adicional por analista; simulacion BAF
825399,6,0.06865665280484771,1896,Revision adicional por analista; simulacion BAF
850782,6,0.06863158349118513,1897,Revision adicional por analista; simulacion BAF
882478,6,0.0685916981320276,1898,Revision adicional por analista; simulacion BAF
795262,6,0.06856341620942658,1899,Revision adicional por analista; simulacion BAF
805848,6,0.06853197126647656,1900,Revision adicional por analista; simulacion BAF
852982,6,0.06850876037745617,1901,Revision adicional por analista; simulacion BAF
839728,6,0.0684841345063321,1902,Revision adicional por analista; simulacion BAF
837573,6,0.06847666741733369,1903,Revision adicional por analista; simulacion BAF
838622,6,0.06847122662664488,1904,Revision adicional por analista; simulacion BAF
821568,6,0.0684633777056341,1905,Revision adicional por analista; simulacion BAF
865133,6,0.0684325380212122,1906,Revision adicional por analista; simulacion BAF
897016,6,0.06842184478716738,1907,Revision adicional por analista; simulacion BAF
872620,6,0.06834474587083089,1908,Revision adicional por analista; simulacion BAF
852094,6,0.06833452969612079,1909,Revision adicional por analista; simulacion BAF
857795,6,0.06832938212973796,1910,Revision adicional por analista; simulacion BAF
862364,6,0.06827307360061624,1911,Revision adicional por analista; simulacion BAF
815770,6,0.06825491145803636,1912,Revision adicional por analista; simulacion BAF
900380,6,0.06822067492028425,1913,Revision adicional por analista; simulacion BAF
803514,6,0.06820849955307676,1914,Revision adicional por analista; simulacion BAF
855496,6,0.0681736657098783,1915,Revision adicional por analista; simulacion BAF
814336,6,0.06815600007596806,1916,Revision adicional por analista; simulacion BAF
818568,6,0.06807439816671615,1917,Revision adicional por analista; simulacion BAF
836686,6,0.06803756824718839,1918,Revision adicional por analista; simulacion BAF
881008,6,0.06803371801219338,1919,Revision adicional por analista; simulacion BAF
819040,6,0.06802912345934184,1920,Revision adicional por analista; simulacion BAF
887490,6,0.06799519551548495,1921,Revision adicional por analista; simulacion BAF
838343,6,0.06793344356916713,1922,Revision adicional por analista; simulacion BAF
836167,6,0.06792850763986011,1923,Revision adicional por analista; simulacion BAF
818117,6,0.06792065041296962,1924,Revision adicional por analista; simulacion BAF
805007,6,0.06790076904284337,1925,Revision adicional por analista; simulacion BAF
900933,6,0.0678998702608568,1926,Revision adicional por analista; simulacion BAF
901722,6,0.06787667333365403,1927,Revision adicional por analista; simulacion BAF
876393,6,0.06787253776817762,1928,Revision adicional por analista; simulacion BAF
873082,6,0.0678712109184233,1929,Revision adicional por analista; simulacion BAF
855098,6,0.06781860260804595,1930,Revision adicional por analista; simulacion BAF
800877,6,0.06778631842636922,1931,Revision adicional por analista; simulacion BAF
889265,6,0.06776231515096086,1932,Revision adicional por analista; simulacion BAF
839419,6,0.06774232353997318,1933,Revision adicional por analista; simulacion BAF
857684,6,0.06774102957202774,1934,Revision adicional por analista; simulacion BAF
820480,6,0.06770750951447202,1935,Revision adicional por analista; simulacion BAF
851173,6,0.06770282662332441,1936,Revision adicional por analista; simulacion BAF
875085,6,0.06769147798823039,1937,Revision adicional por analista; simulacion BAF
857527,6,0.06768738649883069,1938,Revision adicional por analista; simulacion BAF
893245,6,0.06767096522990895,1939,Revision adicional por analista; simulacion BAF
855121,6,0.06766980173948406,1940,Revision adicional por analista; simulacion BAF
835738,6,0.06765761773907462,1941,Revision adicional por analista; simulacion BAF
802593,6,0.06763431101415115,1942,Revision adicional por analista; simulacion BAF
849036,6,0.06761388377217133,1943,Revision adicional por analista; simulacion BAF
815154,6,0.06761280320051344,1944,Revision adicional por analista; simulacion BAF
881889,6,0.06761010699331688,1945,Revision adicional por analista; simulacion BAF
813633,6,0.06759702331287784,1946,Revision adicional por analista; simulacion BAF
870338,6,0.06758825995815451,1947,Revision adicional por analista; simulacion BAF
857598,6,0.06756966383098986,1948,Revision adicional por analista; simulacion BAF
872393,6,0.06756223401159017,1949,Revision adicional por analista; simulacion BAF
799015,6,0.06754862065124986,1950,Revision adicional por analista; simulacion BAF
850992,6,0.067502232593154,1951,Revision adicional por analista; simulacion BAF
881212,6,0.0674899246700787,1952,Revision adicional por analista; simulacion BAF
812308,6,0.06748538215687062,1953,Revision adicional por analista; simulacion BAF
890513,6,0.06747174986021176,1954,Revision adicional por analista; simulacion BAF
816888,6,0.06745217499724754,1955,Revision adicional por analista; simulacion BAF
875219,6,0.06741798176071054,1956,Revision adicional por analista; simulacion BAF
818621,6,0.067393328224226,1957,Revision adicional por analista; simulacion BAF
820981,6,0.06732637976295588,1958,Revision adicional por analista; simulacion BAF
877930,6,0.0673114720586866,1959,Revision adicional por analista; simulacion BAF
839798,6,0.06730895327637725,1960,Revision adicional por analista; simulacion BAF
902007,6,0.06730760715343713,1961,Revision adicional por analista; simulacion BAF
870762,6,0.06730635728961873,1962,Revision adicional por analista; simulacion BAF
816242,6,0.0673041958690138,1963,Revision adicional por analista; simulacion BAF
878490,6,0.0672526529866501,1964,Revision adicional por analista; simulacion BAF
854144,6,0.06722365688258553,1965,Revision adicional por analista; simulacion BAF
894363,6,0.0672054428905822,1966,Revision adicional por analista; simulacion BAF
828711,6,0.06713575566523698,1967,Revision adicional por analista; simulacion BAF
861606,6,0.06709963793481338,1968,Revision adicional por analista; simulacion BAF
867749,6,0.06706580933191289,1969,Revision adicional por analista; simulacion BAF
823059,6,0.06705111260447072,1970,Revision adicional por analista; simulacion BAF
845834,6,0.06703292221065844,1971,Revision adicional por analista; simulacion BAF
805207,6,0.06700320780039244,1972,Revision adicional por analista; simulacion BAF
899561,6,0.06696469677592151,1973,Revision adicional por analista; simulacion BAF
824954,6,0.06696189517760182,1974,Revision adicional por analista; simulacion BAF
888726,6,0.06695559328407086,1975,Revision adicional por analista; simulacion BAF
888310,6,0.06689948836045176,1976,Revision adicional por analista; simulacion BAF
872903,6,0.06688927942694077,1977,Revision adicional por analista; simulacion BAF
888630,6,0.06688518956098127,1978,Revision adicional por analista; simulacion BAF
862133,6,0.06688340099560132,1979,Revision adicional por analista; simulacion BAF
796392,6,0.06686981899612772,1980,Revision adicional por analista; simulacion BAF
888606,6,0.0668620902753142,1981,Revision adicional por analista; simulacion BAF
817369,6,0.0668517713489015,1982,Revision adicional por analista; simulacion BAF
881261,6,0.06684873055803127,1983,Revision adicional por analista; simulacion BAF
817410,6,0.06683550929215375,1984,Revision adicional por analista; simulacion BAF
814128,6,0.06681324332501612,1985,Revision adicional por analista; simulacion BAF
879974,6,0.06680371513139623,1986,Revision adicional por analista; simulacion BAF
899473,6,0.06670289249214549,1987,Revision adicional por analista; simulacion BAF
813089,6,0.06670267384322635,1988,Revision adicional por analista; simulacion BAF
845709,6,0.06662595319511593,1989,Revision adicional por analista; simulacion BAF
802434,6,0.06662067932738733,1990,Revision adicional por analista; simulacion BAF
815228,6,0.0666156601712877,1991,Revision adicional por analista; simulacion BAF
861797,6,0.06660545933339765,1992,Revision adicional por analista; simulacion BAF
796957,6,0.06659613791958374,1993,Revision adicional por analista; simulacion BAF
873114,6,0.06659529977455132,1994,Revision adicional por analista; simulacion BAF
881258,6,0.06659052247523112,1995,Revision adicional por analista; simulacion BAF
839083,6,0.06648637512000531,1996,Revision adicional por analista; simulacion BAF
817111,6,0.06647523406402944,1997,Revision adicional por analista; simulacion BAF
817704,6,0.06645974027562451,1998,Revision adicional por analista; simulacion BAF
882368,6,0.06645020884322927,1999,Revision adicional por analista; simulacion BAF
891971,6,0.06645017605811576,2000,Revision adicional por analista; simulacion BAF
871667,6,0.06641783700191682,2001,Revision adicional por analista; simulacion BAF
896385,6,0.06641125813309241,2002,Revision adicional por analista; simulacion BAF
841312,6,0.06639270615447904,2003,Revision adicional por analista; simulacion BAF
819603,6,0.06638315265194288,2004,Revision adicional por analista; simulacion BAF
900020,6,0.06629096107151418,2005,Revision adicional por analista; simulacion BAF
845010,6,0.06628939620935305,2006,Revision adicional por analista; simulacion BAF
795827,6,0.0662838837681962,2007,Revision adicional por analista; simulacion BAF
888851,6,0.06627127435350516,2008,Revision adicional por analista; simulacion BAF
842653,6,0.06626086091592148,2009,Revision adicional por analista; simulacion BAF
827839,6,0.0662272537789922,2010,Revision adicional por analista; simulacion BAF
878647,6,0.06621332629639691,2011,Revision adicional por analista; simulacion BAF
803042,6,0.06617336433224599,2012,Revision adicional por analista; simulacion BAF
857885,6,0.0661733018541598,2013,Revision adicional por analista; simulacion BAF
860406,6,0.06614985580818285,2014,Revision adicional por analista; simulacion BAF
821222,6,0.06613314928564122,2015,Revision adicional por analista; simulacion BAF
834012,6,0.06609239696893304,2016,Revision adicional por analista; simulacion BAF
803302,6,0.06608584549769145,2017,Revision adicional por analista; simulacion BAF
854656,6,0.0660780758375409,2018,Revision adicional por analista; simulacion BAF
821651,6,0.06607409165632673,2019,Revision adicional por analista; simulacion BAF
857777,6,0.066051875242491,2020,Revision adicional por analista; simulacion BAF
891642,6,0.06604863523593009,2021,Revision adicional por analista; simulacion BAF
806956,6,0.06600211847807484,2022,Revision adicional por analista; simulacion BAF
805173,6,0.06599582760155781,2023,Revision adicional por analista; simulacion BAF
834988,6,0.06598357308418415,2024,Revision adicional por analista; simulacion BAF
829498,6,0.06597005848431586,2025,Revision adicional por analista; simulacion BAF
884222,6,0.06596050346504333,2026,Revision adicional por analista; simulacion BAF
901563,6,0.06594058451820149,2027,Revision adicional por analista; simulacion BAF
826637,6,0.06593006626786017,2028,Revision adicional por analista; simulacion BAF
811520,6,0.06589200592507019,2029,Revision adicional por analista; simulacion BAF
863594,6,0.06588540148500885,2030,Revision adicional por analista; simulacion BAF
839094,6,0.06587572482186041,2031,Revision adicional por analista; simulacion BAF
894179,6,0.0658141954892773,2032,Revision adicional por analista; simulacion BAF
876674,6,0.0658102187706071,2033,Revision adicional por analista; simulacion BAF
886088,6,0.06579851667030862,2034,Revision adicional por analista; simulacion BAF
887278,6,0.06579820175657651,2035,Revision adicional por analista; simulacion BAF
845919,6,0.06573567193124859,2036,Revision adicional por analista; simulacion BAF
901287,6,0.06573426441557804,2037,Revision adicional por analista; simulacion BAF
795132,6,0.06573106497523765,2038,Revision adicional por analista; simulacion BAF
827784,6,0.06572594993044636,2039,Revision adicional por analista; simulacion BAF
827962,6,0.06572523773513081,2040,Revision adicional por analista; simulacion BAF
836688,6,0.06569761691373795,2041,Revision adicional por analista; simulacion BAF
838352,6,0.06565826322887358,2042,Revision adicional por analista; simulacion BAF
856324,6,0.0656366149178155,2043,Revision adicional por analista; simulacion BAF
878640,6,0.06563507563423211,2044,Revision adicional por analista; simulacion BAF
886093,6,0.06558271200783163,2045,Revision adicional por analista; simulacion BAF
871766,6,0.06555801104396151,2046,Revision adicional por analista; simulacion BAF
897205,6,0.06553240289027759,2047,Revision adicional por analista; simulacion BAF
797242,6,0.06551618066359649,2048,Revision adicional por analista; simulacion BAF
869384,6,0.06547008612977569,2049,Revision adicional por analista; simulacion BAF
804313,6,0.06544051259844301,2050,Revision adicional por analista; simulacion BAF
872713,6,0.06539309684731853,2051,Revision adicional por analista; simulacion BAF
842411,6,0.06537139387978207,2052,Revision adicional por analista; simulacion BAF
887319,6,0.06536212792763837,2053,Revision adicional por analista; simulacion BAF
832561,6,0.06534734795624073,2054,Revision adicional por analista; simulacion BAF
842591,6,0.06532281950238097,2055,Revision adicional por analista; simulacion BAF
820060,6,0.06532109796663162,2056,Revision adicional por analista; simulacion BAF
829852,6,0.0653076425944338,2057,Revision adicional por analista; simulacion BAF
874772,6,0.06527738139314822,2058,Revision adicional por analista; simulacion BAF
824303,6,0.06527737704747674,2059,Revision adicional por analista; simulacion BAF
839504,6,0.06526328192856803,2060,Revision adicional por analista; simulacion BAF
825528,6,0.06523826351787583,2061,Revision adicional por analista; simulacion BAF
844000,6,0.06523037239978197,2062,Revision adicional por analista; simulacion BAF
868006,6,0.06522650477301925,2063,Revision adicional por analista; simulacion BAF
806165,6,0.0652246797347888,2064,Revision adicional por analista; simulacion BAF
855974,6,0.06522310308362417,2065,Revision adicional por analista; simulacion BAF
899798,6,0.06521987993000394,2066,Revision adicional por analista; simulacion BAF
817877,6,0.06518659327737239,2067,Revision adicional por analista; simulacion BAF
884692,6,0.06517335143681552,2068,Revision adicional por analista; simulacion BAF
821447,6,0.06517258646498997,2069,Revision adicional por analista; simulacion BAF
880830,6,0.06516125703388694,2070,Revision adicional por analista; simulacion BAF
845079,6,0.06513325173665141,2071,Revision adicional por analista; simulacion BAF
868669,6,0.06508040164439856,2072,Revision adicional por analista; simulacion BAF
858900,6,0.06500544942022048,2073,Revision adicional por analista; simulacion BAF
866454,6,0.06495536838246158,2074,Revision adicional por analista; simulacion BAF
870634,6,0.0649497713326221,2075,Revision adicional por analista; simulacion BAF
862478,6,0.06494908285028667,2076,Revision adicional por analista; simulacion BAF
890946,6,0.06493456141442457,2077,Revision adicional por analista; simulacion BAF
884525,6,0.06490999184003701,2078,Revision adicional por analista; simulacion BAF
831491,6,0.06489509756884168,2079,Revision adicional por analista; simulacion BAF
797655,6,0.06486619164941188,2080,Revision adicional por analista; simulacion BAF
815498,6,0.06485945614254639,2081,Revision adicional por analista; simulacion BAF
858877,6,0.06485080259778124,2082,Revision adicional por analista; simulacion BAF
840393,6,0.06484732796938351,2083,Revision adicional por analista; simulacion BAF
819050,6,0.06481048117999365,2084,Revision adicional por analista; simulacion BAF
847866,6,0.06479514770371593,2085,Revision adicional por analista; simulacion BAF
830297,6,0.06475570040384546,2086,Revision adicional por analista; simulacion BAF
824962,6,0.06472817152138281,2087,Revision adicional por analista; simulacion BAF
895022,6,0.06472658492628947,2088,Revision adicional por analista; simulacion BAF
822940,6,0.0647022572218141,2089,Revision adicional por analista; simulacion BAF
870292,6,0.06469202009179434,2090,Revision adicional por analista; simulacion BAF
879108,6,0.0646756262198508,2091,Revision adicional por analista; simulacion BAF
825356,6,0.06466089740507645,2092,Revision adicional por analista; simulacion BAF
798884,6,0.06465677429106335,2093,Revision adicional por analista; simulacion BAF
827426,6,0.06465245759377516,2094,Revision adicional por analista; simulacion BAF
893505,6,0.06464577133708523,2095,Revision adicional por analista; simulacion BAF
796139,6,0.06464484852371527,2096,Revision adicional por analista; simulacion BAF
798947,6,0.06463555891463012,2097,Revision adicional por analista; simulacion BAF
837927,6,0.06463000466717796,2098,Revision adicional por analista; simulacion BAF
848339,6,0.06461447234753315,2099,Revision adicional por analista; simulacion BAF
869599,6,0.06459142151211306,2100,Revision adicional por analista; simulacion BAF
831875,6,0.06456703994291835,2101,Revision adicional por analista; simulacion BAF
873131,6,0.06455273282986419,2102,Revision adicional por analista; simulacion BAF
874663,6,0.06455020925286659,2103,Revision adicional por analista; simulacion BAF
878381,6,0.06449915556235418,2104,Revision adicional por analista; simulacion BAF
895774,6,0.06449195910293072,2105,Revision adicional por analista; simulacion BAF
878069,6,0.06449132355892599,2106,Revision adicional por analista; simulacion BAF
820218,6,0.0644370077902969,2107,Revision adicional por analista; simulacion BAF
801376,6,0.0644234986172091,2108,Revision adicional por analista; simulacion BAF
831281,6,0.06441943047692221,2109,Revision adicional por analista; simulacion BAF
833339,6,0.06441679432984806,2110,Revision adicional por analista; simulacion BAF
855025,6,0.06440972920678638,2111,Revision adicional por analista; simulacion BAF
890341,6,0.06440162039710247,2112,Revision adicional por analista; simulacion BAF
819556,6,0.06439350731293947,2113,Revision adicional por analista; simulacion BAF
819792,6,0.06437524437343563,2114,Revision adicional por analista; simulacion BAF
887649,6,0.06435933627597301,2115,Revision adicional por analista; simulacion BAF
823724,6,0.06434135297338328,2116,Revision adicional por analista; simulacion BAF
826456,6,0.06432741050180106,2117,Revision adicional por analista; simulacion BAF
890110,6,0.06431624192000371,2118,Revision adicional por analista; simulacion BAF
896493,6,0.06429877190788261,2119,Revision adicional por analista; simulacion BAF
810947,6,0.06428421734733603,2120,Revision adicional por analista; simulacion BAF
833627,6,0.0642823912804182,2121,Revision adicional por analista; simulacion BAF
851856,6,0.06425389740634424,2122,Revision adicional por analista; simulacion BAF
815685,6,0.06423895175651957,2123,Revision adicional por analista; simulacion BAF
851096,6,0.06422691684817337,2124,Revision adicional por analista; simulacion BAF
885198,6,0.06415707207025106,2125,Revision adicional por analista; simulacion BAF
895684,6,0.06415157834082831,2126,Revision adicional por analista; simulacion BAF
814615,6,0.06414559097293267,2127,Revision adicional por analista; simulacion BAF
802060,6,0.06412440868262677,2128,Revision adicional por analista; simulacion BAF
803556,6,0.06411374323856484,2129,Revision adicional por analista; simulacion BAF
829664,6,0.06411135859548212,2130,Revision adicional por analista; simulacion BAF
838823,6,0.06410507490433774,2131,Revision adicional por analista; simulacion BAF
840699,6,0.06409002632678945,2132,Revision adicional por analista; simulacion BAF
866698,6,0.06399343924399035,2133,Revision adicional por analista; simulacion BAF
805866,6,0.06398847451059654,2134,Revision adicional por analista; simulacion BAF
817426,6,0.06396684048413295,2135,Revision adicional por analista; simulacion BAF
800608,6,0.06392220103115397,2136,Revision adicional por analista; simulacion BAF
841468,6,0.06391887583518832,2137,Revision adicional por analista; simulacion BAF
853958,6,0.0639149140651154,2138,Revision adicional por analista; simulacion BAF
847620,6,0.06391188738728065,2139,Revision adicional por analista; simulacion BAF
896006,6,0.06390539702699571,2140,Revision adicional por analista; simulacion BAF
900270,6,0.06389483504214033,2141,Revision adicional por analista; simulacion BAF
820758,6,0.06386975956728619,2142,Revision adicional por analista; simulacion BAF
842437,6,0.06381371540323996,2143,Revision adicional por analista; simulacion BAF
797140,6,0.06375115676022285,2144,Revision adicional por analista; simulacion BAF
874778,6,0.06373417891251884,2145,Revision adicional por analista; simulacion BAF
896792,6,0.06372381748119048,2146,Revision adicional por analista; simulacion BAF
869631,6,0.06366143309720441,2147,Revision adicional por analista; simulacion BAF
871300,6,0.06363518654229554,2148,Revision adicional por analista; simulacion BAF
882086,6,0.06362695783960043,2149,Revision adicional por analista; simulacion BAF
816779,6,0.06361526168635072,2150,Revision adicional por analista; simulacion BAF
796841,6,0.06356176604774659,2151,Revision adicional por analista; simulacion BAF
880980,6,0.06355286894189936,2152,Revision adicional por analista; simulacion BAF
893989,6,0.06351041578113038,2153,Revision adicional por analista; simulacion BAF
846365,6,0.06349839948204741,2154,Revision adicional por analista; simulacion BAF
888194,6,0.06349023470542577,2155,Revision adicional por analista; simulacion BAF
888491,6,0.06348494568697234,2156,Revision adicional por analista; simulacion BAF
809826,6,0.0634772648152718,2157,Revision adicional por analista; simulacion BAF
802945,6,0.06346635477946644,2158,Revision adicional por analista; simulacion BAF
896505,6,0.06344706313636454,2159,Revision adicional por analista; simulacion BAF
881296,6,0.06344116911968808,2160,Revision adicional por analista; simulacion BAF
855885,6,0.06342876444523156,2161,Revision adicional por analista; simulacion BAF
874930,6,0.06340634284963131,2162,Revision adicional por analista; simulacion BAF
887156,6,0.06339274704690508,2163,Revision adicional por analista; simulacion BAF
862214,6,0.06337914434808137,2164,Revision adicional por analista; simulacion BAF
847362,6,0.06336672111458462,2165,Revision adicional por analista; simulacion BAF
840136,6,0.06336376739476222,2166,Revision adicional por analista; simulacion BAF
877776,6,0.06336278886745766,2167,Revision adicional por analista; simulacion BAF
808923,6,0.06334825481807647,2168,Revision adicional por analista; simulacion BAF
814586,6,0.06334271474830393,2169,Revision adicional por analista; simulacion BAF
810914,6,0.06330134614767292,2170,Revision adicional por analista; simulacion BAF
881468,6,0.06328451656881845,2171,Revision adicional por analista; simulacion BAF
829261,6,0.06328270947350761,2172,Revision adicional por analista; simulacion BAF
861451,6,0.06327143243182305,2173,Revision adicional por analista; simulacion BAF
852599,6,0.06326681677524182,2174,Revision adicional por analista; simulacion BAF
824662,6,0.06325106272575153,2175,Revision adicional por analista; simulacion BAF
803781,6,0.06323654215517222,2176,Revision adicional por analista; simulacion BAF
886231,6,0.0632350618129648,2177,Revision adicional por analista; simulacion BAF
858801,6,0.06321519820262943,2178,Revision adicional por analista; simulacion BAF
824714,6,0.06320652476384031,2179,Revision adicional por analista; simulacion BAF
847280,6,0.06320516090745981,2180,Revision adicional por analista; simulacion BAF
854264,6,0.06315517976676507,2181,Revision adicional por analista; simulacion BAF
809407,6,0.06311029375698653,2182,Revision adicional por analista; simulacion BAF
797595,6,0.0630776301659345,2183,Revision adicional por analista; simulacion BAF
828888,6,0.06306396014595275,2184,Revision adicional por analista; simulacion BAF
868692,6,0.06305036480286652,2185,Revision adicional por analista; simulacion BAF
866442,6,0.06304119013614669,2186,Revision adicional por analista; simulacion BAF
898550,6,0.06301012514693664,2187,Revision adicional por analista; simulacion BAF
859266,6,0.06298824446071512,2188,Revision adicional por analista; simulacion BAF
888422,6,0.06298763340057648,2189,Revision adicional por analista; simulacion BAF
876922,6,0.06297940032082427,2190,Revision adicional por analista; simulacion BAF
901610,6,0.0629448548147002,2191,Revision adicional por analista; simulacion BAF
840003,6,0.06293950865859534,2192,Revision adicional por analista; simulacion BAF
877990,6,0.06292223632818228,2193,Revision adicional por analista; simulacion BAF
885954,6,0.06290108971983294,2194,Revision adicional por analista; simulacion BAF
883474,6,0.06284610671883759,2195,Revision adicional por analista; simulacion BAF
833374,6,0.06283515821795593,2196,Revision adicional por analista; simulacion BAF
868894,6,0.06280555556436643,2197,Revision adicional por analista; simulacion BAF
843874,6,0.06280519100080631,2198,Revision adicional por analista; simulacion BAF
893732,6,0.0627999273564975,2199,Revision adicional por analista; simulacion BAF
840184,6,0.06279234140721766,2200,Revision adicional por analista; simulacion BAF
875425,6,0.0627863015224223,2201,Revision adicional por analista; simulacion BAF
890084,6,0.06277046517009288,2202,Revision adicional por analista; simulacion BAF
828836,6,0.0626831236841853,2203,Revision adicional por analista; simulacion BAF
834637,6,0.06266355755647969,2204,Revision adicional por analista; simulacion BAF
844781,6,0.06264403175789714,2205,Revision adicional por analista; simulacion BAF
860896,6,0.06262971750570727,2206,Revision adicional por analista; simulacion BAF
799232,6,0.06262818149857612,2207,Revision adicional por analista; simulacion BAF
888396,6,0.06260630078852644,2208,Revision adicional por analista; simulacion BAF
896533,6,0.06259483447991494,2209,Revision adicional por analista; simulacion BAF
832531,6,0.0625806842794745,2210,Revision adicional por analista; simulacion BAF
839843,6,0.06256283997937528,2211,Revision adicional por analista; simulacion BAF
897803,6,0.06251890878278771,2212,Revision adicional por analista; simulacion BAF
825547,6,0.06248491549307385,2213,Revision adicional por analista; simulacion BAF
893446,6,0.062465509951733576,2214,Revision adicional por analista; simulacion BAF
893903,6,0.06245143664171367,2215,Revision adicional por analista; simulacion BAF
830019,6,0.062442623240423954,2216,Revision adicional por analista; simulacion BAF
802184,6,0.0624323776734838,2217,Revision adicional por analista; simulacion BAF
868110,6,0.062421955002879746,2218,Revision adicional por analista; simulacion BAF
813738,6,0.06237687237064839,2219,Revision adicional por analista; simulacion BAF
891846,6,0.06236789255219605,2220,Revision adicional por analista; simulacion BAF
832278,6,0.06236199841817851,2221,Revision adicional por analista; simulacion BAF
862961,6,0.062347435054105546,2222,Revision adicional por analista; simulacion BAF
840064,6,0.06233574734649317,2223,Revision adicional por analista; simulacion BAF
901929,6,0.06230476079452403,2224,Revision adicional por analista; simulacion BAF
814981,6,0.062292349779180425,2225,Revision adicional por analista; simulacion BAF
834088,6,0.062292108696013114,2226,Revision adicional por analista; simulacion BAF
856785,6,0.06218229637022962,2227,Revision adicional por analista; simulacion BAF
901022,6,0.06216477382006543,2228,Revision adicional por analista; simulacion BAF
846659,6,0.06216234059243815,2229,Revision adicional por analista; simulacion BAF
883306,6,0.06214268721971593,2230,Revision adicional por analista; simulacion BAF
806494,6,0.062100155097573696,2231,Revision adicional por analista; simulacion BAF
822910,6,0.06206090402773333,2232,Revision adicional por analista; simulacion BAF
826134,6,0.062016637711276155,2233,Revision adicional por analista; simulacion BAF
850370,6,0.06200618354754488,2234,Revision adicional por analista; simulacion BAF
803448,6,0.06200578948706165,2235,Revision adicional por analista; simulacion BAF
874246,6,0.0620015784776047,2236,Revision adicional por analista; simulacion BAF
855729,6,0.06200010917613251,2237,Revision adicional por analista; simulacion BAF
810644,6,0.061999801548949615,2238,Revision adicional por analista; simulacion BAF
844042,6,0.06198674393954026,2239,Revision adicional por analista; simulacion BAF
806316,6,0.06197693408740274,2240,Revision adicional por analista; simulacion BAF
841637,6,0.0619746413730513,2241,Revision adicional por analista; simulacion BAF
860754,6,0.06196226930235406,2242,Revision adicional por analista; simulacion BAF
868993,6,0.061957246494314985,2243,Revision adicional por analista; simulacion BAF
887621,6,0.06193965181541793,2244,Revision adicional por analista; simulacion BAF
896474,6,0.06190086997464187,2245,Revision adicional por analista; simulacion BAF
830789,6,0.061841958080163836,2246,Revision adicional por analista; simulacion BAF
824022,6,0.061833817637534254,2247,Revision adicional por analista; simulacion BAF
810525,6,0.06182294900247908,2248,Revision adicional por analista; simulacion BAF
839992,6,0.061811071693472115,2249,Revision adicional por analista; simulacion BAF
813523,6,0.061808802577048495,2250,Revision adicional por analista; simulacion BAF
861385,6,0.0617982399393693,2251,Revision adicional por analista; simulacion BAF
877515,6,0.061792429020616574,2252,Revision adicional por analista; simulacion BAF
828495,6,0.06176054540455733,2253,Revision adicional por analista; simulacion BAF
830533,6,0.06174395096153051,2254,Revision adicional por analista; simulacion BAF
816373,6,0.06172938508522568,2255,Revision adicional por analista; simulacion BAF
875687,6,0.0617242449263917,2256,Revision adicional por analista; simulacion BAF
824492,6,0.061713023213642845,2257,Revision adicional por analista; simulacion BAF
853118,6,0.061709818450453015,2258,Revision adicional por analista; simulacion BAF
887794,6,0.06170861067203852,2259,Revision adicional por analista; simulacion BAF
816399,6,0.06170632131632264,2260,Revision adicional por analista; simulacion BAF
858690,6,0.061699079925488,2261,Revision adicional por analista; simulacion BAF
843730,6,0.06169618136853469,2262,Revision adicional por analista; simulacion BAF
829577,6,0.061693433381818374,2263,Revision adicional por analista; simulacion BAF
869952,6,0.061679047905570036,2264,Revision adicional por analista; simulacion BAF
812067,6,0.06163191748214592,2265,Revision adicional por analista; simulacion BAF
863516,6,0.061624347623912376,2266,Revision adicional por analista; simulacion BAF
847278,6,0.06155624895494006,2267,Revision adicional por analista; simulacion BAF
819448,6,0.06153757324413418,2268,Revision adicional por analista; simulacion BAF
803318,6,0.06147032129520492,2269,Revision adicional por analista; simulacion BAF
901093,6,0.061468909010548384,2270,Revision adicional por analista; simulacion BAF
799920,6,0.061464758698777086,2271,Revision adicional por analista; simulacion BAF
796762,6,0.06144342292291995,2272,Revision adicional por analista; simulacion BAF
806013,6,0.061438878894335115,2273,Revision adicional por analista; simulacion BAF
801349,6,0.06143407137832244,2274,Revision adicional por analista; simulacion BAF
861898,6,0.06141590943310853,2275,Revision adicional por analista; simulacion BAF
859384,6,0.061368045455377246,2276,Revision adicional por analista; simulacion BAF
838710,6,0.061360901085494364,2277,Revision adicional por analista; simulacion BAF
817343,6,0.061352705126743526,2278,Revision adicional por analista; simulacion BAF
820253,6,0.061351365426580456,2279,Revision adicional por analista; simulacion BAF
890309,6,0.061320742661725845,2280,Revision adicional por analista; simulacion BAF
796534,6,0.06131030599335065,2281,Revision adicional por analista; simulacion BAF
799880,6,0.06128982911330868,2282,Revision adicional por analista; simulacion BAF
893387,6,0.061279677543324154,2283,Revision adicional por analista; simulacion BAF
824457,6,0.06127450953071651,2284,Revision adicional por analista; simulacion BAF
864635,6,0.06127329667461384,2285,Revision adicional por analista; simulacion BAF
892562,6,0.061261493012472606,2286,Revision adicional por analista; simulacion BAF
863026,6,0.06126133478019344,2287,Revision adicional por analista; simulacion BAF
865638,6,0.06125766339026324,2288,Revision adicional por analista; simulacion BAF
899578,6,0.061245743588411665,2289,Revision adicional por analista; simulacion BAF
847135,6,0.06121025615974159,2290,Revision adicional por analista; simulacion BAF
842242,6,0.06120690644087682,2291,Revision adicional por analista; simulacion BAF
868765,6,0.0611943524112203,2292,Revision adicional por analista; simulacion BAF
818044,6,0.06116462015368776,2293,Revision adicional por analista; simulacion BAF
835168,6,0.06114389129245132,2294,Revision adicional por analista; simulacion BAF
880446,6,0.06113815740174949,2295,Revision adicional por analista; simulacion BAF
896644,6,0.06113373387490281,2296,Revision adicional por analista; simulacion BAF
819306,6,0.061126757889280896,2297,Revision adicional por analista; simulacion BAF
835943,6,0.061093011531234725,2298,Revision adicional por analista; simulacion BAF
850474,6,0.06100850053444528,2299,Revision adicional por analista; simulacion BAF
830243,6,0.06100346568615816,2300,Revision adicional por analista; simulacion BAF
896367,6,0.06099707290066388,2301,Revision adicional por analista; simulacion BAF
835893,6,0.06099137441286302,2302,Revision adicional por analista; simulacion BAF
859006,6,0.06093070949073542,2303,Revision adicional por analista; simulacion BAF
840706,6,0.06092914664288165,2304,Revision adicional por analista; simulacion BAF
860630,6,0.06090541626739359,2305,Revision adicional por analista; simulacion BAF
843404,6,0.060898603729537405,2306,Revision adicional por analista; simulacion BAF
799773,6,0.060850430420719755,2307,Revision adicional por analista; simulacion BAF
883958,6,0.06082631342225019,2308,Revision adicional por analista; simulacion BAF
867003,6,0.06081186494828847,2309,Revision adicional por analista; simulacion BAF
848685,6,0.06079343669476278,2310,Revision adicional por analista; simulacion BAF
869988,6,0.06077740858759703,2311,Revision adicional por analista; simulacion BAF
884428,6,0.060727003543223836,2312,Revision adicional por analista; simulacion BAF
877119,6,0.06068077962745923,2313,Revision adicional por analista; simulacion BAF
859901,6,0.060669271169625644,2314,Revision adicional por analista; simulacion BAF
880979,6,0.06059355378456712,2315,Revision adicional por analista; simulacion BAF
858503,6,0.06058721729766911,2316,Revision adicional por analista; simulacion BAF
876336,6,0.06058405074316069,2317,Revision adicional por analista; simulacion BAF
836067,6,0.06057563940403329,2318,Revision adicional por analista; simulacion BAF
821677,6,0.06057207672625357,2319,Revision adicional por analista; simulacion BAF
817699,6,0.060531514914071986,2320,Revision adicional por analista; simulacion BAF
850649,6,0.06051751227279032,2321,Revision adicional por analista; simulacion BAF
850453,6,0.060481357568115394,2322,Revision adicional por analista; simulacion BAF
805197,6,0.06048124753332364,2323,Revision adicional por analista; simulacion BAF
882730,6,0.06047988870845512,2324,Revision adicional por analista; simulacion BAF
899047,6,0.06046896001469151,2325,Revision adicional por analista; simulacion BAF
868248,6,0.06043964579217064,2326,Revision adicional por analista; simulacion BAF
861657,6,0.06043600808286534,2327,Revision adicional por analista; simulacion BAF
896571,6,0.06042015309480415,2328,Revision adicional por analista; simulacion BAF
839840,6,0.06040033682211071,2329,Revision adicional por analista; simulacion BAF
872258,6,0.060379091920595714,2330,Revision adicional por analista; simulacion BAF
861155,6,0.06037561501181991,2331,Revision adicional por analista; simulacion BAF
870758,6,0.06037071223495592,2332,Revision adicional por analista; simulacion BAF
801162,6,0.06035360884834766,2333,Revision adicional por analista; simulacion BAF
839758,6,0.06032006365235254,2334,Revision adicional por analista; simulacion BAF
853621,6,0.060315150604869375,2335,Revision adicional por analista; simulacion BAF
809183,6,0.06031165965503838,2336,Revision adicional por analista; simulacion BAF
891982,6,0.060300362361985986,2337,Revision adicional por analista; simulacion BAF
884626,6,0.06028270178814579,2338,Revision adicional por analista; simulacion BAF
879753,6,0.06026214633547077,2339,Revision adicional por analista; simulacion BAF
849260,6,0.06025565780494178,2340,Revision adicional por analista; simulacion BAF
865646,6,0.06024769257538497,2341,Revision adicional por analista; simulacion BAF
902771,6,0.060244865729891746,2342,Revision adicional por analista; simulacion BAF
844292,6,0.06023158716478447,2343,Revision adicional por analista; simulacion BAF
823996,6,0.06020635758189527,2344,Revision adicional por analista; simulacion BAF
825954,6,0.060202906505966165,2345,Revision adicional por analista; simulacion BAF
875618,6,0.06019541588195601,2346,Revision adicional por analista; simulacion BAF
805550,6,0.060193351701467855,2347,Revision adicional por analista; simulacion BAF
821802,6,0.06019004895950048,2348,Revision adicional por analista; simulacion BAF
861853,6,0.06018461680330497,2349,Revision adicional por analista; simulacion BAF
822625,6,0.06012644344080161,2350,Revision adicional por analista; simulacion BAF
816241,6,0.06009600478021116,2351,Revision adicional por analista; simulacion BAF
814828,6,0.06009511988620249,2352,Revision adicional por analista; simulacion BAF
814465,6,0.060076694403444424,2353,Revision adicional por analista; simulacion BAF
850179,6,0.0600360577696342,2354,Revision adicional por analista; simulacion BAF
798992,6,0.06002078002437646,2355,Revision adicional por analista; simulacion BAF
860263,6,0.05999663267253795,2356,Revision adicional por analista; simulacion BAF
882530,6,0.05998521560218506,2357,Revision adicional por analista; simulacion BAF
869079,6,0.05997699761105373,2358,Revision adicional por analista; simulacion BAF
802735,6,0.059967022470288955,2359,Revision adicional por analista; simulacion BAF
869742,6,0.059960887394949994,2360,Revision adicional por analista; simulacion BAF
870060,6,0.0599499852325026,2361,Revision adicional por analista; simulacion BAF
809112,6,0.059910484339301205,2362,Revision adicional por analista; simulacion BAF
860193,6,0.05990941633504986,2363,Revision adicional por analista; simulacion BAF
797946,6,0.059907586720931175,2364,Revision adicional por analista; simulacion BAF
854770,6,0.05988541771340007,2365,Revision adicional por analista; simulacion BAF
830879,6,0.059878008565225994,2366,Revision adicional por analista; simulacion BAF
877886,6,0.059866604084603245,2367,Revision adicional por analista; simulacion BAF
889117,6,0.05986356204375122,2368,Revision adicional por analista; simulacion BAF
875319,6,0.05984190095968219,2369,Revision adicional por analista; simulacion BAF
898637,6,0.059829918819142076,2370,Revision adicional por analista; simulacion BAF
875820,6,0.05981383573097605,2371,Revision adicional por analista; simulacion BAF
901349,6,0.05978795766970167,2372,Revision adicional por analista; simulacion BAF
877975,6,0.05976413800224158,2373,Revision adicional por analista; simulacion BAF
850699,6,0.05971089121441208,2374,Revision adicional por analista; simulacion BAF
848255,6,0.059679932009042945,2375,Revision adicional por analista; simulacion BAF
895789,6,0.059677930849323435,2376,Revision adicional por analista; simulacion BAF
891680,6,0.05967649496314361,2377,Revision adicional por analista; simulacion BAF
875957,6,0.05967165046404282,2378,Revision adicional por analista; simulacion BAF
819071,6,0.05963559294216247,2379,Revision adicional por analista; simulacion BAF
884891,6,0.05963504776340668,2380,Revision adicional por analista; simulacion BAF
856187,6,0.059610566751304155,2381,Revision adicional por analista; simulacion BAF
842725,6,0.05960984708376373,2382,Revision adicional por analista; simulacion BAF
826182,6,0.059598272354637064,2383,Revision adicional por analista; simulacion BAF
825852,6,0.05957593120578891,2384,Revision adicional por analista; simulacion BAF
816880,6,0.059550785734574424,2385,Revision adicional por analista; simulacion BAF
817916,6,0.059486890702863476,2386,Revision adicional por analista; simulacion BAF
853324,6,0.059478094835985304,2387,Revision adicional por analista; simulacion BAF
871033,6,0.05941764919464456,2388,Revision adicional por analista; simulacion BAF
897171,6,0.05941349220844287,2389,Revision adicional por analista; simulacion BAF
830741,6,0.05940737391806085,2390,Revision adicional por analista; simulacion BAF
806725,6,0.059378403704932387,2391,Revision adicional por analista; simulacion BAF
879420,6,0.0593596472448098,2392,Revision adicional por analista; simulacion BAF
812845,6,0.059345538125579064,2393,Revision adicional por analista; simulacion BAF
892529,6,0.0593321755779808,2394,Revision adicional por analista; simulacion BAF
890586,6,0.05933002630701093,2395,Revision adicional por analista; simulacion BAF
881450,6,0.059327553881040364,2396,Revision adicional por analista; simulacion BAF
848322,6,0.059296360556483366,2397,Revision adicional por analista; simulacion BAF
851677,6,0.05928365801033479,2398,Revision adicional por analista; simulacion BAF
812235,6,0.05928224787121082,2399,Revision adicional por analista; simulacion BAF
878104,6,0.05926865456869918,2400,Revision adicional por analista; simulacion BAF
902102,6,0.05922687176011738,2401,Revision adicional por analista; simulacion BAF
830102,6,0.059207424231338075,2402,Revision adicional por analista; simulacion BAF
827732,6,0.05920326292195502,2403,Revision adicional por analista; simulacion BAF
856000,6,0.059195319978750445,2404,Revision adicional por analista; simulacion BAF
824835,6,0.059179588905160285,2405,Revision adicional por analista; simulacion BAF
844744,6,0.05915543406175925,2406,Revision adicional por analista; simulacion BAF
824365,6,0.05914771545818068,2407,Revision adicional por analista; simulacion BAF
866636,6,0.05909860462671007,2408,Revision adicional por analista; simulacion BAF
818364,6,0.05905607002361589,2409,Revision adicional por analista; simulacion BAF
883662,6,0.05902833445191556,2410,Revision adicional por analista; simulacion BAF
829886,6,0.05902423104142658,2411,Revision adicional por analista; simulacion BAF
868136,6,0.059014753455197126,2412,Revision adicional por analista; simulacion BAF
864379,6,0.059013168693902114,2413,Revision adicional por analista; simulacion BAF
805316,6,0.05901277109862762,2414,Revision adicional por analista; simulacion BAF
883141,6,0.05900040586999879,2415,Revision adicional por analista; simulacion BAF
864675,6,0.05898996672839544,2416,Revision adicional por analista; simulacion BAF
823923,6,0.058971296872381736,2417,Revision adicional por analista; simulacion BAF
820311,6,0.058948566199510555,2418,Revision adicional por analista; simulacion BAF
795837,6,0.05894326861711411,2419,Revision adicional por analista; simulacion BAF
860524,6,0.0589355848468264,2420,Revision adicional por analista; simulacion BAF
887773,6,0.05892754861824185,2421,Revision adicional por analista; simulacion BAF
822211,6,0.058874893047811454,2422,Revision adicional por analista; simulacion BAF
804530,6,0.058857325195174746,2423,Revision adicional por analista; simulacion BAF
871437,6,0.05884146579150025,2424,Revision adicional por analista; simulacion BAF
843302,6,0.05883971987709495,2425,Revision adicional por analista; simulacion BAF
887396,6,0.058818820508180374,2426,Revision adicional por analista; simulacion BAF
797137,6,0.058772566198532786,2427,Revision adicional por analista; simulacion BAF
842899,6,0.05876207348677184,2428,Revision adicional por analista; simulacion BAF
837027,6,0.058736020989056476,2429,Revision adicional por analista; simulacion BAF
890166,6,0.05872100899336921,2430,Revision adicional por analista; simulacion BAF
831720,6,0.058700363645185806,2431,Revision adicional por analista; simulacion BAF
824396,6,0.05868686880080299,2432,Revision adicional por analista; simulacion BAF
871159,6,0.05866452171932559,2433,Revision adicional por analista; simulacion BAF
823917,6,0.058651849728789555,2434,Revision adicional por analista; simulacion BAF
859168,6,0.0586505247986302,2435,Revision adicional por analista; simulacion BAF
878337,6,0.05862221792196346,2436,Revision adicional por analista; simulacion BAF
894818,6,0.05861569040806142,2437,Revision adicional por analista; simulacion BAF
832435,6,0.05859679552387288,2438,Revision adicional por analista; simulacion BAF
853928,6,0.05854482634084021,2439,Revision adicional por analista; simulacion BAF
853307,6,0.05853677937614693,2440,Revision adicional por analista; simulacion BAF
844686,6,0.05853120715059476,2441,Revision adicional por analista; simulacion BAF
801540,6,0.05852600093303395,2442,Revision adicional por analista; simulacion BAF
855287,6,0.058498090086799355,2443,Revision adicional por analista; simulacion BAF
842320,6,0.05848837150825269,2444,Revision adicional por analista; simulacion BAF
852276,6,0.05846336251781023,2445,Revision adicional por analista; simulacion BAF
875276,6,0.058390641033604834,2446,Revision adicional por analista; simulacion BAF
845198,6,0.05835438272539149,2447,Revision adicional por analista; simulacion BAF
862749,6,0.05834441275504923,2448,Revision adicional por analista; simulacion BAF
815230,6,0.05825671977299149,2449,Revision adicional por analista; simulacion BAF
861365,6,0.05821433848462449,2450,Revision adicional por analista; simulacion BAF
796611,6,0.0581952434876619,2451,Revision adicional por analista; simulacion BAF
821504,6,0.05815143712486473,2452,Revision adicional por analista; simulacion BAF
869354,6,0.05811496503388498,2453,Revision adicional por analista; simulacion BAF
876661,6,0.05811448216234806,2454,Revision adicional por analista; simulacion BAF
884400,6,0.05811256439167044,2455,Revision adicional por analista; simulacion BAF
842237,6,0.0580886171580132,2456,Revision adicional por analista; simulacion BAF
822177,6,0.058063511599524456,2457,Revision adicional por analista; simulacion BAF
856648,6,0.058062394070127955,2458,Revision adicional por analista; simulacion BAF
845873,6,0.05805222718935783,2459,Revision adicional por analista; simulacion BAF
854022,6,0.05804944938819472,2460,Revision adicional por analista; simulacion BAF
856607,6,0.058033518509565486,2461,Revision adicional por analista; simulacion BAF
809937,6,0.0580136999948558,2462,Revision adicional por analista; simulacion BAF
830526,6,0.05800349750490685,2463,Revision adicional por analista; simulacion BAF
881622,6,0.05800076158398726,2464,Revision adicional por analista; simulacion BAF
856499,6,0.05799896633410128,2465,Revision adicional por analista; simulacion BAF
889414,6,0.05799738103376139,2466,Revision adicional por analista; simulacion BAF
868231,6,0.057992748640489436,2467,Revision adicional por analista; simulacion BAF
846644,6,0.05795819208063283,2468,Revision adicional por analista; simulacion BAF
824569,6,0.05794355298463122,2469,Revision adicional por analista; simulacion BAF
890856,6,0.05794205098369969,2470,Revision adicional por analista; simulacion BAF
822214,6,0.05793685302543036,2471,Revision adicional por analista; simulacion BAF
894369,6,0.05793496892763415,2472,Revision adicional por analista; simulacion BAF
817307,6,0.05791824442720776,2473,Revision adicional por analista; simulacion BAF
877604,6,0.05791006742746834,2474,Revision adicional por analista; simulacion BAF
891533,6,0.05790566670464105,2475,Revision adicional por analista; simulacion BAF
887776,6,0.05790359932281862,2476,Revision adicional por analista; simulacion BAF
809580,6,0.05789813505702458,2477,Revision adicional por analista; simulacion BAF
848453,6,0.057880281680125885,2478,Revision adicional por analista; simulacion BAF
822903,6,0.05787612103141527,2479,Revision adicional por analista; simulacion BAF
843100,6,0.057869370114457,2480,Revision adicional por analista; simulacion BAF
855232,6,0.05782244125704245,2481,Revision adicional por analista; simulacion BAF
866598,6,0.057808414008952674,2482,Revision adicional por analista; simulacion BAF
835915,6,0.05778716310434095,2483,Revision adicional por analista; simulacion BAF
862848,6,0.05778176462966789,2484,Revision adicional por analista; simulacion BAF
879987,6,0.05776816724938002,2485,Revision adicional por analista; simulacion BAF
890004,6,0.05776762848634104,2486,Revision adicional por analista; simulacion BAF
804242,6,0.05776184543141103,2487,Revision adicional por analista; simulacion BAF
862712,6,0.05774077436747923,2488,Revision adicional por analista; simulacion BAF
813309,6,0.057719649376980625,2489,Revision adicional por analista; simulacion BAF
804297,6,0.057718722082815886,2490,Revision adicional por analista; simulacion BAF
848964,6,0.05766649490901487,2491,Revision adicional por analista; simulacion BAF
893818,6,0.05765020719323849,2492,Revision adicional por analista; simulacion BAF
863219,6,0.057647264599676215,2493,Revision adicional por analista; simulacion BAF
866023,6,0.05764530895212688,2494,Revision adicional por analista; simulacion BAF
867269,6,0.057642905842946845,2495,Revision adicional por analista; simulacion BAF
858823,6,0.05762759647244193,2496,Revision adicional por analista; simulacion BAF
872277,6,0.05761945437191487,2497,Revision adicional por analista; simulacion BAF
812775,6,0.0575812244563359,2498,Revision adicional por analista; simulacion BAF
850915,6,0.05758084423775352,2499,Revision adicional por analista; simulacion BAF
898485,6,0.05756358185414207,2500,Revision adicional por analista; simulacion BAF
821033,6,0.05754075717914128,2501,Revision adicional por analista; simulacion BAF
819577,6,0.05747799943582828,2502,Revision adicional por analista; simulacion BAF
864401,6,0.05747767861607723,2503,Revision adicional por analista; simulacion BAF
869116,6,0.05744182106659222,2504,Revision adicional por analista; simulacion BAF
894174,6,0.05744179995866653,2505,Revision adicional por analista; simulacion BAF
851661,6,0.05742825342050771,2506,Revision adicional por analista; simulacion BAF
886184,6,0.057393139945646585,2507,Revision adicional por analista; simulacion BAF
859752,6,0.05736472262203982,2508,Revision adicional por analista; simulacion BAF
867976,6,0.05735151175791324,2509,Revision adicional por analista; simulacion BAF
797851,6,0.0573194387685125,2510,Revision adicional por analista; simulacion BAF
890802,6,0.057299002497282626,2511,Revision adicional por analista; simulacion BAF
897783,6,0.057297776460979936,2512,Revision adicional por analista; simulacion BAF
795299,6,0.057269698996975746,2513,Revision adicional por analista; simulacion BAF
880036,6,0.057254453889511316,2514,Revision adicional por analista; simulacion BAF
869673,6,0.05725150260468317,2515,Revision adicional por analista; simulacion BAF
804688,6,0.05724229801070089,2516,Revision adicional por analista; simulacion BAF
871250,6,0.05719301921954228,2517,Revision adicional por analista; simulacion BAF
845508,6,0.05717798367441,2518,Revision adicional por analista; simulacion BAF
860318,6,0.057172511761066615,2519,Revision adicional por analista; simulacion BAF
819217,6,0.0571456690528428,2520,Revision adicional por analista; simulacion BAF
876409,6,0.05714436830318475,2521,Revision adicional por analista; simulacion BAF
831796,6,0.05713951950996133,2522,Revision adicional por analista; simulacion BAF
873977,6,0.057130798522287765,2523,Revision adicional por analista; simulacion BAF
835474,6,0.057126815721692224,2524,Revision adicional por analista; simulacion BAF
891727,6,0.05711388176097279,2525,Revision adicional por analista; simulacion BAF
862153,6,0.05711147853799378,2526,Revision adicional por analista; simulacion BAF
871897,6,0.057096913244900585,2527,Revision adicional por analista; simulacion BAF
816498,6,0.057082902614679756,2528,Revision adicional por analista; simulacion BAF
870688,6,0.05706126703147354,2529,Revision adicional por analista; simulacion BAF
881932,6,0.05704404054466533,2530,Revision adicional por analista; simulacion BAF
873796,6,0.057037443148640316,2531,Revision adicional por analista; simulacion BAF
815072,6,0.057036685609093904,2532,Revision adicional por analista; simulacion BAF
852864,6,0.05698965521133506,2533,Revision adicional por analista; simulacion BAF
839194,6,0.05698927359945314,2534,Revision adicional por analista; simulacion BAF
862256,6,0.05698880974141245,2535,Revision adicional por analista; simulacion BAF
816270,6,0.056912298230424097,2536,Revision adicional por analista; simulacion BAF
875254,6,0.0569109167199681,2537,Revision adicional por analista; simulacion BAF
868016,6,0.05689114430057952,2538,Revision adicional por analista; simulacion BAF
870526,6,0.05686102830538394,2539,Revision adicional por analista; simulacion BAF
866216,6,0.0568362801226854,2540,Revision adicional por analista; simulacion BAF
829832,6,0.056830124200036705,2541,Revision adicional por analista; simulacion BAF
826643,6,0.05681232833453593,2542,Revision adicional por analista; simulacion BAF
835183,6,0.0567469602112856,2543,Revision adicional por analista; simulacion BAF
840663,6,0.05674599909160273,2544,Revision adicional por analista; simulacion BAF
812242,6,0.05667144019887837,2545,Revision adicional por analista; simulacion BAF
898138,6,0.05664773280938806,2546,Revision adicional por analista; simulacion BAF
884734,6,0.056634883562259465,2547,Revision adicional por analista; simulacion BAF
829250,6,0.056623743246062515,2548,Revision adicional por analista; simulacion BAF
815903,6,0.05661124049626882,2549,Revision adicional por analista; simulacion BAF
867096,6,0.056607761738681955,2550,Revision adicional por analista; simulacion BAF
844072,6,0.056587199361058146,2551,Revision adicional por analista; simulacion BAF
890524,6,0.05656342875437748,2552,Revision adicional por analista; simulacion BAF
837423,6,0.05656265133957627,2553,Revision adicional por analista; simulacion BAF
889116,6,0.056556124581092874,2554,Revision adicional por analista; simulacion BAF
840470,6,0.05654651026666502,2555,Revision adicional por analista; simulacion BAF
835597,6,0.05652139054875407,2556,Revision adicional por analista; simulacion BAF
834667,6,0.05649174467224646,2557,Revision adicional por analista; simulacion BAF
881245,6,0.05645372737691704,2558,Revision adicional por analista; simulacion BAF
826941,6,0.05642170696631787,2559,Revision adicional por analista; simulacion BAF
809941,6,0.05641256012379182,2560,Revision adicional por analista; simulacion BAF
872457,6,0.05640004648387887,2561,Revision adicional por analista; simulacion BAF
892584,6,0.05637991937661181,2562,Revision adicional por analista; simulacion BAF
814082,6,0.05636612068951152,2563,Revision adicional por analista; simulacion BAF
847267,6,0.05633984300597436,2564,Revision adicional por analista; simulacion BAF
798513,6,0.05629227813815332,2565,Revision adicional por analista; simulacion BAF
831500,6,0.056282859532867095,2566,Revision adicional por analista; simulacion BAF
820367,6,0.05627980304470879,2567,Revision adicional por analista; simulacion BAF
854988,6,0.05623192352866219,2568,Revision adicional por analista; simulacion BAF
863014,6,0.056186467035138764,2569,Revision adicional por analista; simulacion BAF
897562,6,0.05617859549717464,2570,Revision adicional por analista; simulacion BAF
820417,6,0.05617431172925771,2571,Revision adicional por analista; simulacion BAF
862557,6,0.05615457215452208,2572,Revision adicional por analista; simulacion BAF
844871,6,0.0561265979835994,2573,Revision adicional por analista; simulacion BAF
882437,6,0.05612611479396178,2574,Revision adicional por analista; simulacion BAF
812126,6,0.05611968987891116,2575,Revision adicional por analista; simulacion BAF
851873,6,0.05610713537163793,2576,Revision adicional por analista; simulacion BAF
897985,6,0.05609547968415602,2577,Revision adicional por analista; simulacion BAF
828183,6,0.05609349488166981,2578,Revision adicional por analista; simulacion BAF
861255,6,0.05608236581479615,2579,Revision adicional por analista; simulacion BAF
861573,6,0.05606582497293227,2580,Revision adicional por analista; simulacion BAF
812412,6,0.05603268190489075,2581,Revision adicional por analista; simulacion BAF
856882,6,0.05603088380475344,2582,Revision adicional por analista; simulacion BAF
849431,6,0.05601544207797112,2583,Revision adicional por analista; simulacion BAF
834385,6,0.05600536472210336,2584,Revision adicional por analista; simulacion BAF
883190,6,0.056001194548738545,2585,Revision adicional por analista; simulacion BAF
815761,6,0.05598958171249129,2586,Revision adicional por analista; simulacion BAF
899887,6,0.055975783291816995,2587,Revision adicional por analista; simulacion BAF
846054,6,0.05597504496344898,2588,Revision adicional por analista; simulacion BAF
811952,6,0.05597023791507543,2589,Revision adicional por analista; simulacion BAF
796809,6,0.05596932731859551,2590,Revision adicional por analista; simulacion BAF
893578,6,0.05596852769671048,2591,Revision adicional por analista; simulacion BAF
889160,6,0.05593725734945501,2592,Revision adicional por analista; simulacion BAF
861581,6,0.055929052371799216,2593,Revision adicional por analista; simulacion BAF
799822,6,0.05590195173853561,2594,Revision adicional por analista; simulacion BAF
844314,6,0.055901081394691625,2595,Revision adicional por analista; simulacion BAF
842056,6,0.055894698308786635,2596,Revision adicional por analista; simulacion BAF
833599,6,0.05589378359177501,2597,Revision adicional por analista; simulacion BAF
877753,6,0.05588876982013338,2598,Revision adicional por analista; simulacion BAF
874972,6,0.055866046375787126,2599,Revision adicional por analista; simulacion BAF
894566,6,0.05584877277749387,2600,Revision adicional por analista; simulacion BAF
881750,6,0.0558457149564053,2601,Revision adicional por analista; simulacion BAF
866819,6,0.05582840014300123,2602,Revision adicional por analista; simulacion BAF
819530,6,0.05582750377250479,2603,Revision adicional por analista; simulacion BAF
838493,6,0.05582734741556775,2604,Revision adicional por analista; simulacion BAF
843144,6,0.055816119872179874,2605,Revision adicional por analista; simulacion BAF
881013,6,0.05579439287366589,2606,Revision adicional por analista; simulacion BAF
889631,6,0.05578405743909238,2607,Revision adicional por analista; simulacion BAF
881954,6,0.055783083021374046,2608,Revision adicional por analista; simulacion BAF
798485,6,0.05576229360460591,2609,Revision adicional por analista; simulacion BAF
883326,6,0.05575578934162777,2610,Revision adicional por analista; simulacion BAF
846668,6,0.055753898118480985,2611,Revision adicional por analista; simulacion BAF
837743,6,0.05572423323330424,2612,Revision adicional por analista; simulacion BAF
896462,6,0.05571098137946171,2613,Revision adicional por analista; simulacion BAF
901572,6,0.05567227732828063,2614,Revision adicional por analista; simulacion BAF
848388,6,0.05566796540910626,2615,Revision adicional por analista; simulacion BAF
856279,6,0.05565852407940785,2616,Revision adicional por analista; simulacion BAF
806860,6,0.05565057068463661,2617,Revision adicional por analista; simulacion BAF
801413,6,0.05563855937965153,2618,Revision adicional por analista; simulacion BAF
896743,6,0.05561637776386738,2619,Revision adicional por analista; simulacion BAF
855860,6,0.05556867831673543,2620,Revision adicional por analista; simulacion BAF
847140,6,0.05555270626119268,2621,Revision adicional por analista; simulacion BAF
830649,6,0.055532939447194396,2622,Revision adicional por analista; simulacion BAF
823914,6,0.055520356213339235,2623,Revision adicional por analista; simulacion BAF
851384,6,0.055519812474623016,2624,Revision adicional por analista; simulacion BAF
839470,6,0.05550932218281896,2625,Revision adicional por analista; simulacion BAF
899861,6,0.05549711592495152,2626,Revision adicional por analista; simulacion BAF
834657,6,0.05549106155226687,2627,Revision adicional por analista; simulacion BAF
857253,6,0.05541915435899142,2628,Revision adicional por analista; simulacion BAF
795519,6,0.05539142465909798,2629,Revision adicional por analista; simulacion BAF
881025,6,0.055360174717871344,2630,Revision adicional por analista; simulacion BAF
851333,6,0.055351461561786386,2631,Revision adicional por analista; simulacion BAF
798746,6,0.05534899554875088,2632,Revision adicional por analista; simulacion BAF
870753,6,0.05534252316338092,2633,Revision adicional por analista; simulacion BAF
824242,6,0.055327483172113875,2634,Revision adicional por analista; simulacion BAF
900770,6,0.05530725275267868,2635,Revision adicional por analista; simulacion BAF
877437,6,0.05528393504508033,2636,Revision adicional por analista; simulacion BAF
858272,6,0.05526981239578829,2637,Revision adicional por analista; simulacion BAF
840841,6,0.05525974323490196,2638,Revision adicional por analista; simulacion BAF
876037,6,0.05525447588518332,2639,Revision adicional por analista; simulacion BAF
861624,6,0.055251796486012264,2640,Revision adicional por analista; simulacion BAF
834091,6,0.05522764654551157,2641,Revision adicional por analista; simulacion BAF
820467,6,0.055209568522676174,2642,Revision adicional por analista; simulacion BAF
896331,6,0.05520496104899871,2643,Revision adicional por analista; simulacion BAF
803999,6,0.05519570433942429,2644,Revision adicional por analista; simulacion BAF
851321,6,0.055180991328330244,2645,Revision adicional por analista; simulacion BAF
826837,6,0.05516157768284015,2646,Revision adicional por analista; simulacion BAF
816866,6,0.05515885994660596,2647,Revision adicional por analista; simulacion BAF
817105,6,0.05513276006509641,2648,Revision adicional por analista; simulacion BAF
823430,6,0.055087091707414854,2649,Revision adicional por analista; simulacion BAF
896991,6,0.05508423380198842,2650,Revision adicional por analista; simulacion BAF
855227,6,0.055026246518460734,2651,Revision adicional por analista; simulacion BAF
882097,6,0.055017208184740415,2652,Revision adicional por analista; simulacion BAF
833594,6,0.05501205421325831,2653,Revision adicional por analista; simulacion BAF
816685,6,0.05497827234097301,2654,Revision adicional por analista; simulacion BAF
901659,6,0.05494745809479073,2655,Revision adicional por analista; simulacion BAF
848033,6,0.05494061368467707,2656,Revision adicional por analista; simulacion BAF
887122,6,0.054940262625136835,2657,Revision adicional por analista; simulacion BAF
860212,6,0.05492280775340948,2658,Revision adicional por analista; simulacion BAF
892752,6,0.054910066093994646,2659,Revision adicional por analista; simulacion BAF
800826,6,0.05490464154561269,2660,Revision adicional por analista; simulacion BAF
833108,6,0.054901317329363916,2661,Revision adicional por analista; simulacion BAF
866551,6,0.05489421003896737,2662,Revision adicional por analista; simulacion BAF
880573,6,0.05488728322529556,2663,Revision adicional por analista; simulacion BAF
875348,6,0.0548766723318857,2664,Revision adicional por analista; simulacion BAF
834820,6,0.05487110113824986,2665,Revision adicional por analista; simulacion BAF
863009,6,0.05484167277777408,2666,Revision adicional por analista; simulacion BAF
858893,6,0.05484112844574368,2667,Revision adicional por analista; simulacion BAF
872499,6,0.054806132083120435,2668,Revision adicional por analista; simulacion BAF
893598,6,0.054800949460292264,2669,Revision adicional por analista; simulacion BAF
839108,6,0.05479475477066824,2670,Revision adicional por analista; simulacion BAF
882188,6,0.05478105321519149,2671,Revision adicional por analista; simulacion BAF
843273,6,0.054779342843672536,2672,Revision adicional por analista; simulacion BAF
807564,6,0.05477668635159965,2673,Revision adicional por analista; simulacion BAF
873007,6,0.05475732632242709,2674,Revision adicional por analista; simulacion BAF
898337,6,0.054756454585614296,2675,Revision adicional por analista; simulacion BAF
798438,6,0.054756419934036876,2676,Revision adicional por analista; simulacion BAF
822681,6,0.05473608339823317,2677,Revision adicional por analista; simulacion BAF
890518,6,0.0547245194801296,2678,Revision adicional por analista; simulacion BAF
853212,6,0.05470551294529029,2679,Revision adicional por analista; simulacion BAF
817483,6,0.0546751785719079,2680,Revision adicional por analista; simulacion BAF
805971,6,0.05467063967044037,2681,Revision adicional por analista; simulacion BAF
853947,6,0.05466884222474698,2682,Revision adicional por analista; simulacion BAF
860250,6,0.054668735214850356,2683,Revision adicional por analista; simulacion BAF
828096,6,0.05464060452590049,2684,Revision adicional por analista; simulacion BAF
894894,6,0.05463087861676539,2685,Revision adicional por analista; simulacion BAF
819515,6,0.05461152698064802,2686,Revision adicional por analista; simulacion BAF
819307,6,0.05460219212130558,2687,Revision adicional por analista; simulacion BAF
880986,6,0.05460132302233252,2688,Revision adicional por analista; simulacion BAF
873755,6,0.054600809503233,2689,Revision adicional por analista; simulacion BAF
821784,6,0.0545899421943018,2690,Revision adicional por analista; simulacion BAF
858591,6,0.05457763037432061,2691,Revision adicional por analista; simulacion BAF
811187,6,0.054569647230514697,2692,Revision adicional por analista; simulacion BAF
887472,6,0.05455677618804484,2693,Revision adicional por analista; simulacion BAF
881900,6,0.0545478245853727,2694,Revision adicional por analista; simulacion BAF
803499,6,0.05453818316337161,2695,Revision adicional por analista; simulacion BAF
837037,6,0.05450515913827591,2696,Revision adicional por analista; simulacion BAF
840069,6,0.05450514899123506,2697,Revision adicional por analista; simulacion BAF
803560,6,0.054500178532513634,2698,Revision adicional por analista; simulacion BAF
831604,6,0.05448617282893137,2699,Revision adicional por analista; simulacion BAF
850776,6,0.054486037750368414,2700,Revision adicional por analista; simulacion BAF
861483,6,0.054485752556655845,2701,Revision adicional por analista; simulacion BAF
847247,6,0.0544819640782687,2702,Revision adicional por analista; simulacion BAF
882740,6,0.05446647226350316,2703,Revision adicional por analista; simulacion BAF
823551,6,0.054443980379600826,2704,Revision adicional por analista; simulacion BAF
868621,6,0.05443882959710716,2705,Revision adicional por analista; simulacion BAF
825622,6,0.05440206047262651,2706,Revision adicional por analista; simulacion BAF
854373,6,0.054383124255277776,2707,Revision adicional por analista; simulacion BAF
878574,6,0.05437028350668936,2708,Revision adicional por analista; simulacion BAF
901195,6,0.05436907626253188,2709,Revision adicional por analista; simulacion BAF
873301,6,0.05436726515459094,2710,Revision adicional por analista; simulacion BAF
878474,6,0.05436685384596805,2711,Revision adicional por analista; simulacion BAF
901385,6,0.05436664617947651,2712,Revision adicional por analista; simulacion BAF
845451,6,0.05436509344337431,2713,Revision adicional por analista; simulacion BAF
860632,6,0.05435039364382853,2714,Revision adicional por analista; simulacion BAF
896790,6,0.054330740142778375,2715,Revision adicional por analista; simulacion BAF
854526,6,0.05429809349886608,2716,Revision adicional por analista; simulacion BAF
899127,6,0.054279508243632514,2717,Revision adicional por analista; simulacion BAF
821172,6,0.05426509709065482,2718,Revision adicional por analista; simulacion BAF
799725,6,0.05426060144417482,2719,Revision adicional por analista; simulacion BAF
812092,6,0.05425976315014428,2720,Revision adicional por analista; simulacion BAF
877245,6,0.05425717911585731,2721,Revision adicional por analista; simulacion BAF
902091,6,0.0542540140616558,2722,Revision adicional por analista; simulacion BAF
881683,6,0.054241052100385934,2723,Revision adicional por analista; simulacion BAF
819355,6,0.05423911140359444,2724,Revision adicional por analista; simulacion BAF
857929,6,0.054221150234906035,2725,Revision adicional por analista; simulacion BAF
812399,6,0.05421661436304915,2726,Revision adicional por analista; simulacion BAF
865003,6,0.054191514856799475,2727,Revision adicional por analista; simulacion BAF
855759,6,0.054180981706003835,2728,Revision adicional por analista; simulacion BAF
809820,6,0.05416181973994686,2729,Revision adicional por analista; simulacion BAF
798207,6,0.05415754561380995,2730,Revision adicional por analista; simulacion BAF
890899,6,0.0541482711174115,2731,Revision adicional por analista; simulacion BAF
817034,6,0.05412859728571638,2732,Revision adicional por analista; simulacion BAF
897314,6,0.05411895089263237,2733,Revision adicional por analista; simulacion BAF
869640,6,0.05410058825334244,2734,Revision adicional por analista; simulacion BAF
805072,6,0.05409986041195676,2735,Revision adicional por analista; simulacion BAF
889590,6,0.05409635878719713,2736,Revision adicional por analista; simulacion BAF
861125,6,0.05409248746601976,2737,Revision adicional por analista; simulacion BAF
816255,6,0.05409154678043673,2738,Revision adicional por analista; simulacion BAF
828499,6,0.054090540869781656,2739,Revision adicional por analista; simulacion BAF
897494,6,0.0540788816480715,2740,Revision adicional por analista; simulacion BAF
896654,6,0.05405667832236534,2741,Revision adicional por analista; simulacion BAF
798487,6,0.05403168791735892,2742,Revision adicional por analista; simulacion BAF
815044,6,0.05402056624446301,2743,Revision adicional por analista; simulacion BAF
867106,6,0.0540132786312402,2744,Revision adicional por analista; simulacion BAF
887550,6,0.05399866353937125,2745,Revision adicional por analista; simulacion BAF
901034,6,0.05394423343699627,2746,Revision adicional por analista; simulacion BAF
897380,6,0.053938756063045296,2747,Revision adicional por analista; simulacion BAF
896469,6,0.053928878711881956,2748,Revision adicional por analista; simulacion BAF
802398,6,0.05391340256979061,2749,Revision adicional por analista; simulacion BAF
821121,6,0.053910504067797516,2750,Revision adicional por analista; simulacion BAF
840205,6,0.053898654910521905,2751,Revision adicional por analista; simulacion BAF
875549,6,0.05389589325279053,2752,Revision adicional por analista; simulacion BAF
869903,6,0.053856260907236796,2753,Revision adicional por analista; simulacion BAF
881512,6,0.05385450706279581,2754,Revision adicional por analista; simulacion BAF
832179,6,0.053837075338846206,2755,Revision adicional por analista; simulacion BAF
865928,6,0.05383217869149059,2756,Revision adicional por analista; simulacion BAF
809895,6,0.05382722837521877,2757,Revision adicional por analista; simulacion BAF
887100,6,0.0537400469336921,2758,Revision adicional por analista; simulacion BAF
860573,6,0.053730175358807024,2759,Revision adicional por analista; simulacion BAF
844773,6,0.05371764691034728,2760,Revision adicional por analista; simulacion BAF
848902,6,0.05370870366450136,2761,Revision adicional por analista; simulacion BAF
844989,6,0.0537039614473669,2762,Revision adicional por analista; simulacion BAF
850578,6,0.05365974971767465,2763,Revision adicional por analista; simulacion BAF
850025,6,0.053650780850749154,2764,Revision adicional por analista; simulacion BAF
837109,6,0.05365015228924544,2765,Revision adicional por analista; simulacion BAF
818335,6,0.05362109476139463,2766,Revision adicional por analista; simulacion BAF
869600,6,0.05361166842157382,2767,Revision adicional por analista; simulacion BAF
869879,6,0.05357706956114803,2768,Revision adicional por analista; simulacion BAF
865725,6,0.053576438092756536,2769,Revision adicional por analista; simulacion BAF
833878,6,0.053573962873710544,2770,Revision adicional por analista; simulacion BAF
899626,6,0.05356608425911762,2771,Revision adicional por analista; simulacion BAF
882316,6,0.053557268455954404,2772,Revision adicional por analista; simulacion BAF
840575,6,0.05355397298517023,2773,Revision adicional por analista; simulacion BAF
833735,6,0.05354684026502546,2774,Revision adicional por analista; simulacion BAF
843155,6,0.053524963396284826,2775,Revision adicional por analista; simulacion BAF
887686,6,0.05350672085858136,2776,Revision adicional por analista; simulacion BAF
831812,6,0.05350466030347727,2777,Revision adicional por analista; simulacion BAF
890817,6,0.05348364810792269,2778,Revision adicional por analista; simulacion BAF
843470,6,0.05347761648042424,2779,Revision adicional por analista; simulacion BAF
892560,6,0.053471519091493516,2780,Revision adicional por analista; simulacion BAF
901467,6,0.05347077273287775,2781,Revision adicional por analista; simulacion BAF
888613,6,0.0534561364642246,2782,Revision adicional por analista; simulacion BAF
822659,6,0.05345460851689573,2783,Revision adicional por analista; simulacion BAF
821887,6,0.05345408945183453,2784,Revision adicional por analista; simulacion BAF
799075,6,0.053410770186009135,2785,Revision adicional por analista; simulacion BAF
864480,6,0.053391849697200684,2786,Revision adicional por analista; simulacion BAF
899449,6,0.05338221884706487,2787,Revision adicional por analista; simulacion BAF
856038,6,0.0533606438856106,2788,Revision adicional por analista; simulacion BAF
901976,6,0.05334656724574215,2789,Revision adicional por analista; simulacion BAF
886301,6,0.053328855540967814,2790,Revision adicional por analista; simulacion BAF
864651,6,0.05332660441438324,2791,Revision adicional por analista; simulacion BAF
834800,6,0.05331165257082738,2792,Revision adicional por analista; simulacion BAF
802897,6,0.0532421664824909,2793,Revision adicional por analista; simulacion BAF
808116,6,0.053241991509350994,2794,Revision adicional por analista; simulacion BAF
837878,6,0.053214165408813706,2795,Revision adicional por analista; simulacion BAF
811132,6,0.053191901566165156,2796,Revision adicional por analista; simulacion BAF
831752,6,0.053148213747542424,2797,Revision adicional por analista; simulacion BAF
844174,6,0.053139541174537404,2798,Revision adicional por analista; simulacion BAF
888849,6,0.05313118752498771,2799,Revision adicional por analista; simulacion BAF
832472,6,0.0531236998814225,2800,Revision adicional por analista; simulacion BAF
872298,6,0.05307339696327645,2801,Revision adicional por analista; simulacion BAF
800298,6,0.05307084912623199,2802,Revision adicional por analista; simulacion BAF
880389,6,0.05306723010536375,2803,Revision adicional por analista; simulacion BAF
845754,6,0.05306715538835492,2804,Revision adicional por analista; simulacion BAF
796053,6,0.05306428826346118,2805,Revision adicional por analista; simulacion BAF
886209,6,0.05302340314397434,2806,Revision adicional por analista; simulacion BAF
825945,6,0.05302034033967476,2807,Revision adicional por analista; simulacion BAF
795920,6,0.05301470991606621,2808,Revision adicional por analista; simulacion BAF
853023,6,0.053005433779062534,2809,Revision adicional por analista; simulacion BAF
842644,6,0.05298821226386109,2810,Revision adicional por analista; simulacion BAF
800519,6,0.052956250552172006,2811,Revision adicional por analista; simulacion BAF
830443,6,0.052946148744593864,2812,Revision adicional por analista; simulacion BAF
807154,6,0.05288265926674786,2813,Revision adicional por analista; simulacion BAF
815784,6,0.05286044595048326,2814,Revision adicional por analista; simulacion BAF
863494,6,0.052860372193238664,2815,Revision adicional por analista; simulacion BAF
876641,6,0.05285464679170995,2816,Revision adicional por analista; simulacion BAF
827777,6,0.05283509397720484,2817,Revision adicional por analista; simulacion BAF
817579,6,0.05282872196140533,2818,Revision adicional por analista; simulacion BAF
889480,6,0.05280725871495746,2819,Revision adicional por analista; simulacion BAF
861997,6,0.05280705843654979,2820,Revision adicional por analista; simulacion BAF
818991,6,0.052806708328570644,2821,Revision adicional por analista; simulacion BAF
895209,6,0.052802464523786646,2822,Revision adicional por analista; simulacion BAF
805543,6,0.052775027010799926,2823,Revision adicional por analista; simulacion BAF
825575,6,0.05277466775887637,2824,Revision adicional por analista; simulacion BAF
846427,6,0.05273733158558432,2825,Revision adicional por analista; simulacion BAF
811083,6,0.05272683742856252,2826,Revision adicional por analista; simulacion BAF
846048,6,0.05271437619773844,2827,Revision adicional por analista; simulacion BAF
832459,6,0.052712836755855294,2828,Revision adicional por analista; simulacion BAF
901561,6,0.05269931375418616,2829,Revision adicional por analista; simulacion BAF
864094,6,0.05269538262916872,2830,Revision adicional por analista; simulacion BAF
802806,6,0.05268168147165992,2831,Revision adicional por analista; simulacion BAF
874564,6,0.05267927439750098,2832,Revision adicional por analista; simulacion BAF
850679,6,0.052655228889496745,2833,Revision adicional por analista; simulacion BAF
879151,6,0.05264845772379778,2834,Revision adicional por analista; simulacion BAF
816790,6,0.05264636708443177,2835,Revision adicional por analista; simulacion BAF
796085,6,0.05264488583947471,2836,Revision adicional por analista; simulacion BAF
877543,6,0.05264232408164642,2837,Revision adicional por analista; simulacion BAF
831008,6,0.052642294420924364,2838,Revision adicional por analista; simulacion BAF
805727,6,0.052634444037126346,2839,Revision adicional por analista; simulacion BAF
827423,6,0.05260400362731031,2840,Revision adicional por analista; simulacion BAF
856790,6,0.05257955519170473,2841,Revision adicional por analista; simulacion BAF
822563,6,0.05256966720729349,2842,Revision adicional por analista; simulacion BAF
802964,6,0.05256434453018308,2843,Revision adicional por analista; simulacion BAF
866237,6,0.052561043050467646,2844,Revision adicional por analista; simulacion BAF
857230,6,0.052557503498261035,2845,Revision adicional por analista; simulacion BAF
812604,6,0.05255151652230641,2846,Revision adicional por analista; simulacion BAF
817985,6,0.05254929590531677,2847,Revision adicional por analista; simulacion BAF
832448,6,0.05252120494633235,2848,Revision adicional por analista; simulacion BAF
832012,6,0.052487310888290006,2849,Revision adicional por analista; simulacion BAF
837665,6,0.05247390883513359,2850,Revision adicional por analista; simulacion BAF
800731,6,0.05246991374576376,2851,Revision adicional por analista; simulacion BAF
898742,6,0.05246257695956621,2852,Revision adicional por analista; simulacion BAF
836410,6,0.05245236196133186,2853,Revision adicional por analista; simulacion BAF
831376,6,0.052437674636466404,2854,Revision adicional por analista; simulacion BAF
884474,6,0.05242690570221283,2855,Revision adicional por analista; simulacion BAF
827036,6,0.052422392349413996,2856,Revision adicional por analista; simulacion BAF
821394,6,0.05241538024977883,2857,Revision adicional por analista; simulacion BAF
836293,6,0.052399963098875825,2858,Revision adicional por analista; simulacion BAF
831580,6,0.052396421776127376,2859,Revision adicional por analista; simulacion BAF
820748,6,0.05237038057227135,2860,Revision adicional por analista; simulacion BAF
835977,6,0.05236420215291919,2861,Revision adicional por analista; simulacion BAF
844883,6,0.052357879732589145,2862,Revision adicional por analista; simulacion BAF
826520,6,0.0523522169122962,2863,Revision adicional por analista; simulacion BAF
886084,6,0.05234817506683175,2864,Revision adicional por analista; simulacion BAF
851681,6,0.05234425345096681,2865,Revision adicional por analista; simulacion BAF
874609,6,0.05232681691840375,2866,Revision adicional por analista; simulacion BAF
852188,6,0.05231802485704583,2867,Revision adicional por analista; simulacion BAF
810209,6,0.052316953589566374,2868,Revision adicional por analista; simulacion BAF
889640,6,0.05231592834471806,2869,Revision adicional por analista; simulacion BAF
829994,6,0.05230349661369154,2870,Revision adicional por analista; simulacion BAF
839956,6,0.05230084099470222,2871,Revision adicional por analista; simulacion BAF
825249,6,0.052269571666750454,2872,Revision adicional por analista; simulacion BAF
847465,6,0.052252119766846565,2873,Revision adicional por analista; simulacion BAF
888713,6,0.05223202694154078,2874,Revision adicional por analista; simulacion BAF
878752,6,0.05220538853952881,2875,Revision adicional por analista; simulacion BAF
889400,6,0.05219412093390214,2876,Revision adicional por analista; simulacion BAF
850122,6,0.0521862296878764,2877,Revision adicional por analista; simulacion BAF
869679,6,0.05216806049732462,2878,Revision adicional por analista; simulacion BAF
894047,6,0.052128130211554505,2879,Revision adicional por analista; simulacion BAF
852150,6,0.05211958179023955,2880,Revision adicional por analista; simulacion BAF
888946,6,0.052109256258556454,2881,Revision adicional por analista; simulacion BAF
812924,6,0.05209636277178462,2882,Revision adicional por analista; simulacion BAF
868249,6,0.052093396219474244,2883,Revision adicional por analista; simulacion BAF
828454,6,0.05207137322365032,2884,Revision adicional por analista; simulacion BAF
851233,6,0.052065515855747535,2885,Revision adicional por analista; simulacion BAF
854272,6,0.05202975027557808,2886,Revision adicional por analista; simulacion BAF
805339,6,0.052023030002884635,2887,Revision adicional por analista; simulacion BAF
852434,6,0.052022834667701405,2888,Revision adicional por analista; simulacion BAF
872573,6,0.052022416578220695,2889,Revision adicional por analista; simulacion BAF
885896,6,0.052019801057372854,2890,Revision adicional por analista; simulacion BAF
797804,6,0.052019333865964676,2891,Revision adicional por analista; simulacion BAF
854227,6,0.05200684231038903,2892,Revision adicional por analista; simulacion BAF
829438,6,0.05199592612730761,2893,Revision adicional por analista; simulacion BAF
861188,6,0.05196832362756946,2894,Revision adicional por analista; simulacion BAF
896362,6,0.05196306022224997,2895,Revision adicional por analista; simulacion BAF
806261,6,0.05192600653854095,2896,Revision adicional por analista; simulacion BAF
885849,6,0.051915298270569926,2897,Revision adicional por analista; simulacion BAF
831773,6,0.05190389518221143,2898,Revision adicional por analista; simulacion BAF
876216,6,0.05189444526084085,2899,Revision adicional por analista; simulacion BAF
825608,6,0.05189236956445869,2900,Revision adicional por analista; simulacion BAF
848575,6,0.05188909415672154,2901,Revision adicional por analista; simulacion BAF
823550,6,0.0518881910141436,2902,Revision adicional por analista; simulacion BAF
830427,6,0.051887521740927096,2903,Revision adicional por analista; simulacion BAF
840260,6,0.05185462307961936,2904,Revision adicional por analista; simulacion BAF
819445,6,0.05185121533954449,2905,Revision adicional por analista; simulacion BAF
882496,6,0.05183034346582277,2906,Revision adicional por analista; simulacion BAF
867241,6,0.05182652435672754,2907,Revision adicional por analista; simulacion BAF
838629,6,0.05179426264367711,2908,Revision adicional por analista; simulacion BAF
843564,6,0.05178939196023141,2909,Revision adicional por analista; simulacion BAF
805819,6,0.05178505175838844,2910,Revision adicional por analista; simulacion BAF
801585,6,0.05177677748680149,2911,Revision adicional por analista; simulacion BAF
834228,6,0.05174587500049838,2912,Revision adicional por analista; simulacion BAF
893046,6,0.05173387596096856,2913,Revision adicional por analista; simulacion BAF
851449,6,0.05172641318584698,2914,Revision adicional por analista; simulacion BAF
886700,6,0.05172171026933125,2915,Revision adicional por analista; simulacion BAF
846053,6,0.051718248964273364,2916,Revision adicional por analista; simulacion BAF
806040,6,0.05171421118562234,2917,Revision adicional por analista; simulacion BAF
852533,6,0.0517013536265201,2918,Revision adicional por analista; simulacion BAF
897984,6,0.05169392018434047,2919,Revision adicional por analista; simulacion BAF
829870,6,0.0516888727604654,2920,Revision adicional por analista; simulacion BAF
798659,6,0.05168474103834819,2921,Revision adicional por analista; simulacion BAF
847122,6,0.05166962478123689,2922,Revision adicional por analista; simulacion BAF
808185,6,0.05166141898742145,2923,Revision adicional por analista; simulacion BAF
901155,6,0.051658321838726186,2924,Revision adicional por analista; simulacion BAF
857329,6,0.051655023623073344,2925,Revision adicional por analista; simulacion BAF
805312,6,0.05162813486311569,2926,Revision adicional por analista; simulacion BAF
830967,6,0.05162601664211729,2927,Revision adicional por analista; simulacion BAF
817190,6,0.05162193109796025,2928,Revision adicional por analista; simulacion BAF
842587,6,0.051617426501483196,2929,Revision adicional por analista; simulacion BAF
833619,6,0.0515517360923242,2930,Revision adicional por analista; simulacion BAF
878086,6,0.05155038441801005,2931,Revision adicional por analista; simulacion BAF
863369,6,0.05154495997161558,2932,Revision adicional por analista; simulacion BAF
818334,6,0.051521208320764976,2933,Revision adicional por analista; simulacion BAF
894484,6,0.05148032284026908,2934,Revision adicional por analista; simulacion BAF
830471,6,0.05147527783164757,2935,Revision adicional por analista; simulacion BAF
886272,6,0.05147054582360165,2936,Revision adicional por analista; simulacion BAF
842389,6,0.05142267251982007,2937,Revision adicional por analista; simulacion BAF
841016,6,0.05139217216880599,2938,Revision adicional por analista; simulacion BAF
852414,6,0.05138197321624366,2939,Revision adicional por analista; simulacion BAF
822402,6,0.051380725943293744,2940,Revision adicional por analista; simulacion BAF
833498,6,0.051379820813351657,2941,Revision adicional por analista; simulacion BAF
837868,6,0.05136345125038727,2942,Revision adicional por analista; simulacion BAF
818748,6,0.05135377500993039,2943,Revision adicional por analista; simulacion BAF
821270,6,0.05131935132667833,2944,Revision adicional por analista; simulacion BAF
850420,6,0.05130737502708085,2945,Revision adicional por analista; simulacion BAF
797943,6,0.051303455269715525,2946,Revision adicional por analista; simulacion BAF
826582,6,0.05130115526383087,2947,Revision adicional por analista; simulacion BAF
872659,6,0.05129102451615347,2948,Revision adicional por analista; simulacion BAF
895656,6,0.051284148125706384,2949,Revision adicional por analista; simulacion BAF
846434,6,0.0512679977729553,2950,Revision adicional por analista; simulacion BAF
880871,6,0.051258934768613575,2951,Revision adicional por analista; simulacion BAF
816413,6,0.051251197318935196,2952,Revision adicional por analista; simulacion BAF
820082,6,0.05124900406045775,2953,Revision adicional por analista; simulacion BAF
829486,6,0.05123102752831006,2954,Revision adicional por analista; simulacion BAF
891372,6,0.05118608731227861,2955,Revision adicional por analista; simulacion BAF
807297,6,0.0511804643166767,2956,Revision adicional por analista; simulacion BAF
853265,6,0.05115367194903026,2957,Revision adicional por analista; simulacion BAF
805592,6,0.05112439822904986,2958,Revision adicional por analista; simulacion BAF
842570,6,0.05111872136447309,2959,Revision adicional por analista; simulacion BAF
874109,6,0.05111572682745102,2960,Revision adicional por analista; simulacion BAF
879052,6,0.051083055560313256,2961,Revision adicional por analista; simulacion BAF
820850,6,0.05107505275275816,2962,Revision adicional por analista; simulacion BAF
846021,6,0.0510711734557469,2963,Revision adicional por analista; simulacion BAF
811319,6,0.0510544604389914,2964,Revision adicional por analista; simulacion BAF
886324,6,0.051035846452557314,2965,Revision adicional por analista; simulacion BAF
811350,6,0.05103044748813524,2966,Revision adicional por analista; simulacion BAF
899582,6,0.051015869524164995,2967,Revision adicional por analista; simulacion BAF
862083,6,0.05100779065273096,2968,Revision adicional por analista; simulacion BAF
872045,6,0.05100668768787787,2969,Revision adicional por analista; simulacion BAF
900492,6,0.05100514856108103,2970,Revision adicional por analista; simulacion BAF
869708,6,0.05099718976176049,2971,Revision adicional por analista; simulacion BAF
869970,6,0.0509810823693693,2972,Revision adicional por analista; simulacion BAF
834211,6,0.05097611295919525,2973,Revision adicional por analista; simulacion BAF
796302,6,0.05096803940574014,2974,Revision adicional por analista; simulacion BAF
824439,6,0.050949293899170016,2975,Revision adicional por analista; simulacion BAF
864472,6,0.05094330849288891,2976,Revision adicional por analista; simulacion BAF
837161,6,0.05093057103097332,2977,Revision adicional por analista; simulacion BAF
804389,6,0.05089721631520137,2978,Revision adicional por analista; simulacion BAF
872961,6,0.05089648790896309,2979,Revision adicional por analista; simulacion BAF
866306,6,0.050896133594720505,2980,Revision adicional por analista; simulacion BAF
898949,6,0.0508942003304933,2981,Revision adicional por analista; simulacion BAF
854216,6,0.05089128296338712,2982,Revision adicional por analista; simulacion BAF
822776,6,0.05086644342160891,2983,Revision adicional por analista; simulacion BAF
812617,6,0.05086548951413149,2984,Revision adicional por analista; simulacion BAF
803176,6,0.05083138090664683,2985,Revision adicional por analista; simulacion BAF
838071,6,0.050825453248651495,2986,Revision adicional por analista; simulacion BAF
842255,6,0.05082529465113016,2987,Revision adicional por analista; simulacion BAF
871679,6,0.05080888815988649,2988,Revision adicional por analista; simulacion BAF
802158,6,0.05079856555316039,2989,Revision adicional por analista; simulacion BAF
870047,6,0.05079542264091712,2990,Revision adicional por analista; simulacion BAF
848251,6,0.05076391700227814,2991,Revision adicional por analista; simulacion BAF
847058,6,0.05075645970491204,2992,Revision adicional por analista; simulacion BAF
798587,6,0.05075505481948909,2993,Revision adicional por analista; simulacion BAF
897362,6,0.05075103188798593,2994,Revision adicional por analista; simulacion BAF
888398,6,0.05074727375392686,2995,Revision adicional por analista; simulacion BAF
853109,6,0.05073820464490462,2996,Revision adicional por analista; simulacion BAF
857148,6,0.05072743816371032,2997,Revision adicional por analista; simulacion BAF
870167,6,0.05072227919707717,2998,Revision adicional por analista; simulacion BAF
798099,6,0.05070242552594659,2999,Revision adicional por analista; simulacion BAF
834833,6,0.050693227921382734,3000,Revision adicional por analista; simulacion BAF
871772,6,0.05065040218201454,3001,Revision adicional por analista; simulacion BAF
844811,6,0.05064864363948499,3002,Revision adicional por analista; simulacion BAF
821648,6,0.050630326933473635,3003,Revision adicional por analista; simulacion BAF
867153,6,0.05062626955868989,3004,Revision adicional por analista; simulacion BAF
813100,6,0.05061537293340281,3005,Revision adicional por analista; simulacion BAF
848150,6,0.050613053670818975,3006,Revision adicional por analista; simulacion BAF
819167,6,0.05060899597642197,3007,Revision adicional por analista; simulacion BAF
802954,6,0.05060049103921955,3008,Revision adicional por analista; simulacion BAF
830917,6,0.050598739715117115,3009,Revision adicional por analista; simulacion BAF
891926,6,0.05058079142341319,3010,Revision adicional por analista; simulacion BAF
826570,6,0.05056327584317143,3011,Revision adicional por analista; simulacion BAF
897178,6,0.050556436369785164,3012,Revision adicional por analista; simulacion BAF
826716,6,0.05054260648438395,3013,Revision adicional por analista; simulacion BAF
800744,6,0.05053102029633368,3014,Revision adicional por analista; simulacion BAF
838796,6,0.05052021106551162,3015,Revision adicional por analista; simulacion BAF
856557,6,0.05051715741659522,3016,Revision adicional por analista; simulacion BAF
801052,6,0.050511027000789924,3017,Revision adicional por analista; simulacion BAF
839784,6,0.0504944659889075,3018,Revision adicional por analista; simulacion BAF
804381,6,0.050493680021753126,3019,Revision adicional por analista; simulacion BAF
860458,6,0.050461102978841044,3020,Revision adicional por analista; simulacion BAF
851400,6,0.05043986748217283,3021,Revision adicional por analista; simulacion BAF
897200,6,0.050435050601541735,3022,Revision adicional por analista; simulacion BAF
839484,6,0.050433868857307065,3023,Revision adicional por analista; simulacion BAF
824204,6,0.05043360093241174,3024,Revision adicional por analista; simulacion BAF
883075,6,0.05043209153865573,3025,Revision adicional por analista; simulacion BAF
889694,6,0.05040292939569952,3026,Revision adicional por analista; simulacion BAF
812043,6,0.05039434750882508,3027,Revision adicional por analista; simulacion BAF
833968,6,0.05038064189891479,3028,Revision adicional por analista; simulacion BAF
891542,6,0.05037806263323696,3029,Revision adicional por analista; simulacion BAF
823934,6,0.05037151801954985,3030,Revision adicional por analista; simulacion BAF
813413,6,0.05036312722814117,3031,Revision adicional por analista; simulacion BAF
888568,6,0.050333900395396675,3032,Revision adicional por analista; simulacion BAF
884261,6,0.050326102726737126,3033,Revision adicional por analista; simulacion BAF
892860,6,0.05031941406377063,3034,Revision adicional por analista; simulacion BAF
896815,6,0.05031929240650374,3035,Revision adicional por analista; simulacion BAF
834180,6,0.050310921890547616,3036,Revision adicional por analista; simulacion BAF
901177,6,0.050281417654374605,3037,Revision adicional por analista; simulacion BAF
826469,6,0.05026545284143776,3038,Revision adicional por analista; simulacion BAF
854754,6,0.05025794810326037,3039,Revision adicional por analista; simulacion BAF
853551,6,0.05024972564493508,3040,Revision adicional por analista; simulacion BAF
857970,6,0.05024044320809169,3041,Revision adicional por analista; simulacion BAF
885533,6,0.05022830644369114,3042,Revision adicional por analista; simulacion BAF
834583,6,0.050225056468907556,3043,Revision adicional por analista; simulacion BAF
869140,6,0.05020975489454864,3044,Revision adicional por analista; simulacion BAF
861814,6,0.050207483883713884,3045,Revision adicional por analista; simulacion BAF
855092,6,0.05020489044638609,3046,Revision adicional por analista; simulacion BAF
851915,6,0.05018585719994116,3047,Revision adicional por analista; simulacion BAF
900086,6,0.050174428461862264,3048,Revision adicional por analista; simulacion BAF
812932,6,0.05016743011418888,3049,Revision adicional por analista; simulacion BAF
844829,6,0.0501583582721193,3050,Revision adicional por analista; simulacion BAF
842920,6,0.050153626198120096,3051,Revision adicional por analista; simulacion BAF
885223,6,0.050143532415334965,3052,Revision adicional por analista; simulacion BAF
902939,6,0.050138363243618755,3053,Revision adicional por analista; simulacion BAF
889597,6,0.05013779093464194,3054,Revision adicional por analista; simulacion BAF
800946,6,0.0501194012608964,3055,Revision adicional por analista; simulacion BAF
816012,6,0.05010826873634442,3056,Revision adicional por analista; simulacion BAF
802481,6,0.05010135586419308,3057,Revision adicional por analista; simulacion BAF
885778,6,0.05009640150259832,3058,Revision adicional por analista; simulacion BAF
864736,6,0.05007148581400295,3059,Revision adicional por analista; simulacion BAF
804837,6,0.050035911969056386,3060,Revision adicional por analista; simulacion BAF
811776,6,0.05001669570758215,3061,Revision adicional por analista; simulacion BAF
864383,6,0.05000653062699159,3062,Revision adicional por analista; simulacion BAF
863591,6,0.04999551980193686,3063,Revision adicional por analista; simulacion BAF
868455,6,0.04998820552800398,3064,Revision adicional por analista; simulacion BAF
796674,6,0.049985157468280104,3065,Revision adicional por analista; simulacion BAF
872675,6,0.049971469945612766,3066,Revision adicional por analista; simulacion BAF
829131,6,0.04996537694008134,3067,Revision adicional por analista; simulacion BAF
879199,6,0.04995263243523058,3068,Revision adicional por analista; simulacion BAF
845802,6,0.04995185761136231,3069,Revision adicional por analista; simulacion BAF
801817,6,0.04992490032422514,3070,Revision adicional por analista; simulacion BAF
796748,6,0.049900633400460956,3071,Revision adicional por analista; simulacion BAF
878685,6,0.04989854871650362,3072,Revision adicional por analista; simulacion BAF
827738,6,0.04989071382069384,3073,Revision adicional por analista; simulacion BAF
865534,6,0.04987499765948121,3074,Revision adicional por analista; simulacion BAF
808953,6,0.04987199321911172,3075,Revision adicional por analista; simulacion BAF
898715,6,0.04985953428706742,3076,Revision adicional por analista; simulacion BAF
860170,6,0.049856244272048066,3077,Revision adicional por analista; simulacion BAF
886588,6,0.04984129024757563,3078,Revision adicional por analista; simulacion BAF
894046,6,0.04983182462426586,3079,Revision adicional por analista; simulacion BAF
830574,6,0.04975143625047571,3080,Revision adicional por analista; simulacion BAF
805120,6,0.04973322766481286,3081,Revision adicional por analista; simulacion BAF
835482,6,0.049725879861905804,3082,Revision adicional por analista; simulacion BAF
818907,6,0.04972388601557472,3083,Revision adicional por analista; simulacion BAF
819136,6,0.049717339758617404,3084,Revision adicional por analista; simulacion BAF
833390,6,0.04969951873989701,3085,Revision adicional por analista; simulacion BAF
885273,6,0.049693415483314046,3086,Revision adicional por analista; simulacion BAF
883954,6,0.04967511964326772,3087,Revision adicional por analista; simulacion BAF
879492,6,0.04966173582735059,3088,Revision adicional por analista; simulacion BAF
845575,6,0.049656426233641845,3089,Revision adicional por analista; simulacion BAF
849669,6,0.04964498124861174,3090,Revision adicional por analista; simulacion BAF
826424,6,0.04963444238577829,3091,Revision adicional por analista; simulacion BAF
903098,6,0.04961563873902113,3092,Revision adicional por analista; simulacion BAF
873262,6,0.04961258483548456,3093,Revision adicional por analista; simulacion BAF
806467,6,0.049610873465728636,3094,Revision adicional por analista; simulacion BAF
901401,6,0.04960899364102659,3095,Revision adicional por analista; simulacion BAF
807443,6,0.049597964082534425,3096,Revision adicional por analista; simulacion BAF
887095,6,0.049589346368089565,3097,Revision adicional por analista; simulacion BAF
871823,6,0.049576995612944784,3098,Revision adicional por analista; simulacion BAF
893763,6,0.049565376333702636,3099,Revision adicional por analista; simulacion BAF
870201,6,0.04955331035942782,3100,Revision adicional por analista; simulacion BAF
805610,6,0.04955048844689307,3101,Revision adicional por analista; simulacion BAF
870742,6,0.04954727456792411,3102,Revision adicional por analista; simulacion BAF
796369,6,0.04953748182170377,3103,Revision adicional por analista; simulacion BAF
870664,6,0.049527145121511455,3104,Revision adicional por analista; simulacion BAF
801045,6,0.04952485036031348,3105,Revision adicional por analista; simulacion BAF
829199,6,0.04951330843787127,3106,Revision adicional por analista; simulacion BAF
842566,6,0.04950458950689166,3107,Revision adicional por analista; simulacion BAF
902084,6,0.04949543699935049,3108,Revision adicional por analista; simulacion BAF
843213,6,0.04946630429233146,3109,Revision adicional por analista; simulacion BAF
855259,6,0.04946467561977006,3110,Revision adicional por analista; simulacion BAF
852987,6,0.04945646599458512,3111,Revision adicional por analista; simulacion BAF
881516,6,0.049452855459415565,3112,Revision adicional por analista; simulacion BAF
814832,6,0.04940674470085561,3113,Revision adicional por analista; simulacion BAF
881770,6,0.049405788479932225,3114,Revision adicional por analista; simulacion BAF
883610,6,0.04940510293473932,3115,Revision adicional por analista; simulacion BAF
800502,6,0.04938248180028456,3116,Revision adicional por analista; simulacion BAF
832218,6,0.04937682471423163,3117,Revision adicional por analista; simulacion BAF
870222,6,0.04936742449031188,3118,Revision adicional por analista; simulacion BAF
867354,6,0.04936621611697992,3119,Revision adicional por analista; simulacion BAF
898172,6,0.04936202381218765,3120,Revision adicional por analista; simulacion BAF
834569,6,0.04935415891204774,3121,Revision adicional por analista; simulacion BAF
895365,6,0.04934247140726715,3122,Revision adicional por analista; simulacion BAF
874517,6,0.0493394871687245,3123,Revision adicional por analista; simulacion BAF
834568,6,0.049337406957935044,3124,Revision adicional por analista; simulacion BAF
798899,6,0.049329466984840004,3125,Revision adicional por analista; simulacion BAF
881620,6,0.04932677020568343,3126,Revision adicional por analista; simulacion BAF
884094,6,0.049309225356856216,3127,Revision adicional por analista; simulacion BAF
861933,6,0.049286316094473585,3128,Revision adicional por analista; simulacion BAF
807229,6,0.0492830482534398,3129,Revision adicional por analista; simulacion BAF
887942,6,0.04926103358516107,3130,Revision adicional por analista; simulacion BAF
883166,6,0.049257799425314594,3131,Revision adicional por analista; simulacion BAF
866993,6,0.04925327356001484,3132,Revision adicional por analista; simulacion BAF
849007,6,0.04924481672326784,3133,Revision adicional por analista; simulacion BAF
888748,6,0.04924279929948894,3134,Revision adicional por analista; simulacion BAF
882886,6,0.04923546816647913,3135,Revision adicional por analista; simulacion BAF
874522,6,0.049221648079979564,3136,Revision adicional por analista; simulacion BAF
797598,6,0.04921220391126705,3137,Revision adicional por analista; simulacion BAF
886848,6,0.049194368048811436,3138,Revision adicional por analista; simulacion BAF
901436,6,0.049193868468204074,3139,Revision adicional por analista; simulacion BAF
892820,6,0.04916703643121682,3140,Revision adicional por analista; simulacion BAF
805560,6,0.0491595746804682,3141,Revision adicional por analista; simulacion BAF
872033,6,0.04915380171694151,3142,Revision adicional por analista; simulacion BAF
803683,6,0.04914567618905961,3143,Revision adicional por analista; simulacion BAF
864695,6,0.049114902860400406,3144,Revision adicional por analista; simulacion BAF
818438,6,0.04908331339408738,3145,Revision adicional por analista; simulacion BAF
804765,6,0.049067756016471224,3146,Revision adicional por analista; simulacion BAF
800963,6,0.04906553457846689,3147,Revision adicional por analista; simulacion BAF
900472,6,0.04906429896639833,3148,Revision adicional por analista; simulacion BAF
894811,6,0.049061131571633346,3149,Revision adicional por analista; simulacion BAF
886050,6,0.04905018977523942,3150,Revision adicional por analista; simulacion BAF
890008,6,0.0490414494565638,3151,Revision adicional por analista; simulacion BAF
817707,6,0.04904099793653594,3152,Revision adicional por analista; simulacion BAF
820231,6,0.049035935892919096,3153,Revision adicional por analista; simulacion BAF
827204,6,0.049028636742554636,3154,Revision adicional por analista; simulacion BAF
876638,6,0.049009282519788075,3155,Revision adicional por analista; simulacion BAF
798315,6,0.049001970573831606,3156,Revision adicional por analista; simulacion BAF
847329,6,0.04899092048186102,3157,Revision adicional por analista; simulacion BAF
832337,6,0.04899060078996626,3158,Revision adicional por analista; simulacion BAF
843194,6,0.048985239382739604,3159,Revision adicional por analista; simulacion BAF
821137,6,0.048976195971660676,3160,Revision adicional por analista; simulacion BAF
883246,6,0.04896894396112583,3161,Revision adicional por analista; simulacion BAF
848186,6,0.04896264665533736,3162,Revision adicional por analista; simulacion BAF
869361,6,0.04896180119922673,3163,Revision adicional por analista; simulacion BAF
873068,6,0.04894400870310254,3164,Revision adicional por analista; simulacion BAF
883527,6,0.048941167821917285,3165,Revision adicional por analista; simulacion BAF
903026,6,0.048935442204200465,3166,Revision adicional por analista; simulacion BAF
889768,6,0.04892328122355635,3167,Revision adicional por analista; simulacion BAF
855580,6,0.04890437174651872,3168,Revision adicional por analista; simulacion BAF
795315,6,0.04889969064168496,3169,Revision adicional por analista; simulacion BAF
845128,6,0.04889559746486752,3170,Revision adicional por analista; simulacion BAF
808020,6,0.04889483257186083,3171,Revision adicional por analista; simulacion BAF
830753,6,0.04888578617982583,3172,Revision adicional por analista; simulacion BAF
854487,6,0.048863940842771916,3173,Revision adicional por analista; simulacion BAF
798840,6,0.048806627734309424,3174,Revision adicional por analista; simulacion BAF
902519,6,0.04879669744583682,3175,Revision adicional por analista; simulacion BAF
867385,6,0.048794479450963484,3176,Revision adicional por analista; simulacion BAF
829273,6,0.04874644389570061,3177,Revision adicional por analista; simulacion BAF
852400,6,0.048743266496240834,3178,Revision adicional por analista; simulacion BAF
804433,6,0.04874153106376475,3179,Revision adicional por analista; simulacion BAF
831646,6,0.04873967352328086,3180,Revision adicional por analista; simulacion BAF
821803,6,0.048735524400073116,3181,Revision adicional por analista; simulacion BAF
827964,6,0.048723778189460165,3182,Revision adicional por analista; simulacion BAF
853164,6,0.04871519691081746,3183,Revision adicional por analista; simulacion BAF
828651,6,0.04871477037562824,3184,Revision adicional por analista; simulacion BAF
798829,6,0.04869770928116987,3185,Revision adicional por analista; simulacion BAF
804767,6,0.04868124200888589,3186,Revision adicional por analista; simulacion BAF
850731,6,0.04867764482213671,3187,Revision adicional por analista; simulacion BAF
817376,6,0.048677586826017034,3188,Revision adicional por analista; simulacion BAF
856731,6,0.048624406053867655,3189,Revision adicional por analista; simulacion BAF
877852,6,0.04860912666495214,3190,Revision adicional por analista; simulacion BAF
895812,6,0.04860630060703016,3191,Revision adicional por analista; simulacion BAF
843917,6,0.048597657421854304,3192,Revision adicional por analista; simulacion BAF
822828,6,0.04859446007666659,3193,Revision adicional por analista; simulacion BAF
833057,6,0.04859236721826376,3194,Revision adicional por analista; simulacion BAF
800910,6,0.048582177206505296,3195,Revision adicional por analista; simulacion BAF
859429,6,0.04858139054899352,3196,Revision adicional por analista; simulacion BAF
864274,6,0.048577739631520504,3197,Revision adicional por analista; simulacion BAF
865735,6,0.04856388248650504,3198,Revision adicional por analista; simulacion BAF
833928,6,0.04855163254704789,3199,Revision adicional por analista; simulacion BAF
874859,6,0.0485503971926895,3200,Revision adicional por analista; simulacion BAF
874269,6,0.04854923739881954,3201,Revision adicional por analista; simulacion BAF
840572,6,0.048544665720047744,3202,Revision adicional por analista; simulacion BAF
871598,6,0.04853722087541159,3203,Revision adicional por analista; simulacion BAF
867849,6,0.04853053806530073,3204,Revision adicional por analista; simulacion BAF
833379,6,0.0485154595635841,3205,Revision adicional por analista; simulacion BAF
842614,6,0.048514721792542105,3206,Revision adicional por analista; simulacion BAF
846115,6,0.04851173201737414,3207,Revision adicional por analista; simulacion BAF
811986,6,0.04850887994055886,3208,Revision adicional por analista; simulacion BAF
801649,6,0.048505675358551326,3209,Revision adicional por analista; simulacion BAF
803820,6,0.048487783972396,3210,Revision adicional por analista; simulacion BAF
812908,6,0.04848288221129529,3211,Revision adicional por analista; simulacion BAF
839512,6,0.048441039739435476,3212,Revision adicional por analista; simulacion BAF
829265,6,0.048401551638874135,3213,Revision adicional por analista; simulacion BAF
887870,6,0.048399113234323825,3214,Revision adicional por analista; simulacion BAF
838276,6,0.04839675396952984,3215,Revision adicional por analista; simulacion BAF
803121,6,0.04838362677812435,3216,Revision adicional por analista; simulacion BAF
796801,6,0.0483821400821276,3217,Revision adicional por analista; simulacion BAF
824313,6,0.048379931831173666,3218,Revision adicional por analista; simulacion BAF
837239,6,0.04837771061238115,3219,Revision adicional por analista; simulacion BAF
809642,6,0.04837722127592309,3220,Revision adicional por analista; simulacion BAF
860685,6,0.04837702149559392,3221,Revision adicional por analista; simulacion BAF
836647,6,0.04837284765634267,3222,Revision adicional por analista; simulacion BAF
900596,6,0.04835535395838918,3223,Revision adicional por analista; simulacion BAF
882817,6,0.04834904596302189,3224,Revision adicional por analista; simulacion BAF
895665,6,0.04832377324928614,3225,Revision adicional por analista; simulacion BAF
873472,6,0.04828587161729582,3226,Revision adicional por analista; simulacion BAF
845334,6,0.0482351194724941,3227,Revision adicional por analista; simulacion BAF
822263,6,0.04823315112239485,3228,Revision adicional por analista; simulacion BAF
897294,6,0.04822483061539746,3229,Revision adicional por analista; simulacion BAF
824858,6,0.04820632933886855,3230,Revision adicional por analista; simulacion BAF
860976,6,0.04820155129443487,3231,Revision adicional por analista; simulacion BAF
861723,6,0.048200521012839954,3232,Revision adicional por analista; simulacion BAF
882022,6,0.048198143686670615,3233,Revision adicional por analista; simulacion BAF
797561,6,0.04819380106435391,3234,Revision adicional por analista; simulacion BAF
854222,6,0.048191105516343376,3235,Revision adicional por analista; simulacion BAF
803970,6,0.04818275855476557,3236,Revision adicional por analista; simulacion BAF
823838,6,0.04817203351087035,3237,Revision adicional por analista; simulacion BAF
795257,6,0.048154210419053184,3238,Revision adicional por analista; simulacion BAF
801436,6,0.04815114795030004,3239,Revision adicional por analista; simulacion BAF
804539,6,0.048134133849478,3240,Revision adicional por analista; simulacion BAF
859702,6,0.04812952358014232,3241,Revision adicional por analista; simulacion BAF
885410,6,0.04812834162395149,3242,Revision adicional por analista; simulacion BAF
887351,6,0.048123897082903926,3243,Revision adicional por analista; simulacion BAF
877896,6,0.04812172917968995,3244,Revision adicional por analista; simulacion BAF
844031,6,0.048105568390065544,3245,Revision adicional por analista; simulacion BAF
831447,6,0.04810548944199477,3246,Revision adicional por analista; simulacion BAF
808033,6,0.04808488837518174,3247,Revision adicional por analista; simulacion BAF
870514,6,0.04808409165046977,3248,Revision adicional por analista; simulacion BAF
890019,6,0.04807781325071653,3249,Revision adicional por analista; simulacion BAF
813759,6,0.04807662846854342,3250,Revision adicional por analista; simulacion BAF
901187,6,0.04807211715933013,3251,Revision adicional por analista; simulacion BAF
890180,6,0.048066460075208206,3252,Revision adicional por analista; simulacion BAF
879471,6,0.048065773473221975,3253,Revision adicional por analista; simulacion BAF
838637,6,0.048047943864474044,3254,Revision adicional por analista; simulacion BAF
882777,6,0.04800063185746108,3255,Revision adicional por analista; simulacion BAF
818353,6,0.047988658238328964,3256,Revision adicional por analista; simulacion BAF
869088,6,0.047985995147100384,3257,Revision adicional por analista; simulacion BAF
833883,6,0.0479616035236242,3258,Revision adicional por analista; simulacion BAF
889106,6,0.04796034394140359,3259,Revision adicional por analista; simulacion BAF
804353,6,0.04795879478465407,3260,Revision adicional por analista; simulacion BAF
899421,6,0.04791566095539711,3261,Revision adicional por analista; simulacion BAF
808159,6,0.047892760495722185,3262,Revision adicional por analista; simulacion BAF
891939,6,0.047867126686203784,3263,Revision adicional por analista; simulacion BAF
874793,6,0.04786366932716702,3264,Revision adicional por analista; simulacion BAF
832776,6,0.047862541690970435,3265,Revision adicional por analista; simulacion BAF
871018,6,0.04784504659676879,3266,Revision adicional por analista; simulacion BAF
893809,6,0.04784335542090822,3267,Revision adicional por analista; simulacion BAF
882707,6,0.04782175341433679,3268,Revision adicional por analista; simulacion BAF
898301,6,0.0478109699218009,3269,Revision adicional por analista; simulacion BAF
816393,6,0.04780351059415131,3270,Revision adicional por analista; simulacion BAF
817298,6,0.04779421844662656,3271,Revision adicional por analista; simulacion BAF
798848,6,0.047787751129150714,3272,Revision adicional por analista; simulacion BAF
893849,6,0.04777633651033181,3273,Revision adicional por analista; simulacion BAF
808405,6,0.04774584809630265,3274,Revision adicional por analista; simulacion BAF
813486,6,0.04772298787485986,3275,Revision adicional por analista; simulacion BAF
797240,6,0.04771254076087935,3276,Revision adicional por analista; simulacion BAF
861956,6,0.047693914356654175,3277,Revision adicional por analista; simulacion BAF
815209,6,0.04768720910036755,3278,Revision adicional por analista; simulacion BAF
828194,6,0.04767670056190223,3279,Revision adicional por analista; simulacion BAF
799021,6,0.04767334240429167,3280,Revision adicional por analista; simulacion BAF
851331,6,0.04767127665816895,3281,Revision adicional por analista; simulacion BAF
893247,6,0.04767091023368209,3282,Revision adicional por analista; simulacion BAF
889537,6,0.04766696554806382,3283,Revision adicional por analista; simulacion BAF
898433,6,0.04761762609283202,3284,Revision adicional por analista; simulacion BAF
881480,6,0.047617188803515606,3285,Revision adicional por analista; simulacion BAF
841032,6,0.0476149417901385,3286,Revision adicional por analista; simulacion BAF
807133,6,0.04761031833916463,3287,Revision adicional por analista; simulacion BAF
823696,6,0.04760974355775981,3288,Revision adicional por analista; simulacion BAF
809465,6,0.047604409063412866,3289,Revision adicional por analista; simulacion BAF
833106,6,0.04760152781035288,3290,Revision adicional por analista; simulacion BAF
856237,6,0.04759502964404353,3291,Revision adicional por analista; simulacion BAF
839737,6,0.047586827330059304,3292,Revision adicional por analista; simulacion BAF
849382,6,0.047586039645499074,3293,Revision adicional por analista; simulacion BAF
876365,6,0.04758315593038639,3294,Revision adicional por analista; simulacion BAF
888074,6,0.04757550332480194,3295,Revision adicional por analista; simulacion BAF
819486,6,0.04757482246176704,3296,Revision adicional por analista; simulacion BAF
873359,6,0.047555858066765766,3297,Revision adicional por analista; simulacion BAF
878484,6,0.047552597066842145,3298,Revision adicional por analista; simulacion BAF
863881,6,0.047542140720243986,3299,Revision adicional por analista; simulacion BAF
814644,6,0.04753840312316285,3300,Revision adicional por analista; simulacion BAF
831023,6,0.04752936585618102,3301,Revision adicional por analista; simulacion BAF
861700,6,0.047522770381926156,3302,Revision adicional por analista; simulacion BAF
813508,6,0.04749880140975366,3303,Revision adicional por analista; simulacion BAF
874719,6,0.04749470996893313,3304,Revision adicional por analista; simulacion BAF
812623,6,0.04748547324265769,3305,Revision adicional por analista; simulacion BAF
826490,6,0.04745709966542025,3306,Revision adicional por analista; simulacion BAF
831122,6,0.04745342086685668,3307,Revision adicional por analista; simulacion BAF
853533,6,0.04744386278387905,3308,Revision adicional por analista; simulacion BAF
900112,6,0.04743976391363828,3309,Revision adicional por analista; simulacion BAF
893938,6,0.047433723143713594,3310,Revision adicional por analista; simulacion BAF
885833,6,0.04743172642087588,3311,Revision adicional por analista; simulacion BAF
844934,6,0.04742090789398275,3312,Revision adicional por analista; simulacion BAF
878615,6,0.04738405013727714,3313,Revision adicional por analista; simulacion BAF
806053,6,0.04737925952272736,3314,Revision adicional por analista; simulacion BAF
876122,6,0.047370784790378054,3315,Revision adicional por analista; simulacion BAF
879843,6,0.04736564694495481,3316,Revision adicional por analista; simulacion BAF
824676,6,0.0473648660934632,3317,Revision adicional por analista; simulacion BAF
902774,6,0.04736472818192653,3318,Revision adicional por analista; simulacion BAF
866615,6,0.047360106881391424,3319,Revision adicional por analista; simulacion BAF
811189,6,0.0473570781524076,3320,Revision adicional por analista; simulacion BAF
829661,6,0.04735577045038736,3321,Revision adicional por analista; simulacion BAF
852959,6,0.04735447587228276,3322,Revision adicional por analista; simulacion BAF
803144,6,0.04734488717848996,3323,Revision adicional por analista; simulacion BAF
871704,6,0.04733992585126849,3324,Revision adicional por analista; simulacion BAF
879952,6,0.04728651182546719,3325,Revision adicional por analista; simulacion BAF
808130,6,0.04727989173236707,3326,Revision adicional por analista; simulacion BAF
856040,6,0.047265887877882135,3327,Revision adicional por analista; simulacion BAF
814311,6,0.04726323603874941,3328,Revision adicional por analista; simulacion BAF
880677,6,0.04726101710494597,3329,Revision adicional por analista; simulacion BAF
892523,6,0.04725265996094514,3330,Revision adicional por analista; simulacion BAF
868835,6,0.04723803867736108,3331,Revision adicional por analista; simulacion BAF
810544,6,0.04722671756999228,3332,Revision adicional por analista; simulacion BAF
813555,6,0.047212410532145206,3333,Revision adicional por analista; simulacion BAF
903029,6,0.04720984365762855,3334,Revision adicional por analista; simulacion BAF
815994,6,0.047193809656896984,3335,Revision adicional por analista; simulacion BAF
883114,6,0.047184430083036376,3336,Revision adicional por analista; simulacion BAF
885392,6,0.04717980581474294,3337,Revision adicional por analista; simulacion BAF
899440,6,0.04716982814891611,3338,Revision adicional por analista; simulacion BAF
821113,6,0.047157767162536605,3339,Revision adicional por analista; simulacion BAF
872755,6,0.047155417862501534,3340,Revision adicional por analista; simulacion BAF
862048,6,0.04712966665228798,3341,Revision adicional por analista; simulacion BAF
809759,6,0.047128170332242245,3342,Revision adicional por analista; simulacion BAF
818785,6,0.047116455722860925,3343,Revision adicional por analista; simulacion BAF
854210,6,0.04711493045670784,3344,Revision adicional por analista; simulacion BAF
866648,6,0.047090420913186506,3345,Revision adicional por analista; simulacion BAF
817284,6,0.047075819459981245,3346,Revision adicional por analista; simulacion BAF
850768,6,0.04706943048331309,3347,Revision adicional por analista; simulacion BAF
900774,6,0.04705399038720921,3348,Revision adicional por analista; simulacion BAF
806963,6,0.047053576906844086,3349,Revision adicional por analista; simulacion BAF
826544,6,0.047048311803986914,3350,Revision adicional por analista; simulacion BAF
862778,6,0.04702545420135369,3351,Revision adicional por analista; simulacion BAF
836432,6,0.04700407573130681,3352,Revision adicional por analista; simulacion BAF
830849,6,0.0469899153470257,3353,Revision adicional por analista; simulacion BAF
857869,6,0.0469737690707607,3354,Revision adicional por analista; simulacion BAF
880301,6,0.046965882143925955,3355,Revision adicional por analista; simulacion BAF
885879,6,0.04696003333366316,3356,Revision adicional por analista; simulacion BAF
801770,6,0.04694291684127901,3357,Revision adicional por analista; simulacion BAF
841131,6,0.04694215933877003,3358,Revision adicional por analista; simulacion BAF
856688,6,0.04694026381002088,3359,Revision adicional por analista; simulacion BAF
872699,6,0.04692986614009712,3360,Revision adicional por analista; simulacion BAF
818370,6,0.04692780276449,3361,Revision adicional por analista; simulacion BAF
829963,6,0.046906721733992615,3362,Revision adicional por analista; simulacion BAF
796430,6,0.04688623499718913,3363,Revision adicional por analista; simulacion BAF
812264,6,0.04688469360726189,3364,Revision adicional por analista; simulacion BAF
876265,6,0.04687574846758997,3365,Revision adicional por analista; simulacion BAF
810498,6,0.046874202275025915,3366,Revision adicional por analista; simulacion BAF
856848,6,0.04686595416042784,3367,Revision adicional por analista; simulacion BAF
880242,6,0.046863489577929865,3368,Revision adicional por analista; simulacion BAF
854581,6,0.046846619631774354,3369,Revision adicional por analista; simulacion BAF
842382,6,0.046832260784842525,3370,Revision adicional por analista; simulacion BAF
893791,6,0.04678241505266768,3371,Revision adicional por analista; simulacion BAF
799001,6,0.04675738856390236,3372,Revision adicional por analista; simulacion BAF
855346,6,0.04675145535320103,3373,Revision adicional por analista; simulacion BAF
852107,6,0.04674307197546321,3374,Revision adicional por analista; simulacion BAF
895788,6,0.04674049631962656,3375,Revision adicional por analista; simulacion BAF
833467,6,0.04673315541205166,3376,Revision adicional por analista; simulacion BAF
855749,6,0.04671770223040974,3377,Revision adicional por analista; simulacion BAF
851735,6,0.046709784158201144,3378,Revision adicional por analista; simulacion BAF
849424,6,0.04669550695412555,3379,Revision adicional por analista; simulacion BAF
816905,6,0.046691562288826045,3380,Revision adicional por analista; simulacion BAF
881268,6,0.04668468621587524,3381,Revision adicional por analista; simulacion BAF
822186,6,0.04668360725694085,3382,Revision adicional por analista; simulacion BAF
901652,6,0.04668299172739468,3383,Revision adicional por analista; simulacion BAF
842858,6,0.04668171619698705,3384,Revision adicional por analista; simulacion BAF
820492,6,0.046647521271060026,3385,Revision adicional por analista; simulacion BAF
824366,6,0.04663402062099075,3386,Revision adicional por analista; simulacion BAF
850509,6,0.04662695734084562,3387,Revision adicional por analista; simulacion BAF
877690,6,0.046619610505049466,3388,Revision adicional por analista; simulacion BAF
812157,6,0.0466114824187473,3389,Revision adicional por analista; simulacion BAF
849461,6,0.04659569931278227,3390,Revision adicional por analista; simulacion BAF
832935,6,0.046589412436841685,3391,Revision adicional por analista; simulacion BAF
810682,6,0.04657339077428032,3392,Revision adicional por analista; simulacion BAF
804232,6,0.04656428227236358,3393,Revision adicional por analista; simulacion BAF
830943,6,0.04656269517826264,3394,Revision adicional por analista; simulacion BAF
889550,6,0.04655310580746992,3395,Revision adicional por analista; simulacion BAF
814340,6,0.04654171032620732,3396,Revision adicional por analista; simulacion BAF
821084,6,0.04652508215716761,3397,Revision adicional por analista; simulacion BAF
804775,6,0.04652467970245513,3398,Revision adicional por analista; simulacion BAF
890062,6,0.04651948300893449,3399,Revision adicional por analista; simulacion BAF
795165,6,0.04651132964964979,3400,Revision adicional por analista; simulacion BAF
810602,6,0.04650854641352403,3401,Revision adicional por analista; simulacion BAF
857168,6,0.04650474868042673,3402,Revision adicional por analista; simulacion BAF
870591,6,0.046503525063369966,3403,Revision adicional por analista; simulacion BAF
804244,6,0.046501036568101554,3404,Revision adicional por analista; simulacion BAF
881798,6,0.04648640032813689,3405,Revision adicional por analista; simulacion BAF
897594,6,0.04647821107697337,3406,Revision adicional por analista; simulacion BAF
823638,6,0.046472939061699074,3407,Revision adicional por analista; simulacion BAF
896283,6,0.046469847790150384,3408,Revision adicional por analista; simulacion BAF
822572,6,0.04646170147111988,3409,Revision adicional por analista; simulacion BAF
860155,6,0.046460208406740276,3410,Revision adicional por analista; simulacion BAF
824740,6,0.04644809936866131,3411,Revision adicional por analista; simulacion BAF
823058,6,0.046409901141419234,3412,Revision adicional por analista; simulacion BAF
814793,6,0.04640380725400763,3413,Revision adicional por analista; simulacion BAF
796839,6,0.04639604496866638,3414,Revision adicional por analista; simulacion BAF
894422,6,0.04638197370308025,3415,Revision adicional por analista; simulacion BAF
842796,6,0.046379011679226895,3416,Revision adicional por analista; simulacion BAF
852325,6,0.046371627041556236,3417,Revision adicional por analista; simulacion BAF
808191,6,0.04637042381508109,3418,Revision adicional por analista; simulacion BAF
805477,6,0.04636759485044355,3419,Revision adicional por analista; simulacion BAF
834317,6,0.046366305609671365,3420,Revision adicional por analista; simulacion BAF
798037,6,0.04635927228376957,3421,Revision adicional por analista; simulacion BAF
818632,6,0.046357318974849654,3422,Revision adicional por analista; simulacion BAF
890865,6,0.04635717352822015,3423,Revision adicional por analista; simulacion BAF
805331,6,0.046348956675449776,3424,Revision adicional por analista; simulacion BAF
819480,6,0.046344953881537275,3425,Revision adicional por analista; simulacion BAF
835979,6,0.04633698237817589,3426,Revision adicional por analista; simulacion BAF
878938,6,0.04633399986282408,3427,Revision adicional por analista; simulacion BAF
885413,6,0.046331432787581006,3428,Revision adicional por analista; simulacion BAF
801064,6,0.04632268135792153,3429,Revision adicional por analista; simulacion BAF
860470,6,0.0463218232884741,3430,Revision adicional por analista; simulacion BAF
798762,6,0.04632072485758999,3431,Revision adicional por analista; simulacion BAF
806509,6,0.04632039804114252,3432,Revision adicional por analista; simulacion BAF
893007,6,0.04628985821101761,3433,Revision adicional por analista; simulacion BAF
796066,6,0.04628636366533815,3434,Revision adicional por analista; simulacion BAF
811287,6,0.04628196471527394,3435,Revision adicional por analista; simulacion BAF
883519,6,0.04626655767965703,3436,Revision adicional por analista; simulacion BAF
817138,6,0.04625658385825507,3437,Revision adicional por analista; simulacion BAF
877476,6,0.04625097983243937,3438,Revision adicional por analista; simulacion BAF
802080,6,0.046247973740031485,3439,Revision adicional por analista; simulacion BAF
863738,6,0.04622871643334491,3440,Revision adicional por analista; simulacion BAF
839121,6,0.046211183913652226,3441,Revision adicional por analista; simulacion BAF
873329,6,0.04618390360061764,3442,Revision adicional por analista; simulacion BAF
800060,6,0.04616767349688333,3443,Revision adicional por analista; simulacion BAF
857568,6,0.04616152886895968,3444,Revision adicional por analista; simulacion BAF
877417,6,0.04615969662486456,3445,Revision adicional por analista; simulacion BAF
884805,6,0.046158849534427324,3446,Revision adicional por analista; simulacion BAF
859637,6,0.04614094052239153,3447,Revision adicional por analista; simulacion BAF
883101,6,0.04613167271192883,3448,Revision adicional por analista; simulacion BAF
858522,6,0.046107833567969284,3449,Revision adicional por analista; simulacion BAF
902738,6,0.04609592154015855,3450,Revision adicional por analista; simulacion BAF
861284,6,0.04607108851705272,3451,Revision adicional por analista; simulacion BAF
887777,6,0.04606942314248118,3452,Revision adicional por analista; simulacion BAF
851649,6,0.04606660826604939,3453,Revision adicional por analista; simulacion BAF
871085,6,0.04605576653585725,3454,Revision adicional por analista; simulacion BAF
837139,6,0.046053980986740586,3455,Revision adicional por analista; simulacion BAF
829978,6,0.046051544510465815,3456,Revision adicional por analista; simulacion BAF
805408,6,0.04605042133876881,3457,Revision adicional por analista; simulacion BAF
860611,6,0.04604360759779038,3458,Revision adicional por analista; simulacion BAF
898841,6,0.04604003452694771,3459,Revision adicional por analista; simulacion BAF
857095,6,0.04603796507204037,3460,Revision adicional por analista; simulacion BAF
879354,6,0.04602053384973019,3461,Revision adicional por analista; simulacion BAF
869065,6,0.04601935471154779,3462,Revision adicional por analista; simulacion BAF
882265,6,0.04600907387618282,3463,Revision adicional por analista; simulacion BAF
822064,6,0.04600853813695525,3464,Revision adicional por analista; simulacion BAF
874104,6,0.04598683113589378,3465,Revision adicional por analista; simulacion BAF
871597,6,0.04598502536531574,3466,Revision adicional por analista; simulacion BAF
813210,6,0.04598431399428771,3467,Revision adicional por analista; simulacion BAF
891040,6,0.045975168690526515,3468,Revision adicional por analista; simulacion BAF
832110,6,0.04597169490830546,3469,Revision adicional por analista; simulacion BAF
816786,6,0.04596712810537483,3470,Revision adicional por analista; simulacion BAF
843689,6,0.04595402839526697,3471,Revision adicional por analista; simulacion BAF
876422,6,0.045951164721340663,3472,Revision adicional por analista; simulacion BAF
830898,6,0.04594543983030815,3473,Revision adicional por analista; simulacion BAF
879881,6,0.04594122741114346,3474,Revision adicional por analista; simulacion BAF
885706,6,0.045939325245073666,3475,Revision adicional por analista; simulacion BAF
887389,6,0.04592831000415234,3476,Revision adicional por analista; simulacion BAF
881015,6,0.045922155810529,3477,Revision adicional por analista; simulacion BAF
807280,6,0.04591355805323447,3478,Revision adicional por analista; simulacion BAF
818249,6,0.0459097258104139,3479,Revision adicional por analista; simulacion BAF
862756,6,0.04589753275579111,3480,Revision adicional por analista; simulacion BAF
877322,6,0.04586961284524656,3481,Revision adicional por analista; simulacion BAF
816307,6,0.04586302125290194,3482,Revision adicional por analista; simulacion BAF
861919,6,0.04586201843882147,3483,Revision adicional por analista; simulacion BAF
823597,6,0.04585292823259828,3484,Revision adicional por analista; simulacion BAF
865916,6,0.04585065734358827,3485,Revision adicional por analista; simulacion BAF
833551,6,0.045850197674826704,3486,Revision adicional por analista; simulacion BAF
801875,6,0.0458451628326901,3487,Revision adicional por analista; simulacion BAF
804350,6,0.04583584297132013,3488,Revision adicional por analista; simulacion BAF
852574,6,0.04582881112846524,3489,Revision adicional por analista; simulacion BAF
858425,6,0.045824381513766714,3490,Revision adicional por analista; simulacion BAF
806575,6,0.045823737289587135,3491,Revision adicional por analista; simulacion BAF
835314,6,0.04581706621444107,3492,Revision adicional por analista; simulacion BAF
802244,6,0.045808159509334,3493,Revision adicional por analista; simulacion BAF
870621,6,0.04580580060681879,3494,Revision adicional por analista; simulacion BAF
854072,6,0.04580004702443927,3495,Revision adicional por analista; simulacion BAF
808467,6,0.04579489563439007,3496,Revision adicional por analista; simulacion BAF
824038,6,0.045791798625256085,3497,Revision adicional por analista; simulacion BAF
902658,6,0.045765937150291355,3498,Revision adicional por analista; simulacion BAF
873880,6,0.04576117099583785,3499,Revision adicional por analista; simulacion BAF
881285,6,0.04575939152822501,3500,Revision adicional por analista; simulacion BAF
896285,6,0.04574964802147725,3501,Revision adicional por analista; simulacion BAF
867830,6,0.04574619575236858,3502,Revision adicional por analista; simulacion BAF
894849,6,0.045738797173687805,3503,Revision adicional por analista; simulacion BAF
797371,6,0.04573800290739877,3504,Revision adicional por analista; simulacion BAF
822824,6,0.04570914600397532,3505,Revision adicional por analista; simulacion BAF
899023,6,0.045690531837774315,3506,Revision adicional por analista; simulacion BAF
845168,6,0.045664268158947446,3507,Revision adicional por analista; simulacion BAF
830172,6,0.04566382685829413,3508,Revision adicional por analista; simulacion BAF
838431,6,0.04565594311090823,3509,Revision adicional por analista; simulacion BAF
888228,6,0.04565195568442517,3510,Revision adicional por analista; simulacion BAF
850498,6,0.04565020201861883,3511,Revision adicional por analista; simulacion BAF
820047,6,0.04564186378005391,3512,Revision adicional por analista; simulacion BAF
893608,6,0.04564087928780085,3513,Revision adicional por analista; simulacion BAF
879929,6,0.0456168954940235,3514,Revision adicional por analista; simulacion BAF
847653,6,0.04560036715793979,3515,Revision adicional por analista; simulacion BAF
884908,6,0.04559848782300094,3516,Revision adicional por analista; simulacion BAF
813289,6,0.04559581619582602,3517,Revision adicional por analista; simulacion BAF
811595,6,0.04557754301713174,3518,Revision adicional por analista; simulacion BAF
804728,6,0.045535963684061716,3519,Revision adicional por analista; simulacion BAF
887039,6,0.04552265314069641,3520,Revision adicional por analista; simulacion BAF
862882,6,0.045518815710735495,3521,Revision adicional por analista; simulacion BAF
842182,6,0.04551191066907105,3522,Revision adicional por analista; simulacion BAF
829570,6,0.045506665817633775,3523,Revision adicional por analista; simulacion BAF
827846,6,0.04550098264343081,3524,Revision adicional por analista; simulacion BAF
813575,6,0.04548371001814751,3525,Revision adicional por analista; simulacion BAF
869446,6,0.04545243695474904,3526,Revision adicional por analista; simulacion BAF
890614,6,0.04540502358372452,3527,Revision adicional por analista; simulacion BAF
842821,6,0.04539595427358163,3528,Revision adicional por analista; simulacion BAF
847446,6,0.045380690154616085,3529,Revision adicional por analista; simulacion BAF
829466,6,0.045380052803730614,3530,Revision adicional por analista; simulacion BAF
881138,6,0.04536865060287209,3531,Revision adicional por analista; simulacion BAF
816206,6,0.04536786004999219,3532,Revision adicional por analista; simulacion BAF
846677,6,0.045366471139202696,3533,Revision adicional por analista; simulacion BAF
875533,6,0.045357145786349584,3534,Revision adicional por analista; simulacion BAF
876247,6,0.045350230157685044,3535,Revision adicional por analista; simulacion BAF
860401,6,0.045345712289879866,3536,Revision adicional por analista; simulacion BAF
844036,6,0.04533741803761848,3537,Revision adicional por analista; simulacion BAF
804477,6,0.045336187122394095,3538,Revision adicional por analista; simulacion BAF
879165,6,0.04532638863460846,3539,Revision adicional por analista; simulacion BAF
876996,6,0.04532437508871838,3540,Revision adicional por analista; simulacion BAF
850492,6,0.04530394201729138,3541,Revision adicional por analista; simulacion BAF
883269,6,0.045298487999473155,3542,Revision adicional por analista; simulacion BAF
867970,6,0.0452917058319667,3543,Revision adicional por analista; simulacion BAF
838846,6,0.045283872630073864,3544,Revision adicional por analista; simulacion BAF
796017,6,0.045245548863405115,3545,Revision adicional por analista; simulacion BAF
800503,6,0.04524240397188034,3546,Revision adicional por analista; simulacion BAF
862590,6,0.045229229602032815,3547,Revision adicional por analista; simulacion BAF
807464,6,0.045217513629013134,3548,Revision adicional por analista; simulacion BAF
849048,6,0.04519898449438024,3549,Revision adicional por analista; simulacion BAF
885129,6,0.04517892025952365,3550,Revision adicional por analista; simulacion BAF
840005,6,0.04517396311042078,3551,Revision adicional por analista; simulacion BAF
799729,6,0.04517316469647637,3552,Revision adicional por analista; simulacion BAF
871641,6,0.045166082548054265,3553,Revision adicional por analista; simulacion BAF
893369,6,0.045153599661884224,3554,Revision adicional por analista; simulacion BAF
842275,6,0.04515293611671612,3555,Revision adicional por analista; simulacion BAF
875867,6,0.045136865657965604,3556,Revision adicional por analista; simulacion BAF
832250,6,0.04512798043968587,3557,Revision adicional por analista; simulacion BAF
798311,6,0.04512093024683402,3558,Revision adicional por analista; simulacion BAF
830624,6,0.04511125192595551,3559,Revision adicional por analista; simulacion BAF
878209,6,0.04509648466942978,3560,Revision adicional por analista; simulacion BAF
852607,6,0.04509193180818911,3561,Revision adicional por analista; simulacion BAF
838662,6,0.04508898732806626,3562,Revision adicional por analista; simulacion BAF
860296,6,0.04507363097131551,3563,Revision adicional por analista; simulacion BAF
804839,6,0.04504899256637664,3564,Revision adicional por analista; simulacion BAF
858406,6,0.04504355167048937,3565,Revision adicional por analista; simulacion BAF
806195,6,0.045035430349509076,3566,Revision adicional por analista; simulacion BAF
889093,6,0.045026302984334104,3567,Revision adicional por analista; simulacion BAF
874006,6,0.045018672152661456,3568,Revision adicional por analista; simulacion BAF
860879,6,0.04501858149714752,3569,Revision adicional por analista; simulacion BAF
872518,6,0.045011133709700814,3570,Revision adicional por analista; simulacion BAF
894277,6,0.04499680049541579,3571,Revision adicional por analista; simulacion BAF
850180,6,0.04499391786596903,3572,Revision adicional por analista; simulacion BAF
886550,6,0.04497829224112574,3573,Revision adicional por analista; simulacion BAF
805620,6,0.04496051300395991,3574,Revision adicional por analista; simulacion BAF
824076,6,0.04495624821257019,3575,Revision adicional por analista; simulacion BAF
807660,6,0.044952403476382706,3576,Revision adicional por analista; simulacion BAF
887220,6,0.04495162452667977,3577,Revision adicional por analista; simulacion BAF
796736,6,0.04494329961890712,3578,Revision adicional por analista; simulacion BAF
830041,6,0.04494285332750858,3579,Revision adicional por analista; simulacion BAF
807064,6,0.04494116226304303,3580,Revision adicional por analista; simulacion BAF
852272,6,0.04493830851320052,3581,Revision adicional por analista; simulacion BAF
809844,6,0.04493757370991787,3582,Revision adicional por analista; simulacion BAF
885090,6,0.044932724038517155,3583,Revision adicional por analista; simulacion BAF
799427,6,0.04492032195584022,3584,Revision adicional por analista; simulacion BAF
883452,6,0.044909762072300685,3585,Revision adicional por analista; simulacion BAF
875200,6,0.044882204660342026,3586,Revision adicional por analista; simulacion BAF
862504,6,0.04488038994515101,3587,Revision adicional por analista; simulacion BAF
821036,6,0.0448714118352269,3588,Revision adicional por analista; simulacion BAF
900124,6,0.04487016515750301,3589,Revision adicional por analista; simulacion BAF
878805,6,0.044862937514026674,3590,Revision adicional por analista; simulacion BAF
812202,6,0.04486004984054722,3591,Revision adicional por analista; simulacion BAF
866567,6,0.04485687799892886,3592,Revision adicional por analista; simulacion BAF
846059,6,0.0448461032902119,3593,Revision adicional por analista; simulacion BAF
812091,6,0.04483349465234842,3594,Revision adicional por analista; simulacion BAF
896541,6,0.044807226468176746,3595,Revision adicional por analista; simulacion BAF
873892,6,0.04477231197102822,3596,Revision adicional por analista; simulacion BAF
845390,6,0.044771498199587666,3597,Revision adicional por analista; simulacion BAF
881585,6,0.04477012087583843,3598,Revision adicional por analista; simulacion BAF
838304,6,0.044764350726346755,3599,Revision adicional por analista; simulacion BAF
882367,6,0.04476199425711823,3600,Revision adicional por analista; simulacion BAF
822366,6,0.044744646013968006,3601,Revision adicional por analista; simulacion BAF
841564,6,0.04473892684822525,3602,Revision adicional por analista; simulacion BAF
805194,6,0.044736737666750216,3603,Revision adicional por analista; simulacion BAF
865324,6,0.04473474437486813,3604,Revision adicional por analista; simulacion BAF
815271,6,0.044733732426264564,3605,Revision adicional por analista; simulacion BAF
899409,6,0.04472775615822476,3606,Revision adicional por analista; simulacion BAF
870457,6,0.044712613473157914,3607,Revision adicional por analista; simulacion BAF
865150,6,0.04467433668287769,3608,Revision adicional por analista; simulacion BAF
851517,6,0.04466182690382091,3609,Revision adicional por analista; simulacion BAF
884337,6,0.04466012056205702,3610,Revision adicional por analista; simulacion BAF
888667,6,0.044650898024640416,3611,Revision adicional por analista; simulacion BAF
824190,6,0.044642603924927124,3612,Revision adicional por analista; simulacion BAF
899838,6,0.044638377031930354,3613,Revision adicional por analista; simulacion BAF
837228,6,0.04462871983716816,3614,Revision adicional por analista; simulacion BAF
876354,6,0.04461525139764123,3615,Revision adicional por analista; simulacion BAF
845097,6,0.044611682610203214,3616,Revision adicional por analista; simulacion BAF
796191,6,0.044609023778862104,3617,Revision adicional por analista; simulacion BAF
825026,6,0.04460466567290805,3618,Revision adicional por analista; simulacion BAF
837829,6,0.04459270899384528,3619,Revision adicional por analista; simulacion BAF
870881,6,0.044591148809830145,3620,Revision adicional por analista; simulacion BAF
795399,6,0.04458680529559453,3621,Revision adicional por analista; simulacion BAF
857865,6,0.044578502920242694,3622,Revision adicional por analista; simulacion BAF
899847,6,0.04457475735910279,3623,Revision adicional por analista; simulacion BAF
883737,6,0.04457015276254272,3624,Revision adicional por analista; simulacion BAF
833863,6,0.04456848527681377,3625,Revision adicional por analista; simulacion BAF
821686,6,0.0445679498630906,3626,Revision adicional por analista; simulacion BAF
838238,6,0.04456569325988182,3627,Revision adicional por analista; simulacion BAF
824077,6,0.044558279843492934,3628,Revision adicional por analista; simulacion BAF
827398,6,0.04455696115262572,3629,Revision adicional por analista; simulacion BAF
833377,6,0.044554678953087526,3630,Revision adicional por analista; simulacion BAF
827325,6,0.044550879492971665,3631,Revision adicional por analista; simulacion BAF
857061,6,0.044530556169791714,3632,Revision adicional por analista; simulacion BAF
832991,6,0.04452929447658891,3633,Revision adicional por analista; simulacion BAF
828318,6,0.044524500032011145,3634,Revision adicional por analista; simulacion BAF
805797,6,0.04452443689004379,3635,Revision adicional por analista; simulacion BAF
837309,6,0.044522899765489544,3636,Revision adicional por analista; simulacion BAF
796895,6,0.04451844176100171,3637,Revision adicional por analista; simulacion BAF
795182,6,0.04450909724134995,3638,Revision adicional por analista; simulacion BAF
799297,6,0.04450462491340309,3639,Revision adicional por analista; simulacion BAF
862297,6,0.04450120869500008,3640,Revision adicional por analista; simulacion BAF
865304,6,0.044498360386555955,3641,Revision adicional por analista; simulacion BAF
801783,6,0.04449492165452803,3642,Revision adicional por analista; simulacion BAF
901758,6,0.044475024916285424,3643,Revision adicional por analista; simulacion BAF
835805,6,0.044467490425415625,3644,Revision adicional por analista; simulacion BAF
803596,6,0.04445254197321981,3645,Revision adicional por analista; simulacion BAF
854990,6,0.04445250558893972,3646,Revision adicional por analista; simulacion BAF
856011,6,0.04443817519229141,3647,Revision adicional por analista; simulacion BAF
830817,6,0.044422308233158236,3648,Revision adicional por analista; simulacion BAF
831070,6,0.0444138886509338,3649,Revision adicional por analista; simulacion BAF
859955,6,0.04440823818148599,3650,Revision adicional por analista; simulacion BAF
839788,6,0.04440528615894139,3651,Revision adicional por analista; simulacion BAF
799922,6,0.044398880216111575,3652,Revision adicional por analista; simulacion BAF
888345,6,0.04439699224525082,3653,Revision adicional por analista; simulacion BAF
829710,6,0.04439662818728315,3654,Revision adicional por analista; simulacion BAF
844276,6,0.04439496726204042,3655,Revision adicional por analista; simulacion BAF
826080,6,0.044389081004016125,3656,Revision adicional por analista; simulacion BAF
876087,6,0.04436490041889421,3657,Revision adicional por analista; simulacion BAF
893102,6,0.04433142923501411,3658,Revision adicional por analista; simulacion BAF
808759,6,0.044301718941404604,3659,Revision adicional por analista; simulacion BAF
823670,6,0.04429494448412352,3660,Revision adicional por analista; simulacion BAF
840864,6,0.04428678022668361,3661,Revision adicional por analista; simulacion BAF
829387,6,0.04427240041318309,3662,Revision adicional por analista; simulacion BAF
868706,6,0.04427087534829821,3663,Revision adicional por analista; simulacion BAF
832119,6,0.04426666055200785,3664,Revision adicional por analista; simulacion BAF
847605,6,0.04424607522123644,3665,Revision adicional por analista; simulacion BAF
814765,6,0.044245176355327605,3666,Revision adicional por analista; simulacion BAF
890610,6,0.04424306229009785,3667,Revision adicional por analista; simulacion BAF
857129,6,0.044233745772785875,3668,Revision adicional por analista; simulacion BAF
828612,6,0.04422325300155409,3669,Revision adicional por analista; simulacion BAF
899096,6,0.04422232815550631,3670,Revision adicional por analista; simulacion BAF
835251,6,0.044212606939412646,3671,Revision adicional por analista; simulacion BAF
809947,6,0.04421243029721912,3672,Revision adicional por analista; simulacion BAF
863370,6,0.044209520074702455,3673,Revision adicional por analista; simulacion BAF
808285,6,0.044205749375210386,3674,Revision adicional por analista; simulacion BAF
798265,6,0.04419809418577065,3675,Revision adicional por analista; simulacion BAF
819798,6,0.044167930868350955,3676,Revision adicional por analista; simulacion BAF
889380,6,0.04416766317651402,3677,Revision adicional por analista; simulacion BAF
829358,6,0.044152282399445214,3678,Revision adicional por analista; simulacion BAF
874313,6,0.044150360283116835,3679,Revision adicional por analista; simulacion BAF
885192,6,0.04414995645295703,3680,Revision adicional por analista; simulacion BAF
809065,6,0.04414955965171161,3681,Revision adicional por analista; simulacion BAF
823703,6,0.044130754160046935,3682,Revision adicional por analista; simulacion BAF
889775,6,0.044098323535097544,3683,Revision adicional por analista; simulacion BAF
816524,6,0.044085560659151986,3684,Revision adicional por analista; simulacion BAF
847713,6,0.044074475936965854,3685,Revision adicional por analista; simulacion BAF
841954,6,0.04407011092211767,3686,Revision adicional por analista; simulacion BAF
798468,6,0.0440566467348054,3687,Revision adicional por analista; simulacion BAF
795345,6,0.04404803790788005,3688,Revision adicional por analista; simulacion BAF
800100,6,0.04403967432394312,3689,Revision adicional por analista; simulacion BAF
891286,6,0.04401174887977839,3690,Revision adicional por analista; simulacion BAF
795146,6,0.04401067339512178,3691,Revision adicional por analista; simulacion BAF
858164,6,0.04400045381020886,3692,Revision adicional por analista; simulacion BAF
879309,6,0.04396613521387669,3693,Revision adicional por analista; simulacion BAF
838049,6,0.04396371293936867,3694,Revision adicional por analista; simulacion BAF
858277,6,0.043946768188856095,3695,Revision adicional por analista; simulacion BAF
881814,6,0.04394636865890826,3696,Revision adicional por analista; simulacion BAF
843480,6,0.04393722908710759,3697,Revision adicional por analista; simulacion BAF
879038,6,0.04391855108959859,3698,Revision adicional por analista; simulacion BAF
850319,6,0.04391780629813137,3699,Revision adicional por analista; simulacion BAF
858533,6,0.04391299704295291,3700,Revision adicional por analista; simulacion BAF
836724,6,0.04391043384752431,3701,Revision adicional por analista; simulacion BAF
834417,6,0.04391040555605448,3702,Revision adicional por analista; simulacion BAF
876493,6,0.04390952832199925,3703,Revision adicional por analista; simulacion BAF
834425,6,0.04390569248290084,3704,Revision adicional por analista; simulacion BAF
878757,6,0.04390327842054434,3705,Revision adicional por analista; simulacion BAF
872916,6,0.043885772289731506,3706,Revision adicional por analista; simulacion BAF
803394,6,0.043884411961215064,3707,Revision adicional por analista; simulacion BAF
891243,6,0.04388383444070175,3708,Revision adicional por analista; simulacion BAF
795846,6,0.04387233499890093,3709,Revision adicional por analista; simulacion BAF
897702,6,0.04386553442397489,3710,Revision adicional por analista; simulacion BAF
850366,6,0.04385647877701446,3711,Revision adicional por analista; simulacion BAF
834824,6,0.043848242573615144,3712,Revision adicional por analista; simulacion BAF
874481,6,0.04384777664725913,3713,Revision adicional por analista; simulacion BAF
875374,6,0.043846306196119365,3714,Revision adicional por analista; simulacion BAF
800155,6,0.04384535267089937,3715,Revision adicional por analista; simulacion BAF
837786,6,0.04383588987876798,3716,Revision adicional por analista; simulacion BAF
898128,6,0.04383314936773552,3717,Revision adicional por analista; simulacion BAF
877370,6,0.04382911842676369,3718,Revision adicional por analista; simulacion BAF
897448,6,0.043826554240616475,3719,Revision adicional por analista; simulacion BAF
855829,6,0.043824954603705044,3720,Revision adicional por analista; simulacion BAF
870117,6,0.043821182400875125,3721,Revision adicional por analista; simulacion BAF
809382,6,0.04381858938236631,3722,Revision adicional por analista; simulacion BAF
796770,6,0.04381067275276543,3723,Revision adicional por analista; simulacion BAF
893881,6,0.04380980094144602,3724,Revision adicional por analista; simulacion BAF
827490,6,0.04380760139054214,3725,Revision adicional por analista; simulacion BAF
848893,6,0.04380547086083575,3726,Revision adicional por analista; simulacion BAF
845704,6,0.043787916802437446,3727,Revision adicional por analista; simulacion BAF
866854,6,0.04377437080788901,3728,Revision adicional por analista; simulacion BAF
896371,6,0.04376063424891989,3729,Revision adicional por analista; simulacion BAF
883451,6,0.04374642428981254,3730,Revision adicional por analista; simulacion BAF
874598,6,0.04372373344501217,3731,Revision adicional por analista; simulacion BAF
874381,6,0.043718111096329317,3732,Revision adicional por analista; simulacion BAF
844448,6,0.043716801344980086,3733,Revision adicional por analista; simulacion BAF
836945,6,0.04371234313097299,3734,Revision adicional por analista; simulacion BAF
855440,6,0.04370817020874656,3735,Revision adicional por analista; simulacion BAF
882392,6,0.04370603103000051,3736,Revision adicional por analista; simulacion BAF
847118,6,0.04367497313060971,3737,Revision adicional por analista; simulacion BAF
866118,6,0.04366815019188584,3738,Revision adicional por analista; simulacion BAF
812922,6,0.04364673887463066,3739,Revision adicional por analista; simulacion BAF
798094,6,0.04364037497233083,3740,Revision adicional por analista; simulacion BAF
836894,6,0.04363880789500368,3741,Revision adicional por analista; simulacion BAF
798972,6,0.04363682615303226,3742,Revision adicional por analista; simulacion BAF
853013,6,0.04363598364775144,3743,Revision adicional por analista; simulacion BAF
804578,6,0.04362898154093148,3744,Revision adicional por analista; simulacion BAF
815987,6,0.04362128139622901,3745,Revision adicional por analista; simulacion BAF
891945,6,0.04362002383069103,3746,Revision adicional por analista; simulacion BAF
845816,6,0.04361608694779093,3747,Revision adicional por analista; simulacion BAF
830604,6,0.04359424020174908,3748,Revision adicional por analista; simulacion BAF
832577,6,0.04359385247976136,3749,Revision adicional por analista; simulacion BAF
833062,6,0.04357634576717065,3750,Revision adicional por analista; simulacion BAF
840765,6,0.043572037715757204,3751,Revision adicional por analista; simulacion BAF
833365,6,0.04356504140408942,3752,Revision adicional por analista; simulacion BAF
846112,6,0.04356381179266104,3753,Revision adicional por analista; simulacion BAF
835460,6,0.04355924912170659,3754,Revision adicional por analista; simulacion BAF
900420,6,0.04354852793027659,3755,Revision adicional por analista; simulacion BAF
893964,6,0.04354515807244615,3756,Revision adicional por analista; simulacion BAF
854758,6,0.043536390758204056,3757,Revision adicional por analista; simulacion BAF
835007,6,0.04353302185375543,3758,Revision adicional por analista; simulacion BAF
884562,6,0.043526966182479504,3759,Revision adicional por analista; simulacion BAF
805393,6,0.04351496787703439,3760,Revision adicional por analista; simulacion BAF
815914,6,0.043490384841094014,3761,Revision adicional por analista; simulacion BAF
802901,6,0.043481348326270104,3762,Revision adicional por analista; simulacion BAF
814714,6,0.04347907482995207,3763,Revision adicional por analista; simulacion BAF
826794,6,0.043474344073202796,3764,Revision adicional por analista; simulacion BAF
880356,6,0.04346852709117542,3765,Revision adicional por analista; simulacion BAF
900150,6,0.04346811555238236,3766,Revision adicional por analista; simulacion BAF
859482,6,0.04345980575162438,3767,Revision adicional por analista; simulacion BAF
855866,6,0.04345902418699972,3768,Revision adicional por analista; simulacion BAF
799553,6,0.04345144287016071,3769,Revision adicional por analista; simulacion BAF
864266,6,0.043436753188416104,3770,Revision adicional por analista; simulacion BAF
843799,6,0.043419995930071044,3771,Revision adicional por analista; simulacion BAF
883556,6,0.04340693362428456,3772,Revision adicional por analista; simulacion BAF
850625,6,0.04339826489439481,3773,Revision adicional por analista; simulacion BAF
797121,6,0.043387724635666224,3774,Revision adicional por analista; simulacion BAF
832274,6,0.04338703160639402,3775,Revision adicional por analista; simulacion BAF
821812,6,0.04337926707597098,3776,Revision adicional por analista; simulacion BAF
816655,6,0.043377833922128115,3777,Revision adicional por analista; simulacion BAF
838089,6,0.0433655470221764,3778,Revision adicional por analista; simulacion BAF
816913,6,0.043357857294210385,3779,Revision adicional por analista; simulacion BAF
829267,6,0.04335062280243957,3780,Revision adicional por analista; simulacion BAF
803032,6,0.0433431413788248,3781,Revision adicional por analista; simulacion BAF
823847,6,0.04334230464231123,3782,Revision adicional por analista; simulacion BAF
869647,6,0.04334107192407637,3783,Revision adicional por analista; simulacion BAF
846892,6,0.04334015088028619,3784,Revision adicional por analista; simulacion BAF
889854,6,0.0433394409664367,3785,Revision adicional por analista; simulacion BAF
873484,6,0.043333869983952035,3786,Revision adicional por analista; simulacion BAF
820499,6,0.04331918830031378,3787,Revision adicional por analista; simulacion BAF
872428,6,0.043318976901558476,3788,Revision adicional por analista; simulacion BAF
898080,6,0.04331767686303577,3789,Revision adicional por analista; simulacion BAF
819201,6,0.04331735114370327,3790,Revision adicional por analista; simulacion BAF
816051,6,0.043315999729143385,3791,Revision adicional por analista; simulacion BAF
798563,6,0.04330976363879162,3792,Revision adicional por analista; simulacion BAF
862844,6,0.04330245556077085,3793,Revision adicional por analista; simulacion BAF
849419,6,0.04329342977384676,3794,Revision adicional por analista; simulacion BAF
858633,6,0.04328045564250096,3795,Revision adicional por analista; simulacion BAF
893951,6,0.04325785450617218,3796,Revision adicional por analista; simulacion BAF
844281,6,0.043253077195704474,3797,Revision adicional por analista; simulacion BAF
868347,6,0.0432512005839293,3798,Revision adicional por analista; simulacion BAF
798131,6,0.043250269272876514,3799,Revision adicional por analista; simulacion BAF
811759,6,0.04324909988418559,3800,Revision adicional por analista; simulacion BAF
896323,6,0.043232500669481505,3801,Revision adicional por analista; simulacion BAF
897568,6,0.04323164476953031,3802,Revision adicional por analista; simulacion BAF
893948,6,0.04322606107606704,3803,Revision adicional por analista; simulacion BAF
869033,6,0.04321703937524089,3804,Revision adicional por analista; simulacion BAF
853492,6,0.04321221033332993,3805,Revision adicional por analista; simulacion BAF
848335,6,0.04320679845191239,3806,Revision adicional por analista; simulacion BAF
837778,6,0.04319627440203494,3807,Revision adicional por analista; simulacion BAF
836579,6,0.04315797366107092,3808,Revision adicional por analista; simulacion BAF
817026,6,0.04314786907207753,3809,Revision adicional por analista; simulacion BAF
863576,6,0.043147338573095856,3810,Revision adicional por analista; simulacion BAF
798500,6,0.043120135753471574,3811,Revision adicional por analista; simulacion BAF
869934,6,0.04310149262015781,3812,Revision adicional por analista; simulacion BAF
849519,6,0.0430940229666055,3813,Revision adicional por analista; simulacion BAF
900695,6,0.04309241219903738,3814,Revision adicional por analista; simulacion BAF
857113,6,0.043088653849494285,3815,Revision adicional por analista; simulacion BAF
890592,6,0.043085273873489274,3816,Revision adicional por analista; simulacion BAF
819023,6,0.043085053570336734,3817,Revision adicional por analista; simulacion BAF
877305,6,0.04308216048424421,3818,Revision adicional por analista; simulacion BAF
885260,6,0.043076395348183645,3819,Revision adicional por analista; simulacion BAF
846781,6,0.04305861389968779,3820,Revision adicional por analista; simulacion BAF
795726,6,0.04305815949451646,3821,Revision adicional por analista; simulacion BAF
827494,6,0.0430454734038847,3822,Revision adicional por analista; simulacion BAF
841717,6,0.043041408257003005,3823,Revision adicional por analista; simulacion BAF
876537,6,0.04303317060792454,3824,Revision adicional por analista; simulacion BAF
881970,6,0.04302934466421604,3825,Revision adicional por analista; simulacion BAF
801186,6,0.04301474940309854,3826,Revision adicional por analista; simulacion BAF
901442,6,0.04299622401947267,3827,Revision adicional por analista; simulacion BAF
897647,6,0.042993275636075134,3828,Revision adicional por analista; simulacion BAF
813382,6,0.042984310339283016,3829,Revision adicional por analista; simulacion BAF
833012,6,0.042981944788280976,3830,Revision adicional por analista; simulacion BAF
829673,6,0.04297344968268685,3831,Revision adicional por analista; simulacion BAF
881757,6,0.04296404872907748,3832,Revision adicional por analista; simulacion BAF
901081,6,0.04295991500520592,3833,Revision adicional por analista; simulacion BAF
802473,6,0.04295970784673338,3834,Revision adicional por analista; simulacion BAF
818522,6,0.04295102035415041,3835,Revision adicional por analista; simulacion BAF
896668,6,0.04294880958950905,3836,Revision adicional por analista; simulacion BAF
843506,6,0.042946282929693054,3837,Revision adicional por analista; simulacion BAF
798619,6,0.04292724242197578,3838,Revision adicional por analista; simulacion BAF
809555,6,0.04291000601926883,3839,Revision adicional por analista; simulacion BAF
874684,6,0.042902987964808466,3840,Revision adicional por analista; simulacion BAF
876217,6,0.04290200574962989,3841,Revision adicional por analista; simulacion BAF
807424,6,0.04290172466397908,3842,Revision adicional por analista; simulacion BAF
852950,6,0.042900006111543716,3843,Revision adicional por analista; simulacion BAF
852843,6,0.042898040369221936,3844,Revision adicional por analista; simulacion BAF
799568,6,0.042893451574650424,3845,Revision adicional por analista; simulacion BAF
866212,6,0.042888668213258915,3846,Revision adicional por analista; simulacion BAF
833325,6,0.04288487855292184,3847,Revision adicional por analista; simulacion BAF
897179,6,0.04287478298501188,3848,Revision adicional por analista; simulacion BAF
798908,6,0.04287404342989115,3849,Revision adicional por analista; simulacion BAF
832672,6,0.04286552196595576,3850,Revision adicional por analista; simulacion BAF
807742,6,0.04285563182049864,3851,Revision adicional por analista; simulacion BAF
877231,6,0.04284756730838361,3852,Revision adicional por analista; simulacion BAF
854517,6,0.04283821578161782,3853,Revision adicional por analista; simulacion BAF
894368,6,0.04283472190649514,3854,Revision adicional por analista; simulacion BAF
795598,6,0.04282740775237399,3855,Revision adicional por analista; simulacion BAF
893483,6,0.04282111182052508,3856,Revision adicional por analista; simulacion BAF
817984,6,0.04281933685332544,3857,Revision adicional por analista; simulacion BAF
809535,6,0.04281593511394927,3858,Revision adicional por analista; simulacion BAF
897223,6,0.042812052620431876,3859,Revision adicional por analista; simulacion BAF
830067,6,0.042790117155075254,3860,Revision adicional por analista; simulacion BAF
851310,6,0.042788977365540604,3861,Revision adicional por analista; simulacion BAF
832757,6,0.04278553325494111,3862,Revision adicional por analista; simulacion BAF
849383,6,0.04276654104100551,3863,Revision adicional por analista; simulacion BAF
847579,6,0.04276233525292556,3864,Revision adicional por analista; simulacion BAF
874948,6,0.042760670626209835,3865,Revision adicional por analista; simulacion BAF
838924,6,0.04273823724507335,3866,Revision adicional por analista; simulacion BAF
811628,6,0.042722965209736216,3867,Revision adicional por analista; simulacion BAF
873452,6,0.042720265127830455,3868,Revision adicional por analista; simulacion BAF
874440,6,0.04271754853356542,3869,Revision adicional por analista; simulacion BAF
850151,6,0.042713553771337336,3870,Revision adicional por analista; simulacion BAF
845443,6,0.042708869089405535,3871,Revision adicional por analista; simulacion BAF
847325,6,0.04270816641110981,3872,Revision adicional por analista; simulacion BAF
873667,6,0.04270313057212436,3873,Revision adicional por analista; simulacion BAF
875893,6,0.04269540889066071,3874,Revision adicional por analista; simulacion BAF
824364,6,0.04266615202157862,3875,Revision adicional por analista; simulacion BAF
853819,6,0.04265458731203215,3876,Revision adicional por analista; simulacion BAF
811696,6,0.04265354846340869,3877,Revision adicional por analista; simulacion BAF
802811,6,0.04261617946373079,3878,Revision adicional por analista; simulacion BAF
799174,6,0.0426112443009398,3879,Revision adicional por analista; simulacion BAF
804687,6,0.04261121284411805,3880,Revision adicional por analista; simulacion BAF
808380,6,0.04260911354643397,3881,Revision adicional por analista; simulacion BAF
823648,6,0.042606147729224546,3882,Revision adicional por analista; simulacion BAF
853773,6,0.04259630213419728,3883,Revision adicional por analista; simulacion BAF
899240,6,0.04258203047095871,3884,Revision adicional por analista; simulacion BAF
882933,6,0.04257617841087067,3885,Revision adicional por analista; simulacion BAF
834763,6,0.042565822056377316,3886,Revision adicional por analista; simulacion BAF
799032,6,0.04255529186696528,3887,Revision adicional por analista; simulacion BAF
823191,6,0.042554090800841333,3888,Revision adicional por analista; simulacion BAF
829322,6,0.04253613231852163,3889,Revision adicional por analista; simulacion BAF
902584,6,0.04253592952408798,3890,Revision adicional por analista; simulacion BAF
881173,6,0.04252659247876884,3891,Revision adicional por analista; simulacion BAF
866686,6,0.042522196844929395,3892,Revision adicional por analista; simulacion BAF
830399,6,0.04251641915730253,3893,Revision adicional por analista; simulacion BAF
873545,6,0.04251600839004243,3894,Revision adicional por analista; simulacion BAF
823115,6,0.04250286102810181,3895,Revision adicional por analista; simulacion BAF
863860,6,0.04250152267411127,3896,Revision adicional por analista; simulacion BAF
805423,6,0.042483011964132775,3897,Revision adicional por analista; simulacion BAF
891965,6,0.042461652903432706,3898,Revision adicional por analista; simulacion BAF
877544,6,0.04245080446139558,3899,Revision adicional por analista; simulacion BAF
854363,6,0.04244727377123385,3900,Revision adicional por analista; simulacion BAF
799698,6,0.042443957771978076,3901,Revision adicional por analista; simulacion BAF
857268,6,0.04243241269252811,3902,Revision adicional por analista; simulacion BAF
854886,6,0.04242113242624415,3903,Revision adicional por analista; simulacion BAF
820379,6,0.04241898217861562,3904,Revision adicional por analista; simulacion BAF
804671,6,0.04241516025115028,3905,Revision adicional por analista; simulacion BAF
818130,6,0.042413542168663734,3906,Revision adicional por analista; simulacion BAF
893014,6,0.042409814425192406,3907,Revision adicional por analista; simulacion BAF
847644,6,0.04240553592054279,3908,Revision adicional por analista; simulacion BAF
850202,6,0.04237797694110844,3909,Revision adicional por analista; simulacion BAF
879671,6,0.04237411554118899,3910,Revision adicional por analista; simulacion BAF
855244,6,0.04236192974100171,3911,Revision adicional por analista; simulacion BAF
900871,6,0.042359702551639726,3912,Revision adicional por analista; simulacion BAF
813857,6,0.04234898736647439,3913,Revision adicional por analista; simulacion BAF
804268,6,0.04234182871300619,3914,Revision adicional por analista; simulacion BAF
801660,6,0.04233053591837258,3915,Revision adicional por analista; simulacion BAF
856809,6,0.04232841907853184,3916,Revision adicional por analista; simulacion BAF
843380,6,0.04232616852736715,3917,Revision adicional por analista; simulacion BAF
901962,6,0.0423044641707657,3918,Revision adicional por analista; simulacion BAF
823866,6,0.042295885841366766,3919,Revision adicional por analista; simulacion BAF
899381,6,0.042288129886224914,3920,Revision adicional por analista; simulacion BAF
798251,6,0.04228051498087587,3921,Revision adicional por analista; simulacion BAF
803927,6,0.04227461343065526,3922,Revision adicional por analista; simulacion BAF
890427,6,0.04226923109877492,3923,Revision adicional por analista; simulacion BAF
809114,6,0.04226908642036873,3924,Revision adicional por analista; simulacion BAF
875148,6,0.04226815073076348,3925,Revision adicional por analista; simulacion BAF
829208,6,0.04224570734204557,3926,Revision adicional por analista; simulacion BAF
851389,6,0.04223110355251835,3927,Revision adicional por analista; simulacion BAF
867232,6,0.04221308684979064,3928,Revision adicional por analista; simulacion BAF
876596,6,0.04220136944537361,3929,Revision adicional por analista; simulacion BAF
899854,6,0.04219384612590919,3930,Revision adicional por analista; simulacion BAF
892232,6,0.04218939248553582,3931,Revision adicional por analista; simulacion BAF
870303,6,0.04218090415929026,3932,Revision adicional por analista; simulacion BAF
839443,6,0.042174202779021355,3933,Revision adicional por analista; simulacion BAF
868762,6,0.04214134550872741,3934,Revision adicional por analista; simulacion BAF
806454,6,0.0421402002108349,3935,Revision adicional por analista; simulacion BAF
839418,6,0.042109834026230426,3936,Revision adicional por analista; simulacion BAF
800144,6,0.042085689020320005,3937,Revision adicional por analista; simulacion BAF
797138,6,0.04206237183486161,3938,Revision adicional por analista; simulacion BAF
812033,6,0.04205870309998201,3939,Revision adicional por analista; simulacion BAF
857026,6,0.04204529741135589,3940,Revision adicional por analista; simulacion BAF
866248,6,0.04203796269176914,3941,Revision adicional por analista; simulacion BAF
885447,6,0.04203059992955075,3942,Revision adicional por analista; simulacion BAF
843245,6,0.04203050518001426,3943,Revision adicional por analista; simulacion BAF
812878,6,0.042009690436634294,3944,Revision adicional por analista; simulacion BAF
800075,6,0.042008208663332165,3945,Revision adicional por analista; simulacion BAF
823069,6,0.042002360260784063,3946,Revision adicional por analista; simulacion BAF
858559,6,0.041996199610199424,3947,Revision adicional por analista; simulacion BAF
822991,6,0.04198763155992368,3948,Revision adicional por analista; simulacion BAF
872004,6,0.041982985389903034,3949,Revision adicional por analista; simulacion BAF
828181,6,0.041978861508111046,3950,Revision adicional por analista; simulacion BAF
818751,6,0.04197844378321948,3951,Revision adicional por analista; simulacion BAF
834825,6,0.04196007974807084,3952,Revision adicional por analista; simulacion BAF
898570,6,0.04194910329567144,3953,Revision adicional por analista; simulacion BAF
896810,6,0.04194514331286264,3954,Revision adicional por analista; simulacion BAF
845322,6,0.04194273579280371,3955,Revision adicional por analista; simulacion BAF
889608,6,0.04192986704924298,3956,Revision adicional por analista; simulacion BAF
854757,6,0.04192873064394462,3957,Revision adicional por analista; simulacion BAF
839049,6,0.04191625812040645,3958,Revision adicional por analista; simulacion BAF
844193,6,0.04191303691413013,3959,Revision adicional por analista; simulacion BAF
799820,6,0.041905542490965765,3960,Revision adicional por analista; simulacion BAF
802782,6,0.04188892637775215,3961,Revision adicional por analista; simulacion BAF
813880,6,0.041887712160204364,3962,Revision adicional por analista; simulacion BAF
801972,6,0.041886574158081065,3963,Revision adicional por analista; simulacion BAF
880623,6,0.04188174055424588,3964,Revision adicional por analista; simulacion BAF
879564,6,0.04186819212053903,3965,Revision adicional por analista; simulacion BAF
880681,6,0.041845031461817436,3966,Revision adicional por analista; simulacion BAF
811340,6,0.041809838231361494,3967,Revision adicional por analista; simulacion BAF
820628,6,0.041807225035972805,3968,Revision adicional por analista; simulacion BAF
841977,6,0.0418048266196368,3969,Revision adicional por analista; simulacion BAF
817195,6,0.04180159652278966,3970,Revision adicional por analista; simulacion BAF
874799,6,0.04177840022201731,3971,Revision adicional por analista; simulacion BAF
886626,6,0.041771984921173184,3972,Revision adicional por analista; simulacion BAF
895431,6,0.04176948933497117,3973,Revision adicional por analista; simulacion BAF
799622,6,0.041768540310685165,3974,Revision adicional por analista; simulacion BAF
832533,6,0.041764058939231484,3975,Revision adicional por analista; simulacion BAF
827425,6,0.0417487825499033,3976,Revision adicional por analista; simulacion BAF
823828,6,0.04173777090586015,3977,Revision adicional por analista; simulacion BAF
812832,6,0.04173038545897418,3978,Revision adicional por analista; simulacion BAF
870379,6,0.04172993004184361,3979,Revision adicional por analista; simulacion BAF
859086,6,0.0417217537794566,3980,Revision adicional por analista; simulacion BAF
862072,6,0.041718303602879675,3981,Revision adicional por analista; simulacion BAF
848427,6,0.04171647806167594,3982,Revision adicional por analista; simulacion BAF
876448,6,0.041696373700688925,3983,Revision adicional por analista; simulacion BAF
841775,6,0.041668800674049294,3984,Revision adicional por analista; simulacion BAF
837025,6,0.04166083030679478,3985,Revision adicional por analista; simulacion BAF
887864,6,0.041658480623718734,3986,Revision adicional por analista; simulacion BAF
873927,6,0.041656548455936575,3987,Revision adicional por analista; simulacion BAF
866332,6,0.041652948594933605,3988,Revision adicional por analista; simulacion BAF
844258,6,0.04165292483211014,3989,Revision adicional por analista; simulacion BAF
833395,6,0.04165208135880927,3990,Revision adicional por analista; simulacion BAF
875679,6,0.041645401690482226,3991,Revision adicional por analista; simulacion BAF
857965,6,0.04163794371303629,3992,Revision adicional por analista; simulacion BAF
849875,6,0.04163602868936455,3993,Revision adicional por analista; simulacion BAF
899212,6,0.0416302884327441,3994,Revision adicional por analista; simulacion BAF
886535,6,0.041627992083813875,3995,Revision adicional por analista; simulacion BAF
893971,6,0.04162670854145327,3996,Revision adicional por analista; simulacion BAF
817446,6,0.04162389577344534,3997,Revision adicional por analista; simulacion BAF
798663,6,0.041619100646337746,3998,Revision adicional por analista; simulacion BAF
827087,6,0.041610142199319716,3999,Revision adicional por analista; simulacion BAF
805996,6,0.04158682085826657,4000,Revision adicional por analista; simulacion BAF
857992,6,0.041583247811055546,4001,Revision adicional por analista; simulacion BAF
855490,6,0.04158269520317708,4002,Revision adicional por analista; simulacion BAF
872684,6,0.041574938648143246,4003,Revision adicional por analista; simulacion BAF
846743,6,0.041570260355360295,4004,Revision adicional por analista; simulacion BAF
809607,6,0.04156903721132559,4005,Revision adicional por analista; simulacion BAF
800354,6,0.04156861341601231,4006,Revision adicional por analista; simulacion BAF
824670,6,0.04156616375468219,4007,Revision adicional por analista; simulacion BAF
872424,6,0.04152698181345034,4008,Revision adicional por analista; simulacion BAF
881326,6,0.041521128167133325,4009,Revision adicional por analista; simulacion BAF
892138,6,0.04150978748659131,4010,Revision adicional por analista; simulacion BAF
805338,6,0.04150906041503448,4011,Revision adicional por analista; simulacion BAF
839211,6,0.04150716421571734,4012,Revision adicional por analista; simulacion BAF
874058,6,0.04150199954705094,4013,Revision adicional por analista; simulacion BAF
870219,6,0.041501157632013605,4014,Revision adicional por analista; simulacion BAF
884422,6,0.04149971984959374,4015,Revision adicional por analista; simulacion BAF
844638,6,0.041499135067666,4016,Revision adicional por analista; simulacion BAF
858382,6,0.04148786252541898,4017,Revision adicional por analista; simulacion BAF
877100,6,0.0414744268569274,4018,Revision adicional por analista; simulacion BAF
825896,6,0.041466097689131384,4019,Revision adicional por analista; simulacion BAF
902406,6,0.04146156812437239,4020,Revision adicional por analista; simulacion BAF
810702,6,0.04145993025880301,4021,Revision adicional por analista; simulacion BAF
838817,6,0.041459565469800425,4022,Revision adicional por analista; simulacion BAF
816815,6,0.04145910970761582,4023,Revision adicional por analista; simulacion BAF
845675,6,0.04145515199151805,4024,Revision adicional por analista; simulacion BAF
890949,6,0.04145098950812446,4025,Revision adicional por analista; simulacion BAF
856381,6,0.04142813555804426,4026,Revision adicional por analista; simulacion BAF
844376,6,0.04142427064338152,4027,Revision adicional por analista; simulacion BAF
860695,6,0.041419470900699695,4028,Revision adicional por analista; simulacion BAF
852099,6,0.041417785377111216,4029,Revision adicional por analista; simulacion BAF
843152,6,0.041416603391554785,4030,Revision adicional por analista; simulacion BAF
819413,6,0.041371503314010634,4031,Revision adicional por analista; simulacion BAF
849255,6,0.04137073781398449,4032,Revision adicional por analista; simulacion BAF
896245,6,0.04136624094959174,4033,Revision adicional por analista; simulacion BAF
894149,6,0.041358961891087294,4034,Revision adicional por analista; simulacion BAF
847431,6,0.04135752076763024,4035,Revision adicional por analista; simulacion BAF
895819,6,0.041353270828730256,4036,Revision adicional por analista; simulacion BAF
815356,6,0.04135137864740495,4037,Revision adicional por analista; simulacion BAF
840444,6,0.04134774986684911,4038,Revision adicional por analista; simulacion BAF
816452,6,0.04133312666622186,4039,Revision adicional por analista; simulacion BAF
871832,6,0.041328183712541315,4040,Revision adicional por analista; simulacion BAF
872835,6,0.04131143972176521,4041,Revision adicional por analista; simulacion BAF
797139,6,0.04130980855363687,4042,Revision adicional por analista; simulacion BAF
848005,6,0.04130345935193932,4043,Revision adicional por analista; simulacion BAF
830738,6,0.04128867262167914,4044,Revision adicional por analista; simulacion BAF
795395,6,0.04127988672703995,4045,Revision adicional por analista; simulacion BAF
835404,6,0.04127800971145304,4046,Revision adicional por analista; simulacion BAF
804739,6,0.04127654710622782,4047,Revision adicional por analista; simulacion BAF
861061,6,0.04127232960428554,4048,Revision adicional por analista; simulacion BAF
812572,6,0.041256184695961144,4049,Revision adicional por analista; simulacion BAF
809870,6,0.04125490995229897,4050,Revision adicional por analista; simulacion BAF
827392,6,0.041238292448342456,4051,Revision adicional por analista; simulacion BAF
796272,6,0.041232569707049596,4052,Revision adicional por analista; simulacion BAF
806911,6,0.04122493842757882,4053,Revision adicional por analista; simulacion BAF
803083,6,0.04122407886545302,4054,Revision adicional por analista; simulacion BAF
859091,6,0.041211908741074374,4055,Revision adicional por analista; simulacion BAF
823903,6,0.041199788574440004,4056,Revision adicional por analista; simulacion BAF
811427,6,0.041197728525541225,4057,Revision adicional por analista; simulacion BAF
895087,6,0.04119141336864315,4058,Revision adicional por analista; simulacion BAF
830158,6,0.04117420991123915,4059,Revision adicional por analista; simulacion BAF
848899,6,0.041140796328449934,4060,Revision adicional por analista; simulacion BAF
855396,6,0.041138978055220904,4061,Revision adicional por analista; simulacion BAF
825565,6,0.0411282257505093,4062,Revision adicional por analista; simulacion BAF
810108,6,0.04112200343038106,4063,Revision adicional por analista; simulacion BAF
870250,6,0.041117408253606075,4064,Revision adicional por analista; simulacion BAF
842338,6,0.04107267466416477,4065,Revision adicional por analista; simulacion BAF
897242,6,0.041064693071000836,4066,Revision adicional por analista; simulacion BAF
898650,6,0.04106023044582574,4067,Revision adicional por analista; simulacion BAF
872841,6,0.041056175558175326,4068,Revision adicional por analista; simulacion BAF
835053,6,0.041055648113646884,4069,Revision adicional por analista; simulacion BAF
821433,6,0.04105526515572434,4070,Revision adicional por analista; simulacion BAF
885917,6,0.041040988988648094,4071,Revision adicional por analista; simulacion BAF
867019,6,0.04101880883373607,4072,Revision adicional por analista; simulacion BAF
810257,6,0.04101495877782823,4073,Revision adicional por analista; simulacion BAF
901633,6,0.041014749413593225,4074,Revision adicional por analista; simulacion BAF
804156,6,0.0410024291690457,4075,Revision adicional por analista; simulacion BAF
828975,6,0.04099518140059226,4076,Revision adicional por analista; simulacion BAF
832831,6,0.040974380698663444,4077,Revision adicional por analista; simulacion BAF
826329,6,0.0409737828756974,4078,Revision adicional por analista; simulacion BAF
824332,6,0.04095869191343491,4079,Revision adicional por analista; simulacion BAF
875611,6,0.040943420614025776,4080,Revision adicional por analista; simulacion BAF
847847,6,0.04093046909374119,4081,Revision adicional por analista; simulacion BAF
903041,6,0.04092687298038329,4082,Revision adicional por analista; simulacion BAF
901884,6,0.0409213198378413,4083,Revision adicional por analista; simulacion BAF
810992,6,0.04088668666671775,4084,Revision adicional por analista; simulacion BAF
871314,6,0.04087233949227967,4085,Revision adicional por analista; simulacion BAF
860291,6,0.040847417039441225,4086,Revision adicional por analista; simulacion BAF
902410,6,0.04084303167602596,4087,Revision adicional por analista; simulacion BAF
855503,6,0.0408421600931522,4088,Revision adicional por analista; simulacion BAF
803888,6,0.04083663575357368,4089,Revision adicional por analista; simulacion BAF
897978,6,0.040834932922269494,4090,Revision adicional por analista; simulacion BAF
861922,6,0.04082515397680172,4091,Revision adicional por analista; simulacion BAF
872875,6,0.0408111727904769,4092,Revision adicional por analista; simulacion BAF
827250,6,0.04080866266986843,4093,Revision adicional por analista; simulacion BAF
877649,6,0.04080862098115457,4094,Revision adicional por analista; simulacion BAF
801009,6,0.0408024225265143,4095,Revision adicional por analista; simulacion BAF
823984,6,0.04080117785825053,4096,Revision adicional por analista; simulacion BAF
835534,6,0.040793221185380354,4097,Revision adicional por analista; simulacion BAF
870431,6,0.04078564400597273,4098,Revision adicional por analista; simulacion BAF
822341,6,0.040777076951651406,4099,Revision adicional por analista; simulacion BAF
821467,6,0.04077557845896059,4100,Revision adicional por analista; simulacion BAF
835938,6,0.040769626271214734,4101,Revision adicional por analista; simulacion BAF
889505,6,0.04076541778473362,4102,Revision adicional por analista; simulacion BAF
811730,6,0.040753192111439296,4103,Revision adicional por analista; simulacion BAF
849813,6,0.04074511312357432,4104,Revision adicional por analista; simulacion BAF
829679,6,0.04072917988850363,4105,Revision adicional por analista; simulacion BAF
798703,6,0.04070646357388827,4106,Revision adicional por analista; simulacion BAF
807430,6,0.04070247246444295,4107,Revision adicional por analista; simulacion BAF
888356,6,0.04068609853440906,4108,Revision adicional por analista; simulacion BAF
827056,6,0.04068417403313294,4109,Revision adicional por analista; simulacion BAF
838168,6,0.040683872374570725,4110,Revision adicional por analista; simulacion BAF
874643,6,0.0406793408069434,4111,Revision adicional por analista; simulacion BAF
903065,6,0.040674760653956296,4112,Revision adicional por analista; simulacion BAF
814993,6,0.0406624936170536,4113,Revision adicional por analista; simulacion BAF
811685,6,0.040662311942045365,4114,Revision adicional por analista; simulacion BAF
863043,6,0.04065420765336518,4115,Revision adicional por analista; simulacion BAF
892574,6,0.040631108284111636,4116,Revision adicional por analista; simulacion BAF
855275,6,0.04062413763825233,4117,Revision adicional por analista; simulacion BAF
854955,6,0.040615112408371595,4118,Revision adicional por analista; simulacion BAF
899150,6,0.04061492363260373,4119,Revision adicional por analista; simulacion BAF
840138,6,0.040595369634154145,4120,Revision adicional por analista; simulacion BAF
804625,6,0.040591380962266416,4121,Revision adicional por analista; simulacion BAF
864750,6,0.04058654530900526,4122,Revision adicional por analista; simulacion BAF
896841,6,0.04058446214805751,4123,Revision adicional por analista; simulacion BAF
899908,6,0.04058237542721927,4124,Revision adicional por analista; simulacion BAF
854441,6,0.04057550743855529,4125,Revision adicional por analista; simulacion BAF
804352,6,0.04057495382609616,4126,Revision adicional por analista; simulacion BAF
842936,6,0.04056782482068151,4127,Revision adicional por analista; simulacion BAF
897395,6,0.04056739738060504,4128,Revision adicional por analista; simulacion BAF
889830,6,0.040564886556804215,4129,Revision adicional por analista; simulacion BAF
824890,6,0.04054924805122597,4130,Revision adicional por analista; simulacion BAF
847378,6,0.04054460703144763,4131,Revision adicional por analista; simulacion BAF
860279,6,0.040531963060661896,4132,Revision adicional por analista; simulacion BAF
882109,6,0.04053086075355714,4133,Revision adicional por analista; simulacion BAF
887885,6,0.040529991853660824,4134,Revision adicional por analista; simulacion BAF
856947,6,0.040527569914206446,4135,Revision adicional por analista; simulacion BAF
856743,6,0.04050575108834278,4136,Revision adicional por analista; simulacion BAF
822800,6,0.04048158774885694,4137,Revision adicional por analista; simulacion BAF
799560,6,0.040471281190063296,4138,Revision adicional por analista; simulacion BAF
894193,6,0.040470059024743925,4139,Revision adicional por analista; simulacion BAF
832476,6,0.04046924695551409,4140,Revision adicional por analista; simulacion BAF
805622,6,0.04046692906404238,4141,Revision adicional por analista; simulacion BAF
845031,6,0.04045322537417011,4142,Revision adicional por analista; simulacion BAF
802565,6,0.04045109161078345,4143,Revision adicional por analista; simulacion BAF
813014,6,0.04043948080963511,4144,Revision adicional por analista; simulacion BAF
836931,6,0.04039371866781325,4145,Revision adicional por analista; simulacion BAF
815067,6,0.04039238408353587,4146,Revision adicional por analista; simulacion BAF
900301,6,0.04037999891913713,4147,Revision adicional por analista; simulacion BAF
829655,6,0.04035537663254213,4148,Revision adicional por analista; simulacion BAF
885326,6,0.04033684007040531,4149,Revision adicional por analista; simulacion BAF
843409,6,0.040320006971447164,4150,Revision adicional por analista; simulacion BAF
795318,6,0.04031832775267223,4151,Revision adicional por analista; simulacion BAF
842739,6,0.0403074826204545,4152,Revision adicional por analista; simulacion BAF
881674,6,0.040297045120187544,4153,Revision adicional por analista; simulacion BAF
808716,6,0.04029595510250961,4154,Revision adicional por analista; simulacion BAF
891908,6,0.04029490963968896,4155,Revision adicional por analista; simulacion BAF
882087,6,0.04029025063272262,4156,Revision adicional por analista; simulacion BAF
866333,6,0.04028499773398815,4157,Revision adicional por analista; simulacion BAF
836779,6,0.04027283487395409,4158,Revision adicional por analista; simulacion BAF
813966,6,0.04026622426151808,4159,Revision adicional por analista; simulacion BAF
808550,6,0.04024575086276551,4160,Revision adicional por analista; simulacion BAF
892706,6,0.040232083589269475,4161,Revision adicional por analista; simulacion BAF
823761,6,0.04022473727484876,4162,Revision adicional por analista; simulacion BAF
862592,6,0.040213841640537734,4163,Revision adicional por analista; simulacion BAF
799273,6,0.040200855689239964,4164,Revision adicional por analista; simulacion BAF
848960,6,0.0401973883434142,4165,Revision adicional por analista; simulacion BAF
845827,6,0.04019711760216199,4166,Revision adicional por analista; simulacion BAF
891480,6,0.04018847525179677,4167,Revision adicional por analista; simulacion BAF
901865,6,0.0401803824698481,4168,Revision adicional por analista; simulacion BAF
847162,6,0.040168909517822655,4169,Revision adicional por analista; simulacion BAF
899892,6,0.040168465559669395,4170,Revision adicional por analista; simulacion BAF
856278,6,0.04016808706230918,4171,Revision adicional por analista; simulacion BAF
838073,6,0.040135594925890784,4172,Revision adicional por analista; simulacion BAF
901941,6,0.04013301222597306,4173,Revision adicional por analista; simulacion BAF
877343,6,0.04013105517786142,4174,Revision adicional por analista; simulacion BAF
895090,6,0.0401162015934701,4175,Revision adicional por analista; simulacion BAF
902637,6,0.04011327579610024,4176,Revision adicional por analista; simulacion BAF
805016,6,0.04008565067502898,4177,Revision adicional por analista; simulacion BAF
818330,6,0.04008333373650842,4178,Revision adicional por analista; simulacion BAF
796031,6,0.04008112271486179,4179,Revision adicional por analista; simulacion BAF
841921,6,0.04005236941531399,4180,Revision adicional por analista; simulacion BAF
817186,6,0.04004683322464085,4181,Revision adicional por analista; simulacion BAF
881494,6,0.040036437097780146,4182,Revision adicional por analista; simulacion BAF
855184,6,0.04003024848270237,4183,Revision adicional por analista; simulacion BAF
827617,6,0.04002715293355909,4184,Revision adicional por analista; simulacion BAF
835418,6,0.04002275377141143,4185,Revision adicional por analista; simulacion BAF
876112,6,0.04001196527246088,4186,Revision adicional por analista; simulacion BAF
900089,6,0.04000148881625324,4187,Revision adicional por analista; simulacion BAF
802666,6,0.039999660719807824,4188,Revision adicional por analista; simulacion BAF
898659,6,0.03998534153524853,4189,Revision adicional por analista; simulacion BAF
889760,6,0.03997798554937855,4190,Revision adicional por analista; simulacion BAF
872293,6,0.03997632258431712,4191,Revision adicional por analista; simulacion BAF
853855,6,0.03996770495614064,4192,Revision adicional por analista; simulacion BAF
822814,6,0.039963401165133805,4193,Revision adicional por analista; simulacion BAF
861486,6,0.03994919482044143,4194,Revision adicional por analista; simulacion BAF
811798,6,0.03994539084852673,4195,Revision adicional por analista; simulacion BAF
815372,6,0.03994320738518383,4196,Revision adicional por analista; simulacion BAF
864207,6,0.039941946419045124,4197,Revision adicional por analista; simulacion BAF
816846,6,0.03994130405454134,4198,Revision adicional por analista; simulacion BAF
832257,6,0.03994065241119626,4199,Revision adicional por analista; simulacion BAF
830819,6,0.039937911666239626,4200,Revision adicional por analista; simulacion BAF
864501,6,0.03993408099257541,4201,Revision adicional por analista; simulacion BAF
803353,6,0.03991589931458592,4202,Revision adicional por analista; simulacion BAF
891673,6,0.039909402401883357,4203,Revision adicional por analista; simulacion BAF
812549,6,0.039908959478423094,4204,Revision adicional por analista; simulacion BAF
867146,6,0.03989813551660229,4205,Revision adicional por analista; simulacion BAF
891186,6,0.03988997558772116,4206,Revision adicional por analista; simulacion BAF
886431,6,0.0398882601446728,4207,Revision adicional por analista; simulacion BAF
895065,6,0.03986515369486304,4208,Revision adicional por analista; simulacion BAF
893825,6,0.03986500581453249,4209,Revision adicional por analista; simulacion BAF
880846,6,0.03985808313837613,4210,Revision adicional por analista; simulacion BAF
877146,6,0.039857376461901295,4211,Revision adicional por analista; simulacion BAF
802952,6,0.03985663207550313,4212,Revision adicional por analista; simulacion BAF
848595,6,0.039846695882176875,4213,Revision adicional por analista; simulacion BAF
854749,6,0.03984104339291389,4214,Revision adicional por analista; simulacion BAF
863087,6,0.03982769542752786,4215,Revision adicional por analista; simulacion BAF
883085,6,0.03982206554905705,4216,Revision adicional por analista; simulacion BAF
869042,6,0.039814920787742944,4217,Revision adicional por analista; simulacion BAF
816674,6,0.039811624144068754,4218,Revision adicional por analista; simulacion BAF
827894,6,0.039807833331139804,4219,Revision adicional por analista; simulacion BAF
837678,6,0.039800396019124905,4220,Revision adicional por analista; simulacion BAF
883738,6,0.03979992499297492,4221,Revision adicional por analista; simulacion BAF
826073,6,0.03979795795494213,4222,Revision adicional por analista; simulacion BAF
849444,6,0.03979772561689087,4223,Revision adicional por analista; simulacion BAF
853206,6,0.03979048925778083,4224,Revision adicional por analista; simulacion BAF
842657,6,0.03978896057809007,4225,Revision adicional por analista; simulacion BAF
866040,6,0.0397884579969624,4226,Revision adicional por analista; simulacion BAF
883982,6,0.039785639770088574,4227,Revision adicional por analista; simulacion BAF
897040,6,0.03978381577925415,4228,Revision adicional por analista; simulacion BAF
863685,6,0.039783202605973816,4229,Revision adicional por analista; simulacion BAF
872289,6,0.03978061459990873,4230,Revision adicional por analista; simulacion BAF
837281,6,0.03977312334254665,4231,Revision adicional por analista; simulacion BAF
853419,6,0.03976774799279218,4232,Revision adicional por analista; simulacion BAF
884567,6,0.03969955796068191,4233,Revision adicional por analista; simulacion BAF
796025,6,0.03969180143119118,4234,Revision adicional por analista; simulacion BAF
819143,6,0.03967520137693518,4235,Revision adicional por analista; simulacion BAF
826274,6,0.03967317285939756,4236,Revision adicional por analista; simulacion BAF
882517,6,0.03967077950533439,4237,Revision adicional por analista; simulacion BAF
809194,6,0.03966651734757103,4238,Revision adicional por analista; simulacion BAF
894699,6,0.039651432929377166,4239,Revision adicional por analista; simulacion BAF
831677,6,0.03964895936501904,4240,Revision adicional por analista; simulacion BAF
835790,6,0.039633357371610174,4241,Revision adicional por analista; simulacion BAF
898817,6,0.03963304389735727,4242,Revision adicional por analista; simulacion BAF
887744,6,0.039611820379826926,4243,Revision adicional por analista; simulacion BAF
860934,6,0.039610189088882024,4244,Revision adicional por analista; simulacion BAF
879260,6,0.039605456253649515,4245,Revision adicional por analista; simulacion BAF
890808,6,0.03959425238840993,4246,Revision adicional por analista; simulacion BAF
824537,6,0.039592533485590144,4247,Revision adicional por analista; simulacion BAF
797972,6,0.039589692869632,4248,Revision adicional por analista; simulacion BAF
841971,6,0.03958080923251301,4249,Revision adicional por analista; simulacion BAF
819615,6,0.039575861832605655,4250,Revision adicional por analista; simulacion BAF
821762,6,0.03956386804921732,4251,Revision adicional por analista; simulacion BAF
902957,6,0.03956317347457633,4252,Revision adicional por analista; simulacion BAF
834504,6,0.03955810545745362,4253,Revision adicional por analista; simulacion BAF
802968,6,0.03955683784484689,4254,Revision adicional por analista; simulacion BAF
811213,6,0.03954716662279994,4255,Revision adicional por analista; simulacion BAF
802763,6,0.03954466427521773,4256,Revision adicional por analista; simulacion BAF
811963,6,0.03954413208864847,4257,Revision adicional por analista; simulacion BAF
865721,6,0.0395385554941499,4258,Revision adicional por analista; simulacion BAF
810040,6,0.03953818270669273,4259,Revision adicional por analista; simulacion BAF
903052,6,0.03953579373376553,4260,Revision adicional por analista; simulacion BAF
858817,6,0.039519228090414686,4261,Revision adicional por analista; simulacion BAF
869955,6,0.039509846224325434,4262,Revision adicional por analista; simulacion BAF
901609,6,0.039467427026843784,4263,Revision adicional por analista; simulacion BAF
890418,6,0.03946598324959057,4264,Revision adicional por analista; simulacion BAF
881177,6,0.03946004797640341,4265,Revision adicional por analista; simulacion BAF
870942,6,0.039444268172645264,4266,Revision adicional por analista; simulacion BAF
835586,6,0.039440453856385685,4267,Revision adicional por analista; simulacion BAF
821170,6,0.03943247221888874,4268,Revision adicional por analista; simulacion BAF
800604,6,0.03942847805512022,4269,Revision adicional por analista; simulacion BAF
836977,6,0.03941595525202942,4270,Revision adicional por analista; simulacion BAF
867624,6,0.03941470747414397,4271,Revision adicional por analista; simulacion BAF
881838,6,0.039412117293177396,4272,Revision adicional por analista; simulacion BAF
814225,6,0.03940371170118011,4273,Revision adicional por analista; simulacion BAF
867818,6,0.039399495735077804,4274,Revision adicional por analista; simulacion BAF
875123,6,0.039398402025512355,4275,Revision adicional por analista; simulacion BAF
902227,6,0.03939267921564261,4276,Revision adicional por analista; simulacion BAF
868996,6,0.03937214780395666,4277,Revision adicional por analista; simulacion BAF
813784,6,0.03937077151210104,4278,Revision adicional por analista; simulacion BAF
884243,6,0.03936747301151201,4279,Revision adicional por analista; simulacion BAF
804636,6,0.039354832639635094,4280,Revision adicional por analista; simulacion BAF
862993,6,0.03935242384656437,4281,Revision adicional por analista; simulacion BAF
834849,6,0.039348943581805976,4282,Revision adicional por analista; simulacion BAF
844950,6,0.03934374989291928,4283,Revision adicional por analista; simulacion BAF
860974,6,0.03933713190802699,4284,Revision adicional por analista; simulacion BAF
815365,6,0.039335408097535426,4285,Revision adicional por analista; simulacion BAF
834035,6,0.039331887780903234,4286,Revision adicional por analista; simulacion BAF
809417,6,0.039320479297485854,4287,Revision adicional por analista; simulacion BAF
809437,6,0.03931661772737153,4288,Revision adicional por analista; simulacion BAF
851451,6,0.03930050611661404,4289,Revision adicional por analista; simulacion BAF
842291,6,0.03929312423509487,4290,Revision adicional por analista; simulacion BAF
839188,6,0.03929065655651185,4291,Revision adicional por analista; simulacion BAF
841049,6,0.03928961476365382,4292,Revision adicional por analista; simulacion BAF
873215,6,0.03928566426507604,4293,Revision adicional por analista; simulacion BAF
801561,6,0.03927561278359587,4294,Revision adicional por analista; simulacion BAF
866191,6,0.039261669919223176,4295,Revision adicional por analista; simulacion BAF
816796,6,0.03924739218708452,4296,Revision adicional por analista; simulacion BAF
900341,6,0.03924588140357448,4297,Revision adicional por analista; simulacion BAF
820459,6,0.039227418000035374,4298,Revision adicional por analista; simulacion BAF
850540,6,0.039225541146780424,4299,Revision adicional por analista; simulacion BAF
864793,6,0.039215118445539196,4300,Revision adicional por analista; simulacion BAF
824087,6,0.03918744756305362,4301,Revision adicional por analista; simulacion BAF
798986,6,0.039184167525799125,4302,Revision adicional por analista; simulacion BAF
837837,6,0.039181271286719804,4303,Revision adicional por analista; simulacion BAF
802972,6,0.03917534047846609,4304,Revision adicional por analista; simulacion BAF
844671,6,0.0391712102016053,4305,Revision adicional por analista; simulacion BAF
818484,6,0.03915295639784947,4306,Revision adicional por analista; simulacion BAF
902294,6,0.03915160425125826,4307,Revision adicional por analista; simulacion BAF
886171,6,0.03914069217373364,4308,Revision adicional por analista; simulacion BAF
804831,6,0.03912100747179777,4309,Revision adicional por analista; simulacion BAF
807178,6,0.03910795389746742,4310,Revision adicional por analista; simulacion BAF
862656,6,0.03910245858010535,4311,Revision adicional por analista; simulacion BAF
829824,6,0.039102442213359824,4312,Revision adicional por analista; simulacion BAF
814196,6,0.039074538348731515,4313,Revision adicional por analista; simulacion BAF
799093,6,0.03907120188090669,4314,Revision adicional por analista; simulacion BAF
808064,6,0.03906738406605485,4315,Revision adicional por analista; simulacion BAF
841843,6,0.03906610631624755,4316,Revision adicional por analista; simulacion BAF
863814,6,0.03906581523735877,4317,Revision adicional por analista; simulacion BAF
813825,6,0.03906560351408912,4318,Revision adicional por analista; simulacion BAF
806338,6,0.03904548584563785,4319,Revision adicional por analista; simulacion BAF
888370,6,0.039034266284906305,4320,Revision adicional por analista; simulacion BAF
817897,6,0.03903353643701871,4321,Revision adicional por analista; simulacion BAF
846341,6,0.03901963949321764,4322,Revision adicional por analista; simulacion BAF
860242,6,0.03901884804260527,4323,Revision adicional por analista; simulacion BAF
883567,6,0.039016551200942086,4324,Revision adicional por analista; simulacion BAF
866145,6,0.038995040120551674,4325,Revision adicional por analista; simulacion BAF
823967,6,0.03898614830929203,4326,Revision adicional por analista; simulacion BAF
816463,6,0.0389830345553178,4327,Revision adicional por analista; simulacion BAF
834354,6,0.038962773394133864,4328,Revision adicional por analista; simulacion BAF
880519,6,0.038959031763951345,4329,Revision adicional por analista; simulacion BAF
880583,6,0.03895714542552914,4330,Revision adicional por analista; simulacion BAF
853196,6,0.03895029583857963,4331,Revision adicional por analista; simulacion BAF
816087,6,0.038946491618011336,4332,Revision adicional por analista; simulacion BAF
815877,6,0.03892763216894251,4333,Revision adicional por analista; simulacion BAF
829132,6,0.03892598713235953,4334,Revision adicional por analista; simulacion BAF
858191,6,0.03892453838596759,4335,Revision adicional por analista; simulacion BAF
850686,6,0.0389207276583957,4336,Revision adicional por analista; simulacion BAF
837150,6,0.03891987329002234,4337,Revision adicional por analista; simulacion BAF
845943,6,0.038915219723214066,4338,Revision adicional por analista; simulacion BAF
898198,6,0.03889952122723054,4339,Revision adicional por analista; simulacion BAF
902182,6,0.03888097144906909,4340,Revision adicional por analista; simulacion BAF
830224,6,0.03886740282320945,4341,Revision adicional por analista; simulacion BAF
863060,6,0.03886018296988527,4342,Revision adicional por analista; simulacion BAF
808269,6,0.03885720050139855,4343,Revision adicional por analista; simulacion BAF
845591,6,0.03884698873395573,4344,Revision adicional por analista; simulacion BAF
824613,6,0.03883881031054488,4345,Revision adicional por analista; simulacion BAF
878794,6,0.03882442951903014,4346,Revision adicional por analista; simulacion BAF
828087,6,0.03882119928231947,4347,Revision adicional por analista; simulacion BAF
865808,6,0.0388159882781206,4348,Revision adicional por analista; simulacion BAF
893200,6,0.0388024486287203,4349,Revision adicional por analista; simulacion BAF
902563,6,0.0387986830213698,4350,Revision adicional por analista; simulacion BAF
873049,6,0.03879573054548777,4351,Revision adicional por analista; simulacion BAF
820232,6,0.03879373888873022,4352,Revision adicional por analista; simulacion BAF
811002,6,0.03878678349384656,4353,Revision adicional por analista; simulacion BAF
884051,6,0.038773911655578606,4354,Revision adicional por analista; simulacion BAF
835841,6,0.03877171324365395,4355,Revision adicional por analista; simulacion BAF
831172,6,0.03877077444980989,4356,Revision adicional por analista; simulacion BAF
857723,6,0.03876415307937124,4357,Revision adicional por analista; simulacion BAF
818868,6,0.03876239623702956,4358,Revision adicional por analista; simulacion BAF
862783,6,0.03874343428947781,4359,Revision adicional por analista; simulacion BAF
856666,6,0.03873280890531158,4360,Revision adicional por analista; simulacion BAF
821523,6,0.038729023710140545,4361,Revision adicional por analista; simulacion BAF
842906,6,0.038720315972382735,4362,Revision adicional por analista; simulacion BAF
797459,6,0.03871435092170195,4363,Revision adicional por analista; simulacion BAF
900877,6,0.03870164692836121,4364,Revision adicional por analista; simulacion BAF
801167,6,0.03869516759816145,4365,Revision adicional por analista; simulacion BAF
896427,6,0.038692851514090694,4366,Revision adicional por analista; simulacion BAF
820355,6,0.03868920649391432,4367,Revision adicional por analista; simulacion BAF
874206,6,0.0386824812781329,4368,Revision adicional por analista; simulacion BAF
836368,6,0.0386793329100524,4369,Revision adicional por analista; simulacion BAF
820193,6,0.03866954488686152,4370,Revision adicional por analista; simulacion BAF
896143,6,0.03864951010495865,4371,Revision adicional por analista; simulacion BAF
843173,6,0.03864260333082088,4372,Revision adicional por analista; simulacion BAF
897481,6,0.0386405334181201,4373,Revision adicional por analista; simulacion BAF
816847,6,0.03863965054275768,4374,Revision adicional por analista; simulacion BAF
873192,6,0.03863483956492272,4375,Revision adicional por analista; simulacion BAF
798389,6,0.038621093154178186,4376,Revision adicional por analista; simulacion BAF
887077,6,0.0386095165926957,4377,Revision adicional por analista; simulacion BAF
818284,6,0.03859945073621551,4378,Revision adicional por analista; simulacion BAF
863858,6,0.03859629420503991,4379,Revision adicional por analista; simulacion BAF
880876,6,0.03859532799095328,4380,Revision adicional por analista; simulacion BAF
817378,6,0.03859270802333458,4381,Revision adicional por analista; simulacion BAF
881467,6,0.03858361983405084,4382,Revision adicional por analista; simulacion BAF
894056,6,0.03857458855823783,4383,Revision adicional por analista; simulacion BAF
822440,6,0.03857080965733695,4384,Revision adicional por analista; simulacion BAF
808151,6,0.038570169614723655,4385,Revision adicional por analista; simulacion BAF
840278,6,0.038549290809319736,4386,Revision adicional por analista; simulacion BAF
902604,6,0.03854128933792951,4387,Revision adicional por analista; simulacion BAF
869386,6,0.03851865183366503,4388,Revision adicional por analista; simulacion BAF
895895,6,0.03851328044489946,4389,Revision adicional por analista; simulacion BAF
846768,6,0.03851063884196894,4390,Revision adicional por analista; simulacion BAF
870578,6,0.038503670835149814,4391,Revision adicional por analista; simulacion BAF
886660,6,0.03850239304940811,4392,Revision adicional por analista; simulacion BAF
868291,6,0.03849911746050554,4393,Revision adicional por analista; simulacion BAF
864601,6,0.03847841206437456,4394,Revision adicional por analista; simulacion BAF
893952,6,0.03847250751791522,4395,Revision adicional por analista; simulacion BAF
821164,6,0.03846043672559662,4396,Revision adicional por analista; simulacion BAF
878877,6,0.038457544690489676,4397,Revision adicional por analista; simulacion BAF
819381,6,0.0384552692451064,4398,Revision adicional por analista; simulacion BAF
796206,6,0.038454828837547396,4399,Revision adicional por analista; simulacion BAF
853981,6,0.0384521381511826,4400,Revision adicional por analista; simulacion BAF
809938,6,0.03845197340350506,4401,Revision adicional por analista; simulacion BAF
816306,6,0.03844601015597303,4402,Revision adicional por analista; simulacion BAF
823812,6,0.03844336457448124,4403,Revision adicional por analista; simulacion BAF
827994,6,0.03844066698891783,4404,Revision adicional por analista; simulacion BAF
803727,6,0.03842030101590688,4405,Revision adicional por analista; simulacion BAF
841712,6,0.038416382047639086,4406,Revision adicional por analista; simulacion BAF
808583,6,0.038414869490165954,4407,Revision adicional por analista; simulacion BAF
846383,6,0.03840868027484902,4408,Revision adicional por analista; simulacion BAF
810038,6,0.038407118398817996,4409,Revision adicional por analista; simulacion BAF
846836,6,0.038400428664440135,4410,Revision adicional por analista; simulacion BAF
796097,6,0.03839528677283402,4411,Revision adicional por analista; simulacion BAF
884216,6,0.03839389328059653,4412,Revision adicional por analista; simulacion BAF
799242,6,0.03838924773037332,4413,Revision adicional por analista; simulacion BAF
865775,6,0.03836825056386984,4414,Revision adicional por analista; simulacion BAF
891571,6,0.038360775026331985,4415,Revision adicional por analista; simulacion BAF
857068,6,0.03835997068109307,4416,Revision adicional por analista; simulacion BAF
798864,6,0.03835880656792931,4417,Revision adicional por analista; simulacion BAF
813660,6,0.03835479875140501,4418,Revision adicional por analista; simulacion BAF
866095,6,0.03834207577959714,4419,Revision adicional por analista; simulacion BAF
835162,6,0.03830532021425281,4420,Revision adicional por analista; simulacion BAF
838556,6,0.03829968480060361,4421,Revision adicional por analista; simulacion BAF
836256,6,0.03829874358709161,4422,Revision adicional por analista; simulacion BAF
856427,6,0.038291444570876035,4423,Revision adicional por analista; simulacion BAF
883905,6,0.0382882276868267,4424,Revision adicional por analista; simulacion BAF
799220,6,0.03828772741165897,4425,Revision adicional por analista; simulacion BAF
812146,6,0.03826795251662905,4426,Revision adicional por analista; simulacion BAF
871009,6,0.03825215154091851,4427,Revision adicional por analista; simulacion BAF
893507,6,0.03824347898164685,4428,Revision adicional por analista; simulacion BAF
858237,6,0.038242700680755894,4429,Revision adicional por analista; simulacion BAF
835770,6,0.03824203740241499,4430,Revision adicional por analista; simulacion BAF
799914,6,0.03822690995697637,4431,Revision adicional por analista; simulacion BAF
901775,6,0.03822307208746486,4432,Revision adicional por analista; simulacion BAF
815814,6,0.038212285619184785,4433,Revision adicional por analista; simulacion BAF
879193,6,0.038208080193379346,4434,Revision adicional por analista; simulacion BAF
880546,6,0.03818827614081903,4435,Revision adicional por analista; simulacion BAF
877784,6,0.03818760538686577,4436,Revision adicional por analista; simulacion BAF
842648,6,0.03817852618043261,4437,Revision adicional por analista; simulacion BAF
848632,6,0.03816410395844716,4438,Revision adicional por analista; simulacion BAF
830156,6,0.03815455113833595,4439,Revision adicional por analista; simulacion BAF
873425,6,0.03814922143305257,4440,Revision adicional por analista; simulacion BAF
883280,6,0.03814099644511289,4441,Revision adicional por analista; simulacion BAF
807438,6,0.03813064590704225,4442,Revision adicional por analista; simulacion BAF
811843,6,0.03812912538918316,4443,Revision adicional por analista; simulacion BAF
854494,6,0.03811476639785258,4444,Revision adicional por analista; simulacion BAF
801397,6,0.03811257668133101,4445,Revision adicional por analista; simulacion BAF
903042,6,0.038102623947709496,4446,Revision adicional por analista; simulacion BAF
874286,6,0.03809891366672731,4447,Revision adicional por analista; simulacion BAF
846327,6,0.03809794766895876,4448,Revision adicional por analista; simulacion BAF
810996,6,0.0380901877415894,4449,Revision adicional por analista; simulacion BAF
890372,6,0.038088826791295445,4450,Revision adicional por analista; simulacion BAF
824048,6,0.03808091510541255,4451,Revision adicional por analista; simulacion BAF
821396,6,0.03805780229217534,4452,Revision adicional por analista; simulacion BAF
823388,6,0.03805569058092774,4453,Revision adicional por analista; simulacion BAF
848670,6,0.03804036458266966,4454,Revision adicional por analista; simulacion BAF
853168,6,0.03803593327849306,4455,Revision adicional por analista; simulacion BAF
809520,6,0.038034024548629336,4456,Revision adicional por analista; simulacion BAF
816527,6,0.0380324472892847,4457,Revision adicional por analista; simulacion BAF
801951,6,0.03803174320619737,4458,Revision adicional por analista; simulacion BAF
830020,6,0.03800206436660238,4459,Revision adicional por analista; simulacion BAF
832821,6,0.03800068793259192,4460,Revision adicional por analista; simulacion BAF
807680,6,0.03799648827854583,4461,Revision adicional por analista; simulacion BAF
866628,6,0.03799559051775479,4462,Revision adicional por analista; simulacion BAF
822686,6,0.037991255454623014,4463,Revision adicional por analista; simulacion BAF
871984,6,0.037979249188187965,4464,Revision adicional por analista; simulacion BAF
868858,6,0.03797683847973504,4465,Revision adicional por analista; simulacion BAF
887085,6,0.037974157590805614,4466,Revision adicional por analista; simulacion BAF
810943,6,0.037973746896859915,4467,Revision adicional por analista; simulacion BAF
839192,6,0.03797070440781336,4468,Revision adicional por analista; simulacion BAF
810695,6,0.037955492392190836,4469,Revision adicional por analista; simulacion BAF
861512,6,0.03795235806239217,4470,Revision adicional por analista; simulacion BAF
877845,6,0.03795016154513716,4471,Revision adicional por analista; simulacion BAF
900064,6,0.037943320961575606,4472,Revision adicional por analista; simulacion BAF
835192,6,0.037937764911006686,4473,Revision adicional por analista; simulacion BAF
865780,6,0.03793608422186816,4474,Revision adicional por analista; simulacion BAF
887633,6,0.03792896742349441,4475,Revision adicional por analista; simulacion BAF
821161,6,0.03792103202518834,4476,Revision adicional por analista; simulacion BAF
858071,6,0.03790728790844441,4477,Revision adicional por analista; simulacion BAF
813101,6,0.03786810316272104,4478,Revision adicional por analista; simulacion BAF
876471,6,0.03786717572914925,4479,Revision adicional por analista; simulacion BAF
896066,6,0.037856969445602115,4480,Revision adicional por analista; simulacion BAF
893962,6,0.03785525133410306,4481,Revision adicional por analista; simulacion BAF
884070,6,0.03784089238925398,4482,Revision adicional por analista; simulacion BAF
843109,6,0.03783593697266163,4483,Revision adicional por analista; simulacion BAF
841258,6,0.037823132020795465,4484,Revision adicional por analista; simulacion BAF
813266,6,0.0378212784566371,4485,Revision adicional por analista; simulacion BAF
816700,6,0.03778405383088485,4486,Revision adicional por analista; simulacion BAF
874990,6,0.0377803714344104,4487,Revision adicional por analista; simulacion BAF
901128,6,0.037780367585015344,4488,Revision adicional por analista; simulacion BAF
841079,6,0.03777790149174852,4489,Revision adicional por analista; simulacion BAF
821643,6,0.03777591203055026,4490,Revision adicional por analista; simulacion BAF
815418,6,0.0377672278815791,4491,Revision adicional por analista; simulacion BAF
893390,6,0.03776656160689389,4492,Revision adicional por analista; simulacion BAF
821037,6,0.03776214711230306,4493,Revision adicional por analista; simulacion BAF
901680,6,0.03775784285565428,4494,Revision adicional por analista; simulacion BAF
894184,6,0.03775613881005118,4495,Revision adicional por analista; simulacion BAF
886501,6,0.0377388079189093,4496,Revision adicional por analista; simulacion BAF
842596,6,0.03772779708790434,4497,Revision adicional por analista; simulacion BAF
833567,6,0.037720748111503145,4498,Revision adicional por analista; simulacion BAF
874382,6,0.03772046916573327,4499,Revision adicional por analista; simulacion BAF
840708,6,0.03771848893930557,4500,Revision adicional por analista; simulacion BAF
827522,6,0.037712833555778764,4501,Revision adicional por analista; simulacion BAF
808162,6,0.03771167991139273,4502,Revision adicional por analista; simulacion BAF
848594,6,0.03770311607149198,4503,Revision adicional por analista; simulacion BAF
827988,6,0.03770233927082708,4504,Revision adicional por analista; simulacion BAF
855904,6,0.03770223814841886,4505,Revision adicional por analista; simulacion BAF
870612,6,0.037697181324336866,4506,Revision adicional por analista; simulacion BAF
831832,6,0.0376905716858798,4507,Revision adicional por analista; simulacion BAF
887390,6,0.03767801859458253,4508,Revision adicional por analista; simulacion BAF
837020,6,0.03767526162119634,4509,Revision adicional por analista; simulacion BAF
868474,6,0.03766187341306414,4510,Revision adicional por analista; simulacion BAF
816780,6,0.0376612863821627,4511,Revision adicional por analista; simulacion BAF
855311,6,0.037659176624290046,4512,Revision adicional por analista; simulacion BAF
862936,6,0.0376249060461543,4513,Revision adicional por analista; simulacion BAF
881408,6,0.037620859398110516,4514,Revision adicional por analista; simulacion BAF
819706,6,0.037619632799966884,4515,Revision adicional por analista; simulacion BAF
843368,6,0.03761834211754512,4516,Revision adicional por analista; simulacion BAF
815934,6,0.037617067060008336,4517,Revision adicional por analista; simulacion BAF
884827,6,0.03761398588346063,4518,Revision adicional por analista; simulacion BAF
834904,6,0.03760967241649669,4519,Revision adicional por analista; simulacion BAF
816444,6,0.0375894885692942,4520,Revision adicional por analista; simulacion BAF
878176,6,0.037586023505911635,4521,Revision adicional por analista; simulacion BAF
833887,6,0.037574611733196976,4522,Revision adicional por analista; simulacion BAF
835493,6,0.03755678826549961,4523,Revision adicional por analista; simulacion BAF
855877,6,0.03755616289468153,4524,Revision adicional por analista; simulacion BAF
838760,6,0.037551010517953565,4525,Revision adicional por analista; simulacion BAF
886531,6,0.03754504445856485,4526,Revision adicional por analista; simulacion BAF
824496,6,0.03751785566639031,4527,Revision adicional por analista; simulacion BAF
812358,6,0.037503036933302224,4528,Revision adicional por analista; simulacion BAF
895669,6,0.03749900462897856,4529,Revision adicional por analista; simulacion BAF
862223,6,0.03749866842753315,4530,Revision adicional por analista; simulacion BAF
845830,6,0.03749842669377799,4531,Revision adicional por analista; simulacion BAF
903108,6,0.037496691028942264,4532,Revision adicional por analista; simulacion BAF
827434,6,0.037495127620988195,4533,Revision adicional por analista; simulacion BAF
861764,6,0.037494842105075775,4534,Revision adicional por analista; simulacion BAF
884776,6,0.037487326319357576,4535,Revision adicional por analista; simulacion BAF
795554,6,0.037477523111029164,4536,Revision adicional por analista; simulacion BAF
888136,6,0.037473698394141414,4537,Revision adicional por analista; simulacion BAF
821806,6,0.037471794940115356,4538,Revision adicional por analista; simulacion BAF
894446,6,0.037470687301161695,4539,Revision adicional por analista; simulacion BAF
854198,6,0.03746819796101796,4540,Revision adicional por analista; simulacion BAF
901378,6,0.03746506591803314,4541,Revision adicional por analista; simulacion BAF
891454,6,0.037458754257499415,4542,Revision adicional por analista; simulacion BAF
863483,6,0.037447112222494396,4543,Revision adicional por analista; simulacion BAF
834681,6,0.03744701257644931,4544,Revision adicional por analista; simulacion BAF
889454,6,0.037434090175953734,4545,Revision adicional por analista; simulacion BAF
841094,6,0.03743093645739824,4546,Revision adicional por analista; simulacion BAF
816161,6,0.03741806608400952,4547,Revision adicional por analista; simulacion BAF
830155,6,0.037404482168031494,4548,Revision adicional por analista; simulacion BAF
878133,6,0.03740089734445935,4549,Revision adicional por analista; simulacion BAF
834421,6,0.03740028062421421,4550,Revision adicional por analista; simulacion BAF
870603,6,0.037395367012477206,4551,Revision adicional por analista; simulacion BAF
884573,6,0.037393734498158165,4552,Revision adicional por analista; simulacion BAF
871059,6,0.037391262186697055,4553,Revision adicional por analista; simulacion BAF
881042,6,0.03738964263049162,4554,Revision adicional por analista; simulacion BAF
844687,6,0.037388605337906826,4555,Revision adicional por analista; simulacion BAF
865766,6,0.03738854878164459,4556,Revision adicional por analista; simulacion BAF
821691,6,0.03738792875631949,4557,Revision adicional por analista; simulacion BAF
873856,6,0.03736328194997754,4558,Revision adicional por analista; simulacion BAF
822533,6,0.03736102612447346,4559,Revision adicional por analista; simulacion BAF
899314,6,0.037358941835709966,4560,Revision adicional por analista; simulacion BAF
884907,6,0.03735243807296222,4561,Revision adicional por analista; simulacion BAF
895866,6,0.03734938875221573,4562,Revision adicional por analista; simulacion BAF
801099,6,0.03734037740031399,4563,Revision adicional por analista; simulacion BAF
819981,6,0.03731151247684706,4564,Revision adicional por analista; simulacion BAF
863340,6,0.03730964844314111,4565,Revision adicional por analista; simulacion BAF
869055,6,0.03730280391204555,4566,Revision adicional por analista; simulacion BAF
886522,6,0.03730049477176759,4567,Revision adicional por analista; simulacion BAF
820196,6,0.03728766104353494,4568,Revision adicional por analista; simulacion BAF
893667,6,0.037287345890515126,4569,Revision adicional por analista; simulacion BAF
841746,6,0.0372755833566085,4570,Revision adicional por analista; simulacion BAF
818388,6,0.03726289576377495,4571,Revision adicional por analista; simulacion BAF
839763,6,0.037259734633118144,4572,Revision adicional por analista; simulacion BAF
851616,6,0.0372563154173201,4573,Revision adicional por analista; simulacion BAF
796548,6,0.03725625925307658,4574,Revision adicional por analista; simulacion BAF
834007,6,0.03723002513395946,4575,Revision adicional por analista; simulacion BAF
839016,6,0.03722551840852547,4576,Revision adicional por analista; simulacion BAF
800324,6,0.037214617997212006,4577,Revision adicional por analista; simulacion BAF
896713,6,0.03721021343675715,4578,Revision adicional por analista; simulacion BAF
883428,6,0.03719772600708795,4579,Revision adicional por analista; simulacion BAF
823888,6,0.03719334535603125,4580,Revision adicional por analista; simulacion BAF
817115,6,0.03718846605134773,4581,Revision adicional por analista; simulacion BAF
845294,6,0.03718437650452854,4582,Revision adicional por analista; simulacion BAF
837610,6,0.03717203709640382,4583,Revision adicional por analista; simulacion BAF
828196,6,0.03716761546698086,4584,Revision adicional por analista; simulacion BAF
796264,6,0.03714365804608386,4585,Revision adicional por analista; simulacion BAF
895004,6,0.037142039275400815,4586,Revision adicional por analista; simulacion BAF
817270,6,0.03713093649415075,4587,Revision adicional por analista; simulacion BAF
872358,6,0.037129954501114455,4588,Revision adicional por analista; simulacion BAF
870186,6,0.03712178822894306,4589,Revision adicional por analista; simulacion BAF
797080,6,0.03712167347988372,4590,Revision adicional por analista; simulacion BAF
820684,6,0.03710798058886003,4591,Revision adicional por analista; simulacion BAF
857708,6,0.03710709022362778,4592,Revision adicional por analista; simulacion BAF
862246,6,0.037105901749669976,4593,Revision adicional por analista; simulacion BAF
843912,6,0.037100283730633885,4594,Revision adicional por analista; simulacion BAF
846887,6,0.03709902684040485,4595,Revision adicional por analista; simulacion BAF
821930,6,0.03709562364892533,4596,Revision adicional por analista; simulacion BAF
861484,6,0.03709257612381097,4597,Revision adicional por analista; simulacion BAF
822016,6,0.03709236195429477,4598,Revision adicional por analista; simulacion BAF
804978,6,0.03709134718068093,4599,Revision adicional por analista; simulacion BAF
829100,6,0.03708912485518521,4600,Revision adicional por analista; simulacion BAF
853837,6,0.03708665262559735,4601,Revision adicional por analista; simulacion BAF
845736,6,0.037082214704772715,4602,Revision adicional por analista; simulacion BAF
819623,6,0.037074104451263266,4603,Revision adicional por analista; simulacion BAF
893650,6,0.03706279437143033,4604,Revision adicional por analista; simulacion BAF
833296,6,0.037058749868849584,4605,Revision adicional por analista; simulacion BAF
898021,6,0.037052906698818854,4606,Revision adicional por analista; simulacion BAF
844335,6,0.03705144544587303,4607,Revision adicional por analista; simulacion BAF
798731,6,0.0370480072983045,4608,Revision adicional por analista; simulacion BAF
835346,6,0.03704334045539043,4609,Revision adicional por analista; simulacion BAF
875751,6,0.03701579649603464,4610,Revision adicional por analista; simulacion BAF
832493,6,0.03701560410996858,4611,Revision adicional por analista; simulacion BAF
805630,6,0.0370099425218371,4612,Revision adicional por analista; simulacion BAF
877250,6,0.0370016818875129,4613,Revision adicional por analista; simulacion BAF
800783,6,0.03697603185926488,4614,Revision adicional por analista; simulacion BAF
837643,6,0.036971413202963176,4615,Revision adicional por analista; simulacion BAF
844605,6,0.036965166063932575,4616,Revision adicional por analista; simulacion BAF
883023,6,0.03695415558776046,4617,Revision adicional por analista; simulacion BAF
887943,6,0.03694967290203076,4618,Revision adicional por analista; simulacion BAF
806781,6,0.03694652271403318,4619,Revision adicional por analista; simulacion BAF
816878,6,0.036936957243700594,4620,Revision adicional por analista; simulacion BAF
836886,6,0.03693082592664336,4621,Revision adicional por analista; simulacion BAF
841133,6,0.03692825249727991,4622,Revision adicional por analista; simulacion BAF
841874,6,0.036919664527303074,4623,Revision adicional por analista; simulacion BAF
868357,6,0.0369130333049733,4624,Revision adicional por analista; simulacion BAF
833964,6,0.03690909556823806,4625,Revision adicional por analista; simulacion BAF
834714,6,0.036902407761624394,4626,Revision adicional por analista; simulacion BAF
829096,6,0.03689939036676359,4627,Revision adicional por analista; simulacion BAF
815883,6,0.036896683210609654,4628,Revision adicional por analista; simulacion BAF
852331,6,0.036894307715742695,4629,Revision adicional por analista; simulacion BAF
829497,6,0.03688665075180256,4630,Revision adicional por analista; simulacion BAF
868184,6,0.036884814361550965,4631,Revision adicional por analista; simulacion BAF
886371,6,0.036875133510494734,4632,Revision adicional por analista; simulacion BAF
826162,6,0.03687413057123831,4633,Revision adicional por analista; simulacion BAF
813997,6,0.03687129788228927,4634,Revision adicional por analista; simulacion BAF
876484,6,0.03684435594320385,4635,Revision adicional por analista; simulacion BAF
873591,6,0.03684058794918066,4636,Revision adicional por analista; simulacion BAF
815284,6,0.036840214496125574,4637,Revision adicional por analista; simulacion BAF
817779,6,0.03682162404617419,4638,Revision adicional por analista; simulacion BAF
882844,6,0.036807888265195605,4639,Revision adicional por analista; simulacion BAF
873014,6,0.03680379386616988,4640,Revision adicional por analista; simulacion BAF
832916,6,0.0368026652507185,4641,Revision adicional por analista; simulacion BAF
831046,6,0.03680027050779357,4642,Revision adicional por analista; simulacion BAF
868216,6,0.036800073053257734,4643,Revision adicional por analista; simulacion BAF
814073,6,0.03679784644928065,4644,Revision adicional por analista; simulacion BAF
882412,6,0.036796556202370344,4645,Revision adicional por analista; simulacion BAF
889453,6,0.03677856891310317,4646,Revision adicional por analista; simulacion BAF
890303,6,0.036761026075842786,4647,Revision adicional por analista; simulacion BAF
866748,6,0.03675724437409196,4648,Revision adicional por analista; simulacion BAF
829943,6,0.036752949476292575,4649,Revision adicional por analista; simulacion BAF
850623,6,0.03673452909506973,4650,Revision adicional por analista; simulacion BAF
892278,6,0.03673151086734609,4651,Revision adicional por analista; simulacion BAF
874084,6,0.036712090276558,4652,Revision adicional por analista; simulacion BAF
830390,6,0.036704147497526214,4653,Revision adicional por analista; simulacion BAF
885085,6,0.0366815030772194,4654,Revision adicional por analista; simulacion BAF
856471,6,0.03667263807687303,4655,Revision adicional por analista; simulacion BAF
836223,6,0.03667063141266316,4656,Revision adicional por analista; simulacion BAF
878946,6,0.036668017991962704,4657,Revision adicional por analista; simulacion BAF
800726,6,0.036666746355238165,4658,Revision adicional por analista; simulacion BAF
861800,6,0.03665916311270585,4659,Revision adicional por analista; simulacion BAF
816985,6,0.036652136958215877,4660,Revision adicional por analista; simulacion BAF
815831,6,0.036642756328535156,4661,Revision adicional por analista; simulacion BAF
796545,6,0.03663970203919693,4662,Revision adicional por analista; simulacion BAF
809284,6,0.03663941266874181,4663,Revision adicional por analista; simulacion BAF
825617,6,0.03663815169371395,4664,Revision adicional por analista; simulacion BAF
815644,6,0.03662867629815921,4665,Revision adicional por analista; simulacion BAF
883625,6,0.03662558974631638,4666,Revision adicional por analista; simulacion BAF
888187,6,0.03661478172744538,4667,Revision adicional por analista; simulacion BAF
890771,6,0.036593947009189116,4668,Revision adicional por analista; simulacion BAF
880459,6,0.03657875008149352,4669,Revision adicional por analista; simulacion BAF
881727,6,0.03657672491480479,4670,Revision adicional por analista; simulacion BAF
883348,6,0.03657162891767266,4671,Revision adicional por analista; simulacion BAF
815339,6,0.036570319595533814,4672,Revision adicional por analista; simulacion BAF
852789,6,0.036561057647702594,4673,Revision adicional por analista; simulacion BAF
824309,6,0.03654552119955907,4674,Revision adicional por analista; simulacion BAF
815017,6,0.03654459477036288,4675,Revision adicional por analista; simulacion BAF
800028,6,0.03653303367374045,4676,Revision adicional por analista; simulacion BAF
835642,6,0.03651848598497764,4677,Revision adicional por analista; simulacion BAF
816349,6,0.036516282392742,4678,Revision adicional por analista; simulacion BAF
848811,6,0.03651486136884269,4679,Revision adicional por analista; simulacion BAF
864892,6,0.036503746645301406,4680,Revision adicional por analista; simulacion BAF
902897,6,0.03649647769540299,4681,Revision adicional por analista; simulacion BAF
880995,6,0.03648684043700906,4682,Revision adicional por analista; simulacion BAF
861077,6,0.03647975638206536,4683,Revision adicional por analista; simulacion BAF
819836,6,0.03647542395522611,4684,Revision adicional por analista; simulacion BAF
871309,6,0.036472805600367475,4685,Revision adicional por analista; simulacion BAF
822788,6,0.03647005788749619,4686,Revision adicional por analista; simulacion BAF
806427,6,0.03646930329394295,4687,Revision adicional por analista; simulacion BAF
817334,6,0.03645911430429083,4688,Revision adicional por analista; simulacion BAF
828508,6,0.03645744295788866,4689,Revision adicional por analista; simulacion BAF
805451,6,0.03643391083340946,4690,Revision adicional por analista; simulacion BAF
854329,6,0.03643353347849799,4691,Revision adicional por analista; simulacion BAF
854879,6,0.03643207567740911,4692,Revision adicional por analista; simulacion BAF
797309,6,0.03642309870697867,4693,Revision adicional por analista; simulacion BAF
878307,6,0.03642184353239374,4694,Revision adicional por analista; simulacion BAF
883546,6,0.036418798299144975,4695,Revision adicional por analista; simulacion BAF
875986,6,0.036401371456066214,4696,Revision adicional por analista; simulacion BAF
800534,6,0.036394542657571624,4697,Revision adicional por analista; simulacion BAF
883583,6,0.03639374304719226,4698,Revision adicional por analista; simulacion BAF
900132,6,0.036390869670604765,4699,Revision adicional por analista; simulacion BAF
813616,6,0.03636870905149764,4700,Revision adicional por analista; simulacion BAF
807612,6,0.036351680167965236,4701,Revision adicional por analista; simulacion BAF
882788,6,0.03634986105176575,4702,Revision adicional por analista; simulacion BAF
876708,6,0.036348236223690156,4703,Revision adicional por analista; simulacion BAF
849661,6,0.03634752102081846,4704,Revision adicional por analista; simulacion BAF
866054,6,0.03634724761944397,4705,Revision adicional por analista; simulacion BAF
852830,6,0.03634548873314006,4706,Revision adicional por analista; simulacion BAF
797341,6,0.036338016483890984,4707,Revision adicional por analista; simulacion BAF
831632,6,0.03633203353619725,4708,Revision adicional por analista; simulacion BAF
847919,6,0.03633165781453024,4709,Revision adicional por analista; simulacion BAF
824171,6,0.03633035017205191,4710,Revision adicional por analista; simulacion BAF
823655,6,0.03631596816901435,4711,Revision adicional por analista; simulacion BAF
799700,6,0.03631456467372209,4712,Revision adicional por analista; simulacion BAF
826622,6,0.03631270323073079,4713,Revision adicional por analista; simulacion BAF
814235,6,0.03631269454747326,4714,Revision adicional por analista; simulacion BAF
858808,6,0.03630947422985048,4715,Revision adicional por analista; simulacion BAF
812554,6,0.03630651860126123,4716,Revision adicional por analista; simulacion BAF
877110,6,0.03629717254301381,4717,Revision adicional por analista; simulacion BAF
896461,6,0.03629612255219502,4718,Revision adicional por analista; simulacion BAF
886854,6,0.036286619321084575,4719,Revision adicional por analista; simulacion BAF
889417,6,0.03628535398949654,4720,Revision adicional por analista; simulacion BAF
835721,6,0.0362835754428254,4721,Revision adicional por analista; simulacion BAF
896485,6,0.03628254549521092,4722,Revision adicional por analista; simulacion BAF
811297,6,0.0362816995674484,4723,Revision adicional por analista; simulacion BAF
818545,6,0.03626276180496793,4724,Revision adicional por analista; simulacion BAF
797758,6,0.03626011090178479,4725,Revision adicional por analista; simulacion BAF
805798,6,0.03625860087239343,4726,Revision adicional por analista; simulacion BAF
894440,6,0.03625505971807686,4727,Revision adicional por analista; simulacion BAF
839887,6,0.036251486490663315,4728,Revision adicional por analista; simulacion BAF
856617,6,0.03625038862100325,4729,Revision adicional por analista; simulacion BAF
836087,6,0.03624573283033451,4730,Revision adicional por analista; simulacion BAF
892095,6,0.03623824990071591,4731,Revision adicional por analista; simulacion BAF
802816,6,0.03623589549429219,4732,Revision adicional por analista; simulacion BAF
894288,6,0.036230158238011206,4733,Revision adicional por analista; simulacion BAF
858364,6,0.036228966716912225,4734,Revision adicional por analista; simulacion BAF
887603,6,0.03622723617525923,4735,Revision adicional por analista; simulacion BAF
879411,6,0.036218706873029735,4736,Revision adicional por analista; simulacion BAF
856098,6,0.036209552242318525,4737,Revision adicional por analista; simulacion BAF
814239,6,0.036197626945950245,4738,Revision adicional por analista; simulacion BAF
853095,6,0.03618729266959088,4739,Revision adicional por analista; simulacion BAF
889450,6,0.036181669416681835,4740,Revision adicional por analista; simulacion BAF
872812,6,0.036179339660658096,4741,Revision adicional por analista; simulacion BAF
837127,6,0.036174642524746385,4742,Revision adicional por analista; simulacion BAF
864618,6,0.03615895383803836,4743,Revision adicional por analista; simulacion BAF
864543,6,0.036141880070535266,4744,Revision adicional por analista; simulacion BAF
888042,6,0.036133451674445975,4745,Revision adicional por analista; simulacion BAF
886442,6,0.036130565210830266,4746,Revision adicional por analista; simulacion BAF
803004,6,0.036127032675704183,4747,Revision adicional por analista; simulacion BAF
895255,6,0.03612241263823057,4748,Revision adicional por analista; simulacion BAF
829622,6,0.03611657015854344,4749,Revision adicional por analista; simulacion BAF
831194,6,0.036108076209887284,4750,Revision adicional por analista; simulacion BAF
891778,6,0.036100618876914285,4751,Revision adicional por analista; simulacion BAF
879808,6,0.0360993587724904,4752,Revision adicional por analista; simulacion BAF
859334,6,0.036097825009263666,4753,Revision adicional por analista; simulacion BAF
839564,6,0.036096303326722035,4754,Revision adicional por analista; simulacion BAF
811480,6,0.036096035622891307,4755,Revision adicional por analista; simulacion BAF
842521,6,0.03609106453069248,4756,Revision adicional por analista; simulacion BAF
824967,6,0.03608995513512807,4757,Revision adicional por analista; simulacion BAF
811736,6,0.03608898340784139,4758,Revision adicional por analista; simulacion BAF
867586,6,0.0360875138196077,4759,Revision adicional por analista; simulacion BAF
857553,6,0.03608256470638006,4760,Revision adicional por analista; simulacion BAF
865786,6,0.03607941622544052,4761,Revision adicional por analista; simulacion BAF
818581,6,0.036064536869226824,4762,Revision adicional por analista; simulacion BAF
808253,6,0.03605526281548248,4763,Revision adicional por analista; simulacion BAF
876603,6,0.036055258277716655,4764,Revision adicional por analista; simulacion BAF
881739,6,0.03605442954786427,4765,Revision adicional por analista; simulacion BAF
806653,6,0.03604631763986491,4766,Revision adicional por analista; simulacion BAF
870182,6,0.03603852146545647,4767,Revision adicional por analista; simulacion BAF
849249,6,0.036035729907491626,4768,Revision adicional por analista; simulacion BAF
819870,6,0.036031030142961946,4769,Revision adicional por analista; simulacion BAF
795836,6,0.03601754646012091,4770,Revision adicional por analista; simulacion BAF
884717,6,0.036004999927697984,4771,Revision adicional por analista; simulacion BAF
809845,6,0.03598858326761059,4772,Revision adicional por analista; simulacion BAF
902262,6,0.035974800004180546,4773,Revision adicional por analista; simulacion BAF
832624,6,0.035962560906045445,4774,Revision adicional por analista; simulacion BAF
825984,6,0.03596163734344908,4775,Revision adicional por analista; simulacion BAF
873364,6,0.03595641711791697,4776,Revision adicional por analista; simulacion BAF
871983,6,0.03595024239634269,4777,Revision adicional por analista; simulacion BAF
842195,6,0.03594904216960105,4778,Revision adicional por analista; simulacion BAF
831051,6,0.03593486716076454,4779,Revision adicional por analista; simulacion BAF
845696,6,0.035933904533495466,4780,Revision adicional por analista; simulacion BAF
873384,6,0.03593352398079427,4781,Revision adicional por analista; simulacion BAF
827389,6,0.035924168828650536,4782,Revision adicional por analista; simulacion BAF
899716,6,0.03592369264937779,4783,Revision adicional por analista; simulacion BAF
865535,6,0.035919166517346154,4784,Revision adicional por analista; simulacion BAF
894395,6,0.03591402416241575,4785,Revision adicional por analista; simulacion BAF
821313,6,0.03591014148515058,4786,Revision adicional por analista; simulacion BAF
839783,6,0.035898237780967776,4787,Revision adicional por analista; simulacion BAF
827791,6,0.03589523874525771,4788,Revision adicional por analista; simulacion BAF
882222,6,0.03589256647529996,4789,Revision adicional por analista; simulacion BAF
812747,6,0.03588819740569252,4790,Revision adicional por analista; simulacion BAF
810451,6,0.035884951331041984,4791,Revision adicional por analista; simulacion BAF
881313,6,0.035884276787544744,4792,Revision adicional por analista; simulacion BAF
799170,6,0.035874566651488006,4793,Revision adicional por analista; simulacion BAF
818064,6,0.03586173577682792,4794,Revision adicional por analista; simulacion BAF
881648,6,0.03584259194904313,4795,Revision adicional por analista; simulacion BAF
842800,6,0.03584238943063318,4796,Revision adicional por analista; simulacion BAF
839002,6,0.03584194919205885,4797,Revision adicional por analista; simulacion BAF
880585,6,0.035841015981389085,4798,Revision adicional por analista; simulacion BAF
815548,6,0.035838201650903505,4799,Revision adicional por analista; simulacion BAF
890882,6,0.0358264966885451,4800,Revision adicional por analista; simulacion BAF
823193,6,0.03582308753498505,4801,Revision adicional por analista; simulacion BAF
891535,6,0.03582003991681758,4802,Revision adicional por analista; simulacion BAF
857700,6,0.03581807448181433,4803,Revision adicional por analista; simulacion BAF
831313,6,0.03581685429019017,4804,Revision adicional por analista; simulacion BAF
825125,6,0.03581607309545018,4805,Revision adicional por analista; simulacion BAF
880149,6,0.03581392314927351,4806,Revision adicional por analista; simulacion BAF
822826,6,0.0358121428569673,4807,Revision adicional por analista; simulacion BAF
879026,6,0.035811004332009407,4808,Revision adicional por analista; simulacion BAF
895950,6,0.03580761141951003,4809,Revision adicional por analista; simulacion BAF
852285,6,0.03580019467234491,4810,Revision adicional por analista; simulacion BAF
799034,6,0.035795020440591414,4811,Revision adicional por analista; simulacion BAF
800646,6,0.03579452085119889,4812,Revision adicional por analista; simulacion BAF
885538,6,0.03577418597771697,4813,Revision adicional por analista; simulacion BAF
851394,6,0.035772204181259606,4814,Revision adicional por analista; simulacion BAF
846945,6,0.03577038712334197,4815,Revision adicional por analista; simulacion BAF
825921,6,0.035768052551072065,4816,Revision adicional por analista; simulacion BAF
837944,6,0.03576506682118369,4817,Revision adicional por analista; simulacion BAF
902598,6,0.035764387197679375,4818,Revision adicional por analista; simulacion BAF
853649,6,0.035757332029328355,4819,Revision adicional por analista; simulacion BAF
895328,6,0.03575273988427501,4820,Revision adicional por analista; simulacion BAF
809913,6,0.035741747429721575,4821,Revision adicional por analista; simulacion BAF
834327,6,0.035740788747785655,4822,Revision adicional por analista; simulacion BAF
857016,6,0.035736687898318846,4823,Revision adicional por analista; simulacion BAF
870147,6,0.03573183026686631,4824,Revision adicional por analista; simulacion BAF
797844,6,0.03573164306368908,4825,Revision adicional por analista; simulacion BAF
894109,6,0.03572458329414505,4826,Revision adicional por analista; simulacion BAF
880463,6,0.03571710493627814,4827,Revision adicional por analista; simulacion BAF
853821,6,0.03571276353146515,4828,Revision adicional por analista; simulacion BAF
839262,6,0.03570789304321274,4829,Revision adicional por analista; simulacion BAF
827674,6,0.03569894069647563,4830,Revision adicional por analista; simulacion BAF
838476,6,0.035691483422602435,4831,Revision adicional por analista; simulacion BAF
901407,6,0.03568543829602431,4832,Revision adicional por analista; simulacion BAF
825994,6,0.03568486085530939,4833,Revision adicional por analista; simulacion BAF
872990,6,0.03567105391965924,4834,Revision adicional por analista; simulacion BAF
845740,6,0.03566750569659326,4835,Revision adicional por analista; simulacion BAF
861215,6,0.03566597918428904,4836,Revision adicional por analista; simulacion BAF
890224,6,0.03565870991950958,4837,Revision adicional por analista; simulacion BAF
868030,6,0.035654478723866935,4838,Revision adicional por analista; simulacion BAF
817490,6,0.035647137768440064,4839,Revision adicional por analista; simulacion BAF
876724,6,0.035635910236736436,4840,Revision adicional por analista; simulacion BAF
829545,6,0.035634555638528374,4841,Revision adicional por analista; simulacion BAF
836022,6,0.035627201676535596,4842,Revision adicional por analista; simulacion BAF
818670,6,0.03562362686206712,4843,Revision adicional por analista; simulacion BAF
820870,6,0.03561676992880017,4844,Revision adicional por analista; simulacion BAF
890790,6,0.03561661111095679,4845,Revision adicional por analista; simulacion BAF
868287,6,0.035612170458386154,4846,Revision adicional por analista; simulacion BAF
818456,6,0.03561158606197713,4847,Revision adicional por analista; simulacion BAF
895484,6,0.03561006214838166,4848,Revision adicional por analista; simulacion BAF
899446,6,0.03559728386007941,4849,Revision adicional por analista; simulacion BAF
891304,6,0.03558493165423196,4850,Revision adicional por analista; simulacion BAF
812615,6,0.03558213750849888,4851,Revision adicional por analista; simulacion BAF
815996,6,0.035580320755301736,4852,Revision adicional por analista; simulacion BAF
818144,6,0.03557679385461749,4853,Revision adicional por analista; simulacion BAF
901635,6,0.03556713150453106,4854,Revision adicional por analista; simulacion BAF
816549,6,0.03555519603736518,4855,Revision adicional por analista; simulacion BAF
853145,6,0.03554290524314641,4856,Revision adicional por analista; simulacion BAF
880896,6,0.03554111756460032,4857,Revision adicional por analista; simulacion BAF
891953,6,0.035540133736368086,4858,Revision adicional por analista; simulacion BAF
815516,6,0.03553080381937326,4859,Revision adicional por analista; simulacion BAF
830474,6,0.03552818638158772,4860,Revision adicional por analista; simulacion BAF
797481,6,0.035527933204811644,4861,Revision adicional por analista; simulacion BAF
863523,6,0.03551786055919923,4862,Revision adicional por analista; simulacion BAF
865007,6,0.035516245468360234,4863,Revision adicional por analista; simulacion BAF
873331,6,0.035501108526839756,4864,Revision adicional por analista; simulacion BAF
885919,6,0.035493579330636876,4865,Revision adicional por analista; simulacion BAF
838953,6,0.03548808181383432,4866,Revision adicional por analista; simulacion BAF
802196,6,0.03548197273883405,4867,Revision adicional por analista; simulacion BAF
809406,6,0.03548066520450672,4868,Revision adicional por analista; simulacion BAF
838006,6,0.03547232036662702,4869,Revision adicional por analista; simulacion BAF
798545,6,0.035470980510777815,4870,Revision adicional por analista; simulacion BAF
893134,6,0.03546976494593746,4871,Revision adicional por analista; simulacion BAF
855879,6,0.03546680191151737,4872,Revision adicional por analista; simulacion BAF
849311,6,0.035465294567379256,4873,Revision adicional por analista; simulacion BAF
840736,6,0.03544527023007434,4874,Revision adicional por analista; simulacion BAF
887246,6,0.03544344172515318,4875,Revision adicional por analista; simulacion BAF
848862,6,0.035417862363657196,4876,Revision adicional por analista; simulacion BAF
839022,6,0.03540656241909442,4877,Revision adicional por analista; simulacion BAF
897666,6,0.03540598309607281,4878,Revision adicional por analista; simulacion BAF
844235,6,0.03539908037938836,4879,Revision adicional por analista; simulacion BAF
826678,6,0.03539836020163387,4880,Revision adicional por analista; simulacion BAF
864010,6,0.03539005768639118,4881,Revision adicional por analista; simulacion BAF
871381,6,0.035389905047442376,4882,Revision adicional por analista; simulacion BAF
805534,6,0.0353765870833739,4883,Revision adicional por analista; simulacion BAF
869528,6,0.03537452329363465,4884,Revision adicional por analista; simulacion BAF
837850,6,0.03537286057771785,4885,Revision adicional por analista; simulacion BAF
838627,6,0.03537210767957779,4886,Revision adicional por analista; simulacion BAF
807255,6,0.035371554132679305,4887,Revision adicional por analista; simulacion BAF
873115,6,0.035369364964486644,4888,Revision adicional por analista; simulacion BAF
901829,6,0.03536859379226247,4889,Revision adicional por analista; simulacion BAF
857783,6,0.035366138090474966,4890,Revision adicional por analista; simulacion BAF
869336,6,0.0353637584215109,4891,Revision adicional por analista; simulacion BAF
843503,6,0.035342701703941624,4892,Revision adicional por analista; simulacion BAF
828489,6,0.0353233584596046,4893,Revision adicional por analista; simulacion BAF
868738,6,0.03531869864464942,4894,Revision adicional por analista; simulacion BAF
827368,6,0.035307888791103983,4895,Revision adicional por analista; simulacion BAF
826731,6,0.03530534814209429,4896,Revision adicional por analista; simulacion BAF
821810,6,0.035290747361984204,4897,Revision adicional por analista; simulacion BAF
884521,6,0.035288941053143855,4898,Revision adicional por analista; simulacion BAF
882992,6,0.035286540155573864,4899,Revision adicional por analista; simulacion BAF
872187,6,0.035274702178031414,4900,Revision adicional por analista; simulacion BAF
887191,6,0.03526533891953782,4901,Revision adicional por analista; simulacion BAF
892897,6,0.03526175133496767,4902,Revision adicional por analista; simulacion BAF
847910,6,0.0352504459525036,4903,Revision adicional por analista; simulacion BAF
872091,6,0.035249775338137605,4904,Revision adicional por analista; simulacion BAF
833597,6,0.03524736968435584,4905,Revision adicional por analista; simulacion BAF
829150,6,0.03524537615403427,4906,Revision adicional por analista; simulacion BAF
817087,6,0.03524428579746375,4907,Revision adicional por analista; simulacion BAF
863894,6,0.03524137272403442,4908,Revision adicional por analista; simulacion BAF
887037,6,0.03523996894176806,4909,Revision adicional por analista; simulacion BAF
838713,6,0.03523645083674708,4910,Revision adicional por analista; simulacion BAF
873044,6,0.0352364479212032,4911,Revision adicional por analista; simulacion BAF
889215,6,0.035227057018699104,4912,Revision adicional por analista; simulacion BAF
813036,6,0.03522575418697377,4913,Revision adicional por analista; simulacion BAF
900042,6,0.035223819658385266,4914,Revision adicional por analista; simulacion BAF
841486,6,0.0352236621470498,4915,Revision adicional por analista; simulacion BAF
869605,6,0.035219748323431194,4916,Revision adicional por analista; simulacion BAF
880361,6,0.03521754419949336,4917,Revision adicional por analista; simulacion BAF
851647,6,0.03521582566762017,4918,Revision adicional por analista; simulacion BAF
870356,6,0.03521582239348023,4919,Revision adicional por analista; simulacion BAF
891460,6,0.035209836140837315,4920,Revision adicional por analista; simulacion BAF
830304,6,0.03520972191995487,4921,Revision adicional por analista; simulacion BAF
876905,6,0.03520798921915388,4922,Revision adicional por analista; simulacion BAF
879229,6,0.035178455119951824,4923,Revision adicional por analista; simulacion BAF
841459,6,0.03517718965304755,4924,Revision adicional por analista; simulacion BAF
841644,6,0.03517225653280127,4925,Revision adicional por analista; simulacion BAF
837556,6,0.03516488019824187,4926,Revision adicional por analista; simulacion BAF
824432,6,0.03516143816634136,4927,Revision adicional por analista; simulacion BAF
870035,6,0.03514950989226679,4928,Revision adicional por analista; simulacion BAF
881452,6,0.035143132940121016,4929,Revision adicional por analista; simulacion BAF
811065,6,0.03513333243018788,4930,Revision adicional por analista; simulacion BAF
871446,6,0.03512778993826856,4931,Revision adicional por analista; simulacion BAF
822924,6,0.035123728753973224,4932,Revision adicional por analista; simulacion BAF
866738,6,0.03511681390079925,4933,Revision adicional por analista; simulacion BAF
796281,6,0.035115358810340606,4934,Revision adicional por analista; simulacion BAF
870905,6,0.03511246199990839,4935,Revision adicional por analista; simulacion BAF
810090,6,0.035112040700619705,4936,Revision adicional por analista; simulacion BAF
840551,6,0.03510775475679908,4937,Revision adicional por analista; simulacion BAF
858743,6,0.035096024835252725,4938,Revision adicional por analista; simulacion BAF
899378,6,0.035083847395571646,4939,Revision adicional por analista; simulacion BAF
875178,6,0.03507502135697954,4940,Revision adicional por analista; simulacion BAF
899936,6,0.03507233003551896,4941,Revision adicional por analista; simulacion BAF
807421,6,0.0350672332414592,4942,Revision adicional por analista; simulacion BAF
874945,6,0.03506547371709813,4943,Revision adicional por analista; simulacion BAF
872727,6,0.035061058619101956,4944,Revision adicional por analista; simulacion BAF
894950,6,0.035058087184507605,4945,Revision adicional por analista; simulacion BAF
852186,6,0.03505472301915303,4946,Revision adicional por analista; simulacion BAF
820914,6,0.03505147382645006,4947,Revision adicional por analista; simulacion BAF
878288,6,0.03504649723088172,4948,Revision adicional por analista; simulacion BAF
817133,6,0.03504451704455318,4949,Revision adicional por analista; simulacion BAF
890245,6,0.035036194396152825,4950,Revision adicional por analista; simulacion BAF
795860,6,0.035029470988459564,4951,Revision adicional por analista; simulacion BAF
829694,6,0.035025528263457374,4952,Revision adicional por analista; simulacion BAF
843510,6,0.03501666272184594,4953,Revision adicional por analista; simulacion BAF
837561,6,0.0350118969925387,4954,Revision adicional por analista; simulacion BAF
875173,6,0.03500558594157541,4955,Revision adicional por analista; simulacion BAF
886440,6,0.03499987206024077,4956,Revision adicional por analista; simulacion BAF
798102,6,0.03499879088914672,4957,Revision adicional por analista; simulacion BAF
889418,6,0.034982910101396966,4958,Revision adicional por analista; simulacion BAF
890510,6,0.03496906209766934,4959,Revision adicional por analista; simulacion BAF
850772,6,0.03496039166595497,4960,Revision adicional por analista; simulacion BAF
875932,6,0.03495909066928748,4961,Revision adicional por analista; simulacion BAF
799266,6,0.034951352159742544,4962,Revision adicional por analista; simulacion BAF
833273,6,0.03495012761659272,4963,Revision adicional por analista; simulacion BAF
896710,6,0.03494769817819055,4964,Revision adicional por analista; simulacion BAF
878464,6,0.03494653907559152,4965,Revision adicional por analista; simulacion BAF
870074,6,0.03494581307528652,4966,Revision adicional por analista; simulacion BAF
818569,6,0.03493975478256534,4967,Revision adicional por analista; simulacion BAF
804361,6,0.03493237240646204,4968,Revision adicional por analista; simulacion BAF
824166,6,0.03492096528288801,4969,Revision adicional por analista; simulacion BAF
839415,6,0.034919707574780696,4970,Revision adicional por analista; simulacion BAF
808434,6,0.034896534322711746,4971,Revision adicional por analista; simulacion BAF
899975,6,0.03489393805330312,4972,Revision adicional por analista; simulacion BAF
845448,6,0.0348912520248552,4973,Revision adicional por analista; simulacion BAF
816263,6,0.0348899652042941,4974,Revision adicional por analista; simulacion BAF
901803,6,0.03488762528278233,4975,Revision adicional por analista; simulacion BAF
875575,6,0.034885897518439075,4976,Revision adicional por analista; simulacion BAF
844106,6,0.034884988048992725,4977,Revision adicional por analista; simulacion BAF
812588,6,0.03488104099991624,4978,Revision adicional por analista; simulacion BAF
826278,6,0.03487345325987775,4979,Revision adicional por analista; simulacion BAF
874352,6,0.0348731621818585,4980,Revision adicional por analista; simulacion BAF
814434,6,0.034862032706479286,4981,Revision adicional por analista; simulacion BAF
845465,6,0.03484264040473389,4982,Revision adicional por analista; simulacion BAF
805574,6,0.034841488484581816,4983,Revision adicional por analista; simulacion BAF
842558,6,0.03483528753813095,4984,Revision adicional por analista; simulacion BAF
870333,6,0.034827621361372234,4985,Revision adicional por analista; simulacion BAF
889013,6,0.03481476235669925,4986,Revision adicional por analista; simulacion BAF
894578,6,0.03481285322469613,4987,Revision adicional por analista; simulacion BAF
850352,6,0.03481041895741926,4988,Revision adicional por analista; simulacion BAF
805598,6,0.034804467605308226,4989,Revision adicional por analista; simulacion BAF
796617,6,0.0348024039311995,4990,Revision adicional por analista; simulacion BAF
871804,6,0.03478917165860944,4991,Revision adicional por analista; simulacion BAF
810571,6,0.034787436173421955,4992,Revision adicional por analista; simulacion BAF
835924,6,0.034775210511291156,4993,Revision adicional por analista; simulacion BAF
854086,6,0.034773573986799165,4994,Revision adicional por analista; simulacion BAF
872945,6,0.034772854240718076,4995,Revision adicional por analista; simulacion BAF
811015,6,0.034772572048968546,4996,Revision adicional por analista; simulacion BAF
810455,6,0.03476986064914622,4997,Revision adicional por analista; simulacion BAF
805036,6,0.034751270289295644,4998,Revision adicional por analista; simulacion BAF
838417,6,0.03474399843254752,4999,Revision adicional por analista; simulacion BAF
889164,6,0.034736130402666064,5000,Revision adicional por analista; simulacion BAF
861205,6,0.03473602433670865,5001,Revision adicional por analista; simulacion BAF
890812,6,0.03473171209680102,5002,Revision adicional por analista; simulacion BAF
798114,6,0.034726740154514636,5003,Revision adicional por analista; simulacion BAF
810673,6,0.034722153700302676,5004,Revision adicional por analista; simulacion BAF
845096,6,0.0347206052029318,5005,Revision adicional por analista; simulacion BAF
855648,6,0.0347090800791543,5006,Revision adicional por analista; simulacion BAF
809882,6,0.03470419426862889,5007,Revision adicional por analista; simulacion BAF
859695,6,0.0347039483089705,5008,Revision adicional por analista; simulacion BAF
807665,6,0.034702576705217265,5009,Revision adicional por analista; simulacion BAF
805678,6,0.03469863013747238,5010,Revision adicional por analista; simulacion BAF
892778,6,0.034695600087261594,5011,Revision adicional por analista; simulacion BAF
843622,6,0.03469153342495611,5012,Revision adicional por analista; simulacion BAF
865315,6,0.03467194460797582,5013,Revision adicional por analista; simulacion BAF
903035,6,0.03467169318805802,5014,Revision adicional por analista; simulacion BAF
831792,6,0.03466159155264631,5015,Revision adicional por analista; simulacion BAF
839977,6,0.03465980474145447,5016,Revision adicional por analista; simulacion BAF
847483,6,0.03464852976922905,5017,Revision adicional por analista; simulacion BAF
891290,6,0.03464241595680871,5018,Revision adicional por analista; simulacion BAF
888423,6,0.03463649471637656,5019,Revision adicional por analista; simulacion BAF
887842,6,0.03463608436025359,5020,Revision adicional por analista; simulacion BAF
801492,6,0.03463417339151118,5021,Revision adicional por analista; simulacion BAF
863467,6,0.03463265986332583,5022,Revision adicional por analista; simulacion BAF
896241,6,0.03463090938136638,5023,Revision adicional por analista; simulacion BAF
861076,6,0.034627036244807216,5024,Revision adicional por analista; simulacion BAF
821461,6,0.03462556546350449,5025,Revision adicional por analista; simulacion BAF
815608,6,0.034619818870551045,5026,Revision adicional por analista; simulacion BAF
867922,6,0.03461518883947207,5027,Revision adicional por analista; simulacion BAF
795216,6,0.03461090305674316,5028,Revision adicional por analista; simulacion BAF
847507,6,0.03459969516123202,5029,Revision adicional por analista; simulacion BAF
848352,6,0.0345853079565301,5030,Revision adicional por analista; simulacion BAF
896821,6,0.03458418183910151,5031,Revision adicional por analista; simulacion BAF
898830,6,0.03458314605218004,5032,Revision adicional por analista; simulacion BAF
822709,6,0.034553491875940125,5033,Revision adicional por analista; simulacion BAF
809362,6,0.03455097795137752,5034,Revision adicional por analista; simulacion BAF
830040,6,0.0345473060408644,5035,Revision adicional por analista; simulacion BAF
814480,6,0.03454718021755961,5036,Revision adicional por analista; simulacion BAF
895352,6,0.03452969675700403,5037,Revision adicional por analista; simulacion BAF
836065,6,0.0345294107427265,5038,Revision adicional por analista; simulacion BAF
824792,6,0.0345242757875255,5039,Revision adicional por analista; simulacion BAF
809559,6,0.03452388004668771,5040,Revision adicional por analista; simulacion BAF
806623,6,0.034514356169750175,5041,Revision adicional por analista; simulacion BAF
899231,6,0.034511672007936235,5042,Revision adicional por analista; simulacion BAF
849101,6,0.03450895064180625,5043,Revision adicional por analista; simulacion BAF
898644,6,0.034505063774341885,5044,Revision adicional por analista; simulacion BAF
862658,6,0.034503813469405925,5045,Revision adicional por analista; simulacion BAF
892925,6,0.034503612668572554,5046,Revision adicional por analista; simulacion BAF
864888,6,0.03449966038769781,5047,Revision adicional por analista; simulacion BAF
820141,6,0.03449848735867523,5048,Revision adicional por analista; simulacion BAF
847888,6,0.034498411872176796,5049,Revision adicional por analista; simulacion BAF
885878,6,0.03449717454651427,5050,Revision adicional por analista; simulacion BAF
891496,6,0.034490260781325485,5051,Revision adicional por analista; simulacion BAF
819610,6,0.03448837658951368,5052,Revision adicional por analista; simulacion BAF
819721,6,0.034482643374142474,5053,Revision adicional por analista; simulacion BAF
831878,6,0.034478453279871875,5054,Revision adicional por analista; simulacion BAF
806007,6,0.034478034837064964,5055,Revision adicional por analista; simulacion BAF
899598,6,0.03447628623484275,5056,Revision adicional por analista; simulacion BAF
809834,6,0.034472594395741275,5057,Revision adicional por analista; simulacion BAF
848530,6,0.03446920386137229,5058,Revision adicional por analista; simulacion BAF
866783,6,0.034469111068069436,5059,Revision adicional por analista; simulacion BAF
815019,6,0.03446236507042833,5060,Revision adicional por analista; simulacion BAF
866714,6,0.03445967610725453,5061,Revision adicional por analista; simulacion BAF
862436,6,0.034458378189277154,5062,Revision adicional por analista; simulacion BAF
835150,6,0.03445141334125086,5063,Revision adicional por analista; simulacion BAF
846515,6,0.034447947177404924,5064,Revision adicional por analista; simulacion BAF
857152,6,0.03444521249703917,5065,Revision adicional por analista; simulacion BAF
835368,6,0.03442666217017927,5066,Revision adicional por analista; simulacion BAF
825789,6,0.03442132027792477,5067,Revision adicional por analista; simulacion BAF
833505,6,0.034420166357273047,5068,Revision adicional por analista; simulacion BAF
815120,6,0.03441171423389651,5069,Revision adicional por analista; simulacion BAF
884543,6,0.034399080080683285,5070,Revision adicional por analista; simulacion BAF
795211,6,0.03438961000941251,5071,Revision adicional por analista; simulacion BAF
897474,6,0.03438091785038558,5072,Revision adicional por analista; simulacion BAF
846757,6,0.03437588724031162,5073,Revision adicional por analista; simulacion BAF
795175,6,0.034375278445452545,5074,Revision adicional por analista; simulacion BAF
806396,6,0.03437000030522824,5075,Revision adicional por analista; simulacion BAF
847985,6,0.034355650257568836,5076,Revision adicional por analista; simulacion BAF
850647,6,0.03435327446311006,5077,Revision adicional por analista; simulacion BAF
890134,6,0.03435294847022579,5078,Revision adicional por analista; simulacion BAF
819867,6,0.034332037327119556,5079,Revision adicional por analista; simulacion BAF
847132,6,0.03431739605081132,5080,Revision adicional por analista; simulacion BAF
885734,6,0.03431684474077905,5081,Revision adicional por analista; simulacion BAF
848202,6,0.034300707250548346,5082,Revision adicional por analista; simulacion BAF
810771,6,0.03429509035316876,5083,Revision adicional por analista; simulacion BAF
829932,6,0.03429002052073092,5084,Revision adicional por analista; simulacion BAF
863646,6,0.03428291376919784,5085,Revision adicional por analista; simulacion BAF
863173,6,0.034277843616087225,5086,Revision adicional por analista; simulacion BAF
829268,6,0.034276222752427934,5087,Revision adicional por analista; simulacion BAF
847613,6,0.03427338012952136,5088,Revision adicional por analista; simulacion BAF
826720,6,0.034271037527601925,5089,Revision adicional por analista; simulacion BAF
837467,6,0.0342708175263564,5090,Revision adicional por analista; simulacion BAF
882857,6,0.034266614854956516,5091,Revision adicional por analista; simulacion BAF
861217,6,0.034261622691574165,5092,Revision adicional por analista; simulacion BAF
852739,6,0.03425695455076711,5093,Revision adicional por analista; simulacion BAF
822305,6,0.03425425208980516,5094,Revision adicional por analista; simulacion BAF
900389,6,0.034245246543650666,5095,Revision adicional por analista; simulacion BAF
848502,6,0.03424208834058885,5096,Revision adicional por analista; simulacion BAF
871215,6,0.0342338550258535,5097,Revision adicional por analista; simulacion BAF
797447,6,0.034233740998329196,5098,Revision adicional por analista; simulacion BAF
846484,6,0.034232323470281,5099,Revision adicional por analista; simulacion BAF
823608,6,0.03423030886708597,5100,Revision adicional por analista; simulacion BAF
875623,6,0.03422076881149847,5101,Revision adicional por analista; simulacion BAF
843514,6,0.03421305933686282,5102,Revision adicional por analista; simulacion BAF
891057,6,0.03421270035703932,5103,Revision adicional por analista; simulacion BAF
850732,6,0.03420802502418709,5104,Revision adicional por analista; simulacion BAF
894665,6,0.0342050257156414,5105,Revision adicional por analista; simulacion BAF
862226,6,0.034203598667550184,5106,Revision adicional por analista; simulacion BAF
889396,6,0.0342010580831337,5107,Revision adicional por analista; simulacion BAF
867194,6,0.034187833049940164,5108,Revision adicional por analista; simulacion BAF
815469,6,0.03418693999707732,5109,Revision adicional por analista; simulacion BAF
890060,6,0.034175061412875116,5110,Revision adicional por analista; simulacion BAF
818297,6,0.03417357533068937,5111,Revision adicional por analista; simulacion BAF
826132,6,0.03417233205423767,5112,Revision adicional por analista; simulacion BAF
852916,6,0.0341686760338602,5113,Revision adicional por analista; simulacion BAF
889371,6,0.034164950659794094,5114,Revision adicional por analista; simulacion BAF
850834,6,0.03416119986216597,5115,Revision adicional por analista; simulacion BAF
802107,6,0.03415339442626384,5116,Revision adicional por analista; simulacion BAF
864760,6,0.034139834952906595,5117,Revision adicional por analista; simulacion BAF
902370,6,0.03413812816183792,5118,Revision adicional por analista; simulacion BAF
813525,6,0.03410998417440017,5119,Revision adicional por analista; simulacion BAF
887843,6,0.03410267473089998,5120,Revision adicional por analista; simulacion BAF
804473,6,0.03410108604670019,5121,Revision adicional por analista; simulacion BAF
849927,6,0.034096894661426576,5122,Revision adicional por analista; simulacion BAF
797185,6,0.03407973677785956,5123,Revision adicional por analista; simulacion BAF
867522,6,0.03407616791638844,5124,Revision adicional por analista; simulacion BAF
796215,6,0.03407432371298878,5125,Revision adicional por analista; simulacion BAF
815178,6,0.03407064283428042,5126,Revision adicional por analista; simulacion BAF
867471,6,0.03406942422195835,5127,Revision adicional por analista; simulacion BAF
801399,6,0.03406708943454905,5128,Revision adicional por analista; simulacion BAF
898501,6,0.034058507650670235,5129,Revision adicional por analista; simulacion BAF
859721,6,0.03404968491670026,5130,Revision adicional por analista; simulacion BAF
882050,6,0.0340483414794222,5131,Revision adicional por analista; simulacion BAF
884953,6,0.03404126473201866,5132,Revision adicional por analista; simulacion BAF
879889,6,0.034037572714250265,5133,Revision adicional por analista; simulacion BAF
882292,6,0.034023763048377315,5134,Revision adicional por analista; simulacion BAF
845874,6,0.03401703166328229,5135,Revision adicional por analista; simulacion BAF
831309,6,0.034013942064739094,5136,Revision adicional por analista; simulacion BAF
885752,6,0.034012019850642006,5137,Revision adicional por analista; simulacion BAF
896199,6,0.03401159433224112,5138,Revision adicional por analista; simulacion BAF
836263,6,0.034003289993995836,5139,Revision adicional por analista; simulacion BAF
795087,6,0.03400113481790693,5140,Revision adicional por analista; simulacion BAF
901356,6,0.033999992586286845,5141,Revision adicional por analista; simulacion BAF
869696,6,0.033984843399009805,5142,Revision adicional por analista; simulacion BAF
901380,6,0.033983252576214214,5143,Revision adicional por analista; simulacion BAF
797773,6,0.033982523923763476,5144,Revision adicional por analista; simulacion BAF
799742,6,0.03398234700339634,5145,Revision adicional por analista; simulacion BAF
841218,6,0.033977858428713335,5146,Revision adicional por analista; simulacion BAF
902186,6,0.03396987935612876,5147,Revision adicional por analista; simulacion BAF
895569,6,0.03396748979933475,5148,Revision adicional por analista; simulacion BAF
845920,6,0.033957883241644185,5149,Revision adicional por analista; simulacion BAF
824116,6,0.03395534101631824,5150,Revision adicional por analista; simulacion BAF
855873,6,0.03394858227093214,5151,Revision adicional por analista; simulacion BAF
876395,6,0.03394637775552651,5152,Revision adicional por analista; simulacion BAF
872825,6,0.033941762950292644,5153,Revision adicional por analista; simulacion BAF
841830,6,0.03393958982297524,5154,Revision adicional por analista; simulacion BAF
834213,6,0.03393758704961797,5155,Revision adicional por analista; simulacion BAF
859297,6,0.03393533067311469,5156,Revision adicional por analista; simulacion BAF
824993,6,0.033932588050694844,5157,Revision adicional por analista; simulacion BAF
875877,6,0.03391919557165955,5158,Revision adicional por analista; simulacion BAF
878354,6,0.03391808050084582,5159,Revision adicional por analista; simulacion BAF
847865,6,0.03391573906383881,5160,Revision adicional por analista; simulacion BAF
849321,6,0.03390727929434856,5161,Revision adicional por analista; simulacion BAF
816292,6,0.0339027865721375,5162,Revision adicional por analista; simulacion BAF
882483,6,0.033891846266295635,5163,Revision adicional por analista; simulacion BAF
824646,6,0.03388571441150593,5164,Revision adicional por analista; simulacion BAF
882732,6,0.03388387619182965,5165,Revision adicional por analista; simulacion BAF
807103,6,0.03388147077362275,5166,Revision adicional por analista; simulacion BAF
842076,6,0.033877736384907486,5167,Revision adicional por analista; simulacion BAF
817177,6,0.03387338368672824,5168,Revision adicional por analista; simulacion BAF
876955,6,0.03386605298677494,5169,Revision adicional por analista; simulacion BAF
901949,6,0.033858398604575596,5170,Revision adicional por analista; simulacion BAF
847797,6,0.0338502690165496,5171,Revision adicional por analista; simulacion BAF
896263,6,0.03384573941795686,5172,Revision adicional por analista; simulacion BAF
855330,6,0.03383234211685532,5173,Revision adicional por analista; simulacion BAF
851536,6,0.03383116502760787,5174,Revision adicional por analista; simulacion BAF
872625,6,0.03383013259454572,5175,Revision adicional por analista; simulacion BAF
829119,6,0.03381376471660412,5176,Revision adicional por analista; simulacion BAF
881766,6,0.03381274228622395,5177,Revision adicional por analista; simulacion BAF
872679,6,0.03380650875807073,5178,Revision adicional por analista; simulacion BAF
818923,6,0.03379837507335462,5179,Revision adicional por analista; simulacion BAF
813712,6,0.03379691322945487,5180,Revision adicional por analista; simulacion BAF
884768,6,0.033795545868266184,5181,Revision adicional por analista; simulacion BAF
812808,6,0.03379219790293242,5182,Revision adicional por analista; simulacion BAF
803476,6,0.033789388082701044,5183,Revision adicional por analista; simulacion BAF
835728,6,0.03378829741807303,5184,Revision adicional por analista; simulacion BAF
847128,6,0.03378817714364699,5185,Revision adicional por analista; simulacion BAF
852955,6,0.033787071162513255,5186,Revision adicional por analista; simulacion BAF
817498,6,0.03378544513719226,5187,Revision adicional por analista; simulacion BAF
817653,6,0.033784441194588156,5188,Revision adicional por analista; simulacion BAF
896161,6,0.0337810336426165,5189,Revision adicional por analista; simulacion BAF
862687,6,0.03377996908353481,5190,Revision adicional por analista; simulacion BAF
799195,6,0.03377259660480875,5191,Revision adicional por analista; simulacion BAF
806527,6,0.03375930515522761,5192,Revision adicional por analista; simulacion BAF
812900,6,0.033757202781271436,5193,Revision adicional por analista; simulacion BAF
854859,6,0.033756195604055086,5194,Revision adicional por analista; simulacion BAF
836185,6,0.03374306734071363,5195,Revision adicional por analista; simulacion BAF
867610,6,0.03373773466287263,5196,Revision adicional por analista; simulacion BAF
805337,6,0.033734981862482964,5197,Revision adicional por analista; simulacion BAF
851669,6,0.033732176465945916,5198,Revision adicional por analista; simulacion BAF
884911,6,0.03372664030130928,5199,Revision adicional por analista; simulacion BAF
851355,6,0.03372483060219223,5200,Revision adicional por analista; simulacion BAF
813794,6,0.03371920508816839,5201,Revision adicional por analista; simulacion BAF
894812,6,0.033713462357450825,5202,Revision adicional por analista; simulacion BAF
890864,6,0.03371077750206638,5203,Revision adicional por analista; simulacion BAF
885452,6,0.033710273484527285,5204,Revision adicional por analista; simulacion BAF
889431,6,0.033700893811601296,5205,Revision adicional por analista; simulacion BAF
798469,6,0.033698267249245406,5206,Revision adicional por analista; simulacion BAF
888668,6,0.03369325192249669,5207,Revision adicional por analista; simulacion BAF
876741,6,0.03369020942795629,5208,Revision adicional por analista; simulacion BAF
815634,6,0.03368626829300554,5209,Revision adicional por analista; simulacion BAF
836038,6,0.033685045451941474,5210,Revision adicional por analista; simulacion BAF
887564,6,0.03367966345624117,5211,Revision adicional por analista; simulacion BAF
815222,6,0.03367767550664735,5212,Revision adicional por analista; simulacion BAF
866605,6,0.03367308570164417,5213,Revision adicional por analista; simulacion BAF
851142,6,0.03365680844996972,5214,Revision adicional por analista; simulacion BAF
902936,6,0.03365436902662844,5215,Revision adicional por analista; simulacion BAF
819111,6,0.03364919961517463,5216,Revision adicional por analista; simulacion BAF
835206,6,0.033648782433328576,5217,Revision adicional por analista; simulacion BAF
825731,6,0.03364550540323077,5218,Revision adicional por analista; simulacion BAF
812370,6,0.03363955397969855,5219,Revision adicional por analista; simulacion BAF
819051,6,0.033635227368114556,5220,Revision adicional por analista; simulacion BAF
843288,6,0.03363308151730811,5221,Revision adicional por analista; simulacion BAF
799520,6,0.03363258914284771,5222,Revision adicional por analista; simulacion BAF
879668,6,0.03363161593986079,5223,Revision adicional por analista; simulacion BAF
834924,6,0.03362550793559446,5224,Revision adicional por analista; simulacion BAF
847235,6,0.033620630950277425,5225,Revision adicional por analista; simulacion BAF
883758,6,0.03361979242203289,5226,Revision adicional por analista; simulacion BAF
812781,6,0.03361954809650918,5227,Revision adicional por analista; simulacion BAF
816156,6,0.033613454809633736,5228,Revision adicional por analista; simulacion BAF
816232,6,0.033608000593599544,5229,Revision adicional por analista; simulacion BAF
824526,6,0.03360755733998341,5230,Revision adicional por analista; simulacion BAF
897590,6,0.033605000277131945,5231,Revision adicional por analista; simulacion BAF
849713,6,0.03359230341048365,5232,Revision adicional por analista; simulacion BAF
878837,6,0.03358121651817012,5233,Revision adicional por analista; simulacion BAF
808622,6,0.033574627743291306,5234,Revision adicional por analista; simulacion BAF
839766,6,0.03356306497031965,5235,Revision adicional por analista; simulacion BAF
812555,6,0.03356153100335385,5236,Revision adicional por analista; simulacion BAF
869745,6,0.033553920123181216,5237,Revision adicional por analista; simulacion BAF
872182,6,0.033539524834253244,5238,Revision adicional por analista; simulacion BAF
812316,6,0.03353873662286784,5239,Revision adicional por analista; simulacion BAF
894222,6,0.03353693628689702,5240,Revision adicional por analista; simulacion BAF
870017,6,0.033534922323829576,5241,Revision adicional por analista; simulacion BAF
824516,6,0.033530584199950135,5242,Revision adicional por analista; simulacion BAF
899959,6,0.033530565057738465,5243,Revision adicional por analista; simulacion BAF
798325,6,0.03352776835917459,5244,Revision adicional por analista; simulacion BAF
804332,6,0.033525160354412636,5245,Revision adicional por analista; simulacion BAF
833635,6,0.03351165828314198,5246,Revision adicional por analista; simulacion BAF
898876,6,0.03350896345855435,5247,Revision adicional por analista; simulacion BAF
864504,6,0.033505957059106875,5248,Revision adicional por analista; simulacion BAF
817430,6,0.03350533244089494,5249,Revision adicional por analista; simulacion BAF
847489,6,0.033499082812601,5250,Revision adicional por analista; simulacion BAF
884939,6,0.033497506175375634,5251,Revision adicional por analista; simulacion BAF
831442,6,0.03349672582895456,5252,Revision adicional por analista; simulacion BAF
851496,6,0.03349240245300131,5253,Revision adicional por analista; simulacion BAF
866788,6,0.033480956143725045,5254,Revision adicional por analista; simulacion BAF
838471,6,0.03347717427217331,5255,Revision adicional por analista; simulacion BAF
863471,6,0.03347389329507002,5256,Revision adicional por analista; simulacion BAF
821460,6,0.03347060215958467,5257,Revision adicional por analista; simulacion BAF
853245,6,0.033469908542332054,5258,Revision adicional por analista; simulacion BAF
827985,6,0.03346928835341209,5259,Revision adicional por analista; simulacion BAF
879651,6,0.033466761199672256,5260,Revision adicional por analista; simulacion BAF
808812,6,0.03346063209976559,5261,Revision adicional por analista; simulacion BAF
889341,6,0.03345965873351317,5262,Revision adicional por analista; simulacion BAF
814325,6,0.03344941037752297,5263,Revision adicional por analista; simulacion BAF
850882,6,0.033443185030865415,5264,Revision adicional por analista; simulacion BAF
870962,6,0.033435219654227445,5265,Revision adicional por analista; simulacion BAF
860989,6,0.03343231858369068,5266,Revision adicional por analista; simulacion BAF
881799,6,0.03342387626205537,5267,Revision adicional por analista; simulacion BAF
832069,6,0.033416312719016364,5268,Revision adicional por analista; simulacion BAF
873617,6,0.03341215714322935,5269,Revision adicional por analista; simulacion BAF
868522,6,0.03340101969930802,5270,Revision adicional por analista; simulacion BAF
825023,6,0.033394750737842184,5271,Revision adicional por analista; simulacion BAF
882111,6,0.03339287843187699,5272,Revision adicional por analista; simulacion BAF
879653,6,0.03338811047905439,5273,Revision adicional por analista; simulacion BAF
851650,6,0.03338693310582541,5274,Revision adicional por analista; simulacion BAF
797181,6,0.033379186962159586,5275,Revision adicional por analista; simulacion BAF
831612,6,0.03336845776051873,5276,Revision adicional por analista; simulacion BAF
807648,6,0.03336552446225807,5277,Revision adicional por analista; simulacion BAF
901253,6,0.03336296399449121,5278,Revision adicional por analista; simulacion BAF
816871,6,0.03336196936436803,5279,Revision adicional por analista; simulacion BAF
867216,6,0.033360465481047444,5280,Revision adicional por analista; simulacion BAF
871989,6,0.03335930846784586,5281,Revision adicional por analista; simulacion BAF
800196,6,0.033355055787941096,5282,Revision adicional por analista; simulacion BAF
823784,6,0.03334592611723061,5283,Revision adicional por analista; simulacion BAF
799198,6,0.03333993854073632,5284,Revision adicional por analista; simulacion BAF
824205,6,0.03333536515339133,5285,Revision adicional por analista; simulacion BAF
798414,6,0.03333319669680492,5286,Revision adicional por analista; simulacion BAF
851946,6,0.033329452842678645,5287,Revision adicional por analista; simulacion BAF
833387,6,0.03332687049627379,5288,Revision adicional por analista; simulacion BAF
831914,6,0.03331703305717385,5289,Revision adicional por analista; simulacion BAF
839017,6,0.03331399224971071,5290,Revision adicional por analista; simulacion BAF
853566,6,0.03331347771177499,5291,Revision adicional por analista; simulacion BAF
848774,6,0.03330963240703079,5292,Revision adicional por analista; simulacion BAF
818096,6,0.03329986180865156,5293,Revision adicional por analista; simulacion BAF
861443,6,0.03329642420365808,5294,Revision adicional por analista; simulacion BAF
829043,6,0.03329454430194809,5295,Revision adicional por analista; simulacion BAF
804457,6,0.03328721824006707,5296,Revision adicional por analista; simulacion BAF
885930,6,0.03328327777209781,5297,Revision adicional por analista; simulacion BAF
877389,6,0.0332792972152857,5298,Revision adicional por analista; simulacion BAF
847170,6,0.03327107898186009,5299,Revision adicional por analista; simulacion BAF
902338,6,0.033265240526015906,5300,Revision adicional por analista; simulacion BAF
831395,6,0.033251385513619065,5301,Revision adicional por analista; simulacion BAF
811573,6,0.0332456833756138,5302,Revision adicional por analista; simulacion BAF
832440,6,0.03324504676688014,5303,Revision adicional por analista; simulacion BAF
846500,6,0.03323844066782962,5304,Revision adicional por analista; simulacion BAF
806387,6,0.033230342090517596,5305,Revision adicional por analista; simulacion BAF
848847,6,0.03322087857565225,5306,Revision adicional por analista; simulacion BAF
838794,6,0.03321636499044845,5307,Revision adicional por analista; simulacion BAF
802635,6,0.03319751076943622,5308,Revision adicional por analista; simulacion BAF
842724,6,0.03318724292930173,5309,Revision adicional por analista; simulacion BAF
836061,6,0.03317537295206563,5310,Revision adicional por analista; simulacion BAF
820445,6,0.03316350276384504,5311,Revision adicional por analista; simulacion BAF
875019,6,0.03316073339147234,5312,Revision adicional por analista; simulacion BAF
844603,6,0.03315737681668084,5313,Revision adicional por analista; simulacion BAF
824346,6,0.033153130973138226,5314,Revision adicional por analista; simulacion BAF
854410,6,0.03314744275110382,5315,Revision adicional por analista; simulacion BAF
830383,6,0.03314426000058371,5316,Revision adicional por analista; simulacion BAF
798760,6,0.03314086106934098,5317,Revision adicional por analista; simulacion BAF
855525,6,0.03313603493657119,5318,Revision adicional por analista; simulacion BAF
873246,6,0.03313250848750013,5319,Revision adicional por analista; simulacion BAF
859191,6,0.03311477183099101,5320,Revision adicional por analista; simulacion BAF
897297,6,0.03310909341724642,5321,Revision adicional por analista; simulacion BAF
851504,6,0.03309949316995109,5322,Revision adicional por analista; simulacion BAF
806374,6,0.033090005902846754,5323,Revision adicional por analista; simulacion BAF
894442,6,0.0330861099770349,5324,Revision adicional por analista; simulacion BAF
875755,6,0.033081277196846594,5325,Revision adicional por analista; simulacion BAF
862345,6,0.033078828755215006,5326,Revision adicional por analista; simulacion BAF
831637,6,0.033074007853622106,5327,Revision adicional por analista; simulacion BAF
807382,6,0.033073117153450356,5328,Revision adicional por analista; simulacion BAF
808558,6,0.03306567333005343,5329,Revision adicional por analista; simulacion BAF
891544,6,0.03306336307997214,5330,Revision adicional por analista; simulacion BAF
795192,6,0.03306028856488233,5331,Revision adicional por analista; simulacion BAF
892349,6,0.033046001626181765,5332,Revision adicional por analista; simulacion BAF
818589,6,0.033039931899901585,5333,Revision adicional por analista; simulacion BAF
847535,6,0.03303817447597482,5334,Revision adicional por analista; simulacion BAF
894994,6,0.033034264390980256,5335,Revision adicional por analista; simulacion BAF
895477,6,0.033024471234087555,5336,Revision adicional por analista; simulacion BAF
855773,6,0.03302425125874339,5337,Revision adicional por analista; simulacion BAF
835690,6,0.03301848595704551,5338,Revision adicional por analista; simulacion BAF
824781,6,0.033009305022795955,5339,Revision adicional por analista; simulacion BAF
841913,6,0.03300768099812493,5340,Revision adicional por analista; simulacion BAF
850937,6,0.0330047611212289,5341,Revision adicional por analista; simulacion BAF
886797,6,0.03300351751978207,5342,Revision adicional por analista; simulacion BAF
865745,6,0.03300182220432137,5343,Revision adicional por analista; simulacion BAF
878298,6,0.03299964089500015,5344,Revision adicional por analista; simulacion BAF
833555,6,0.03299879266906373,5345,Revision adicional por analista; simulacion BAF
862846,6,0.03299485422715381,5346,Revision adicional por analista; simulacion BAF
874430,6,0.032991680580453334,5347,Revision adicional por analista; simulacion BAF
828209,6,0.032986690366837386,5348,Revision adicional por analista; simulacion BAF
900282,6,0.032985993716480845,5349,Revision adicional por analista; simulacion BAF
862838,6,0.03298463762318056,5350,Revision adicional por analista; simulacion BAF
834435,6,0.032975337605953864,5351,Revision adicional por analista; simulacion BAF
838457,6,0.0329645852473169,5352,Revision adicional por analista; simulacion BAF
858280,6,0.032962372144597456,5353,Revision adicional por analista; simulacion BAF
878941,6,0.032947091565258615,5354,Revision adicional por analista; simulacion BAF
856669,6,0.032937044631255505,5355,Revision adicional por analista; simulacion BAF
874785,6,0.03293097944090189,5356,Revision adicional por analista; simulacion BAF
875468,6,0.032924380386638065,5357,Revision adicional por analista; simulacion BAF
894037,6,0.03291655578476284,5358,Revision adicional por analista; simulacion BAF
804340,6,0.03291540293490961,5359,Revision adicional por analista; simulacion BAF
837695,6,0.032910713365626544,5360,Revision adicional por analista; simulacion BAF
819991,6,0.032909200361172404,5361,Revision adicional por analista; simulacion BAF
828868,6,0.03290509348347029,5362,Revision adicional por analista; simulacion BAF
828348,6,0.032900751147026945,5363,Revision adicional por analista; simulacion BAF
857808,6,0.032900098300793275,5364,Revision adicional por analista; simulacion BAF
870983,6,0.03289244731376199,5365,Revision adicional por analista; simulacion BAF
897810,6,0.03288375480613528,5366,Revision adicional por analista; simulacion BAF
836974,6,0.03288219037942658,5367,Revision adicional por analista; simulacion BAF
827443,6,0.032879744122751235,5368,Revision adicional por analista; simulacion BAF
861804,6,0.03287523780657645,5369,Revision adicional por analista; simulacion BAF
833246,6,0.03287417444212344,5370,Revision adicional por analista; simulacion BAF
827998,6,0.03286112099556707,5371,Revision adicional por analista; simulacion BAF
862646,6,0.03285452168013858,5372,Revision adicional por analista; simulacion BAF
880341,6,0.03284293874502299,5373,Revision adicional por analista; simulacion BAF
833248,6,0.032816490826512765,5374,Revision adicional por analista; simulacion BAF
892527,6,0.032797050396187785,5375,Revision adicional por analista; simulacion BAF
872301,6,0.03279677530543769,5376,Revision adicional por analista; simulacion BAF
831402,6,0.03278583837073157,5377,Revision adicional por analista; simulacion BAF
880435,6,0.03277860447457839,5378,Revision adicional por analista; simulacion BAF
882143,6,0.032771196517277064,5379,Revision adicional por analista; simulacion BAF
876743,6,0.0327710643099297,5380,Revision adicional por analista; simulacion BAF
836201,6,0.032770876944882545,5381,Revision adicional por analista; simulacion BAF
873554,6,0.03276561340284854,5382,Revision adicional por analista; simulacion BAF
843777,6,0.032765194009230614,5383,Revision adicional por analista; simulacion BAF
850789,6,0.032762146044500624,5384,Revision adicional por analista; simulacion BAF
864386,6,0.03276118234060122,5385,Revision adicional por analista; simulacion BAF
801640,6,0.03275555446528894,5386,Revision adicional por analista; simulacion BAF
828218,6,0.03274864346862499,5387,Revision adicional por analista; simulacion BAF
886975,6,0.03273942591389059,5388,Revision adicional por analista; simulacion BAF
861552,6,0.03273123906957162,5389,Revision adicional por analista; simulacion BAF
880326,6,0.032716721361947795,5390,Revision adicional por analista; simulacion BAF
888455,6,0.032712941083534966,5391,Revision adicional por analista; simulacion BAF
888430,6,0.03271169003023983,5392,Revision adicional por analista; simulacion BAF
884807,6,0.032711055531327866,5393,Revision adicional por analista; simulacion BAF
856964,6,0.03270328566627004,5394,Revision adicional por analista; simulacion BAF
900052,6,0.03270288304534034,5395,Revision adicional por analista; simulacion BAF
798005,6,0.032696618363924033,5396,Revision adicional por analista; simulacion BAF
828024,6,0.032693529577504925,5397,Revision adicional por analista; simulacion BAF
898453,6,0.032693446628306734,5398,Revision adicional por analista; simulacion BAF
864791,6,0.03269179775637429,5399,Revision adicional por analista; simulacion BAF
900498,6,0.03267959341997681,5400,Revision adicional por analista; simulacion BAF
803380,6,0.03267871657009127,5401,Revision adicional por analista; simulacion BAF
806894,6,0.032660552250318414,5402,Revision adicional por analista; simulacion BAF
810561,6,0.03265562287832673,5403,Revision adicional por analista; simulacion BAF
795221,6,0.0326544330043978,5404,Revision adicional por analista; simulacion BAF
867710,6,0.032654042317723064,5405,Revision adicional por analista; simulacion BAF
884213,6,0.03265384264287067,5406,Revision adicional por analista; simulacion BAF
896449,6,0.03264725196583573,5407,Revision adicional por analista; simulacion BAF
849589,6,0.03264387923336151,5408,Revision adicional por analista; simulacion BAF
795471,6,0.03263453395980369,5409,Revision adicional por analista; simulacion BAF
938292,7,0.5912056322350963,1,Revision adicional por analista; simulacion BAF
948909,7,0.45884037230702124,2,Revision adicional por analista; simulacion BAF
941972,7,0.4441254650771007,3,Revision adicional por analista; simulacion BAF
937783,7,0.43248215550491664,4,Revision adicional por analista; simulacion BAF
961707,7,0.39667008660309727,5,Revision adicional por analista; simulacion BAF
921899,7,0.39052833367368217,6,Revision adicional por analista; simulacion BAF
958682,7,0.3758811954033244,7,Revision adicional por analista; simulacion BAF
935139,7,0.3709111980060904,8,Revision adicional por analista; simulacion BAF
955389,7,0.3685993724214782,9,Revision adicional por analista; simulacion BAF
931596,7,0.3610347595922303,10,Revision adicional por analista; simulacion BAF
909576,7,0.3585556257689467,11,Revision adicional por analista; simulacion BAF
963003,7,0.35721369000510783,12,Revision adicional por analista; simulacion BAF
947894,7,0.35580695970099147,13,Revision adicional por analista; simulacion BAF
906080,7,0.35574950139989153,14,Revision adicional por analista; simulacion BAF
994554,7,0.3545034393018799,15,Revision adicional por analista; simulacion BAF
965108,7,0.3501825471385085,16,Revision adicional por analista; simulacion BAF
986595,7,0.3479971448869857,17,Revision adicional por analista; simulacion BAF
985803,7,0.3462344001184427,18,Revision adicional por analista; simulacion BAF
945450,7,0.3431152051348916,19,Revision adicional por analista; simulacion BAF
911187,7,0.33867448882627954,20,Revision adicional por analista; simulacion BAF
959021,7,0.3336570101297937,21,Revision adicional por analista; simulacion BAF
915642,7,0.32674321670391937,22,Revision adicional por analista; simulacion BAF
924803,7,0.32604870277640363,23,Revision adicional por analista; simulacion BAF
955175,7,0.3248833548546414,24,Revision adicional por analista; simulacion BAF
904068,7,0.31835420889074945,25,Revision adicional por analista; simulacion BAF
980824,7,0.3120787071268172,26,Revision adicional por analista; simulacion BAF
939029,7,0.3116844330923406,27,Revision adicional por analista; simulacion BAF
945855,7,0.3105363897179037,28,Revision adicional por analista; simulacion BAF
995725,7,0.3058448931318627,29,Revision adicional por analista; simulacion BAF
920918,7,0.2959160397481525,30,Revision adicional por analista; simulacion BAF
953168,7,0.289266269574428,31,Revision adicional por analista; simulacion BAF
960638,7,0.2886356722945712,32,Revision adicional por analista; simulacion BAF
997602,7,0.28627024015726465,33,Revision adicional por analista; simulacion BAF
923918,7,0.2858206515093339,34,Revision adicional por analista; simulacion BAF
953174,7,0.2835491019801468,35,Revision adicional por analista; simulacion BAF
946169,7,0.2821176672381384,36,Revision adicional por analista; simulacion BAF
934352,7,0.27571711173829366,37,Revision adicional por analista; simulacion BAF
988070,7,0.2754901283862906,38,Revision adicional por analista; simulacion BAF
928729,7,0.27470419763753373,39,Revision adicional por analista; simulacion BAF
955399,7,0.2742428469079562,40,Revision adicional por analista; simulacion BAF
933948,7,0.27022546216033405,41,Revision adicional por analista; simulacion BAF
932802,7,0.2691117074036258,42,Revision adicional por analista; simulacion BAF
954444,7,0.2676146159927381,43,Revision adicional por analista; simulacion BAF
952245,7,0.2621180095123977,44,Revision adicional por analista; simulacion BAF
934800,7,0.2597296714965121,45,Revision adicional por analista; simulacion BAF
972036,7,0.2594879426192267,46,Revision adicional por analista; simulacion BAF
966774,7,0.2583547853623597,47,Revision adicional por analista; simulacion BAF
905075,7,0.2579055758862509,48,Revision adicional por analista; simulacion BAF
908650,7,0.2554801208946713,49,Revision adicional por analista; simulacion BAF
906992,7,0.25390356497261096,50,Revision adicional por analista; simulacion BAF
997024,7,0.25261838962495403,51,Revision adicional por analista; simulacion BAF
979320,7,0.25083896033219494,52,Revision adicional por analista; simulacion BAF
906126,7,0.24854834465065512,53,Revision adicional por analista; simulacion BAF
907883,7,0.24838087997055475,54,Revision adicional por analista; simulacion BAF
916222,7,0.2463614542438195,55,Revision adicional por analista; simulacion BAF
914116,7,0.24401526646100588,56,Revision adicional por analista; simulacion BAF
953733,7,0.2435603122970223,57,Revision adicional por analista; simulacion BAF
940527,7,0.24340705447716776,58,Revision adicional por analista; simulacion BAF
921204,7,0.24334501279197449,59,Revision adicional por analista; simulacion BAF
942759,7,0.2416742254980172,60,Revision adicional por analista; simulacion BAF
954726,7,0.241449887292475,61,Revision adicional por analista; simulacion BAF
952972,7,0.24077621152231835,62,Revision adicional por analista; simulacion BAF
958396,7,0.2388061578773085,63,Revision adicional por analista; simulacion BAF
937975,7,0.2384600086285639,64,Revision adicional por analista; simulacion BAF
951526,7,0.23831128939130997,65,Revision adicional por analista; simulacion BAF
994392,7,0.23457999624114567,66,Revision adicional por analista; simulacion BAF
955913,7,0.23354961491315399,67,Revision adicional por analista; simulacion BAF
914972,7,0.23283359231192022,68,Revision adicional por analista; simulacion BAF
955285,7,0.23244955694207828,69,Revision adicional por analista; simulacion BAF
956817,7,0.23168666907460914,70,Revision adicional por analista; simulacion BAF
962684,7,0.230847060392305,71,Revision adicional por analista; simulacion BAF
965142,7,0.2302613620664921,72,Revision adicional por analista; simulacion BAF
966948,7,0.2289768528604321,73,Revision adicional por analista; simulacion BAF
909320,7,0.22811429347933987,74,Revision adicional por analista; simulacion BAF
907772,7,0.2277914141024096,75,Revision adicional por analista; simulacion BAF
954460,7,0.22646808019708653,76,Revision adicional por analista; simulacion BAF
983909,7,0.22613616526375283,77,Revision adicional por analista; simulacion BAF
973304,7,0.2257652988431248,78,Revision adicional por analista; simulacion BAF
998787,7,0.22543173921856927,79,Revision adicional por analista; simulacion BAF
937221,7,0.22486636565826215,80,Revision adicional por analista; simulacion BAF
988998,7,0.22482268043373807,81,Revision adicional por analista; simulacion BAF
957834,7,0.22332897061322984,82,Revision adicional por analista; simulacion BAF
984326,7,0.22293872479730875,83,Revision adicional por analista; simulacion BAF
915539,7,0.22009825262959332,84,Revision adicional por analista; simulacion BAF
935484,7,0.21945565255665356,85,Revision adicional por analista; simulacion BAF
906146,7,0.21881164114762225,86,Revision adicional por analista; simulacion BAF
928204,7,0.21825352385311653,87,Revision adicional por analista; simulacion BAF
980398,7,0.216298838743284,88,Revision adicional por analista; simulacion BAF
997896,7,0.21460956304433623,89,Revision adicional por analista; simulacion BAF
903886,7,0.21348884420018555,90,Revision adicional por analista; simulacion BAF
970954,7,0.21261219189619748,91,Revision adicional por analista; simulacion BAF
976599,7,0.21231568488835223,92,Revision adicional por analista; simulacion BAF
950784,7,0.21163591967376513,93,Revision adicional por analista; simulacion BAF
999565,7,0.21024379839771284,94,Revision adicional por analista; simulacion BAF
968505,7,0.21018405715149996,95,Revision adicional por analista; simulacion BAF
977889,7,0.20895304414863577,96,Revision adicional por analista; simulacion BAF
915101,7,0.208509623021624,97,Revision adicional por analista; simulacion BAF
971388,7,0.20760566958481577,98,Revision adicional por analista; simulacion BAF
960393,7,0.2065750850098467,99,Revision adicional por analista; simulacion BAF
912904,7,0.2057582775809781,100,Revision adicional por analista; simulacion BAF
940281,7,0.20548170627661436,101,Revision adicional por analista; simulacion BAF
984250,7,0.20471018717365594,102,Revision adicional por analista; simulacion BAF
911597,7,0.20462168795953345,103,Revision adicional por analista; simulacion BAF
995692,7,0.20447899460748506,104,Revision adicional por analista; simulacion BAF
988300,7,0.20433617241399632,105,Revision adicional por analista; simulacion BAF
923109,7,0.20304256454015213,106,Revision adicional por analista; simulacion BAF
981184,7,0.2026610699785143,107,Revision adicional por analista; simulacion BAF
967581,7,0.20263339668052943,108,Revision adicional por analista; simulacion BAF
907921,7,0.20094352600157717,109,Revision adicional por analista; simulacion BAF
933416,7,0.20091812151104071,110,Revision adicional por analista; simulacion BAF
941529,7,0.2008564803628253,111,Revision adicional por analista; simulacion BAF
907033,7,0.19848367058199612,112,Revision adicional por analista; simulacion BAF
920402,7,0.19772719686668436,113,Revision adicional por analista; simulacion BAF
977594,7,0.19771237183184198,114,Revision adicional por analista; simulacion BAF
987162,7,0.19723983031611658,115,Revision adicional por analista; simulacion BAF
937042,7,0.19623280650978114,116,Revision adicional por analista; simulacion BAF
987473,7,0.19580508350216608,117,Revision adicional por analista; simulacion BAF
936360,7,0.19541109863717118,118,Revision adicional por analista; simulacion BAF
992811,7,0.19506766110984253,119,Revision adicional por analista; simulacion BAF
977565,7,0.1944257833109879,120,Revision adicional por analista; simulacion BAF
983288,7,0.19413156107387608,121,Revision adicional por analista; simulacion BAF
990664,7,0.19393861341111981,122,Revision adicional por analista; simulacion BAF
934235,7,0.19332213123962372,123,Revision adicional por analista; simulacion BAF
958476,7,0.19318936600139522,124,Revision adicional por analista; simulacion BAF
906767,7,0.19309988126034577,125,Revision adicional por analista; simulacion BAF
940080,7,0.1925056863738566,126,Revision adicional por analista; simulacion BAF
931414,7,0.19098895776653746,127,Revision adicional por analista; simulacion BAF
944201,7,0.19097753053054858,128,Revision adicional por analista; simulacion BAF
951581,7,0.19058067175894336,129,Revision adicional por analista; simulacion BAF
981389,7,0.18866441443842388,130,Revision adicional por analista; simulacion BAF
905856,7,0.18839987542011918,131,Revision adicional por analista; simulacion BAF
957252,7,0.18660119386491114,132,Revision adicional por analista; simulacion BAF
966148,7,0.18648911214410635,133,Revision adicional por analista; simulacion BAF
932063,7,0.18511499975424286,134,Revision adicional por analista; simulacion BAF
954792,7,0.18471787393487937,135,Revision adicional por analista; simulacion BAF
917486,7,0.1841814850451126,136,Revision adicional por analista; simulacion BAF
994923,7,0.1835010267969356,137,Revision adicional por analista; simulacion BAF
982784,7,0.18307942263645846,138,Revision adicional por analista; simulacion BAF
952232,7,0.18272426197572378,139,Revision adicional por analista; simulacion BAF
973227,7,0.18259483415321864,140,Revision adicional por analista; simulacion BAF
988335,7,0.18237909772202807,141,Revision adicional por analista; simulacion BAF
926646,7,0.18203688610329358,142,Revision adicional por analista; simulacion BAF
994761,7,0.18193887478964915,143,Revision adicional por analista; simulacion BAF
907127,7,0.18137313389620938,144,Revision adicional por analista; simulacion BAF
956477,7,0.1813637564274904,145,Revision adicional por analista; simulacion BAF
950451,7,0.18106246870926562,146,Revision adicional por analista; simulacion BAF
926378,7,0.18074258706192248,147,Revision adicional por analista; simulacion BAF
966132,7,0.180511402169198,148,Revision adicional por analista; simulacion BAF
909636,7,0.17974900103988958,149,Revision adicional por analista; simulacion BAF
930034,7,0.1793985677995688,150,Revision adicional por analista; simulacion BAF
907592,7,0.17863693457853647,151,Revision adicional por analista; simulacion BAF
997725,7,0.1784081772517014,152,Revision adicional por analista; simulacion BAF
976064,7,0.17832949275679952,153,Revision adicional por analista; simulacion BAF
925319,7,0.1782486899981468,154,Revision adicional por analista; simulacion BAF
924891,7,0.1778367530974572,155,Revision adicional por analista; simulacion BAF
936665,7,0.17735688612284964,156,Revision adicional por analista; simulacion BAF
986602,7,0.1768202604812882,157,Revision adicional por analista; simulacion BAF
937988,7,0.17675295207394226,158,Revision adicional por analista; simulacion BAF
927724,7,0.17671776276372586,159,Revision adicional por analista; simulacion BAF
904066,7,0.17639253752654863,160,Revision adicional por analista; simulacion BAF
966612,7,0.17637772512080607,161,Revision adicional por analista; simulacion BAF
928163,7,0.1748665631023392,162,Revision adicional por analista; simulacion BAF
993193,7,0.1748409905421234,163,Revision adicional por analista; simulacion BAF
978231,7,0.17426137155355284,164,Revision adicional por analista; simulacion BAF
930539,7,0.17401219330706041,165,Revision adicional por analista; simulacion BAF
988649,7,0.17387296358152474,166,Revision adicional por analista; simulacion BAF
999518,7,0.17252244515171367,167,Revision adicional por analista; simulacion BAF
948517,7,0.17228622461360038,168,Revision adicional por analista; simulacion BAF
934617,7,0.17218255708666116,169,Revision adicional por analista; simulacion BAF
938401,7,0.1714538336903357,170,Revision adicional por analista; simulacion BAF
985637,7,0.1704317502908477,171,Revision adicional por analista; simulacion BAF
978110,7,0.1703004164549049,172,Revision adicional por analista; simulacion BAF
991629,7,0.1701843113900787,173,Revision adicional por analista; simulacion BAF
967456,7,0.170156788337553,174,Revision adicional por analista; simulacion BAF
984598,7,0.17011694629392318,175,Revision adicional por analista; simulacion BAF
925359,7,0.16995805302771058,176,Revision adicional por analista; simulacion BAF
934655,7,0.16952060909284286,177,Revision adicional por analista; simulacion BAF
983990,7,0.16925276544640933,178,Revision adicional por analista; simulacion BAF
983179,7,0.16908943986770256,179,Revision adicional por analista; simulacion BAF
928845,7,0.1690041403985851,180,Revision adicional por analista; simulacion BAF
970420,7,0.16884766974992232,181,Revision adicional por analista; simulacion BAF
986332,7,0.16876134023255043,182,Revision adicional por analista; simulacion BAF
952201,7,0.16862417162561283,183,Revision adicional por analista; simulacion BAF
995338,7,0.16861999881726839,184,Revision adicional por analista; simulacion BAF
949933,7,0.16811069463777695,185,Revision adicional por analista; simulacion BAF
985964,7,0.16773055901657088,186,Revision adicional por analista; simulacion BAF
971756,7,0.16751379906447175,187,Revision adicional por analista; simulacion BAF
942409,7,0.16725594079923142,188,Revision adicional por analista; simulacion BAF
918519,7,0.16722715111023986,189,Revision adicional por analista; simulacion BAF
931516,7,0.16688742402256487,190,Revision adicional por analista; simulacion BAF
924029,7,0.16681244259358666,191,Revision adicional por analista; simulacion BAF
932889,7,0.16655756397162938,192,Revision adicional por analista; simulacion BAF
911412,7,0.1656787425814412,193,Revision adicional por analista; simulacion BAF
993725,7,0.1656387891329905,194,Revision adicional por analista; simulacion BAF
970077,7,0.1654901981747016,195,Revision adicional por analista; simulacion BAF
944376,7,0.16540654931676468,196,Revision adicional por analista; simulacion BAF
968746,7,0.16529135990553315,197,Revision adicional por analista; simulacion BAF
959010,7,0.1651719814115057,198,Revision adicional por analista; simulacion BAF
981601,7,0.16511280175466841,199,Revision adicional por analista; simulacion BAF
978677,7,0.16481659424463604,200,Revision adicional por analista; simulacion BAF
973982,7,0.16434443449890387,201,Revision adicional por analista; simulacion BAF
978360,7,0.16406626792823645,202,Revision adicional por analista; simulacion BAF
998410,7,0.16382609830626588,203,Revision adicional por analista; simulacion BAF
954844,7,0.1634372594716592,204,Revision adicional por analista; simulacion BAF
993680,7,0.16326479490617202,205,Revision adicional por analista; simulacion BAF
998140,7,0.16265573401711167,206,Revision adicional por analista; simulacion BAF
920893,7,0.16261180219571028,207,Revision adicional por analista; simulacion BAF
935940,7,0.1625865897964318,208,Revision adicional por analista; simulacion BAF
951975,7,0.16213291874056543,209,Revision adicional por analista; simulacion BAF
932658,7,0.16154150984454585,210,Revision adicional por analista; simulacion BAF
940624,7,0.1614489738606906,211,Revision adicional por analista; simulacion BAF
999545,7,0.16143968831976674,212,Revision adicional por analista; simulacion BAF
975425,7,0.16052977138150998,213,Revision adicional por analista; simulacion BAF
962637,7,0.1604942241918855,214,Revision adicional por analista; simulacion BAF
934806,7,0.16036205475781837,215,Revision adicional por analista; simulacion BAF
949479,7,0.16023973032294644,216,Revision adicional por analista; simulacion BAF
970539,7,0.16011348854860588,217,Revision adicional por analista; simulacion BAF
916845,7,0.1599912566399399,218,Revision adicional por analista; simulacion BAF
967964,7,0.15997577593866522,219,Revision adicional por analista; simulacion BAF
998817,7,0.15931517935845083,220,Revision adicional por analista; simulacion BAF
928178,7,0.15925955522548407,221,Revision adicional por analista; simulacion BAF
997171,7,0.15918433424597006,222,Revision adicional por analista; simulacion BAF
937077,7,0.15864618019225216,223,Revision adicional por analista; simulacion BAF
972012,7,0.15841499037370466,224,Revision adicional por analista; simulacion BAF
974391,7,0.15840012087589422,225,Revision adicional por analista; simulacion BAF
931387,7,0.15811611114411148,226,Revision adicional por analista; simulacion BAF
993459,7,0.15809734894134223,227,Revision adicional por analista; simulacion BAF
950850,7,0.15716919089038808,228,Revision adicional por analista; simulacion BAF
966330,7,0.15707373457726784,229,Revision adicional por analista; simulacion BAF
984627,7,0.15695804060580756,230,Revision adicional por analista; simulacion BAF
961691,7,0.15605201818441544,231,Revision adicional por analista; simulacion BAF
990314,7,0.15553668709555876,232,Revision adicional por analista; simulacion BAF
999253,7,0.15527072418170668,233,Revision adicional por analista; simulacion BAF
932196,7,0.15515579382806285,234,Revision adicional por analista; simulacion BAF
949882,7,0.15494362492096742,235,Revision adicional por analista; simulacion BAF
906998,7,0.15477532621266582,236,Revision adicional por analista; simulacion BAF
934626,7,0.154765854231715,237,Revision adicional por analista; simulacion BAF
981129,7,0.15436948270794634,238,Revision adicional por analista; simulacion BAF
974886,7,0.15426990187108497,239,Revision adicional por analista; simulacion BAF
935573,7,0.1540094513464603,240,Revision adicional por analista; simulacion BAF
963266,7,0.15350653285931454,241,Revision adicional por analista; simulacion BAF
967995,7,0.1532939162513504,242,Revision adicional por analista; simulacion BAF
984059,7,0.15303583721943156,243,Revision adicional por analista; simulacion BAF
946943,7,0.1527566912559221,244,Revision adicional por analista; simulacion BAF
990421,7,0.15247774257964763,245,Revision adicional por analista; simulacion BAF
992963,7,0.15200701240383982,246,Revision adicional por analista; simulacion BAF
934886,7,0.15153207790356374,247,Revision adicional por analista; simulacion BAF
938232,7,0.1511367846537704,248,Revision adicional por analista; simulacion BAF
925823,7,0.1509029729209806,249,Revision adicional por analista; simulacion BAF
987968,7,0.15068757811547553,250,Revision adicional por analista; simulacion BAF
914042,7,0.1506836573746363,251,Revision adicional por analista; simulacion BAF
953501,7,0.1503017784732894,252,Revision adicional por analista; simulacion BAF
940782,7,0.1502002517801739,253,Revision adicional por analista; simulacion BAF
962521,7,0.15006970441521755,254,Revision adicional por analista; simulacion BAF
939973,7,0.14988964903816823,255,Revision adicional por analista; simulacion BAF
910250,7,0.14982286337606,256,Revision adicional por analista; simulacion BAF
958440,7,0.14978937881637489,257,Revision adicional por analista; simulacion BAF
998523,7,0.14978342012896825,258,Revision adicional por analista; simulacion BAF
997003,7,0.14967818535236926,259,Revision adicional por analista; simulacion BAF
985735,7,0.14952515821777929,260,Revision adicional por analista; simulacion BAF
986753,7,0.1494253217675739,261,Revision adicional por analista; simulacion BAF
990974,7,0.149166928523209,262,Revision adicional por analista; simulacion BAF
991869,7,0.14901337862330705,263,Revision adicional por analista; simulacion BAF
944125,7,0.14885070117899693,264,Revision adicional por analista; simulacion BAF
939047,7,0.14843410165832116,265,Revision adicional por analista; simulacion BAF
976853,7,0.1482085809631038,266,Revision adicional por analista; simulacion BAF
984394,7,0.14787002405685223,267,Revision adicional por analista; simulacion BAF
991099,7,0.14780459845364305,268,Revision adicional por analista; simulacion BAF
963085,7,0.14720424861260595,269,Revision adicional por analista; simulacion BAF
974621,7,0.14702865908112608,270,Revision adicional por analista; simulacion BAF
959787,7,0.14680364632704845,271,Revision adicional por analista; simulacion BAF
973915,7,0.14650032882922878,272,Revision adicional por analista; simulacion BAF
904454,7,0.14627309297705965,273,Revision adicional por analista; simulacion BAF
953561,7,0.1461125505904779,274,Revision adicional por analista; simulacion BAF
952958,7,0.14573618280618564,275,Revision adicional por analista; simulacion BAF
940680,7,0.1457313038922358,276,Revision adicional por analista; simulacion BAF
993216,7,0.14568428891859395,277,Revision adicional por analista; simulacion BAF
976997,7,0.14564882134957782,278,Revision adicional por analista; simulacion BAF
911994,7,0.14549389384710115,279,Revision adicional por analista; simulacion BAF
974520,7,0.1453497542583087,280,Revision adicional por analista; simulacion BAF
948546,7,0.14501182184141495,281,Revision adicional por analista; simulacion BAF
903322,7,0.14489674334353853,282,Revision adicional por analista; simulacion BAF
997893,7,0.14483964066774704,283,Revision adicional por analista; simulacion BAF
959514,7,0.1446291305568405,284,Revision adicional por analista; simulacion BAF
905828,7,0.144545472299445,285,Revision adicional por analista; simulacion BAF
958878,7,0.1442514333260343,286,Revision adicional por analista; simulacion BAF
930685,7,0.1437710254215819,287,Revision adicional por analista; simulacion BAF
938170,7,0.1437365748009255,288,Revision adicional por analista; simulacion BAF
910160,7,0.14364609141569465,289,Revision adicional por analista; simulacion BAF
933161,7,0.14344284797420412,290,Revision adicional por analista; simulacion BAF
913779,7,0.14298805559587488,291,Revision adicional por analista; simulacion BAF
946974,7,0.14287367809616652,292,Revision adicional por analista; simulacion BAF
904293,7,0.1425313030538196,293,Revision adicional por analista; simulacion BAF
959540,7,0.1425080146310303,294,Revision adicional por analista; simulacion BAF
920596,7,0.14237333890445217,295,Revision adicional por analista; simulacion BAF
976114,7,0.14228544978830285,296,Revision adicional por analista; simulacion BAF
939149,7,0.14193521270648363,297,Revision adicional por analista; simulacion BAF
983460,7,0.14190083271774523,298,Revision adicional por analista; simulacion BAF
967313,7,0.14150247749580686,299,Revision adicional por analista; simulacion BAF
918508,7,0.14105047820912447,300,Revision adicional por analista; simulacion BAF
957793,7,0.14102652999194096,301,Revision adicional por analista; simulacion BAF
924668,7,0.14102596983560198,302,Revision adicional por analista; simulacion BAF
946396,7,0.14071052134129786,303,Revision adicional por analista; simulacion BAF
966737,7,0.1406548362682107,304,Revision adicional por analista; simulacion BAF
944694,7,0.14056825454576416,305,Revision adicional por analista; simulacion BAF
954774,7,0.14042731128870412,306,Revision adicional por analista; simulacion BAF
995408,7,0.1400741012547234,307,Revision adicional por analista; simulacion BAF
910060,7,0.13951300494307967,308,Revision adicional por analista; simulacion BAF
960333,7,0.13950436400521102,309,Revision adicional por analista; simulacion BAF
930162,7,0.13908829903651293,310,Revision adicional por analista; simulacion BAF
942398,7,0.13890097225280762,311,Revision adicional por analista; simulacion BAF
989840,7,0.13859386243958707,312,Revision adicional por analista; simulacion BAF
954304,7,0.1384412881942283,313,Revision adicional por analista; simulacion BAF
910890,7,0.1380067006222587,314,Revision adicional por analista; simulacion BAF
975888,7,0.1378950212601348,315,Revision adicional por analista; simulacion BAF
905423,7,0.13784393129471056,316,Revision adicional por analista; simulacion BAF
953953,7,0.13770690640031172,317,Revision adicional por analista; simulacion BAF
939580,7,0.13747571820247603,318,Revision adicional por analista; simulacion BAF
937688,7,0.13743192177290506,319,Revision adicional por analista; simulacion BAF
969288,7,0.13741738487000066,320,Revision adicional por analista; simulacion BAF
922914,7,0.13688156663501494,321,Revision adicional por analista; simulacion BAF
919476,7,0.13687760405944058,322,Revision adicional por analista; simulacion BAF
943422,7,0.13662727554781234,323,Revision adicional por analista; simulacion BAF
969197,7,0.13647331930006143,324,Revision adicional por analista; simulacion BAF
938373,7,0.13632458342600287,325,Revision adicional por analista; simulacion BAF
964905,7,0.1358989490221677,326,Revision adicional por analista; simulacion BAF
984614,7,0.13588813831219299,327,Revision adicional por analista; simulacion BAF
986698,7,0.13584232244303468,328,Revision adicional por analista; simulacion BAF
988102,7,0.13565012411760968,329,Revision adicional por analista; simulacion BAF
915196,7,0.13521906683998675,330,Revision adicional por analista; simulacion BAF
960487,7,0.1349852448572798,331,Revision adicional por analista; simulacion BAF
992694,7,0.13496389697214592,332,Revision adicional por analista; simulacion BAF
927824,7,0.13446688482624589,333,Revision adicional por analista; simulacion BAF
909815,7,0.1344658672417333,334,Revision adicional por analista; simulacion BAF
907390,7,0.13441867650285463,335,Revision adicional por analista; simulacion BAF
968314,7,0.13403663538921587,336,Revision adicional por analista; simulacion BAF
994523,7,0.13380318511436903,337,Revision adicional por analista; simulacion BAF
989920,7,0.1336614230583649,338,Revision adicional por analista; simulacion BAF
927696,7,0.13335513941249996,339,Revision adicional por analista; simulacion BAF
929297,7,0.13327475132948788,340,Revision adicional por analista; simulacion BAF
932504,7,0.1329848015501442,341,Revision adicional por analista; simulacion BAF
935014,7,0.13297511715225152,342,Revision adicional por analista; simulacion BAF
985214,7,0.13268183412382584,343,Revision adicional por analista; simulacion BAF
921616,7,0.13197910870050392,344,Revision adicional por analista; simulacion BAF
963233,7,0.13194011644700726,345,Revision adicional por analista; simulacion BAF
909393,7,0.13175221265369,346,Revision adicional por analista; simulacion BAF
913392,7,0.13159770559120848,347,Revision adicional por analista; simulacion BAF
976748,7,0.13158873844335095,348,Revision adicional por analista; simulacion BAF
938639,7,0.1315239905492836,349,Revision adicional por analista; simulacion BAF
999256,7,0.13114418619175147,350,Revision adicional por analista; simulacion BAF
927555,7,0.13045659513511546,351,Revision adicional por analista; simulacion BAF
986625,7,0.13022756355873163,352,Revision adicional por analista; simulacion BAF
928099,7,0.12985065751452943,353,Revision adicional por analista; simulacion BAF
923746,7,0.1295810179723182,354,Revision adicional por analista; simulacion BAF
946790,7,0.12924968689759042,355,Revision adicional por analista; simulacion BAF
944992,7,0.12914946697531787,356,Revision adicional por analista; simulacion BAF
922439,7,0.12870421756369047,357,Revision adicional por analista; simulacion BAF
996459,7,0.12867714615147358,358,Revision adicional por analista; simulacion BAF
940243,7,0.1281701425581005,359,Revision adicional por analista; simulacion BAF
992615,7,0.1280987111267378,360,Revision adicional por analista; simulacion BAF
955121,7,0.12805119863137812,361,Revision adicional por analista; simulacion BAF
972680,7,0.12785556680642524,362,Revision adicional por analista; simulacion BAF
972339,7,0.1278051469788699,363,Revision adicional por analista; simulacion BAF
926216,7,0.127580220305865,364,Revision adicional por analista; simulacion BAF
992193,7,0.12757123586378358,365,Revision adicional por analista; simulacion BAF
939964,7,0.1274169252023542,366,Revision adicional por analista; simulacion BAF
903731,7,0.1273940513331106,367,Revision adicional por analista; simulacion BAF
909720,7,0.12739232869128353,368,Revision adicional por analista; simulacion BAF
976667,7,0.1272940756055469,369,Revision adicional por analista; simulacion BAF
906927,7,0.12722093679346966,370,Revision adicional por analista; simulacion BAF
970967,7,0.12722036028431882,371,Revision adicional por analista; simulacion BAF
935338,7,0.12706711256085787,372,Revision adicional por analista; simulacion BAF
939694,7,0.12698095706720866,373,Revision adicional por analista; simulacion BAF
949930,7,0.1268890795801599,374,Revision adicional por analista; simulacion BAF
932260,7,0.12678095869558173,375,Revision adicional por analista; simulacion BAF
908005,7,0.12672477564955142,376,Revision adicional por analista; simulacion BAF
939354,7,0.12655070804700758,377,Revision adicional por analista; simulacion BAF
916614,7,0.12654519439809464,378,Revision adicional por analista; simulacion BAF
963806,7,0.1264741161645676,379,Revision adicional por analista; simulacion BAF
918427,7,0.12622349976623243,380,Revision adicional por analista; simulacion BAF
950149,7,0.12550344550564776,381,Revision adicional por analista; simulacion BAF
904685,7,0.12491622790070603,382,Revision adicional por analista; simulacion BAF
929161,7,0.12490573952913275,383,Revision adicional por analista; simulacion BAF
954045,7,0.12490002198140641,384,Revision adicional por analista; simulacion BAF
905773,7,0.12472388026778204,385,Revision adicional por analista; simulacion BAF
939932,7,0.12454356034385752,386,Revision adicional por analista; simulacion BAF
959672,7,0.12442063413687529,387,Revision adicional por analista; simulacion BAF
949773,7,0.1241966527321361,388,Revision adicional por analista; simulacion BAF
996358,7,0.12415711950341757,389,Revision adicional por analista; simulacion BAF
941250,7,0.12410331989704923,390,Revision adicional por analista; simulacion BAF
977088,7,0.1240758652799618,391,Revision adicional por analista; simulacion BAF
925668,7,0.12405242756303608,392,Revision adicional por analista; simulacion BAF
931517,7,0.12395916938796099,393,Revision adicional por analista; simulacion BAF
945498,7,0.12361448799684728,394,Revision adicional por analista; simulacion BAF
928197,7,0.12335040928122949,395,Revision adicional por analista; simulacion BAF
989253,7,0.1230360552862584,396,Revision adicional por analista; simulacion BAF
938912,7,0.1228804924333186,397,Revision adicional por analista; simulacion BAF
930972,7,0.12258945188400779,398,Revision adicional por analista; simulacion BAF
971359,7,0.1225165043025878,399,Revision adicional por analista; simulacion BAF
975806,7,0.12247676638842446,400,Revision adicional por analista; simulacion BAF
908536,7,0.12227898473454557,401,Revision adicional por analista; simulacion BAF
954476,7,0.1221461967131643,402,Revision adicional por analista; simulacion BAF
967512,7,0.12196723280470866,403,Revision adicional por analista; simulacion BAF
939929,7,0.12176565950328039,404,Revision adicional por analista; simulacion BAF
915410,7,0.12155712703778465,405,Revision adicional por analista; simulacion BAF
944350,7,0.12121446641509726,406,Revision adicional por analista; simulacion BAF
957438,7,0.12103756191878609,407,Revision adicional por analista; simulacion BAF
907956,7,0.12102093501043318,408,Revision adicional por analista; simulacion BAF
978623,7,0.12100944249346382,409,Revision adicional por analista; simulacion BAF
927181,7,0.12078718595018453,410,Revision adicional por analista; simulacion BAF
998204,7,0.12077756154010796,411,Revision adicional por analista; simulacion BAF
963117,7,0.1206593934457939,412,Revision adicional por analista; simulacion BAF
949610,7,0.12060343490152126,413,Revision adicional por analista; simulacion BAF
958696,7,0.12043127435110104,414,Revision adicional por analista; simulacion BAF
932747,7,0.12015264436703345,415,Revision adicional por analista; simulacion BAF
983898,7,0.12011321199744962,416,Revision adicional por analista; simulacion BAF
954674,7,0.11979672744778316,417,Revision adicional por analista; simulacion BAF
999744,7,0.11954662632128384,418,Revision adicional por analista; simulacion BAF
991493,7,0.1194947898981897,419,Revision adicional por analista; simulacion BAF
959452,7,0.11943886433536702,420,Revision adicional por analista; simulacion BAF
958045,7,0.11942510837137538,421,Revision adicional por analista; simulacion BAF
910007,7,0.11934137957178285,422,Revision adicional por analista; simulacion BAF
933180,7,0.11918541641554262,423,Revision adicional por analista; simulacion BAF
997599,7,0.11913222571382039,424,Revision adicional por analista; simulacion BAF
912408,7,0.11911429548562302,425,Revision adicional por analista; simulacion BAF
930112,7,0.11906495491799339,426,Revision adicional por analista; simulacion BAF
920850,7,0.11899179679009682,427,Revision adicional por analista; simulacion BAF
997758,7,0.11895362955291237,428,Revision adicional por analista; simulacion BAF
990449,7,0.11871340720482877,429,Revision adicional por analista; simulacion BAF
923359,7,0.1186192743457794,430,Revision adicional por analista; simulacion BAF
948661,7,0.11846227564356104,431,Revision adicional por analista; simulacion BAF
970344,7,0.11842407750643533,432,Revision adicional por analista; simulacion BAF
971323,7,0.11840864741663265,433,Revision adicional por analista; simulacion BAF
942387,7,0.11820925499212293,434,Revision adicional por analista; simulacion BAF
960845,7,0.11812745187689072,435,Revision adicional por analista; simulacion BAF
930267,7,0.11805953670127646,436,Revision adicional por analista; simulacion BAF
939115,7,0.1180462418639017,437,Revision adicional por analista; simulacion BAF
940375,7,0.11802371400345718,438,Revision adicional por analista; simulacion BAF
936703,7,0.11798718177929285,439,Revision adicional por analista; simulacion BAF
947019,7,0.11769590263004956,440,Revision adicional por analista; simulacion BAF
921702,7,0.11767648838110788,441,Revision adicional por analista; simulacion BAF
907096,7,0.11762318642923494,442,Revision adicional por analista; simulacion BAF
995927,7,0.1176030052034393,443,Revision adicional por analista; simulacion BAF
969355,7,0.11746111185320443,444,Revision adicional por analista; simulacion BAF
957245,7,0.11737913306292677,445,Revision adicional por analista; simulacion BAF
907909,7,0.11734827693943735,446,Revision adicional por analista; simulacion BAF
922074,7,0.11726727040334013,447,Revision adicional por analista; simulacion BAF
909638,7,0.11709818516894616,448,Revision adicional por analista; simulacion BAF
958285,7,0.11706994258467285,449,Revision adicional por analista; simulacion BAF
918982,7,0.11705979387145302,450,Revision adicional por analista; simulacion BAF
978563,7,0.11684850067062028,451,Revision adicional por analista; simulacion BAF
980489,7,0.11673020699906832,452,Revision adicional por analista; simulacion BAF
947456,7,0.1166400568222449,453,Revision adicional por analista; simulacion BAF
935670,7,0.11663402482757658,454,Revision adicional por analista; simulacion BAF
938211,7,0.11662082338851097,455,Revision adicional por analista; simulacion BAF
917517,7,0.11644575964264404,456,Revision adicional por analista; simulacion BAF
918993,7,0.11636456080709838,457,Revision adicional por analista; simulacion BAF
931635,7,0.11625014513815804,458,Revision adicional por analista; simulacion BAF
917855,7,0.11600125006280201,459,Revision adicional por analista; simulacion BAF
909558,7,0.11589474385721094,460,Revision adicional por analista; simulacion BAF
971534,7,0.11586000887895351,461,Revision adicional por analista; simulacion BAF
938956,7,0.11583026903567638,462,Revision adicional por analista; simulacion BAF
919857,7,0.11557899887670403,463,Revision adicional por analista; simulacion BAF
928223,7,0.11502272748794651,464,Revision adicional por analista; simulacion BAF
963286,7,0.11483594973067199,465,Revision adicional por analista; simulacion BAF
960927,7,0.11482709146978323,466,Revision adicional por analista; simulacion BAF
983836,7,0.11473274634890937,467,Revision adicional por analista; simulacion BAF
943116,7,0.11462686318935862,468,Revision adicional por analista; simulacion BAF
927041,7,0.11453016958032974,469,Revision adicional por analista; simulacion BAF
962015,7,0.11449987011868377,470,Revision adicional por analista; simulacion BAF
967986,7,0.11419315629996617,471,Revision adicional por analista; simulacion BAF
983587,7,0.11411569036627293,472,Revision adicional por analista; simulacion BAF
984899,7,0.11406273455246849,473,Revision adicional por analista; simulacion BAF
953516,7,0.11403386343611494,474,Revision adicional por analista; simulacion BAF
930293,7,0.11369760782037588,475,Revision adicional por analista; simulacion BAF
963892,7,0.11365093097901979,476,Revision adicional por analista; simulacion BAF
940114,7,0.11363827279812587,477,Revision adicional por analista; simulacion BAF
941947,7,0.11356236810877776,478,Revision adicional por analista; simulacion BAF
986417,7,0.11351193414956973,479,Revision adicional por analista; simulacion BAF
981245,7,0.11333360473159347,480,Revision adicional por analista; simulacion BAF
999349,7,0.11333230827691398,481,Revision adicional por analista; simulacion BAF
905870,7,0.1131178747293055,482,Revision adicional por analista; simulacion BAF
922816,7,0.11308581665104477,483,Revision adicional por analista; simulacion BAF
972158,7,0.11302333095465705,484,Revision adicional por analista; simulacion BAF
904328,7,0.11293584771694162,485,Revision adicional por analista; simulacion BAF
916476,7,0.112773289951391,486,Revision adicional por analista; simulacion BAF
966603,7,0.1127647591065847,487,Revision adicional por analista; simulacion BAF
969999,7,0.11276013410082705,488,Revision adicional por analista; simulacion BAF
977906,7,0.11264699042455331,489,Revision adicional por analista; simulacion BAF
941524,7,0.1126444826927004,490,Revision adicional por analista; simulacion BAF
939512,7,0.11250212326006685,491,Revision adicional por analista; simulacion BAF
946720,7,0.11236590567159892,492,Revision adicional por analista; simulacion BAF
960173,7,0.11210988588774949,493,Revision adicional por analista; simulacion BAF
922659,7,0.11205602115402469,494,Revision adicional por analista; simulacion BAF
970226,7,0.11177383410042602,495,Revision adicional por analista; simulacion BAF
975676,7,0.11157044562864984,496,Revision adicional por analista; simulacion BAF
994641,7,0.11155870043999347,497,Revision adicional por analista; simulacion BAF
955673,7,0.11135818470143599,498,Revision adicional por analista; simulacion BAF
923987,7,0.1113391752419064,499,Revision adicional por analista; simulacion BAF
962464,7,0.11093548918119628,500,Revision adicional por analista; simulacion BAF
909265,7,0.1108823972034777,501,Revision adicional por analista; simulacion BAF
977426,7,0.1108726757894219,502,Revision adicional por analista; simulacion BAF
987403,7,0.11082529315706564,503,Revision adicional por analista; simulacion BAF
919081,7,0.11077748643816794,504,Revision adicional por analista; simulacion BAF
970916,7,0.11064954734845088,505,Revision adicional por analista; simulacion BAF
964694,7,0.1105790381904743,506,Revision adicional por analista; simulacion BAF
934354,7,0.11057502397690842,507,Revision adicional por analista; simulacion BAF
968960,7,0.11048093025688052,508,Revision adicional por analista; simulacion BAF
932691,7,0.11037816168606397,509,Revision adicional por analista; simulacion BAF
938165,7,0.11027623617321076,510,Revision adicional por analista; simulacion BAF
914039,7,0.1098630440259511,511,Revision adicional por analista; simulacion BAF
959451,7,0.10965484264033999,512,Revision adicional por analista; simulacion BAF
966243,7,0.10965087299128085,513,Revision adicional por analista; simulacion BAF
979626,7,0.10959400336455384,514,Revision adicional por analista; simulacion BAF
971589,7,0.10957482306449882,515,Revision adicional por analista; simulacion BAF
915276,7,0.1094258055793126,516,Revision adicional por analista; simulacion BAF
954783,7,0.1093999439212237,517,Revision adicional por analista; simulacion BAF
919970,7,0.1091195919329446,518,Revision adicional por analista; simulacion BAF
956389,7,0.10910264249461181,519,Revision adicional por analista; simulacion BAF
958321,7,0.10909965029358934,520,Revision adicional por analista; simulacion BAF
970118,7,0.10903504646009109,521,Revision adicional por analista; simulacion BAF
942786,7,0.10884314740248502,522,Revision adicional por analista; simulacion BAF
955710,7,0.1088351136128336,523,Revision adicional por analista; simulacion BAF
973686,7,0.10866664371419427,524,Revision adicional por analista; simulacion BAF
906022,7,0.10865214972211293,525,Revision adicional por analista; simulacion BAF
942454,7,0.10861854750613513,526,Revision adicional por analista; simulacion BAF
930041,7,0.10846332582069007,527,Revision adicional por analista; simulacion BAF
996899,7,0.10835344319163896,528,Revision adicional por analista; simulacion BAF
998128,7,0.10834803630431591,529,Revision adicional por analista; simulacion BAF
932959,7,0.10830987699936202,530,Revision adicional por analista; simulacion BAF
913367,7,0.10820921326915203,531,Revision adicional por analista; simulacion BAF
985470,7,0.10818399534203423,532,Revision adicional por analista; simulacion BAF
912258,7,0.1081730897451236,533,Revision adicional por analista; simulacion BAF
991008,7,0.1079683580199682,534,Revision adicional por analista; simulacion BAF
930199,7,0.10791166584208785,535,Revision adicional por analista; simulacion BAF
979397,7,0.10786996860067198,536,Revision adicional por analista; simulacion BAF
977390,7,0.10783655982298526,537,Revision adicional por analista; simulacion BAF
908550,7,0.10766023293845425,538,Revision adicional por analista; simulacion BAF
976674,7,0.10759307756161751,539,Revision adicional por analista; simulacion BAF
926473,7,0.10756311906086008,540,Revision adicional por analista; simulacion BAF
908643,7,0.1075364659455227,541,Revision adicional por analista; simulacion BAF
905134,7,0.10742700536187826,542,Revision adicional por analista; simulacion BAF
983773,7,0.10740987719831502,543,Revision adicional por analista; simulacion BAF
957000,7,0.10724245529904582,544,Revision adicional por analista; simulacion BAF
921656,7,0.10710412196702886,545,Revision adicional por analista; simulacion BAF
973170,7,0.10696355359447177,546,Revision adicional por analista; simulacion BAF
924545,7,0.10693132106132432,547,Revision adicional por analista; simulacion BAF
913067,7,0.10688695280214461,548,Revision adicional por analista; simulacion BAF
929614,7,0.10678034124519449,549,Revision adicional por analista; simulacion BAF
993864,7,0.10674724987447518,550,Revision adicional por analista; simulacion BAF
922999,7,0.10670576510546982,551,Revision adicional por analista; simulacion BAF
976895,7,0.1066192803187062,552,Revision adicional por analista; simulacion BAF
924488,7,0.1065883048432778,553,Revision adicional por analista; simulacion BAF
967675,7,0.10649367707964519,554,Revision adicional por analista; simulacion BAF
939850,7,0.10647054326795813,555,Revision adicional por analista; simulacion BAF
986128,7,0.1064027972050959,556,Revision adicional por analista; simulacion BAF
939520,7,0.10632059100734753,557,Revision adicional por analista; simulacion BAF
907564,7,0.10631241747244521,558,Revision adicional por analista; simulacion BAF
928086,7,0.10627719440648668,559,Revision adicional por analista; simulacion BAF
944496,7,0.10623317727344801,560,Revision adicional por analista; simulacion BAF
972329,7,0.10619530991290721,561,Revision adicional por analista; simulacion BAF
907165,7,0.10593434556488433,562,Revision adicional por analista; simulacion BAF
911132,7,0.10589135966843022,563,Revision adicional por analista; simulacion BAF
939523,7,0.10588715612247536,564,Revision adicional por analista; simulacion BAF
991302,7,0.1056135551086044,565,Revision adicional por analista; simulacion BAF
914522,7,0.10547838313702575,566,Revision adicional por analista; simulacion BAF
971212,7,0.10543149993225655,567,Revision adicional por analista; simulacion BAF
968210,7,0.10506753807991892,568,Revision adicional por analista; simulacion BAF
994569,7,0.10505044386146757,569,Revision adicional por analista; simulacion BAF
968330,7,0.10498681668762912,570,Revision adicional por analista; simulacion BAF
919235,7,0.10492992956725407,571,Revision adicional por analista; simulacion BAF
949049,7,0.10479137804449003,572,Revision adicional por analista; simulacion BAF
923707,7,0.10478872121090493,573,Revision adicional por analista; simulacion BAF
956107,7,0.10460653523136357,574,Revision adicional por analista; simulacion BAF
972835,7,0.10451750335767934,575,Revision adicional por analista; simulacion BAF
931248,7,0.10450641130555859,576,Revision adicional por analista; simulacion BAF
927725,7,0.1044970807963955,577,Revision adicional por analista; simulacion BAF
910486,7,0.10431308802317264,578,Revision adicional por analista; simulacion BAF
927793,7,0.10420043599497737,579,Revision adicional por analista; simulacion BAF
917608,7,0.10409621051867267,580,Revision adicional por analista; simulacion BAF
988518,7,0.10409475725435725,581,Revision adicional por analista; simulacion BAF
954062,7,0.1040908480123869,582,Revision adicional por analista; simulacion BAF
980401,7,0.10406379599591413,583,Revision adicional por analista; simulacion BAF
955130,7,0.10402893796632941,584,Revision adicional por analista; simulacion BAF
936114,7,0.10398158378455302,585,Revision adicional por analista; simulacion BAF
953871,7,0.10396753110352137,586,Revision adicional por analista; simulacion BAF
922775,7,0.10386245153297215,587,Revision adicional por analista; simulacion BAF
941414,7,0.10385939821579557,588,Revision adicional por analista; simulacion BAF
965329,7,0.10383964615379912,589,Revision adicional por analista; simulacion BAF
982837,7,0.10360337195300687,590,Revision adicional por analista; simulacion BAF
964334,7,0.10342038458311112,591,Revision adicional por analista; simulacion BAF
909738,7,0.10338626873284584,592,Revision adicional por analista; simulacion BAF
946817,7,0.10329542892557551,593,Revision adicional por analista; simulacion BAF
943429,7,0.1032747219843012,594,Revision adicional por analista; simulacion BAF
940734,7,0.10311275530950147,595,Revision adicional por analista; simulacion BAF
993553,7,0.1030843376919364,596,Revision adicional por analista; simulacion BAF
922289,7,0.10298160132735933,597,Revision adicional por analista; simulacion BAF
953859,7,0.1029576521812801,598,Revision adicional por analista; simulacion BAF
982962,7,0.10292961878025404,599,Revision adicional por analista; simulacion BAF
916505,7,0.10289857450632725,600,Revision adicional por analista; simulacion BAF
904083,7,0.102788763589311,601,Revision adicional por analista; simulacion BAF
929762,7,0.10265537922233235,602,Revision adicional por analista; simulacion BAF
907884,7,0.10263244360562475,603,Revision adicional por analista; simulacion BAF
911758,7,0.10255380039179786,604,Revision adicional por analista; simulacion BAF
999672,7,0.10244675321616384,605,Revision adicional por analista; simulacion BAF
963786,7,0.10243828662847936,606,Revision adicional por analista; simulacion BAF
977476,7,0.10243272836832559,607,Revision adicional por analista; simulacion BAF
970737,7,0.10235305686396966,608,Revision adicional por analista; simulacion BAF
957900,7,0.10225443173372747,609,Revision adicional por analista; simulacion BAF
948647,7,0.10214557698793457,610,Revision adicional por analista; simulacion BAF
920354,7,0.1021247049624805,611,Revision adicional por analista; simulacion BAF
909196,7,0.10200217513804788,612,Revision adicional por analista; simulacion BAF
987079,7,0.10183612653207055,613,Revision adicional por analista; simulacion BAF
904808,7,0.10175184582343456,614,Revision adicional por analista; simulacion BAF
965975,7,0.10163465125546466,615,Revision adicional por analista; simulacion BAF
926557,7,0.10150599521181916,616,Revision adicional por analista; simulacion BAF
944895,7,0.1012746723177168,617,Revision adicional por analista; simulacion BAF
960472,7,0.10114133741178917,618,Revision adicional por analista; simulacion BAF
952264,7,0.10110910151482984,619,Revision adicional por analista; simulacion BAF
958723,7,0.10110659057676652,620,Revision adicional por analista; simulacion BAF
922413,7,0.10104499405847198,621,Revision adicional por analista; simulacion BAF
988815,7,0.10093673873598528,622,Revision adicional por analista; simulacion BAF
916543,7,0.10089814066474595,623,Revision adicional por analista; simulacion BAF
937506,7,0.10081800300915418,624,Revision adicional por analista; simulacion BAF
984070,7,0.10078963551402659,625,Revision adicional por analista; simulacion BAF
960607,7,0.10071320824922717,626,Revision adicional por analista; simulacion BAF
973035,7,0.10057226959221312,627,Revision adicional por analista; simulacion BAF
988384,7,0.10047984806421575,628,Revision adicional por analista; simulacion BAF
916827,7,0.10045905715576411,629,Revision adicional por analista; simulacion BAF
946307,7,0.1004210503249495,630,Revision adicional por analista; simulacion BAF
991211,7,0.10041496823616096,631,Revision adicional por analista; simulacion BAF
908138,7,0.10037469553481503,632,Revision adicional por analista; simulacion BAF
913810,7,0.10032335703935226,633,Revision adicional por analista; simulacion BAF
974943,7,0.10029520392454867,634,Revision adicional por analista; simulacion BAF
993713,7,0.10028213704288934,635,Revision adicional por analista; simulacion BAF
958335,7,0.10027372218802603,636,Revision adicional por analista; simulacion BAF
932841,7,0.10022662160133992,637,Revision adicional por analista; simulacion BAF
978650,7,0.10007606674070738,638,Revision adicional por analista; simulacion BAF
948704,7,0.10002495092650826,639,Revision adicional por analista; simulacion BAF
985759,7,0.09981813109926137,640,Revision adicional por analista; simulacion BAF
905526,7,0.09981341702364617,641,Revision adicional por analista; simulacion BAF
973553,7,0.09961141071748844,642,Revision adicional por analista; simulacion BAF
998134,7,0.09953140155637652,643,Revision adicional por analista; simulacion BAF
944716,7,0.0995093658896861,644,Revision adicional por analista; simulacion BAF
929156,7,0.09943405775946779,645,Revision adicional por analista; simulacion BAF
999083,7,0.09942723145972683,646,Revision adicional por analista; simulacion BAF
944113,7,0.09932128641608241,647,Revision adicional por analista; simulacion BAF
966800,7,0.09927436660588028,648,Revision adicional por analista; simulacion BAF
932529,7,0.09925367382691373,649,Revision adicional por analista; simulacion BAF
975478,7,0.09911035365209912,650,Revision adicional por analista; simulacion BAF
974851,7,0.09909457324846785,651,Revision adicional por analista; simulacion BAF
954980,7,0.09897453494957477,652,Revision adicional por analista; simulacion BAF
975179,7,0.09896061682148377,653,Revision adicional por analista; simulacion BAF
938757,7,0.09883387477845042,654,Revision adicional por analista; simulacion BAF
966464,7,0.09868529499566157,655,Revision adicional por analista; simulacion BAF
987583,7,0.0986168490701368,656,Revision adicional por analista; simulacion BAF
966799,7,0.0985192218948124,657,Revision adicional por analista; simulacion BAF
993755,7,0.09850453229293489,658,Revision adicional por analista; simulacion BAF
933562,7,0.09839306726109559,659,Revision adicional por analista; simulacion BAF
966881,7,0.09838125760292743,660,Revision adicional por analista; simulacion BAF
963015,7,0.09834110812835228,661,Revision adicional por analista; simulacion BAF
914144,7,0.09830712798904209,662,Revision adicional por analista; simulacion BAF
980234,7,0.09813137149029269,663,Revision adicional por analista; simulacion BAF
952361,7,0.09807509193976985,664,Revision adicional por analista; simulacion BAF
968332,7,0.0979488646782293,665,Revision adicional por analista; simulacion BAF
917468,7,0.09785522236986616,666,Revision adicional por analista; simulacion BAF
993519,7,0.09767001301987356,667,Revision adicional por analista; simulacion BAF
948158,7,0.09765923799721195,668,Revision adicional por analista; simulacion BAF
981393,7,0.09763832098398731,669,Revision adicional por analista; simulacion BAF
929715,7,0.0976289393024028,670,Revision adicional por analista; simulacion BAF
950671,7,0.09754326751842109,671,Revision adicional por analista; simulacion BAF
992477,7,0.09753211645782033,672,Revision adicional por analista; simulacion BAF
976462,7,0.09742178525945652,673,Revision adicional por analista; simulacion BAF
906169,7,0.09741535767974696,674,Revision adicional por analista; simulacion BAF
972774,7,0.09735354297411312,675,Revision adicional por analista; simulacion BAF
905714,7,0.09734689350575446,676,Revision adicional por analista; simulacion BAF
949180,7,0.09720823495200753,677,Revision adicional por analista; simulacion BAF
934227,7,0.09701714651171989,678,Revision adicional por analista; simulacion BAF
922488,7,0.09697889347490216,679,Revision adicional por analista; simulacion BAF
993169,7,0.09690298149185021,680,Revision adicional por analista; simulacion BAF
997350,7,0.09687223509135773,681,Revision adicional por analista; simulacion BAF
965730,7,0.09673408698549614,682,Revision adicional por analista; simulacion BAF
928710,7,0.09655779194105316,683,Revision adicional por analista; simulacion BAF
911406,7,0.09653377631139709,684,Revision adicional por analista; simulacion BAF
905034,7,0.09648531180554915,685,Revision adicional por analista; simulacion BAF
924290,7,0.09627334468473588,686,Revision adicional por analista; simulacion BAF
914741,7,0.09626893925935302,687,Revision adicional por analista; simulacion BAF
976103,7,0.09626499341282353,688,Revision adicional por analista; simulacion BAF
917273,7,0.09610009027229596,689,Revision adicional por analista; simulacion BAF
917375,7,0.09606727240331414,690,Revision adicional por analista; simulacion BAF
932725,7,0.09599275402610516,691,Revision adicional por analista; simulacion BAF
964662,7,0.09597871225111676,692,Revision adicional por analista; simulacion BAF
926676,7,0.0959118063386336,693,Revision adicional por analista; simulacion BAF
986183,7,0.09584412972896074,694,Revision adicional por analista; simulacion BAF
988208,7,0.09584169867150831,695,Revision adicional por analista; simulacion BAF
962143,7,0.09580644766228538,696,Revision adicional por analista; simulacion BAF
978597,7,0.09574145131881918,697,Revision adicional por analista; simulacion BAF
991919,7,0.09570302220048854,698,Revision adicional por analista; simulacion BAF
997682,7,0.09567520614130778,699,Revision adicional por analista; simulacion BAF
947778,7,0.09567284205380468,700,Revision adicional por analista; simulacion BAF
938762,7,0.09546707571580991,701,Revision adicional por analista; simulacion BAF
989865,7,0.09546455828515009,702,Revision adicional por analista; simulacion BAF
967911,7,0.09544942497026723,703,Revision adicional por analista; simulacion BAF
994498,7,0.09544843343925073,704,Revision adicional por analista; simulacion BAF
949888,7,0.09535303978328961,705,Revision adicional por analista; simulacion BAF
919236,7,0.09522919197109495,706,Revision adicional por analista; simulacion BAF
941127,7,0.0951959589888198,707,Revision adicional por analista; simulacion BAF
927578,7,0.09517520953761215,708,Revision adicional por analista; simulacion BAF
917385,7,0.09507695696268163,709,Revision adicional por analista; simulacion BAF
958738,7,0.09507597009533032,710,Revision adicional por analista; simulacion BAF
906160,7,0.09503972080213716,711,Revision adicional por analista; simulacion BAF
976743,7,0.09503081592428471,712,Revision adicional por analista; simulacion BAF
987318,7,0.0949923838597143,713,Revision adicional por analista; simulacion BAF
944871,7,0.09483184646842978,714,Revision adicional por analista; simulacion BAF
988292,7,0.09478549528870528,715,Revision adicional por analista; simulacion BAF
928561,7,0.094743163240092,716,Revision adicional por analista; simulacion BAF
996681,7,0.09472020903478044,717,Revision adicional por analista; simulacion BAF
917682,7,0.09463357856092722,718,Revision adicional por analista; simulacion BAF
953519,7,0.09462524580642481,719,Revision adicional por analista; simulacion BAF
962106,7,0.09460054858144504,720,Revision adicional por analista; simulacion BAF
905156,7,0.09449850281485057,721,Revision adicional por analista; simulacion BAF
977621,7,0.09435158391974142,722,Revision adicional por analista; simulacion BAF
958825,7,0.0943492101671192,723,Revision adicional por analista; simulacion BAF
967826,7,0.09427105876931997,724,Revision adicional por analista; simulacion BAF
959626,7,0.09423143295253959,725,Revision adicional por analista; simulacion BAF
989166,7,0.09415266757365606,726,Revision adicional por analista; simulacion BAF
924630,7,0.09406694474391933,727,Revision adicional por analista; simulacion BAF
955078,7,0.09394034501215608,728,Revision adicional por analista; simulacion BAF
951959,7,0.09385853439796679,729,Revision adicional por analista; simulacion BAF
927547,7,0.09385375635949819,730,Revision adicional por analista; simulacion BAF
973948,7,0.0937178356705104,731,Revision adicional por analista; simulacion BAF
965948,7,0.09368018968108219,732,Revision adicional por analista; simulacion BAF
962899,7,0.09360226374066863,733,Revision adicional por analista; simulacion BAF
956022,7,0.0935972424685627,734,Revision adicional por analista; simulacion BAF
964317,7,0.09352952277882555,735,Revision adicional por analista; simulacion BAF
913114,7,0.0932170544534218,736,Revision adicional por analista; simulacion BAF
976455,7,0.09320053604688508,737,Revision adicional por analista; simulacion BAF
985681,7,0.09318937222123584,738,Revision adicional por analista; simulacion BAF
993344,7,0.09309464102942598,739,Revision adicional por analista; simulacion BAF
955315,7,0.09309453356413068,740,Revision adicional por analista; simulacion BAF
906930,7,0.09305187007132248,741,Revision adicional por analista; simulacion BAF
930921,7,0.09297427093302606,742,Revision adicional por analista; simulacion BAF
944098,7,0.09288389791379795,743,Revision adicional por analista; simulacion BAF
936789,7,0.09283567224380618,744,Revision adicional por analista; simulacion BAF
956608,7,0.09279108558152285,745,Revision adicional por analista; simulacion BAF
990705,7,0.09261192290171845,746,Revision adicional por analista; simulacion BAF
962607,7,0.09244293430809523,747,Revision adicional por analista; simulacion BAF
995751,7,0.09241888038137176,748,Revision adicional por analista; simulacion BAF
957577,7,0.09241400181021225,749,Revision adicional por analista; simulacion BAF
960985,7,0.09231871794784037,750,Revision adicional por analista; simulacion BAF
946687,7,0.09225938743428586,751,Revision adicional por analista; simulacion BAF
988043,7,0.09220534946084347,752,Revision adicional por analista; simulacion BAF
946336,7,0.09216572881304405,753,Revision adicional por analista; simulacion BAF
968982,7,0.0921381548135936,754,Revision adicional por analista; simulacion BAF
981120,7,0.09204782310431084,755,Revision adicional por analista; simulacion BAF
926817,7,0.0917520722015585,756,Revision adicional por analista; simulacion BAF
989017,7,0.09174779936389116,757,Revision adicional por analista; simulacion BAF
933273,7,0.09168133284116901,758,Revision adicional por analista; simulacion BAF
999023,7,0.09164874497992674,759,Revision adicional por analista; simulacion BAF
946257,7,0.09156614765990743,760,Revision adicional por analista; simulacion BAF
997357,7,0.09154700647699021,761,Revision adicional por analista; simulacion BAF
922153,7,0.09153810948062434,762,Revision adicional por analista; simulacion BAF
949369,7,0.09150611999151938,763,Revision adicional por analista; simulacion BAF
986014,7,0.09144466663804929,764,Revision adicional por analista; simulacion BAF
999986,7,0.0914425907082336,765,Revision adicional por analista; simulacion BAF
961654,7,0.0914157651763052,766,Revision adicional por analista; simulacion BAF
908758,7,0.09132974588185544,767,Revision adicional por analista; simulacion BAF
914123,7,0.09130661184107677,768,Revision adicional por analista; simulacion BAF
976423,7,0.0912922376982977,769,Revision adicional por analista; simulacion BAF
922155,7,0.09113071540621286,770,Revision adicional por analista; simulacion BAF
940461,7,0.0911210656605295,771,Revision adicional por analista; simulacion BAF
940053,7,0.09108840926417713,772,Revision adicional por analista; simulacion BAF
992062,7,0.09105587731650665,773,Revision adicional por analista; simulacion BAF
934466,7,0.09103046992011808,774,Revision adicional por analista; simulacion BAF
986824,7,0.09097865500881755,775,Revision adicional por analista; simulacion BAF
956512,7,0.09083793770088831,776,Revision adicional por analista; simulacion BAF
988154,7,0.09063052369270574,777,Revision adicional por analista; simulacion BAF
915997,7,0.09058541969328926,778,Revision adicional por analista; simulacion BAF
985038,7,0.09058321587782014,779,Revision adicional por analista; simulacion BAF
905873,7,0.09057088998150593,780,Revision adicional por analista; simulacion BAF
997498,7,0.09056144036087474,781,Revision adicional por analista; simulacion BAF
998586,7,0.09046911485350047,782,Revision adicional por analista; simulacion BAF
928859,7,0.09044506717457476,783,Revision adicional por analista; simulacion BAF
980361,7,0.09038454620565776,784,Revision adicional por analista; simulacion BAF
940378,7,0.09035213463329286,785,Revision adicional por analista; simulacion BAF
979580,7,0.0901142276107088,786,Revision adicional por analista; simulacion BAF
984417,7,0.09005620405871324,787,Revision adicional por analista; simulacion BAF
964024,7,0.09001435690054682,788,Revision adicional por analista; simulacion BAF
969075,7,0.08962793047206094,789,Revision adicional por analista; simulacion BAF
951834,7,0.08952167210793625,790,Revision adicional por analista; simulacion BAF
954351,7,0.08948342998622162,791,Revision adicional por analista; simulacion BAF
913553,7,0.08947381153876578,792,Revision adicional por analista; simulacion BAF
920431,7,0.08940186816957986,793,Revision adicional por analista; simulacion BAF
968756,7,0.08935973612093386,794,Revision adicional por analista; simulacion BAF
944822,7,0.08933998486028766,795,Revision adicional por analista; simulacion BAF
995877,7,0.08929148153252597,796,Revision adicional por analista; simulacion BAF
933726,7,0.08924185003162581,797,Revision adicional por analista; simulacion BAF
984711,7,0.08921844281537682,798,Revision adicional por analista; simulacion BAF
986632,7,0.0892171383327877,799,Revision adicional por analista; simulacion BAF
945950,7,0.08912575207884398,800,Revision adicional por analista; simulacion BAF
983326,7,0.08911042608090627,801,Revision adicional por analista; simulacion BAF
984462,7,0.0890163073526618,802,Revision adicional por analista; simulacion BAF
949407,7,0.08900242763853221,803,Revision adicional por analista; simulacion BAF
974949,7,0.08899047360667518,804,Revision adicional por analista; simulacion BAF
944939,7,0.08894226377853148,805,Revision adicional por analista; simulacion BAF
973453,7,0.08889304696932893,806,Revision adicional por analista; simulacion BAF
979960,7,0.08886469329680435,807,Revision adicional por analista; simulacion BAF
957294,7,0.08885576329282306,808,Revision adicional por analista; simulacion BAF
967743,7,0.0887987246171104,809,Revision adicional por analista; simulacion BAF
990569,7,0.08870832067970139,810,Revision adicional por analista; simulacion BAF
941141,7,0.08844310907572124,811,Revision adicional por analista; simulacion BAF
919652,7,0.08843138747525114,812,Revision adicional por analista; simulacion BAF
916541,7,0.0883620901822368,813,Revision adicional por analista; simulacion BAF
950921,7,0.08826916665290456,814,Revision adicional por analista; simulacion BAF
956655,7,0.08823889843836115,815,Revision adicional por analista; simulacion BAF
985320,7,0.08805253587610748,816,Revision adicional por analista; simulacion BAF
937082,7,0.08785362354965036,817,Revision adicional por analista; simulacion BAF
977554,7,0.0878392373043469,818,Revision adicional por analista; simulacion BAF
968143,7,0.08778012656404763,819,Revision adicional por analista; simulacion BAF
934161,7,0.08774792617172279,820,Revision adicional por analista; simulacion BAF
919365,7,0.08773626813302056,821,Revision adicional por analista; simulacion BAF
912858,7,0.08772898550041877,822,Revision adicional por analista; simulacion BAF
992674,7,0.08761647917056349,823,Revision adicional por analista; simulacion BAF
931588,7,0.08758491626647258,824,Revision adicional por analista; simulacion BAF
984688,7,0.08758256033941836,825,Revision adicional por analista; simulacion BAF
932085,7,0.08757211567598974,826,Revision adicional por analista; simulacion BAF
960766,7,0.08748696580957685,827,Revision adicional por analista; simulacion BAF
918548,7,0.08748025482022379,828,Revision adicional por analista; simulacion BAF
988992,7,0.08746785510442319,829,Revision adicional por analista; simulacion BAF
977162,7,0.08741086240935732,830,Revision adicional por analista; simulacion BAF
930787,7,0.08738162718158168,831,Revision adicional por analista; simulacion BAF
938832,7,0.08735372309024138,832,Revision adicional por analista; simulacion BAF
980570,7,0.08733222777765821,833,Revision adicional por analista; simulacion BAF
971115,7,0.08732750401812547,834,Revision adicional por analista; simulacion BAF
994520,7,0.08730102356657529,835,Revision adicional por analista; simulacion BAF
958542,7,0.0872203021368875,836,Revision adicional por analista; simulacion BAF
980582,7,0.08721805527361112,837,Revision adicional por analista; simulacion BAF
978095,7,0.08706552380014825,838,Revision adicional por analista; simulacion BAF
916648,7,0.08699532950183635,839,Revision adicional por analista; simulacion BAF
979246,7,0.08692679736517868,840,Revision adicional por analista; simulacion BAF
922498,7,0.0868962908800784,841,Revision adicional por analista; simulacion BAF
966389,7,0.08686539681755544,842,Revision adicional por analista; simulacion BAF
904514,7,0.0868386197873001,843,Revision adicional por analista; simulacion BAF
930582,7,0.08677714690143314,844,Revision adicional por analista; simulacion BAF
961924,7,0.08676193592544999,845,Revision adicional por analista; simulacion BAF
919906,7,0.08672470372326041,846,Revision adicional por analista; simulacion BAF
920630,7,0.08660008799060454,847,Revision adicional por analista; simulacion BAF
941434,7,0.08658537636731976,848,Revision adicional por analista; simulacion BAF
951452,7,0.08651299605534836,849,Revision adicional por analista; simulacion BAF
922536,7,0.0864790723167513,850,Revision adicional por analista; simulacion BAF
961068,7,0.08639581267876743,851,Revision adicional por analista; simulacion BAF
927358,7,0.08631280677232284,852,Revision adicional por analista; simulacion BAF
986344,7,0.0863043452502137,853,Revision adicional por analista; simulacion BAF
961431,7,0.08618109308761775,854,Revision adicional por analista; simulacion BAF
963492,7,0.08599070837523824,855,Revision adicional por analista; simulacion BAF
983818,7,0.08593535323092501,856,Revision adicional por analista; simulacion BAF
913987,7,0.08591351579153868,857,Revision adicional por analista; simulacion BAF
999874,7,0.0858327555238951,858,Revision adicional por analista; simulacion BAF
968591,7,0.0857515247086128,859,Revision adicional por analista; simulacion BAF
940503,7,0.08570201563129264,860,Revision adicional por analista; simulacion BAF
992935,7,0.08566880145808801,861,Revision adicional por analista; simulacion BAF
932027,7,0.08562367270850814,862,Revision adicional por analista; simulacion BAF
938592,7,0.0855768975223741,863,Revision adicional por analista; simulacion BAF
978942,7,0.08556944541602693,864,Revision adicional por analista; simulacion BAF
988726,7,0.08556342301081024,865,Revision adicional por analista; simulacion BAF
964161,7,0.0855629882299492,866,Revision adicional por analista; simulacion BAF
942731,7,0.08546395822561513,867,Revision adicional por analista; simulacion BAF
985278,7,0.08544934004773315,868,Revision adicional por analista; simulacion BAF
977347,7,0.08544734597611013,869,Revision adicional por analista; simulacion BAF
929121,7,0.08542557210238422,870,Revision adicional por analista; simulacion BAF
914611,7,0.08527560862540516,871,Revision adicional por analista; simulacion BAF
914947,7,0.08527209393106815,872,Revision adicional por analista; simulacion BAF
938987,7,0.08510821490130961,873,Revision adicional por analista; simulacion BAF
949201,7,0.08508571435412658,874,Revision adicional por analista; simulacion BAF
994213,7,0.08503502531813065,875,Revision adicional por analista; simulacion BAF
985216,7,0.0850298526845519,876,Revision adicional por analista; simulacion BAF
956663,7,0.08494362627831208,877,Revision adicional por analista; simulacion BAF
938449,7,0.08492255683419464,878,Revision adicional por analista; simulacion BAF
977011,7,0.08488625100364977,879,Revision adicional por analista; simulacion BAF
943868,7,0.08486499250742724,880,Revision adicional por analista; simulacion BAF
966302,7,0.08484231603637622,881,Revision adicional por analista; simulacion BAF
973032,7,0.08482304618748031,882,Revision adicional por analista; simulacion BAF
910690,7,0.08467865872202332,883,Revision adicional por analista; simulacion BAF
932784,7,0.084673331606117,884,Revision adicional por analista; simulacion BAF
938039,7,0.08464763133122885,885,Revision adicional por analista; simulacion BAF
983858,7,0.08458083775194085,886,Revision adicional por analista; simulacion BAF
942285,7,0.08451129233500705,887,Revision adicional por analista; simulacion BAF
959262,7,0.08448517860797575,888,Revision adicional por analista; simulacion BAF
997279,7,0.08440613447079572,889,Revision adicional por analista; simulacion BAF
945487,7,0.08438396896125099,890,Revision adicional por analista; simulacion BAF
993078,7,0.0843087461617777,891,Revision adicional por analista; simulacion BAF
982518,7,0.0843045688057653,892,Revision adicional por analista; simulacion BAF
995607,7,0.08429104332692595,893,Revision adicional por analista; simulacion BAF
999167,7,0.08426834951314158,894,Revision adicional por analista; simulacion BAF
922366,7,0.08419314898084765,895,Revision adicional por analista; simulacion BAF
922694,7,0.0841523026322444,896,Revision adicional por analista; simulacion BAF
962647,7,0.08408064831597925,897,Revision adicional por analista; simulacion BAF
926023,7,0.08407676840401379,898,Revision adicional por analista; simulacion BAF
995405,7,0.08405335977822707,899,Revision adicional por analista; simulacion BAF
962949,7,0.08405053917296015,900,Revision adicional por analista; simulacion BAF
972162,7,0.08402488813562725,901,Revision adicional por analista; simulacion BAF
941375,7,0.08394793825217381,902,Revision adicional por analista; simulacion BAF
907563,7,0.08394077203030192,903,Revision adicional por analista; simulacion BAF
999918,7,0.08391483834027463,904,Revision adicional por analista; simulacion BAF
928804,7,0.08391155142983382,905,Revision adicional por analista; simulacion BAF
972791,7,0.08382124043044277,906,Revision adicional por analista; simulacion BAF
939552,7,0.08380817269320824,907,Revision adicional por analista; simulacion BAF
955451,7,0.08375328426591216,908,Revision adicional por analista; simulacion BAF
903738,7,0.08375198153577759,909,Revision adicional por analista; simulacion BAF
964974,7,0.08374519133047816,910,Revision adicional por analista; simulacion BAF
906517,7,0.0836575368181171,911,Revision adicional por analista; simulacion BAF
939351,7,0.08354431474496946,912,Revision adicional por analista; simulacion BAF
982447,7,0.0834759449904326,913,Revision adicional por analista; simulacion BAF
992928,7,0.08346240879227387,914,Revision adicional por analista; simulacion BAF
971114,7,0.08339281580616592,915,Revision adicional por analista; simulacion BAF
975192,7,0.08326931929756809,916,Revision adicional por analista; simulacion BAF
970511,7,0.08323661370340464,917,Revision adicional por analista; simulacion BAF
915616,7,0.08307442757881281,918,Revision adicional por analista; simulacion BAF
947269,7,0.0830421905516661,919,Revision adicional por analista; simulacion BAF
935191,7,0.08300195792604917,920,Revision adicional por analista; simulacion BAF
911671,7,0.08278687255783584,921,Revision adicional por analista; simulacion BAF
965980,7,0.08265850827796069,922,Revision adicional por analista; simulacion BAF
921229,7,0.08264991265046394,923,Revision adicional por analista; simulacion BAF
931291,7,0.0826336717332883,924,Revision adicional por analista; simulacion BAF
923765,7,0.08262209070006389,925,Revision adicional por analista; simulacion BAF
937750,7,0.08260705327302414,926,Revision adicional por analista; simulacion BAF
974168,7,0.08255572754749937,927,Revision adicional por analista; simulacion BAF
972256,7,0.08254745128303498,928,Revision adicional por analista; simulacion BAF
996697,7,0.08252945342692189,929,Revision adicional por analista; simulacion BAF
977757,7,0.08247786259688479,930,Revision adicional por analista; simulacion BAF
936870,7,0.08235088123302485,931,Revision adicional por analista; simulacion BAF
921499,7,0.08230723314115586,932,Revision adicional por analista; simulacion BAF
985206,7,0.08224239946147979,933,Revision adicional por analista; simulacion BAF
961980,7,0.08220157740380701,934,Revision adicional por analista; simulacion BAF
966700,7,0.08215422096690903,935,Revision adicional por analista; simulacion BAF
969134,7,0.08213596143717272,936,Revision adicional por analista; simulacion BAF
979981,7,0.08203137727020336,937,Revision adicional por analista; simulacion BAF
995273,7,0.08200493493177594,938,Revision adicional por analista; simulacion BAF
932651,7,0.0819316846895682,939,Revision adicional por analista; simulacion BAF
980680,7,0.08185619312704802,940,Revision adicional por analista; simulacion BAF
974804,7,0.08182304890531017,941,Revision adicional por analista; simulacion BAF
984209,7,0.08179275059247736,942,Revision adicional por analista; simulacion BAF
984791,7,0.08172424346458491,943,Revision adicional por analista; simulacion BAF
910726,7,0.08168582439087814,944,Revision adicional por analista; simulacion BAF
953808,7,0.0816594262087645,945,Revision adicional por analista; simulacion BAF
933980,7,0.08165639592631704,946,Revision adicional por analista; simulacion BAF
995166,7,0.08162281139148451,947,Revision adicional por analista; simulacion BAF
948420,7,0.08158945631686672,948,Revision adicional por analista; simulacion BAF
932917,7,0.0815485558397973,949,Revision adicional por analista; simulacion BAF
950376,7,0.08144493705582093,950,Revision adicional por analista; simulacion BAF
930316,7,0.08119501762095664,951,Revision adicional por analista; simulacion BAF
945060,7,0.08117482794007588,952,Revision adicional por analista; simulacion BAF
956563,7,0.08116615137643392,953,Revision adicional por analista; simulacion BAF
978284,7,0.08112707937889334,954,Revision adicional por analista; simulacion BAF
976527,7,0.08109706340528353,955,Revision adicional por analista; simulacion BAF
912628,7,0.0810585413128596,956,Revision adicional por analista; simulacion BAF
908316,7,0.08103296168276655,957,Revision adicional por analista; simulacion BAF
967598,7,0.08099771993063651,958,Revision adicional por analista; simulacion BAF
912660,7,0.0809421501397661,959,Revision adicional por analista; simulacion BAF
950428,7,0.0809238783996083,960,Revision adicional por analista; simulacion BAF
936496,7,0.08073467193272588,961,Revision adicional por analista; simulacion BAF
916992,7,0.08057025265351368,962,Revision adicional por analista; simulacion BAF
930379,7,0.08056519873959472,963,Revision adicional por analista; simulacion BAF
929339,7,0.08054891751801603,964,Revision adicional por analista; simulacion BAF
921532,7,0.08048335618974625,965,Revision adicional por analista; simulacion BAF
949361,7,0.08047701613310858,966,Revision adicional por analista; simulacion BAF
967883,7,0.08045735114249154,967,Revision adicional por analista; simulacion BAF
949602,7,0.08041177526453341,968,Revision adicional por analista; simulacion BAF
956803,7,0.08026647366111384,969,Revision adicional por analista; simulacion BAF
980844,7,0.08023576926010703,970,Revision adicional por analista; simulacion BAF
933531,7,0.08020426200513772,971,Revision adicional por analista; simulacion BAF
935593,7,0.08019805313522857,972,Revision adicional por analista; simulacion BAF
943675,7,0.08007994435144164,973,Revision adicional por analista; simulacion BAF
918303,7,0.08002037146389411,974,Revision adicional por analista; simulacion BAF
983616,7,0.07974517222899044,975,Revision adicional por analista; simulacion BAF
942550,7,0.07973892603775892,976,Revision adicional por analista; simulacion BAF
936862,7,0.07970412158513232,977,Revision adicional por analista; simulacion BAF
942527,7,0.07967757602048474,978,Revision adicional por analista; simulacion BAF
973573,7,0.07967598462116322,979,Revision adicional por analista; simulacion BAF
907988,7,0.0796608123871034,980,Revision adicional por analista; simulacion BAF
933737,7,0.07963510044064781,981,Revision adicional por analista; simulacion BAF
928769,7,0.07953805721477206,982,Revision adicional por analista; simulacion BAF
969105,7,0.07944444366524797,983,Revision adicional por analista; simulacion BAF
982724,7,0.07942527464397019,984,Revision adicional por analista; simulacion BAF
907155,7,0.07937388042999008,985,Revision adicional por analista; simulacion BAF
996413,7,0.07935503935934955,986,Revision adicional por analista; simulacion BAF
905142,7,0.07932997356957563,987,Revision adicional por analista; simulacion BAF
982586,7,0.07929970109601253,988,Revision adicional por analista; simulacion BAF
905293,7,0.0792283142629858,989,Revision adicional por analista; simulacion BAF
958219,7,0.07922371273864584,990,Revision adicional por analista; simulacion BAF
913605,7,0.0791985252316644,991,Revision adicional por analista; simulacion BAF
956911,7,0.07917878209120312,992,Revision adicional por analista; simulacion BAF
921831,7,0.07912757887229441,993,Revision adicional por analista; simulacion BAF
940719,7,0.07908077441544964,994,Revision adicional por analista; simulacion BAF
970007,7,0.07896626293925094,995,Revision adicional por analista; simulacion BAF
986217,7,0.07894930496695787,996,Revision adicional por analista; simulacion BAF
920958,7,0.07886877623475648,997,Revision adicional por analista; simulacion BAF
920543,7,0.07883043832597324,998,Revision adicional por analista; simulacion BAF
909310,7,0.07875132412824597,999,Revision adicional por analista; simulacion BAF
994844,7,0.07871757446164612,1000,Revision adicional por analista; simulacion BAF
999887,7,0.0787053546213152,1001,Revision adicional por analista; simulacion BAF
942714,7,0.07866418686495394,1002,Revision adicional por analista; simulacion BAF
929436,7,0.07836225749774674,1003,Revision adicional por analista; simulacion BAF
982673,7,0.07827131554697174,1004,Revision adicional por analista; simulacion BAF
927697,7,0.078219590167941,1005,Revision adicional por analista; simulacion BAF
981871,7,0.07819818843612608,1006,Revision adicional por analista; simulacion BAF
907169,7,0.07811332040644699,1007,Revision adicional por analista; simulacion BAF
988079,7,0.0780953113083841,1008,Revision adicional por analista; simulacion BAF
941400,7,0.07803084182973588,1009,Revision adicional por analista; simulacion BAF
959820,7,0.07799792824450065,1010,Revision adicional por analista; simulacion BAF
942591,7,0.07793375667661677,1011,Revision adicional por analista; simulacion BAF
950036,7,0.0779167466023435,1012,Revision adicional por analista; simulacion BAF
922367,7,0.07790700933007061,1013,Revision adicional por analista; simulacion BAF
930898,7,0.07781038344486978,1014,Revision adicional por analista; simulacion BAF
944378,7,0.07778447145063774,1015,Revision adicional por analista; simulacion BAF
988330,7,0.07777395720867503,1016,Revision adicional por analista; simulacion BAF
953567,7,0.07776260747024054,1017,Revision adicional por analista; simulacion BAF
922993,7,0.07747155646082951,1018,Revision adicional por analista; simulacion BAF
909193,7,0.07727298137661476,1019,Revision adicional por analista; simulacion BAF
980747,7,0.0771935597239441,1020,Revision adicional por analista; simulacion BAF
916450,7,0.07714160497979786,1021,Revision adicional por analista; simulacion BAF
935205,7,0.07708994490428579,1022,Revision adicional por analista; simulacion BAF
906407,7,0.07705743226618955,1023,Revision adicional por analista; simulacion BAF
957300,7,0.07702137939126767,1024,Revision adicional por analista; simulacion BAF
999391,7,0.07700115178104745,1025,Revision adicional por analista; simulacion BAF
965922,7,0.07698739979196659,1026,Revision adicional por analista; simulacion BAF
983344,7,0.07697674296439047,1027,Revision adicional por analista; simulacion BAF
980932,7,0.0768513150609544,1028,Revision adicional por analista; simulacion BAF
947966,7,0.07682961891681386,1029,Revision adicional por analista; simulacion BAF
940157,7,0.07675535867698008,1030,Revision adicional por analista; simulacion BAF
945468,7,0.07674889549471754,1031,Revision adicional por analista; simulacion BAF
938078,7,0.07674308588386716,1032,Revision adicional por analista; simulacion BAF
907969,7,0.07674143821998003,1033,Revision adicional por analista; simulacion BAF
927722,7,0.07668177586497797,1034,Revision adicional por analista; simulacion BAF
973865,7,0.07663955126005571,1035,Revision adicional por analista; simulacion BAF
980838,7,0.07659441499913694,1036,Revision adicional por analista; simulacion BAF
973064,7,0.07655944273246543,1037,Revision adicional por analista; simulacion BAF
930961,7,0.0765485531926725,1038,Revision adicional por analista; simulacion BAF
994530,7,0.07651049614498077,1039,Revision adicional por analista; simulacion BAF
991608,7,0.07645931392833004,1040,Revision adicional por analista; simulacion BAF
960159,7,0.07644166782879713,1041,Revision adicional por analista; simulacion BAF
923924,7,0.0764311782319186,1042,Revision adicional por analista; simulacion BAF
981010,7,0.07642674406653852,1043,Revision adicional por analista; simulacion BAF
994322,7,0.07641863911431408,1044,Revision adicional por analista; simulacion BAF
946377,7,0.07638374363528806,1045,Revision adicional por analista; simulacion BAF
977608,7,0.07629290576983885,1046,Revision adicional por analista; simulacion BAF
966264,7,0.07628074836514445,1047,Revision adicional por analista; simulacion BAF
964550,7,0.07621943315706095,1048,Revision adicional por analista; simulacion BAF
979868,7,0.07620999067628056,1049,Revision adicional por analista; simulacion BAF
948606,7,0.07615895169132375,1050,Revision adicional por analista; simulacion BAF
987756,7,0.07614134005086148,1051,Revision adicional por analista; simulacion BAF
954011,7,0.07606383807854698,1052,Revision adicional por analista; simulacion BAF
974329,7,0.07605840204668068,1053,Revision adicional por analista; simulacion BAF
911332,7,0.07605041566675434,1054,Revision adicional por analista; simulacion BAF
967055,7,0.07593895774974245,1055,Revision adicional por analista; simulacion BAF
945389,7,0.07592680091484265,1056,Revision adicional por analista; simulacion BAF
986487,7,0.07579829985598578,1057,Revision adicional por analista; simulacion BAF
973157,7,0.07577846038249215,1058,Revision adicional por analista; simulacion BAF
910343,7,0.07576892267595807,1059,Revision adicional por analista; simulacion BAF
948065,7,0.07572129334144995,1060,Revision adicional por analista; simulacion BAF
944710,7,0.07570764638790879,1061,Revision adicional por analista; simulacion BAF
968214,7,0.07565662423906049,1062,Revision adicional por analista; simulacion BAF
924023,7,0.07565503302162874,1063,Revision adicional por analista; simulacion BAF
989317,7,0.07563999092094476,1064,Revision adicional por analista; simulacion BAF
979905,7,0.07556734627551748,1065,Revision adicional por analista; simulacion BAF
963722,7,0.0755360566028362,1066,Revision adicional por analista; simulacion BAF
968558,7,0.07551977978730101,1067,Revision adicional por analista; simulacion BAF
959892,7,0.07551218037992176,1068,Revision adicional por analista; simulacion BAF
904504,7,0.07545633356968805,1069,Revision adicional por analista; simulacion BAF
941728,7,0.07537428201022212,1070,Revision adicional por analista; simulacion BAF
967969,7,0.07536843024474445,1071,Revision adicional por analista; simulacion BAF
936759,7,0.075326971046878,1072,Revision adicional por analista; simulacion BAF
907975,7,0.07531803584108003,1073,Revision adicional por analista; simulacion BAF
946868,7,0.07527465001713504,1074,Revision adicional por analista; simulacion BAF
920313,7,0.07520093918964599,1075,Revision adicional por analista; simulacion BAF
924087,7,0.07519701524908214,1076,Revision adicional por analista; simulacion BAF
946034,7,0.07506667967240521,1077,Revision adicional por analista; simulacion BAF
961846,7,0.07481027693171272,1078,Revision adicional por analista; simulacion BAF
942166,7,0.07478566379724355,1079,Revision adicional por analista; simulacion BAF
953464,7,0.07476577756685869,1080,Revision adicional por analista; simulacion BAF
979593,7,0.07475907239870638,1081,Revision adicional por analista; simulacion BAF
920781,7,0.07473320008339578,1082,Revision adicional por analista; simulacion BAF
964844,7,0.0747328535775236,1083,Revision adicional por analista; simulacion BAF
980901,7,0.07459179171876754,1084,Revision adicional por analista; simulacion BAF
962664,7,0.07459000191789925,1085,Revision adicional por analista; simulacion BAF
978029,7,0.07456699731017086,1086,Revision adicional por analista; simulacion BAF
983656,7,0.07456070320360816,1087,Revision adicional por analista; simulacion BAF
995708,7,0.07455992104129616,1088,Revision adicional por analista; simulacion BAF
995067,7,0.0743855719847203,1089,Revision adicional por analista; simulacion BAF
929608,7,0.07433547751316837,1090,Revision adicional por analista; simulacion BAF
970583,7,0.07431000619833597,1091,Revision adicional por analista; simulacion BAF
932834,7,0.07428696917696732,1092,Revision adicional por analista; simulacion BAF
942090,7,0.07424669931799699,1093,Revision adicional por analista; simulacion BAF
915584,7,0.0742306880821278,1094,Revision adicional por analista; simulacion BAF
955168,7,0.07422633720164486,1095,Revision adicional por analista; simulacion BAF
974866,7,0.07421253264847189,1096,Revision adicional por analista; simulacion BAF
963800,7,0.07418035112279536,1097,Revision adicional por analista; simulacion BAF
948745,7,0.07392066587091496,1098,Revision adicional por analista; simulacion BAF
922827,7,0.07386781506481793,1099,Revision adicional por analista; simulacion BAF
927302,7,0.07377591850900271,1100,Revision adicional por analista; simulacion BAF
922556,7,0.07377278819662438,1101,Revision adicional por analista; simulacion BAF
917288,7,0.0737164428764703,1102,Revision adicional por analista; simulacion BAF
928362,7,0.0737142482018079,1103,Revision adicional por analista; simulacion BAF
964759,7,0.0735887669235747,1104,Revision adicional por analista; simulacion BAF
995775,7,0.07343693044081158,1105,Revision adicional por analista; simulacion BAF
969457,7,0.07343379418094617,1106,Revision adicional por analista; simulacion BAF
993652,7,0.07340430384563239,1107,Revision adicional por analista; simulacion BAF
961948,7,0.07333015042544708,1108,Revision adicional por analista; simulacion BAF
977484,7,0.07332607998260603,1109,Revision adicional por analista; simulacion BAF
943509,7,0.07329608309280425,1110,Revision adicional por analista; simulacion BAF
980699,7,0.07329600957843997,1111,Revision adicional por analista; simulacion BAF
941487,7,0.07321310069750743,1112,Revision adicional por analista; simulacion BAF
921867,7,0.0732073383892998,1113,Revision adicional por analista; simulacion BAF
949813,7,0.07316700972614754,1114,Revision adicional por analista; simulacion BAF
994876,7,0.0731000957725173,1115,Revision adicional por analista; simulacion BAF
989918,7,0.07308994563880286,1116,Revision adicional por analista; simulacion BAF
974882,7,0.07308476925683621,1117,Revision adicional por analista; simulacion BAF
942988,7,0.07307548966858057,1118,Revision adicional por analista; simulacion BAF
912849,7,0.07305871755134313,1119,Revision adicional por analista; simulacion BAF
950664,7,0.07302953091284994,1120,Revision adicional por analista; simulacion BAF
991759,7,0.07290226928134384,1121,Revision adicional por analista; simulacion BAF
983477,7,0.07279483732742931,1122,Revision adicional por analista; simulacion BAF
929243,7,0.07279349383724816,1123,Revision adicional por analista; simulacion BAF
988782,7,0.07278851893188255,1124,Revision adicional por analista; simulacion BAF
945850,7,0.07277165351748086,1125,Revision adicional por analista; simulacion BAF
922403,7,0.07276057972907442,1126,Revision adicional por analista; simulacion BAF
984102,7,0.07273514147650992,1127,Revision adicional por analista; simulacion BAF
994893,7,0.07272222092448394,1128,Revision adicional por analista; simulacion BAF
932624,7,0.07271786640231102,1129,Revision adicional por analista; simulacion BAF
951527,7,0.07268878713117952,1130,Revision adicional por analista; simulacion BAF
986083,7,0.07267074015803791,1131,Revision adicional por analista; simulacion BAF
974114,7,0.07262131483171969,1132,Revision adicional por analista; simulacion BAF
954679,7,0.07260034690170457,1133,Revision adicional por analista; simulacion BAF
914045,7,0.07258506515823061,1134,Revision adicional por analista; simulacion BAF
988039,7,0.07256026095572773,1135,Revision adicional por analista; simulacion BAF
977159,7,0.0725418453503544,1136,Revision adicional por analista; simulacion BAF
932207,7,0.07253684555234478,1137,Revision adicional por analista; simulacion BAF
970706,7,0.07247308596686727,1138,Revision adicional por analista; simulacion BAF
965320,7,0.07242224042014037,1139,Revision adicional por analista; simulacion BAF
995547,7,0.07212677185895579,1140,Revision adicional por analista; simulacion BAF
969085,7,0.07212144460942695,1141,Revision adicional por analista; simulacion BAF
996265,7,0.07200559316591017,1142,Revision adicional por analista; simulacion BAF
975690,7,0.07198715960228498,1143,Revision adicional por analista; simulacion BAF
929952,7,0.07190646758106906,1144,Revision adicional por analista; simulacion BAF
926475,7,0.07189496678201138,1145,Revision adicional por analista; simulacion BAF
953744,7,0.07178330541386191,1146,Revision adicional por analista; simulacion BAF
956233,7,0.07170854859311332,1147,Revision adicional por analista; simulacion BAF
946011,7,0.0716771149462787,1148,Revision adicional por analista; simulacion BAF
944610,7,0.0716643092541801,1149,Revision adicional por analista; simulacion BAF
909844,7,0.07164705748711642,1150,Revision adicional por analista; simulacion BAF
910673,7,0.07162955095938366,1151,Revision adicional por analista; simulacion BAF
985909,7,0.07155187298215718,1152,Revision adicional por analista; simulacion BAF
908081,7,0.0715246245900454,1153,Revision adicional por analista; simulacion BAF
958553,7,0.07151337189092298,1154,Revision adicional por analista; simulacion BAF
966345,7,0.07142340036616986,1155,Revision adicional por analista; simulacion BAF
955245,7,0.07135306682198489,1156,Revision adicional por analista; simulacion BAF
910351,7,0.07133598686363615,1157,Revision adicional por analista; simulacion BAF
973106,7,0.07132492454658523,1158,Revision adicional por analista; simulacion BAF
946411,7,0.07132347220742036,1159,Revision adicional por analista; simulacion BAF
998594,7,0.07130434032509664,1160,Revision adicional por analista; simulacion BAF
994743,7,0.07129523090486897,1161,Revision adicional por analista; simulacion BAF
931969,7,0.07123294797063649,1162,Revision adicional por analista; simulacion BAF
986459,7,0.07120315890803386,1163,Revision adicional por analista; simulacion BAF
997936,7,0.07116021851354833,1164,Revision adicional por analista; simulacion BAF
963666,7,0.07111556783242215,1165,Revision adicional por analista; simulacion BAF
969107,7,0.07108679048978266,1166,Revision adicional por analista; simulacion BAF
917191,7,0.07107992221544641,1167,Revision adicional por analista; simulacion BAF
995414,7,0.0710711742296998,1168,Revision adicional por analista; simulacion BAF
985156,7,0.07095246086464371,1169,Revision adicional por analista; simulacion BAF
912207,7,0.07094068000439478,1170,Revision adicional por analista; simulacion BAF
957920,7,0.0709348430584672,1171,Revision adicional por analista; simulacion BAF
933950,7,0.07091760828721523,1172,Revision adicional por analista; simulacion BAF
941455,7,0.0709134040304457,1173,Revision adicional por analista; simulacion BAF
903297,7,0.0708844644691224,1174,Revision adicional por analista; simulacion BAF
964619,7,0.07087174057688067,1175,Revision adicional por analista; simulacion BAF
984593,7,0.0707857712397443,1176,Revision adicional por analista; simulacion BAF
978258,7,0.07073482656418267,1177,Revision adicional por analista; simulacion BAF
942928,7,0.07071580035305089,1178,Revision adicional por analista; simulacion BAF
978971,7,0.07068768991205913,1179,Revision adicional por analista; simulacion BAF
915003,7,0.07066466850832817,1180,Revision adicional por analista; simulacion BAF
907809,7,0.0706582474828238,1181,Revision adicional por analista; simulacion BAF
935064,7,0.07055797703559714,1182,Revision adicional por analista; simulacion BAF
940056,7,0.07055415942664507,1183,Revision adicional por analista; simulacion BAF
956437,7,0.07055018104144857,1184,Revision adicional por analista; simulacion BAF
993099,7,0.07040990393989385,1185,Revision adicional por analista; simulacion BAF
912302,7,0.07037511889671674,1186,Revision adicional por analista; simulacion BAF
998986,7,0.07037135675132479,1187,Revision adicional por analista; simulacion BAF
968853,7,0.07033091051022318,1188,Revision adicional por analista; simulacion BAF
905212,7,0.0703076422243459,1189,Revision adicional por analista; simulacion BAF
984197,7,0.07023308544893345,1190,Revision adicional por analista; simulacion BAF
984286,7,0.0702284281044849,1191,Revision adicional por analista; simulacion BAF
988218,7,0.0702209482395884,1192,Revision adicional por analista; simulacion BAF
939766,7,0.07021326307619938,1193,Revision adicional por analista; simulacion BAF
923045,7,0.07019228557774568,1194,Revision adicional por analista; simulacion BAF
955558,7,0.07018439933252837,1195,Revision adicional por analista; simulacion BAF
982070,7,0.0701601514627253,1196,Revision adicional por analista; simulacion BAF
946793,7,0.07015459299956918,1197,Revision adicional por analista; simulacion BAF
995650,7,0.07014580815320783,1198,Revision adicional por analista; simulacion BAF
973608,7,0.0700814435460829,1199,Revision adicional por analista; simulacion BAF
949096,7,0.06998330366782438,1200,Revision adicional por analista; simulacion BAF
913490,7,0.06996800690643938,1201,Revision adicional por analista; simulacion BAF
913384,7,0.0699477066108328,1202,Revision adicional por analista; simulacion BAF
947691,7,0.06993154555423219,1203,Revision adicional por analista; simulacion BAF
915751,7,0.0698662776819367,1204,Revision adicional por analista; simulacion BAF
955132,7,0.06980904772087992,1205,Revision adicional por analista; simulacion BAF
972243,7,0.06976941828081477,1206,Revision adicional por analista; simulacion BAF
983111,7,0.06974456108420417,1207,Revision adicional por analista; simulacion BAF
908210,7,0.06972889997703717,1208,Revision adicional por analista; simulacion BAF
990185,7,0.06964489489256297,1209,Revision adicional por analista; simulacion BAF
999104,7,0.06955144807243976,1210,Revision adicional por analista; simulacion BAF
980848,7,0.06954093969259001,1211,Revision adicional por analista; simulacion BAF
932258,7,0.0694922541748544,1212,Revision adicional por analista; simulacion BAF
945342,7,0.06947131423955086,1213,Revision adicional por analista; simulacion BAF
924317,7,0.06945643234622931,1214,Revision adicional por analista; simulacion BAF
981312,7,0.06944973678762531,1215,Revision adicional por analista; simulacion BAF
916290,7,0.06941638711959364,1216,Revision adicional por analista; simulacion BAF
951876,7,0.06931854355610938,1217,Revision adicional por analista; simulacion BAF
919201,7,0.06930730990343922,1218,Revision adicional por analista; simulacion BAF
993302,7,0.0692425092237876,1219,Revision adicional por analista; simulacion BAF
950670,7,0.06921273524267646,1220,Revision adicional por analista; simulacion BAF
927672,7,0.06920892665060448,1221,Revision adicional por analista; simulacion BAF
977342,7,0.06920422632105767,1222,Revision adicional por analista; simulacion BAF
934824,7,0.06915097061341834,1223,Revision adicional por analista; simulacion BAF
972707,7,0.06909172249522184,1224,Revision adicional por analista; simulacion BAF
944503,7,0.06901881084981759,1225,Revision adicional por analista; simulacion BAF
969755,7,0.0690053968454233,1226,Revision adicional por analista; simulacion BAF
964028,7,0.06896461910745513,1227,Revision adicional por analista; simulacion BAF
972779,7,0.06895519216487236,1228,Revision adicional por analista; simulacion BAF
924247,7,0.0688776106399707,1229,Revision adicional por analista; simulacion BAF
930989,7,0.06886428828384024,1230,Revision adicional por analista; simulacion BAF
912010,7,0.06883973395096747,1231,Revision adicional por analista; simulacion BAF
968630,7,0.06883030395712944,1232,Revision adicional por analista; simulacion BAF
944830,7,0.06882207066212528,1233,Revision adicional por analista; simulacion BAF
987383,7,0.0688187857989043,1234,Revision adicional por analista; simulacion BAF
996085,7,0.0687677748726088,1235,Revision adicional por analista; simulacion BAF
982598,7,0.06876420688145482,1236,Revision adicional por analista; simulacion BAF
923899,7,0.06875572350157111,1237,Revision adicional por analista; simulacion BAF
963381,7,0.06875468076623376,1238,Revision adicional por analista; simulacion BAF
946046,7,0.06875346276219585,1239,Revision adicional por analista; simulacion BAF
923525,7,0.06874032275666699,1240,Revision adicional por analista; simulacion BAF
935518,7,0.06868581103694449,1241,Revision adicional por analista; simulacion BAF
999879,7,0.06868333589539818,1242,Revision adicional por analista; simulacion BAF
971134,7,0.06867008099504225,1243,Revision adicional por analista; simulacion BAF
952418,7,0.06866262712409898,1244,Revision adicional por analista; simulacion BAF
932904,7,0.06866017839958348,1245,Revision adicional por analista; simulacion BAF
945556,7,0.06861633964658852,1246,Revision adicional por analista; simulacion BAF
938688,7,0.06858653087511427,1247,Revision adicional por analista; simulacion BAF
909205,7,0.06856209018743875,1248,Revision adicional por analista; simulacion BAF
960193,7,0.06854694948854849,1249,Revision adicional por analista; simulacion BAF
940972,7,0.0685452686427209,1250,Revision adicional por analista; simulacion BAF
996656,7,0.06853561684768793,1251,Revision adicional por analista; simulacion BAF
943166,7,0.06850304255778024,1252,Revision adicional por analista; simulacion BAF
979557,7,0.06849518337760363,1253,Revision adicional por analista; simulacion BAF
983425,7,0.06847551106014292,1254,Revision adicional por analista; simulacion BAF
978986,7,0.0684184208132551,1255,Revision adicional por analista; simulacion BAF
963616,7,0.06839244155305445,1256,Revision adicional por analista; simulacion BAF
958858,7,0.06838928611138781,1257,Revision adicional por analista; simulacion BAF
968474,7,0.06836536015300472,1258,Revision adicional por analista; simulacion BAF
938063,7,0.06830171601416303,1259,Revision adicional por analista; simulacion BAF
915938,7,0.068232096025583,1260,Revision adicional por analista; simulacion BAF
913154,7,0.06820370179053967,1261,Revision adicional por analista; simulacion BAF
903895,7,0.06820226619867917,1262,Revision adicional por analista; simulacion BAF
960588,7,0.06819624930995616,1263,Revision adicional por analista; simulacion BAF
993440,7,0.06803656842230672,1264,Revision adicional por analista; simulacion BAF
964364,7,0.06802535781030239,1265,Revision adicional por analista; simulacion BAF
985073,7,0.0679965216244663,1266,Revision adicional por analista; simulacion BAF
939271,7,0.0679922089947711,1267,Revision adicional por analista; simulacion BAF
916282,7,0.06798281694106727,1268,Revision adicional por analista; simulacion BAF
941682,7,0.06794052682676485,1269,Revision adicional por analista; simulacion BAF
966397,7,0.0679178075394273,1270,Revision adicional por analista; simulacion BAF
978388,7,0.06791531127586699,1271,Revision adicional por analista; simulacion BAF
945695,7,0.06790956819355985,1272,Revision adicional por analista; simulacion BAF
915891,7,0.06788761714501404,1273,Revision adicional por analista; simulacion BAF
924510,7,0.06778897260626802,1274,Revision adicional por analista; simulacion BAF
979749,7,0.0677815793745106,1275,Revision adicional por analista; simulacion BAF
944629,7,0.06773168153786378,1276,Revision adicional por analista; simulacion BAF
952453,7,0.06765474579905897,1277,Revision adicional por analista; simulacion BAF
964065,7,0.06761147349825776,1278,Revision adicional por analista; simulacion BAF
996492,7,0.06755816666994337,1279,Revision adicional por analista; simulacion BAF
931526,7,0.0675462826051751,1280,Revision adicional por analista; simulacion BAF
945877,7,0.06750493568505246,1281,Revision adicional por analista; simulacion BAF
920956,7,0.06749357255620785,1282,Revision adicional por analista; simulacion BAF
991401,7,0.06749083092859727,1283,Revision adicional por analista; simulacion BAF
942404,7,0.06746742088435291,1284,Revision adicional por analista; simulacion BAF
979980,7,0.06745697396345082,1285,Revision adicional por analista; simulacion BAF
965657,7,0.0674101762139779,1286,Revision adicional por analista; simulacion BAF
977276,7,0.06740613190117271,1287,Revision adicional por analista; simulacion BAF
948436,7,0.06736388076505925,1288,Revision adicional por analista; simulacion BAF
997139,7,0.06733738185149886,1289,Revision adicional por analista; simulacion BAF
950700,7,0.06732551430300315,1290,Revision adicional por analista; simulacion BAF
911442,7,0.06728829893691116,1291,Revision adicional por analista; simulacion BAF
903227,7,0.0672557895956981,1292,Revision adicional por analista; simulacion BAF
965428,7,0.06724666207367089,1293,Revision adicional por analista; simulacion BAF
995208,7,0.06723865299806997,1294,Revision adicional por analista; simulacion BAF
998031,7,0.06713287922891426,1295,Revision adicional por analista; simulacion BAF
927107,7,0.06709511772507257,1296,Revision adicional por analista; simulacion BAF
996564,7,0.06708243864117801,1297,Revision adicional por analista; simulacion BAF
938876,7,0.06699824815665527,1298,Revision adicional por analista; simulacion BAF
944611,7,0.06699653885751873,1299,Revision adicional por analista; simulacion BAF
971088,7,0.06698486222518334,1300,Revision adicional por analista; simulacion BAF
937070,7,0.06697962209354917,1301,Revision adicional por analista; simulacion BAF
962989,7,0.06696204730138312,1302,Revision adicional por analista; simulacion BAF
992831,7,0.06694436508015836,1303,Revision adicional por analista; simulacion BAF
940083,7,0.06691182124021161,1304,Revision adicional por analista; simulacion BAF
908101,7,0.06690431121974877,1305,Revision adicional por analista; simulacion BAF
932113,7,0.06688812202238277,1306,Revision adicional por analista; simulacion BAF
948521,7,0.06686969760487159,1307,Revision adicional por analista; simulacion BAF
938033,7,0.06686633758344529,1308,Revision adicional por analista; simulacion BAF
948396,7,0.06679549843536088,1309,Revision adicional por analista; simulacion BAF
995050,7,0.06670261999595359,1310,Revision adicional por analista; simulacion BAF
998605,7,0.06669619327951253,1311,Revision adicional por analista; simulacion BAF
948259,7,0.06667478398226959,1312,Revision adicional por analista; simulacion BAF
981778,7,0.0666587979267962,1313,Revision adicional por analista; simulacion BAF
950115,7,0.06664676191497929,1314,Revision adicional por analista; simulacion BAF
985895,7,0.06654721690008754,1315,Revision adicional por analista; simulacion BAF
914612,7,0.06653837830119592,1316,Revision adicional por analista; simulacion BAF
949417,7,0.06649447691085571,1317,Revision adicional por analista; simulacion BAF
939829,7,0.06648646126373275,1318,Revision adicional por analista; simulacion BAF
932655,7,0.0664609736221712,1319,Revision adicional por analista; simulacion BAF
990661,7,0.06645634159340702,1320,Revision adicional por analista; simulacion BAF
931220,7,0.06644152281290065,1321,Revision adicional por analista; simulacion BAF
933386,7,0.06639563111432026,1322,Revision adicional por analista; simulacion BAF
992529,7,0.0663825501651367,1323,Revision adicional por analista; simulacion BAF
979597,7,0.06635540609259714,1324,Revision adicional por analista; simulacion BAF
953774,7,0.06627180144018188,1325,Revision adicional por analista; simulacion BAF
935211,7,0.06626811068290826,1326,Revision adicional por analista; simulacion BAF
960778,7,0.0662099232585991,1327,Revision adicional por analista; simulacion BAF
954786,7,0.06616315210820944,1328,Revision adicional por analista; simulacion BAF
937356,7,0.06601871240582635,1329,Revision adicional por analista; simulacion BAF
928423,7,0.06600458934873732,1330,Revision adicional por analista; simulacion BAF
935620,7,0.06600331988943199,1331,Revision adicional por analista; simulacion BAF
947679,7,0.06599308840676732,1332,Revision adicional por analista; simulacion BAF
925700,7,0.06598139748562871,1333,Revision adicional por analista; simulacion BAF
950696,7,0.0659708452433651,1334,Revision adicional por analista; simulacion BAF
938754,7,0.06596825443693337,1335,Revision adicional por analista; simulacion BAF
960477,7,0.06592067194049082,1336,Revision adicional por analista; simulacion BAF
924859,7,0.06586471555999189,1337,Revision adicional por analista; simulacion BAF
942537,7,0.06576244135764285,1338,Revision adicional por analista; simulacion BAF
919387,7,0.06575462624109416,1339,Revision adicional por analista; simulacion BAF
984085,7,0.06575216588540236,1340,Revision adicional por analista; simulacion BAF
982311,7,0.06564582885604418,1341,Revision adicional por analista; simulacion BAF
989579,7,0.0656411996131297,1342,Revision adicional por analista; simulacion BAF
929696,7,0.06558511314275754,1343,Revision adicional por analista; simulacion BAF
991354,7,0.06557982478867895,1344,Revision adicional por analista; simulacion BAF
911466,7,0.06552897221327224,1345,Revision adicional por analista; simulacion BAF
968400,7,0.06546977436737465,1346,Revision adicional por analista; simulacion BAF
952190,7,0.06532666363845534,1347,Revision adicional por analista; simulacion BAF
950233,7,0.06528429603071398,1348,Revision adicional por analista; simulacion BAF
953215,7,0.06527927106351165,1349,Revision adicional por analista; simulacion BAF
999834,7,0.0652605321814148,1350,Revision adicional por analista; simulacion BAF
977975,7,0.06524467873488744,1351,Revision adicional por analista; simulacion BAF
956032,7,0.06523004216088762,1352,Revision adicional por analista; simulacion BAF
993224,7,0.06522855733498788,1353,Revision adicional por analista; simulacion BAF
905746,7,0.06521682345128971,1354,Revision adicional por analista; simulacion BAF
938515,7,0.0652053323345534,1355,Revision adicional por analista; simulacion BAF
997613,7,0.06518132038811165,1356,Revision adicional por analista; simulacion BAF
994051,7,0.0651491609618195,1357,Revision adicional por analista; simulacion BAF
943692,7,0.06504891023754703,1358,Revision adicional por analista; simulacion BAF
955859,7,0.0650465671053034,1359,Revision adicional por analista; simulacion BAF
926516,7,0.065044038931777,1360,Revision adicional por analista; simulacion BAF
940361,7,0.06504028694708096,1361,Revision adicional por analista; simulacion BAF
994314,7,0.06503533850187596,1362,Revision adicional por analista; simulacion BAF
911811,7,0.06501567324865741,1363,Revision adicional por analista; simulacion BAF
937074,7,0.0649702839235818,1364,Revision adicional por analista; simulacion BAF
932162,7,0.06496727174580992,1365,Revision adicional por analista; simulacion BAF
933000,7,0.06494359361109225,1366,Revision adicional por analista; simulacion BAF
944999,7,0.06486977135258092,1367,Revision adicional por analista; simulacion BAF
956480,7,0.06485150319838898,1368,Revision adicional por analista; simulacion BAF
922219,7,0.06479448885834252,1369,Revision adicional por analista; simulacion BAF
940705,7,0.06479314753302887,1370,Revision adicional por analista; simulacion BAF
993832,7,0.06468667854306501,1371,Revision adicional por analista; simulacion BAF
920445,7,0.06464327105228757,1372,Revision adicional por analista; simulacion BAF
939691,7,0.06462376463020708,1373,Revision adicional por analista; simulacion BAF
915850,7,0.06461919922347963,1374,Revision adicional por analista; simulacion BAF
913531,7,0.0646132075631264,1375,Revision adicional por analista; simulacion BAF
957301,7,0.06447906055310663,1376,Revision adicional por analista; simulacion BAF
913920,7,0.06443576992867667,1377,Revision adicional por analista; simulacion BAF
958185,7,0.06437683698578685,1378,Revision adicional por analista; simulacion BAF
992719,7,0.0643570023020175,1379,Revision adicional por analista; simulacion BAF
987948,7,0.06432597815565755,1380,Revision adicional por analista; simulacion BAF
922718,7,0.06432188107869329,1381,Revision adicional por analista; simulacion BAF
926731,7,0.06430066021527645,1382,Revision adicional por analista; simulacion BAF
942184,7,0.06426358486298465,1383,Revision adicional por analista; simulacion BAF
982566,7,0.06425197143519004,1384,Revision adicional por analista; simulacion BAF
973224,7,0.06421519405842349,1385,Revision adicional por analista; simulacion BAF
956019,7,0.06420069662029612,1386,Revision adicional por analista; simulacion BAF
971125,7,0.06412593978067171,1387,Revision adicional por analista; simulacion BAF
990514,7,0.06409960727421762,1388,Revision adicional por analista; simulacion BAF
952846,7,0.06409053228862276,1389,Revision adicional por analista; simulacion BAF
919219,7,0.0640741054975323,1390,Revision adicional por analista; simulacion BAF
993498,7,0.0640520570559032,1391,Revision adicional por analista; simulacion BAF
955251,7,0.06398995164944468,1392,Revision adicional por analista; simulacion BAF
959527,7,0.06398648118186179,1393,Revision adicional por analista; simulacion BAF
938394,7,0.06398611785777394,1394,Revision adicional por analista; simulacion BAF
996424,7,0.06394920011546651,1395,Revision adicional por analista; simulacion BAF
975977,7,0.06394588840618612,1396,Revision adicional por analista; simulacion BAF
998651,7,0.06393837670236346,1397,Revision adicional por analista; simulacion BAF
968531,7,0.06393232710317837,1398,Revision adicional por analista; simulacion BAF
987541,7,0.06388863154521526,1399,Revision adicional por analista; simulacion BAF
938498,7,0.06386515213339862,1400,Revision adicional por analista; simulacion BAF
911621,7,0.06375788434747938,1401,Revision adicional por analista; simulacion BAF
934232,7,0.06369685424413406,1402,Revision adicional por analista; simulacion BAF
998281,7,0.06366770990288632,1403,Revision adicional por analista; simulacion BAF
993273,7,0.06361295650501503,1404,Revision adicional por analista; simulacion BAF
946745,7,0.06360989099457443,1405,Revision adicional por analista; simulacion BAF
909697,7,0.06359312454465789,1406,Revision adicional por analista; simulacion BAF
926384,7,0.06353379157004081,1407,Revision adicional por analista; simulacion BAF
919230,7,0.06347904161407517,1408,Revision adicional por analista; simulacion BAF
977839,7,0.06344909523867748,1409,Revision adicional por analista; simulacion BAF
986432,7,0.0634293022966799,1410,Revision adicional por analista; simulacion BAF
910487,7,0.06341720869621596,1411,Revision adicional por analista; simulacion BAF
950561,7,0.06338316412088128,1412,Revision adicional por analista; simulacion BAF
986396,7,0.06328792590969085,1413,Revision adicional por analista; simulacion BAF
994278,7,0.063253329262803,1414,Revision adicional por analista; simulacion BAF
925449,7,0.06317490763863355,1415,Revision adicional por analista; simulacion BAF
968157,7,0.06314319934562126,1416,Revision adicional por analista; simulacion BAF
955034,7,0.06310812692804603,1417,Revision adicional por analista; simulacion BAF
955301,7,0.06309805700426876,1418,Revision adicional por analista; simulacion BAF
932707,7,0.06307649225195025,1419,Revision adicional por analista; simulacion BAF
998341,7,0.06303259281627031,1420,Revision adicional por analista; simulacion BAF
999780,7,0.06302399128365374,1421,Revision adicional por analista; simulacion BAF
905472,7,0.06301994838042224,1422,Revision adicional por analista; simulacion BAF
913258,7,0.06298875520039933,1423,Revision adicional por analista; simulacion BAF
932194,7,0.0629750147689503,1424,Revision adicional por analista; simulacion BAF
968392,7,0.06297462636926074,1425,Revision adicional por analista; simulacion BAF
929681,7,0.06297253493908736,1426,Revision adicional por analista; simulacion BAF
961126,7,0.0629613689763849,1427,Revision adicional por analista; simulacion BAF
907474,7,0.06292821855599544,1428,Revision adicional por analista; simulacion BAF
974876,7,0.0629176842585387,1429,Revision adicional por analista; simulacion BAF
984839,7,0.06291340563531175,1430,Revision adicional por analista; simulacion BAF
961193,7,0.0628972425816058,1431,Revision adicional por analista; simulacion BAF
945894,7,0.06288650644045123,1432,Revision adicional por analista; simulacion BAF
966702,7,0.06286153331955142,1433,Revision adicional por analista; simulacion BAF
972271,7,0.06285724342313048,1434,Revision adicional por analista; simulacion BAF
971484,7,0.06285512867797834,1435,Revision adicional por analista; simulacion BAF
961618,7,0.06278822542806063,1436,Revision adicional por analista; simulacion BAF
970590,7,0.06274819070949413,1437,Revision adicional por analista; simulacion BAF
956949,7,0.06271909583170525,1438,Revision adicional por analista; simulacion BAF
959739,7,0.06271589045561292,1439,Revision adicional por analista; simulacion BAF
937544,7,0.06269810126866197,1440,Revision adicional por analista; simulacion BAF
968613,7,0.06267175368946629,1441,Revision adicional por analista; simulacion BAF
960925,7,0.06266308531040937,1442,Revision adicional por analista; simulacion BAF
996015,7,0.06265863972063353,1443,Revision adicional por analista; simulacion BAF
915796,7,0.0626304829545056,1444,Revision adicional por analista; simulacion BAF
958005,7,0.06262772313889738,1445,Revision adicional por analista; simulacion BAF
916140,7,0.06262051761190449,1446,Revision adicional por analista; simulacion BAF
965483,7,0.06260983863153387,1447,Revision adicional por analista; simulacion BAF
985024,7,0.06260590161531569,1448,Revision adicional por analista; simulacion BAF
922338,7,0.06258492352290394,1449,Revision adicional por analista; simulacion BAF
976301,7,0.06257936914552047,1450,Revision adicional por analista; simulacion BAF
939727,7,0.06254595723648664,1451,Revision adicional por analista; simulacion BAF
979693,7,0.06251159375856494,1452,Revision adicional por analista; simulacion BAF
956456,7,0.06242311007017456,1453,Revision adicional por analista; simulacion BAF
972938,7,0.062421044672785024,1454,Revision adicional por analista; simulacion BAF
953610,7,0.062388948308905005,1455,Revision adicional por analista; simulacion BAF
905533,7,0.06237740008060961,1456,Revision adicional por analista; simulacion BAF
906527,7,0.06235046827665574,1457,Revision adicional por analista; simulacion BAF
953093,7,0.06227361594128855,1458,Revision adicional por analista; simulacion BAF
958294,7,0.062266155958791786,1459,Revision adicional por analista; simulacion BAF
927791,7,0.062241741090433664,1460,Revision adicional por analista; simulacion BAF
979042,7,0.06222177296532415,1461,Revision adicional por analista; simulacion BAF
997015,7,0.062154230107194376,1462,Revision adicional por analista; simulacion BAF
947402,7,0.062084390242084585,1463,Revision adicional por analista; simulacion BAF
930804,7,0.06206058596035697,1464,Revision adicional por analista; simulacion BAF
960442,7,0.06203640838711874,1465,Revision adicional por analista; simulacion BAF
973511,7,0.06196698586536655,1466,Revision adicional por analista; simulacion BAF
972968,7,0.061953062039166694,1467,Revision adicional por analista; simulacion BAF
924356,7,0.06192261530753882,1468,Revision adicional por analista; simulacion BAF
920804,7,0.06190747983526382,1469,Revision adicional por analista; simulacion BAF
994902,7,0.0619016368119274,1470,Revision adicional por analista; simulacion BAF
951036,7,0.061894082274408214,1471,Revision adicional por analista; simulacion BAF
946301,7,0.061849516057102094,1472,Revision adicional por analista; simulacion BAF
935447,7,0.061843369644875454,1473,Revision adicional por analista; simulacion BAF
969177,7,0.06177213475695946,1474,Revision adicional por analista; simulacion BAF
951122,7,0.061768818548863805,1475,Revision adicional por analista; simulacion BAF
907373,7,0.06176332775239865,1476,Revision adicional por analista; simulacion BAF
966027,7,0.061625030976871366,1477,Revision adicional por analista; simulacion BAF
942641,7,0.06160118551363737,1478,Revision adicional por analista; simulacion BAF
964026,7,0.06153405098156811,1479,Revision adicional por analista; simulacion BAF
963506,7,0.06152673629274432,1480,Revision adicional por analista; simulacion BAF
995887,7,0.06142410795388457,1481,Revision adicional por analista; simulacion BAF
964231,7,0.06142202030771884,1482,Revision adicional por analista; simulacion BAF
919065,7,0.061394083269146034,1483,Revision adicional por analista; simulacion BAF
945014,7,0.06137132752875602,1484,Revision adicional por analista; simulacion BAF
942828,7,0.06135153239143003,1485,Revision adicional por analista; simulacion BAF
978540,7,0.0613021456007709,1486,Revision adicional por analista; simulacion BAF
995946,7,0.061227457628904004,1487,Revision adicional por analista; simulacion BAF
953482,7,0.06122563305799909,1488,Revision adicional por analista; simulacion BAF
948773,7,0.06121009408937748,1489,Revision adicional por analista; simulacion BAF
918849,7,0.06113581836196901,1490,Revision adicional por analista; simulacion BAF
949255,7,0.06111372575607707,1491,Revision adicional por analista; simulacion BAF
992463,7,0.061062589173112566,1492,Revision adicional por analista; simulacion BAF
922432,7,0.061048861453692496,1493,Revision adicional por analista; simulacion BAF
959458,7,0.06099403061134701,1494,Revision adicional por analista; simulacion BAF
984751,7,0.06099312729351824,1495,Revision adicional por analista; simulacion BAF
934065,7,0.060989469936150766,1496,Revision adicional por analista; simulacion BAF
999863,7,0.06098273824888477,1497,Revision adicional por analista; simulacion BAF
983034,7,0.06097741256613504,1498,Revision adicional por analista; simulacion BAF
982423,7,0.06096242759356801,1499,Revision adicional por analista; simulacion BAF
973681,7,0.060960147507969936,1500,Revision adicional por analista; simulacion BAF
951043,7,0.06095592339995714,1501,Revision adicional por analista; simulacion BAF
965618,7,0.06094028955594721,1502,Revision adicional por analista; simulacion BAF
927534,7,0.06093548457965082,1503,Revision adicional por analista; simulacion BAF
930054,7,0.06090829139312581,1504,Revision adicional por analista; simulacion BAF
917044,7,0.06089509583121619,1505,Revision adicional por analista; simulacion BAF
918287,7,0.06086857599455096,1506,Revision adicional por analista; simulacion BAF
920496,7,0.060839046285969714,1507,Revision adicional por analista; simulacion BAF
904648,7,0.06082953530300392,1508,Revision adicional por analista; simulacion BAF
998540,7,0.06082320410374155,1509,Revision adicional por analista; simulacion BAF
949525,7,0.060780279205886995,1510,Revision adicional por analista; simulacion BAF
904917,7,0.060733716304197584,1511,Revision adicional por analista; simulacion BAF
957712,7,0.06069988431029393,1512,Revision adicional por analista; simulacion BAF
931975,7,0.060661205166303835,1513,Revision adicional por analista; simulacion BAF
912938,7,0.06064387593101432,1514,Revision adicional por analista; simulacion BAF
911273,7,0.060618787640390456,1515,Revision adicional por analista; simulacion BAF
959887,7,0.060616410836551705,1516,Revision adicional por analista; simulacion BAF
936216,7,0.060575993090148605,1517,Revision adicional por analista; simulacion BAF
920573,7,0.06057004117354714,1518,Revision adicional por analista; simulacion BAF
935746,7,0.060489438950617674,1519,Revision adicional por analista; simulacion BAF
978037,7,0.06047922893527825,1520,Revision adicional por analista; simulacion BAF
942403,7,0.06043686793069791,1521,Revision adicional por analista; simulacion BAF
966750,7,0.060397655677600914,1522,Revision adicional por analista; simulacion BAF
976214,7,0.06038072763299345,1523,Revision adicional por analista; simulacion BAF
989153,7,0.060355671229514234,1524,Revision adicional por analista; simulacion BAF
951757,7,0.06032961617187717,1525,Revision adicional por analista; simulacion BAF
947359,7,0.06029461055451886,1526,Revision adicional por analista; simulacion BAF
955959,7,0.06029037803736901,1527,Revision adicional por analista; simulacion BAF
912463,7,0.06027425181259133,1528,Revision adicional por analista; simulacion BAF
904925,7,0.06025808730785801,1529,Revision adicional por analista; simulacion BAF
961828,7,0.06024686623012913,1530,Revision adicional por analista; simulacion BAF
965263,7,0.06022739127082232,1531,Revision adicional por analista; simulacion BAF
916097,7,0.060166856006484,1532,Revision adicional por analista; simulacion BAF
973010,7,0.060123624922131795,1533,Revision adicional por analista; simulacion BAF
996095,7,0.060108255671132066,1534,Revision adicional por analista; simulacion BAF
981494,7,0.06007048998926516,1535,Revision adicional por analista; simulacion BAF
949601,7,0.06006748037947232,1536,Revision adicional por analista; simulacion BAF
950614,7,0.0600651937295908,1537,Revision adicional por analista; simulacion BAF
994235,7,0.06006423799264574,1538,Revision adicional por analista; simulacion BAF
941624,7,0.060037593445202764,1539,Revision adicional por analista; simulacion BAF
980301,7,0.06003627526227597,1540,Revision adicional por analista; simulacion BAF
945886,7,0.05996273167511357,1541,Revision adicional por analista; simulacion BAF
989033,7,0.059956354166116874,1542,Revision adicional por analista; simulacion BAF
970070,7,0.05993294804241456,1543,Revision adicional por analista; simulacion BAF
953031,7,0.05992482654355286,1544,Revision adicional por analista; simulacion BAF
920784,7,0.05986301604397549,1545,Revision adicional por analista; simulacion BAF
924983,7,0.05985372025155862,1546,Revision adicional por analista; simulacion BAF
981216,7,0.05980640310095619,1547,Revision adicional por analista; simulacion BAF
991663,7,0.05973031066224256,1548,Revision adicional por analista; simulacion BAF
965803,7,0.059725425000940406,1549,Revision adicional por analista; simulacion BAF
910703,7,0.05971684734351739,1550,Revision adicional por analista; simulacion BAF
999017,7,0.059700703975540566,1551,Revision adicional por analista; simulacion BAF
998014,7,0.05968191779690969,1552,Revision adicional por analista; simulacion BAF
963453,7,0.059670652270573915,1553,Revision adicional por analista; simulacion BAF
995247,7,0.05962223074628854,1554,Revision adicional por analista; simulacion BAF
931472,7,0.05961408050601295,1555,Revision adicional por analista; simulacion BAF
962486,7,0.05954408254559099,1556,Revision adicional por analista; simulacion BAF
997588,7,0.05953311238420928,1557,Revision adicional por analista; simulacion BAF
904741,7,0.059527438590373405,1558,Revision adicional por analista; simulacion BAF
919720,7,0.05952173963345635,1559,Revision adicional por analista; simulacion BAF
987684,7,0.05952139108992816,1560,Revision adicional por analista; simulacion BAF
980760,7,0.05950867517585394,1561,Revision adicional por analista; simulacion BAF
930084,7,0.05949923415570909,1562,Revision adicional por analista; simulacion BAF
997771,7,0.05945448551542011,1563,Revision adicional por analista; simulacion BAF
955762,7,0.05941197836957131,1564,Revision adicional por analista; simulacion BAF
951854,7,0.0594118919784262,1565,Revision adicional por analista; simulacion BAF
992998,7,0.059386293103700964,1566,Revision adicional por analista; simulacion BAF
912491,7,0.059337521045833855,1567,Revision adicional por analista; simulacion BAF
938681,7,0.05933270853574902,1568,Revision adicional por analista; simulacion BAF
956684,7,0.05932568348638748,1569,Revision adicional por analista; simulacion BAF
956195,7,0.059270973650511774,1570,Revision adicional por analista; simulacion BAF
954271,7,0.05926833518899659,1571,Revision adicional por analista; simulacion BAF
950382,7,0.05924996523088077,1572,Revision adicional por analista; simulacion BAF
953893,7,0.05924445765665537,1573,Revision adicional por analista; simulacion BAF
957975,7,0.05919215859611588,1574,Revision adicional por analista; simulacion BAF
961275,7,0.059159988439866674,1575,Revision adicional por analista; simulacion BAF
924624,7,0.059144073193625704,1576,Revision adicional por analista; simulacion BAF
962431,7,0.059120931464157415,1577,Revision adicional por analista; simulacion BAF
992197,7,0.05910256152109699,1578,Revision adicional por analista; simulacion BAF
984516,7,0.05908620033454341,1579,Revision adicional por analista; simulacion BAF
913953,7,0.059030248470923946,1580,Revision adicional por analista; simulacion BAF
921278,7,0.05902842298616801,1581,Revision adicional por analista; simulacion BAF
925605,7,0.05900884750435295,1582,Revision adicional por analista; simulacion BAF
913004,7,0.05898368261129595,1583,Revision adicional por analista; simulacion BAF
986633,7,0.05897087552054119,1584,Revision adicional por analista; simulacion BAF
913043,7,0.05895325869619048,1585,Revision adicional por analista; simulacion BAF
907161,7,0.05894462124013162,1586,Revision adicional por analista; simulacion BAF
945055,7,0.058897875674716424,1587,Revision adicional por analista; simulacion BAF
976575,7,0.05881598420276343,1588,Revision adicional por analista; simulacion BAF
923840,7,0.05877850700919337,1589,Revision adicional por analista; simulacion BAF
985819,7,0.058754758554615295,1590,Revision adicional por analista; simulacion BAF
978807,7,0.05872691334786226,1591,Revision adicional por analista; simulacion BAF
904489,7,0.05870871177328098,1592,Revision adicional por analista; simulacion BAF
986744,7,0.05867371695842667,1593,Revision adicional por analista; simulacion BAF
998083,7,0.058599416986559676,1594,Revision adicional por analista; simulacion BAF
985360,7,0.058593378529148844,1595,Revision adicional por analista; simulacion BAF
995739,7,0.058552343473141345,1596,Revision adicional por analista; simulacion BAF
920304,7,0.05850168694271744,1597,Revision adicional por analista; simulacion BAF
912280,7,0.05849445826205848,1598,Revision adicional por analista; simulacion BAF
935490,7,0.058421380751447115,1599,Revision adicional por analista; simulacion BAF
934072,7,0.05841283211409003,1600,Revision adicional por analista; simulacion BAF
989290,7,0.05841094848317743,1601,Revision adicional por analista; simulacion BAF
934172,7,0.05836628006011026,1602,Revision adicional por analista; simulacion BAF
941174,7,0.05836138586516992,1603,Revision adicional por analista; simulacion BAF
981292,7,0.058254642209792276,1604,Revision adicional por analista; simulacion BAF
957048,7,0.05824504151037994,1605,Revision adicional por analista; simulacion BAF
943726,7,0.05820857029887601,1606,Revision adicional por analista; simulacion BAF
923832,7,0.058193947651560246,1607,Revision adicional por analista; simulacion BAF
984702,7,0.05813571600666687,1608,Revision adicional por analista; simulacion BAF
993345,7,0.058098401991792295,1609,Revision adicional por analista; simulacion BAF
979669,7,0.05809546853873791,1610,Revision adicional por analista; simulacion BAF
903281,7,0.05806725033676719,1611,Revision adicional por analista; simulacion BAF
913160,7,0.05806287994005978,1612,Revision adicional por analista; simulacion BAF
980720,7,0.058045310406230025,1613,Revision adicional por analista; simulacion BAF
937687,7,0.058044389842167685,1614,Revision adicional por analista; simulacion BAF
992879,7,0.058034059708605534,1615,Revision adicional por analista; simulacion BAF
970340,7,0.05801196285067848,1616,Revision adicional por analista; simulacion BAF
956660,7,0.057947605444935144,1617,Revision adicional por analista; simulacion BAF
982071,7,0.05794149662653795,1618,Revision adicional por analista; simulacion BAF
941096,7,0.05792783318730791,1619,Revision adicional por analista; simulacion BAF
999089,7,0.057917075326396686,1620,Revision adicional por analista; simulacion BAF
923589,7,0.057852645182470186,1621,Revision adicional por analista; simulacion BAF
972933,7,0.057844747595240005,1622,Revision adicional por analista; simulacion BAF
974805,7,0.057801643086520096,1623,Revision adicional por analista; simulacion BAF
974884,7,0.05779627503624813,1624,Revision adicional por analista; simulacion BAF
913209,7,0.057786607486958304,1625,Revision adicional por analista; simulacion BAF
908889,7,0.05771790539330141,1626,Revision adicional por analista; simulacion BAF
934771,7,0.057713006791521415,1627,Revision adicional por analista; simulacion BAF
933087,7,0.05763044337178997,1628,Revision adicional por analista; simulacion BAF
969425,7,0.057622777644485396,1629,Revision adicional por analista; simulacion BAF
964419,7,0.05757222756749944,1630,Revision adicional por analista; simulacion BAF
973824,7,0.057550958744344474,1631,Revision adicional por analista; simulacion BAF
922072,7,0.05746682043223794,1632,Revision adicional por analista; simulacion BAF
973649,7,0.057393322315673706,1633,Revision adicional por analista; simulacion BAF
926165,7,0.05737510865134513,1634,Revision adicional por analista; simulacion BAF
949284,7,0.05734954359510439,1635,Revision adicional por analista; simulacion BAF
953314,7,0.05733719643865832,1636,Revision adicional por analista; simulacion BAF
915288,7,0.05733668132988237,1637,Revision adicional por analista; simulacion BAF
919584,7,0.05725565603548825,1638,Revision adicional por analista; simulacion BAF
942709,7,0.057253970203061805,1639,Revision adicional por analista; simulacion BAF
934689,7,0.057248787345263466,1640,Revision adicional por analista; simulacion BAF
953343,7,0.057198135992427436,1641,Revision adicional por analista; simulacion BAF
995061,7,0.05719187683411397,1642,Revision adicional por analista; simulacion BAF
935595,7,0.05717156226443509,1643,Revision adicional por analista; simulacion BAF
961647,7,0.057169400753885,1644,Revision adicional por analista; simulacion BAF
941567,7,0.05715447617286893,1645,Revision adicional por analista; simulacion BAF
979434,7,0.05711617449778094,1646,Revision adicional por analista; simulacion BAF
905497,7,0.05708917950990277,1647,Revision adicional por analista; simulacion BAF
938690,7,0.05706815376457064,1648,Revision adicional por analista; simulacion BAF
955223,7,0.057039394985885894,1649,Revision adicional por analista; simulacion BAF
914693,7,0.05703885876361226,1650,Revision adicional por analista; simulacion BAF
952577,7,0.05697752527211224,1651,Revision adicional por analista; simulacion BAF
931680,7,0.05693863130599596,1652,Revision adicional por analista; simulacion BAF
908520,7,0.05692214166682651,1653,Revision adicional por analista; simulacion BAF
933310,7,0.05689624333209776,1654,Revision adicional por analista; simulacion BAF
970635,7,0.05683600262150921,1655,Revision adicional por analista; simulacion BAF
959921,7,0.05682704493337896,1656,Revision adicional por analista; simulacion BAF
931778,7,0.056770200419234106,1657,Revision adicional por analista; simulacion BAF
975790,7,0.05676433355276534,1658,Revision adicional por analista; simulacion BAF
904085,7,0.05674142705097843,1659,Revision adicional por analista; simulacion BAF
946640,7,0.05673684937790255,1660,Revision adicional por analista; simulacion BAF
978195,7,0.05672551748732998,1661,Revision adicional por analista; simulacion BAF
986305,7,0.05671596065985788,1662,Revision adicional por analista; simulacion BAF
958307,7,0.056706044545332596,1663,Revision adicional por analista; simulacion BAF
982042,7,0.05666412469580952,1664,Revision adicional por analista; simulacion BAF
967744,7,0.056637826266101886,1665,Revision adicional por analista; simulacion BAF
986607,7,0.05659706375332759,1666,Revision adicional por analista; simulacion BAF
921948,7,0.05652468373075729,1667,Revision adicional por analista; simulacion BAF
922563,7,0.05651554182951378,1668,Revision adicional por analista; simulacion BAF
984179,7,0.05650560957080882,1669,Revision adicional por analista; simulacion BAF
973271,7,0.05648889971583453,1670,Revision adicional por analista; simulacion BAF
953486,7,0.056479025835653694,1671,Revision adicional por analista; simulacion BAF
934536,7,0.05647773426639181,1672,Revision adicional por analista; simulacion BAF
964407,7,0.05647607203090057,1673,Revision adicional por analista; simulacion BAF
998172,7,0.05646005920063855,1674,Revision adicional por analista; simulacion BAF
964952,7,0.056428070765691736,1675,Revision adicional por analista; simulacion BAF
910183,7,0.056365185320394896,1676,Revision adicional por analista; simulacion BAF
908003,7,0.05636087248022948,1677,Revision adicional por analista; simulacion BAF
981126,7,0.05632327901513953,1678,Revision adicional por analista; simulacion BAF
923176,7,0.056257849344703556,1679,Revision adicional por analista; simulacion BAF
981862,7,0.05622037396914915,1680,Revision adicional por analista; simulacion BAF
929097,7,0.05621785854173074,1681,Revision adicional por analista; simulacion BAF
969454,7,0.05621741425393019,1682,Revision adicional por analista; simulacion BAF
999939,7,0.05617394572172323,1683,Revision adicional por analista; simulacion BAF
940473,7,0.05616041414468521,1684,Revision adicional por analista; simulacion BAF
942521,7,0.05615301478349371,1685,Revision adicional por analista; simulacion BAF
931249,7,0.056144608723958794,1686,Revision adicional por analista; simulacion BAF
951997,7,0.05611350808014296,1687,Revision adicional por analista; simulacion BAF
910627,7,0.05607686529678205,1688,Revision adicional por analista; simulacion BAF
977399,7,0.056069069401367536,1689,Revision adicional por analista; simulacion BAF
924696,7,0.05597765410100444,1690,Revision adicional por analista; simulacion BAF
948333,7,0.05590362685918026,1691,Revision adicional por analista; simulacion BAF
960657,7,0.05590070760581753,1692,Revision adicional por analista; simulacion BAF
922720,7,0.05588353306702573,1693,Revision adicional por analista; simulacion BAF
908164,7,0.055859917515192176,1694,Revision adicional por analista; simulacion BAF
918787,7,0.055857999988505685,1695,Revision adicional por analista; simulacion BAF
956204,7,0.05585317412747541,1696,Revision adicional por analista; simulacion BAF
907398,7,0.055821968772715766,1697,Revision adicional por analista; simulacion BAF
906304,7,0.05579063672174617,1698,Revision adicional por analista; simulacion BAF
958621,7,0.055776069832862575,1699,Revision adicional por analista; simulacion BAF
974518,7,0.05576802783917121,1700,Revision adicional por analista; simulacion BAF
953202,7,0.05575373809841513,1701,Revision adicional por analista; simulacion BAF
953985,7,0.05574982499515104,1702,Revision adicional por analista; simulacion BAF
945793,7,0.05568393035318941,1703,Revision adicional por analista; simulacion BAF
998095,7,0.05567476435432388,1704,Revision adicional por analista; simulacion BAF
959376,7,0.055620943978157554,1705,Revision adicional por analista; simulacion BAF
905345,7,0.055620820147353325,1706,Revision adicional por analista; simulacion BAF
985525,7,0.055612914379459075,1707,Revision adicional por analista; simulacion BAF
934098,7,0.055605348995816144,1708,Revision adicional por analista; simulacion BAF
984092,7,0.055587966177258946,1709,Revision adicional por analista; simulacion BAF
931605,7,0.055582555421453635,1710,Revision adicional por analista; simulacion BAF
920643,7,0.055545469331334994,1711,Revision adicional por analista; simulacion BAF
969182,7,0.055466147250180384,1712,Revision adicional por analista; simulacion BAF
948805,7,0.055440940721022985,1713,Revision adicional por analista; simulacion BAF
927138,7,0.05543579047111409,1714,Revision adicional por analista; simulacion BAF
931104,7,0.05543495910236662,1715,Revision adicional por analista; simulacion BAF
983939,7,0.055399514382278005,1716,Revision adicional por analista; simulacion BAF
974345,7,0.05539344567503527,1717,Revision adicional por analista; simulacion BAF
980891,7,0.05536923708552964,1718,Revision adicional por analista; simulacion BAF
966426,7,0.05534634391866248,1719,Revision adicional por analista; simulacion BAF
939042,7,0.05528233126761148,1720,Revision adicional por analista; simulacion BAF
972401,7,0.05528146927811081,1721,Revision adicional por analista; simulacion BAF
993634,7,0.05525167233722597,1722,Revision adicional por analista; simulacion BAF
999130,7,0.05524848999758034,1723,Revision adicional por analista; simulacion BAF
934604,7,0.05524018294065558,1724,Revision adicional por analista; simulacion BAF
989706,7,0.05523459723215741,1725,Revision adicional por analista; simulacion BAF
929212,7,0.055217752494968304,1726,Revision adicional por analista; simulacion BAF
947621,7,0.055172821883522176,1727,Revision adicional por analista; simulacion BAF
966316,7,0.0551687622239005,1728,Revision adicional por analista; simulacion BAF
915099,7,0.05516338187776635,1729,Revision adicional por analista; simulacion BAF
970183,7,0.055129121281237266,1730,Revision adicional por analista; simulacion BAF
993863,7,0.05512061988404044,1731,Revision adicional por analista; simulacion BAF
997981,7,0.05510311421652097,1732,Revision adicional por analista; simulacion BAF
982138,7,0.05502557904482007,1733,Revision adicional por analista; simulacion BAF
929408,7,0.0550237096294258,1734,Revision adicional por analista; simulacion BAF
983361,7,0.05502291599777469,1735,Revision adicional por analista; simulacion BAF
983639,7,0.054974869506127226,1736,Revision adicional por analista; simulacion BAF
980366,7,0.05494115694360954,1737,Revision adicional por analista; simulacion BAF
924893,7,0.054926615651158354,1738,Revision adicional por analista; simulacion BAF
970251,7,0.05491200035107323,1739,Revision adicional por analista; simulacion BAF
923788,7,0.054884890882527584,1740,Revision adicional por analista; simulacion BAF
967253,7,0.054876376270834186,1741,Revision adicional por analista; simulacion BAF
916731,7,0.05484795959606971,1742,Revision adicional por analista; simulacion BAF
984003,7,0.054835085157269786,1743,Revision adicional por analista; simulacion BAF
938168,7,0.05483433469505914,1744,Revision adicional por analista; simulacion BAF
947913,7,0.054817880515111425,1745,Revision adicional por analista; simulacion BAF
998536,7,0.05480764077195299,1746,Revision adicional por analista; simulacion BAF
998617,7,0.05480290965181453,1747,Revision adicional por analista; simulacion BAF
975627,7,0.054762281909192,1748,Revision adicional por analista; simulacion BAF
958147,7,0.05476021411994286,1749,Revision adicional por analista; simulacion BAF
978289,7,0.054737745337907595,1750,Revision adicional por analista; simulacion BAF
933185,7,0.054671604270832376,1751,Revision adicional por analista; simulacion BAF
996212,7,0.05466706639407139,1752,Revision adicional por analista; simulacion BAF
982990,7,0.05466451287221189,1753,Revision adicional por analista; simulacion BAF
949501,7,0.05465452587843159,1754,Revision adicional por analista; simulacion BAF
961054,7,0.05460174892148868,1755,Revision adicional por analista; simulacion BAF
953619,7,0.05457984546756912,1756,Revision adicional por analista; simulacion BAF
963913,7,0.054561914279189286,1757,Revision adicional por analista; simulacion BAF
924561,7,0.05455941706311882,1758,Revision adicional por analista; simulacion BAF
969733,7,0.054557853750605644,1759,Revision adicional por analista; simulacion BAF
984456,7,0.054553725657965256,1760,Revision adicional por analista; simulacion BAF
988939,7,0.054534475733367546,1761,Revision adicional por analista; simulacion BAF
981939,7,0.05452313851022002,1762,Revision adicional por analista; simulacion BAF
961852,7,0.05451838816775719,1763,Revision adicional por analista; simulacion BAF
913858,7,0.05450838885179737,1764,Revision adicional por analista; simulacion BAF
938918,7,0.054398920257855,1765,Revision adicional por analista; simulacion BAF
968487,7,0.054380464423046414,1766,Revision adicional por analista; simulacion BAF
948507,7,0.054361330753518795,1767,Revision adicional por analista; simulacion BAF
998033,7,0.05433863296771166,1768,Revision adicional por analista; simulacion BAF
997038,7,0.05431959616856387,1769,Revision adicional por analista; simulacion BAF
960462,7,0.05430946655716153,1770,Revision adicional por analista; simulacion BAF
948771,7,0.054303318603067946,1771,Revision adicional por analista; simulacion BAF
968720,7,0.05428210950681355,1772,Revision adicional por analista; simulacion BAF
925948,7,0.05424553394510228,1773,Revision adicional por analista; simulacion BAF
937064,7,0.0542352234292225,1774,Revision adicional por analista; simulacion BAF
918999,7,0.0542248643116922,1775,Revision adicional por analista; simulacion BAF
965352,7,0.05419935912403331,1776,Revision adicional por analista; simulacion BAF
978420,7,0.05418916469904869,1777,Revision adicional por analista; simulacion BAF
971104,7,0.05409579693559745,1778,Revision adicional por analista; simulacion BAF
981838,7,0.054091311452810674,1779,Revision adicional por analista; simulacion BAF
961753,7,0.05407304988413943,1780,Revision adicional por analista; simulacion BAF
933223,7,0.05403200039163144,1781,Revision adicional por analista; simulacion BAF
983147,7,0.054024465362719556,1782,Revision adicional por analista; simulacion BAF
949689,7,0.054024317645412365,1783,Revision adicional por analista; simulacion BAF
937840,7,0.053985066793370395,1784,Revision adicional por analista; simulacion BAF
952889,7,0.05397294141982402,1785,Revision adicional por analista; simulacion BAF
936371,7,0.0539604421790669,1786,Revision adicional por analista; simulacion BAF
957064,7,0.05389971762565914,1787,Revision adicional por analista; simulacion BAF
926441,7,0.05385245664769453,1788,Revision adicional por analista; simulacion BAF
947173,7,0.053852268453587204,1789,Revision adicional por analista; simulacion BAF
957923,7,0.05383333346328471,1790,Revision adicional por analista; simulacion BAF
968973,7,0.053828901586484054,1791,Revision adicional por analista; simulacion BAF
950425,7,0.05380966702516661,1792,Revision adicional por analista; simulacion BAF
945909,7,0.0537940252531076,1793,Revision adicional por analista; simulacion BAF
925444,7,0.05379329157232212,1794,Revision adicional por analista; simulacion BAF
963856,7,0.05378904777125595,1795,Revision adicional por analista; simulacion BAF
969789,7,0.05375877352416115,1796,Revision adicional por analista; simulacion BAF
953605,7,0.053756316764217764,1797,Revision adicional por analista; simulacion BAF
912100,7,0.053744796375974145,1798,Revision adicional por analista; simulacion BAF
993760,7,0.05373388189471525,1799,Revision adicional por analista; simulacion BAF
969650,7,0.053693545532971676,1800,Revision adicional por analista; simulacion BAF
954734,7,0.05367764188619513,1801,Revision adicional por analista; simulacion BAF
947015,7,0.05364268872258278,1802,Revision adicional por analista; simulacion BAF
981917,7,0.0536208150747445,1803,Revision adicional por analista; simulacion BAF
934815,7,0.05361866263401578,1804,Revision adicional por analista; simulacion BAF
941928,7,0.05360644750353729,1805,Revision adicional por analista; simulacion BAF
919827,7,0.05359202765345137,1806,Revision adicional por analista; simulacion BAF
913632,7,0.0535686766718937,1807,Revision adicional por analista; simulacion BAF
968916,7,0.05355492933286582,1808,Revision adicional por analista; simulacion BAF
948015,7,0.05354234601796642,1809,Revision adicional por analista; simulacion BAF
925662,7,0.05347342777108299,1810,Revision adicional por analista; simulacion BAF
942289,7,0.05345919453531759,1811,Revision adicional por analista; simulacion BAF
983924,7,0.05345253113362044,1812,Revision adicional por analista; simulacion BAF
942775,7,0.05344181237297357,1813,Revision adicional por analista; simulacion BAF
931279,7,0.05343661593421629,1814,Revision adicional por analista; simulacion BAF
940825,7,0.05343660104930012,1815,Revision adicional por analista; simulacion BAF
941256,7,0.05336942956498639,1816,Revision adicional por analista; simulacion BAF
929610,7,0.05336716026430412,1817,Revision adicional por analista; simulacion BAF
943018,7,0.053366501833401025,1818,Revision adicional por analista; simulacion BAF
969814,7,0.05334280342397933,1819,Revision adicional por analista; simulacion BAF
983391,7,0.05332289985192557,1820,Revision adicional por analista; simulacion BAF
990554,7,0.053318413344168356,1821,Revision adicional por analista; simulacion BAF
975241,7,0.05330913666521957,1822,Revision adicional por analista; simulacion BAF
930628,7,0.05330422067986258,1823,Revision adicional por analista; simulacion BAF
987184,7,0.05329049090482672,1824,Revision adicional por analista; simulacion BAF
959889,7,0.05323740647221142,1825,Revision adicional por analista; simulacion BAF
963082,7,0.05323521137135051,1826,Revision adicional por analista; simulacion BAF
934212,7,0.05323333883958165,1827,Revision adicional por analista; simulacion BAF
992366,7,0.053214269465805854,1828,Revision adicional por analista; simulacion BAF
999973,7,0.05318258938960617,1829,Revision adicional por analista; simulacion BAF
950040,7,0.0531758582164733,1830,Revision adicional por analista; simulacion BAF
937373,7,0.053158463843378134,1831,Revision adicional por analista; simulacion BAF
920372,7,0.05315591449461438,1832,Revision adicional por analista; simulacion BAF
990635,7,0.05315547792356905,1833,Revision adicional por analista; simulacion BAF
949817,7,0.05315260154645731,1834,Revision adicional por analista; simulacion BAF
958785,7,0.05315007945802428,1835,Revision adicional por analista; simulacion BAF
941126,7,0.053112851049170344,1836,Revision adicional por analista; simulacion BAF
942663,7,0.053096225012644375,1837,Revision adicional por analista; simulacion BAF
916262,7,0.05309443058548325,1838,Revision adicional por analista; simulacion BAF
983766,7,0.05308900602908642,1839,Revision adicional por analista; simulacion BAF
911244,7,0.053026840629277476,1840,Revision adicional por analista; simulacion BAF
907153,7,0.053010263794915725,1841,Revision adicional por analista; simulacion BAF
913997,7,0.05299753155430929,1842,Revision adicional por analista; simulacion BAF
919018,7,0.052996251323044495,1843,Revision adicional por analista; simulacion BAF
980400,7,0.05295636085970749,1844,Revision adicional por analista; simulacion BAF
963530,7,0.05280373596899685,1845,Revision adicional por analista; simulacion BAF
953904,7,0.05280278768623353,1846,Revision adicional por analista; simulacion BAF
960180,7,0.052776176898866836,1847,Revision adicional por analista; simulacion BAF
939476,7,0.052754167985339585,1848,Revision adicional por analista; simulacion BAF
926030,7,0.05273581012810795,1849,Revision adicional por analista; simulacion BAF
974736,7,0.052712874786712556,1850,Revision adicional por analista; simulacion BAF
912353,7,0.05270780000513739,1851,Revision adicional por analista; simulacion BAF
948142,7,0.05269891316686596,1852,Revision adicional por analista; simulacion BAF
931643,7,0.05269751247062625,1853,Revision adicional por analista; simulacion BAF
909353,7,0.0526688665374621,1854,Revision adicional por analista; simulacion BAF
911921,7,0.05266324216757173,1855,Revision adicional por analista; simulacion BAF
921231,7,0.05262897540246196,1856,Revision adicional por analista; simulacion BAF
913991,7,0.05262892721315915,1857,Revision adicional por analista; simulacion BAF
912785,7,0.05262373285985424,1858,Revision adicional por analista; simulacion BAF
951882,7,0.05261568100202635,1859,Revision adicional por analista; simulacion BAF
960084,7,0.05261294750630786,1860,Revision adicional por analista; simulacion BAF
944605,7,0.05260896319529511,1861,Revision adicional por analista; simulacion BAF
973848,7,0.0525842837537552,1862,Revision adicional por analista; simulacion BAF
921596,7,0.05258375480991108,1863,Revision adicional por analista; simulacion BAF
989615,7,0.05253927685232535,1864,Revision adicional por analista; simulacion BAF
933132,7,0.05253776616879354,1865,Revision adicional por analista; simulacion BAF
948579,7,0.052536287371071966,1866,Revision adicional por analista; simulacion BAF
970143,7,0.05251741580859191,1867,Revision adicional por analista; simulacion BAF
965785,7,0.052505511626964645,1868,Revision adicional por analista; simulacion BAF
920569,7,0.052482232179082496,1869,Revision adicional por analista; simulacion BAF
976249,7,0.05245576387068528,1870,Revision adicional por analista; simulacion BAF
967887,7,0.05243555122633624,1871,Revision adicional por analista; simulacion BAF
947162,7,0.052370015414317794,1872,Revision adicional por analista; simulacion BAF
995141,7,0.05235479934334427,1873,Revision adicional por analista; simulacion BAF
996454,7,0.052350476824929854,1874,Revision adicional por analista; simulacion BAF
948633,7,0.05234669616904877,1875,Revision adicional por analista; simulacion BAF
950918,7,0.05231928047791334,1876,Revision adicional por analista; simulacion BAF
990789,7,0.052303904719966036,1877,Revision adicional por analista; simulacion BAF
939812,7,0.05229621694746274,1878,Revision adicional por analista; simulacion BAF
989733,7,0.05226559221035103,1879,Revision adicional por analista; simulacion BAF
968896,7,0.05225010648186328,1880,Revision adicional por analista; simulacion BAF
998979,7,0.052215450841488785,1881,Revision adicional por analista; simulacion BAF
986153,7,0.05220814446043908,1882,Revision adicional por analista; simulacion BAF
976651,7,0.05220554836741209,1883,Revision adicional por analista; simulacion BAF
984793,7,0.052189271082792275,1884,Revision adicional por analista; simulacion BAF
979720,7,0.05216144209872647,1885,Revision adicional por analista; simulacion BAF
989821,7,0.052158054860993376,1886,Revision adicional por analista; simulacion BAF
906309,7,0.052144745934417557,1887,Revision adicional por analista; simulacion BAF
946494,7,0.052139131212392505,1888,Revision adicional por analista; simulacion BAF
937672,7,0.052137736082024745,1889,Revision adicional por analista; simulacion BAF
924879,7,0.05211025623009786,1890,Revision adicional por analista; simulacion BAF
989450,7,0.05203160951528113,1891,Revision adicional por analista; simulacion BAF
977333,7,0.05202385303717255,1892,Revision adicional por analista; simulacion BAF
933020,7,0.05201863447286427,1893,Revision adicional por analista; simulacion BAF
999677,7,0.0520024251811643,1894,Revision adicional por analista; simulacion BAF
920698,7,0.05200192918509669,1895,Revision adicional por analista; simulacion BAF
915112,7,0.05199662520280553,1896,Revision adicional por analista; simulacion BAF
920829,7,0.05196371840594949,1897,Revision adicional por analista; simulacion BAF
996024,7,0.051942555185843495,1898,Revision adicional por analista; simulacion BAF
971997,7,0.05192896115091746,1899,Revision adicional por analista; simulacion BAF
940382,7,0.051921943249004364,1900,Revision adicional por analista; simulacion BAF
927422,7,0.05191313730986523,1901,Revision adicional por analista; simulacion BAF
935027,7,0.05190540751272521,1902,Revision adicional por analista; simulacion BAF
994044,7,0.051856192355727034,1903,Revision adicional por analista; simulacion BAF
903229,7,0.05183114723026495,1904,Revision adicional por analista; simulacion BAF
945118,7,0.05178600874190591,1905,Revision adicional por analista; simulacion BAF
999726,7,0.05175525602011931,1906,Revision adicional por analista; simulacion BAF
922604,7,0.051746030132850215,1907,Revision adicional por analista; simulacion BAF
935598,7,0.05174455231656925,1908,Revision adicional por analista; simulacion BAF
967118,7,0.05172087993553475,1909,Revision adicional por analista; simulacion BAF
972380,7,0.05171860057342011,1910,Revision adicional por analista; simulacion BAF
964335,7,0.05171622883268073,1911,Revision adicional por analista; simulacion BAF
926775,7,0.051715317673801484,1912,Revision adicional por analista; simulacion BAF
976979,7,0.05171453394164264,1913,Revision adicional por analista; simulacion BAF
903369,7,0.05169138626189232,1914,Revision adicional por analista; simulacion BAF
981475,7,0.0516911418198132,1915,Revision adicional por analista; simulacion BAF
921630,7,0.05167645136576939,1916,Revision adicional por analista; simulacion BAF
943450,7,0.051672297904255794,1917,Revision adicional por analista; simulacion BAF
945916,7,0.05161134062112055,1918,Revision adicional por analista; simulacion BAF
997564,7,0.051600167017601783,1919,Revision adicional por analista; simulacion BAF
982317,7,0.051586597231335754,1920,Revision adicional por analista; simulacion BAF
910793,7,0.05153537740554397,1921,Revision adicional por analista; simulacion BAF
995063,7,0.051474442200200414,1922,Revision adicional por analista; simulacion BAF
989168,7,0.051464471323226554,1923,Revision adicional por analista; simulacion BAF
944509,7,0.05145334596107057,1924,Revision adicional por analista; simulacion BAF
962625,7,0.051412319411851266,1925,Revision adicional por analista; simulacion BAF
962376,7,0.05141117427733556,1926,Revision adicional por analista; simulacion BAF
956208,7,0.05138473538818981,1927,Revision adicional por analista; simulacion BAF
987394,7,0.0513720014901732,1928,Revision adicional por analista; simulacion BAF
996247,7,0.05125710786115805,1929,Revision adicional por analista; simulacion BAF
920167,7,0.0512313126402401,1930,Revision adicional por analista; simulacion BAF
937304,7,0.05122247124810729,1931,Revision adicional por analista; simulacion BAF
979054,7,0.051218924637700475,1932,Revision adicional por analista; simulacion BAF
925913,7,0.05120961367305303,1933,Revision adicional por analista; simulacion BAF
995699,7,0.05120934361674861,1934,Revision adicional por analista; simulacion BAF
994884,7,0.051200929305142945,1935,Revision adicional por analista; simulacion BAF
929555,7,0.05113039997753707,1936,Revision adicional por analista; simulacion BAF
936320,7,0.05112295626559716,1937,Revision adicional por analista; simulacion BAF
965721,7,0.051101845094313085,1938,Revision adicional por analista; simulacion BAF
932048,7,0.05109793010749266,1939,Revision adicional por analista; simulacion BAF
929944,7,0.051081603371242665,1940,Revision adicional por analista; simulacion BAF
965931,7,0.05107296774049712,1941,Revision adicional por analista; simulacion BAF
957517,7,0.05106548266066575,1942,Revision adicional por analista; simulacion BAF
971679,7,0.05102113354059177,1943,Revision adicional por analista; simulacion BAF
930621,7,0.051014063064373866,1944,Revision adicional por analista; simulacion BAF
907183,7,0.05101191442028247,1945,Revision adicional por analista; simulacion BAF
980125,7,0.05095199225231235,1946,Revision adicional por analista; simulacion BAF
943341,7,0.050926656439008275,1947,Revision adicional por analista; simulacion BAF
929096,7,0.05087498833931732,1948,Revision adicional por analista; simulacion BAF
956278,7,0.05085528188354828,1949,Revision adicional por analista; simulacion BAF
999460,7,0.050831814448697395,1950,Revision adicional por analista; simulacion BAF
976420,7,0.0508183948500551,1951,Revision adicional por analista; simulacion BAF
930932,7,0.0507748803767312,1952,Revision adicional por analista; simulacion BAF
993241,7,0.05076857592180603,1953,Revision adicional por analista; simulacion BAF
960708,7,0.050766775640849394,1954,Revision adicional por analista; simulacion BAF
936417,7,0.050766108866306045,1955,Revision adicional por analista; simulacion BAF
921193,7,0.05074299056235442,1956,Revision adicional por analista; simulacion BAF
985163,7,0.050734707394197526,1957,Revision adicional por analista; simulacion BAF
918492,7,0.05071430544872931,1958,Revision adicional por analista; simulacion BAF
986574,7,0.05070557647423808,1959,Revision adicional por analista; simulacion BAF
908994,7,0.050680784445168096,1960,Revision adicional por analista; simulacion BAF
976234,7,0.05068070972129858,1961,Revision adicional por analista; simulacion BAF
915438,7,0.050680248917273955,1962,Revision adicional por analista; simulacion BAF
967682,7,0.050671737286727164,1963,Revision adicional por analista; simulacion BAF
905098,7,0.05061998707207485,1964,Revision adicional por analista; simulacion BAF
960096,7,0.05061524761980243,1965,Revision adicional por analista; simulacion BAF
910923,7,0.0506037621836624,1966,Revision adicional por analista; simulacion BAF
912533,7,0.050589512588255295,1967,Revision adicional por analista; simulacion BAF
975833,7,0.05058681224698835,1968,Revision adicional por analista; simulacion BAF
977636,7,0.050549117701353515,1969,Revision adicional por analista; simulacion BAF
993431,7,0.05053066418134831,1970,Revision adicional por analista; simulacion BAF
981821,7,0.05052187911510056,1971,Revision adicional por analista; simulacion BAF
945902,7,0.05048408310125625,1972,Revision adicional por analista; simulacion BAF
971070,7,0.05048004407614325,1973,Revision adicional por analista; simulacion BAF
985953,7,0.05045302284147139,1974,Revision adicional por analista; simulacion BAF
942399,7,0.05044960440006551,1975,Revision adicional por analista; simulacion BAF
915463,7,0.050439274098248915,1976,Revision adicional por analista; simulacion BAF
978288,7,0.05039917622277023,1977,Revision adicional por analista; simulacion BAF
996709,7,0.050389925850162,1978,Revision adicional por analista; simulacion BAF
925778,7,0.05037603669864665,1979,Revision adicional por analista; simulacion BAF
949688,7,0.05035726371322287,1980,Revision adicional por analista; simulacion BAF
972700,7,0.05033787024530598,1981,Revision adicional por analista; simulacion BAF
969174,7,0.050334015768804086,1982,Revision adicional por analista; simulacion BAF
946929,7,0.05033039758786046,1983,Revision adicional por analista; simulacion BAF
999466,7,0.050327146622213735,1984,Revision adicional por analista; simulacion BAF
913935,7,0.05031513273793172,1985,Revision adicional por analista; simulacion BAF
967565,7,0.05026965418948034,1986,Revision adicional por analista; simulacion BAF
920171,7,0.05021804781678226,1987,Revision adicional por analista; simulacion BAF
911213,7,0.05021793877448844,1988,Revision adicional por analista; simulacion BAF
912820,7,0.05020165447688717,1989,Revision adicional por analista; simulacion BAF
936214,7,0.05019974416353832,1990,Revision adicional por analista; simulacion BAF
949299,7,0.05018606618871179,1991,Revision adicional por analista; simulacion BAF
986893,7,0.05017943032243357,1992,Revision adicional por analista; simulacion BAF
984056,7,0.05010115361241616,1993,Revision adicional por analista; simulacion BAF
921014,7,0.050051583199487416,1994,Revision adicional por analista; simulacion BAF
916062,7,0.050044492798383314,1995,Revision adicional por analista; simulacion BAF
966946,7,0.05003766877927516,1996,Revision adicional por analista; simulacion BAF
939598,7,0.05003620508340356,1997,Revision adicional por analista; simulacion BAF
994192,7,0.05002821306822353,1998,Revision adicional por analista; simulacion BAF
966714,7,0.050010591159971154,1999,Revision adicional por analista; simulacion BAF
973922,7,0.0500079552596104,2000,Revision adicional por analista; simulacion BAF
943731,7,0.04998300351554575,2001,Revision adicional por analista; simulacion BAF
988603,7,0.049964426886465685,2002,Revision adicional por analista; simulacion BAF
975555,7,0.04996242822176257,2003,Revision adicional por analista; simulacion BAF
989282,7,0.049943246155580344,2004,Revision adicional por analista; simulacion BAF
968475,7,0.04993349283406416,2005,Revision adicional por analista; simulacion BAF
988607,7,0.049920839346585984,2006,Revision adicional por analista; simulacion BAF
906278,7,0.04990300413979117,2007,Revision adicional por analista; simulacion BAF
927391,7,0.04989424026989169,2008,Revision adicional por analista; simulacion BAF
919111,7,0.04989386849496363,2009,Revision adicional por analista; simulacion BAF
977227,7,0.0498487867516012,2010,Revision adicional por analista; simulacion BAF
951803,7,0.04984864646760914,2011,Revision adicional por analista; simulacion BAF
922639,7,0.04984394011504285,2012,Revision adicional por analista; simulacion BAF
925096,7,0.04981392576133418,2013,Revision adicional por analista; simulacion BAF
947532,7,0.04981257959436427,2014,Revision adicional por analista; simulacion BAF
932634,7,0.04979698704211402,2015,Revision adicional por analista; simulacion BAF
918253,7,0.04979171906688778,2016,Revision adicional por analista; simulacion BAF
914647,7,0.04979106432205198,2017,Revision adicional por analista; simulacion BAF
907045,7,0.04977372161115731,2018,Revision adicional por analista; simulacion BAF
944681,7,0.04975641776497367,2019,Revision adicional por analista; simulacion BAF
948286,7,0.04974878467352605,2020,Revision adicional por analista; simulacion BAF
959945,7,0.04972798105457749,2021,Revision adicional por analista; simulacion BAF
976710,7,0.04972686570564572,2022,Revision adicional por analista; simulacion BAF
913737,7,0.049621045322517564,2023,Revision adicional por analista; simulacion BAF
908898,7,0.04957182724065412,2024,Revision adicional por analista; simulacion BAF
975045,7,0.04956679500343551,2025,Revision adicional por analista; simulacion BAF
903543,7,0.04955036814537492,2026,Revision adicional por analista; simulacion BAF
997727,7,0.049545115114279614,2027,Revision adicional por analista; simulacion BAF
928447,7,0.049541046557271144,2028,Revision adicional por analista; simulacion BAF
953764,7,0.04950569843030155,2029,Revision adicional por analista; simulacion BAF
931997,7,0.04946088979822311,2030,Revision adicional por analista; simulacion BAF
931477,7,0.049456492458838194,2031,Revision adicional por analista; simulacion BAF
996275,7,0.04941869317712872,2032,Revision adicional por analista; simulacion BAF
962618,7,0.04939201792872919,2033,Revision adicional por analista; simulacion BAF
916145,7,0.049389616225576,2034,Revision adicional por analista; simulacion BAF
960138,7,0.049353390374337544,2035,Revision adicional por analista; simulacion BAF
910353,7,0.049343438459977226,2036,Revision adicional por analista; simulacion BAF
939593,7,0.04933839064115577,2037,Revision adicional por analista; simulacion BAF
920666,7,0.0493141494828432,2038,Revision adicional por analista; simulacion BAF
952200,7,0.04931362396798395,2039,Revision adicional por analista; simulacion BAF
980980,7,0.049313557720541065,2040,Revision adicional por analista; simulacion BAF
998403,7,0.04930187297058769,2041,Revision adicional por analista; simulacion BAF
982137,7,0.04925460460205915,2042,Revision adicional por analista; simulacion BAF
912835,7,0.04924090346509839,2043,Revision adicional por analista; simulacion BAF
926698,7,0.04923371505715966,2044,Revision adicional por analista; simulacion BAF
916125,7,0.049229743091870753,2045,Revision adicional por analista; simulacion BAF
949247,7,0.04921316602729935,2046,Revision adicional por analista; simulacion BAF
927363,7,0.049196137590038144,2047,Revision adicional por analista; simulacion BAF
926525,7,0.04918377438361544,2048,Revision adicional por analista; simulacion BAF
932007,7,0.049162596238549336,2049,Revision adicional por analista; simulacion BAF
943923,7,0.04916159904420194,2050,Revision adicional por analista; simulacion BAF
915403,7,0.04915345405228562,2051,Revision adicional por analista; simulacion BAF
937052,7,0.04913471401399593,2052,Revision adicional por analista; simulacion BAF
959555,7,0.049126869177656844,2053,Revision adicional por analista; simulacion BAF
955668,7,0.04912573056821307,2054,Revision adicional por analista; simulacion BAF
965469,7,0.04912070873365287,2055,Revision adicional por analista; simulacion BAF
911266,7,0.04910758254384113,2056,Revision adicional por analista; simulacion BAF
998739,7,0.0491064826535658,2057,Revision adicional por analista; simulacion BAF
949732,7,0.04910477173925046,2058,Revision adicional por analista; simulacion BAF
958560,7,0.049089861579031654,2059,Revision adicional por analista; simulacion BAF
937515,7,0.04908657330266019,2060,Revision adicional por analista; simulacion BAF
965875,7,0.049079023163523895,2061,Revision adicional por analista; simulacion BAF
963221,7,0.04905715009784638,2062,Revision adicional por analista; simulacion BAF
963179,7,0.0490333357665905,2063,Revision adicional por analista; simulacion BAF
965711,7,0.049017853055381755,2064,Revision adicional por analista; simulacion BAF
928717,7,0.04897077644573592,2065,Revision adicional por analista; simulacion BAF
998958,7,0.048958723256580516,2066,Revision adicional por analista; simulacion BAF
992129,7,0.04895672275376656,2067,Revision adicional por analista; simulacion BAF
982010,7,0.048950315732593445,2068,Revision adicional por analista; simulacion BAF
946628,7,0.0489454733330419,2069,Revision adicional por analista; simulacion BAF
908265,7,0.04894153379421434,2070,Revision adicional por analista; simulacion BAF
923186,7,0.04891148555493064,2071,Revision adicional por analista; simulacion BAF
955888,7,0.04889871739932093,2072,Revision adicional por analista; simulacion BAF
938992,7,0.048871392119384516,2073,Revision adicional por analista; simulacion BAF
913879,7,0.04878103709128518,2074,Revision adicional por analista; simulacion BAF
957497,7,0.04875753846489669,2075,Revision adicional por analista; simulacion BAF
991697,7,0.0487483667448203,2076,Revision adicional por analista; simulacion BAF
992607,7,0.04872848604130395,2077,Revision adicional por analista; simulacion BAF
911227,7,0.048713767956826456,2078,Revision adicional por analista; simulacion BAF
909052,7,0.04867300706483534,2079,Revision adicional por analista; simulacion BAF
934223,7,0.04864018212762281,2080,Revision adicional por analista; simulacion BAF
929476,7,0.048631516788406076,2081,Revision adicional por analista; simulacion BAF
931637,7,0.04861897019411311,2082,Revision adicional por analista; simulacion BAF
978474,7,0.0486157937650717,2083,Revision adicional por analista; simulacion BAF
935923,7,0.04861358619340079,2084,Revision adicional por analista; simulacion BAF
997100,7,0.04860735127226104,2085,Revision adicional por analista; simulacion BAF
912161,7,0.048601833690112596,2086,Revision adicional por analista; simulacion BAF
950966,7,0.04859426054227601,2087,Revision adicional por analista; simulacion BAF
939954,7,0.04858812829533421,2088,Revision adicional por analista; simulacion BAF
927818,7,0.04858760947138205,2089,Revision adicional por analista; simulacion BAF
966312,7,0.048585320122290804,2090,Revision adicional por analista; simulacion BAF
944766,7,0.048577183326473906,2091,Revision adicional por analista; simulacion BAF
920232,7,0.04855503258859457,2092,Revision adicional por analista; simulacion BAF
911752,7,0.04854508937771571,2093,Revision adicional por analista; simulacion BAF
980437,7,0.048542320569421614,2094,Revision adicional por analista; simulacion BAF
911432,7,0.04849202379446599,2095,Revision adicional por analista; simulacion BAF
981053,7,0.04847760402597495,2096,Revision adicional por analista; simulacion BAF
946447,7,0.04847328289133809,2097,Revision adicional por analista; simulacion BAF
945509,7,0.04846724502433484,2098,Revision adicional por analista; simulacion BAF
948710,7,0.04844622656382867,2099,Revision adicional por analista; simulacion BAF
930952,7,0.048440659833906725,2100,Revision adicional por analista; simulacion BAF
938777,7,0.048437156843630126,2101,Revision adicional por analista; simulacion BAF
903183,7,0.04842127451173132,2102,Revision adicional por analista; simulacion BAF
957706,7,0.04842127274209904,2103,Revision adicional por analista; simulacion BAF
969908,7,0.04838557436322071,2104,Revision adicional por analista; simulacion BAF
975302,7,0.04837881211880318,2105,Revision adicional por analista; simulacion BAF
992412,7,0.04834649603917441,2106,Revision adicional por analista; simulacion BAF
916585,7,0.04834251210732999,2107,Revision adicional por analista; simulacion BAF
974523,7,0.04830268160935455,2108,Revision adicional por analista; simulacion BAF
991662,7,0.048300231459690285,2109,Revision adicional por analista; simulacion BAF
960619,7,0.048283837196203355,2110,Revision adicional por analista; simulacion BAF
941800,7,0.04827122781681843,2111,Revision adicional por analista; simulacion BAF
929328,7,0.048269088318547544,2112,Revision adicional por analista; simulacion BAF
932565,7,0.048252597452672366,2113,Revision adicional por analista; simulacion BAF
967498,7,0.04822540970535237,2114,Revision adicional por analista; simulacion BAF
980047,7,0.04821374463645723,2115,Revision adicional por analista; simulacion BAF
937870,7,0.04819150015328886,2116,Revision adicional por analista; simulacion BAF
927788,7,0.04817729648523737,2117,Revision adicional por analista; simulacion BAF
964340,7,0.04817623666369483,2118,Revision adicional por analista; simulacion BAF
955124,7,0.048156700965595885,2119,Revision adicional por analista; simulacion BAF
950832,7,0.04815037609773385,2120,Revision adicional por analista; simulacion BAF
992312,7,0.048098525464358416,2121,Revision adicional por analista; simulacion BAF
910999,7,0.04809408825454295,2122,Revision adicional por analista; simulacion BAF
996805,7,0.04807108946711302,2123,Revision adicional por analista; simulacion BAF
971870,7,0.04806714593491562,2124,Revision adicional por analista; simulacion BAF
994092,7,0.048061963220765676,2125,Revision adicional por analista; simulacion BAF
958968,7,0.04805098042717011,2126,Revision adicional por analista; simulacion BAF
950601,7,0.04798775000672515,2127,Revision adicional por analista; simulacion BAF
921636,7,0.04798592803210769,2128,Revision adicional por analista; simulacion BAF
985051,7,0.04795718565765194,2129,Revision adicional por analista; simulacion BAF
941056,7,0.04795639475939821,2130,Revision adicional por analista; simulacion BAF
990883,7,0.04792457657683333,2131,Revision adicional por analista; simulacion BAF
917925,7,0.04792345239436141,2132,Revision adicional por analista; simulacion BAF
972474,7,0.047922623560729204,2133,Revision adicional por analista; simulacion BAF
969824,7,0.047875916252403374,2134,Revision adicional por analista; simulacion BAF
905012,7,0.047864684203926755,2135,Revision adicional por analista; simulacion BAF
922736,7,0.04785830773348327,2136,Revision adicional por analista; simulacion BAF
923031,7,0.04781985956121752,2137,Revision adicional por analista; simulacion BAF
940640,7,0.04780809459366881,2138,Revision adicional por analista; simulacion BAF
904488,7,0.04779325883750885,2139,Revision adicional por analista; simulacion BAF
954563,7,0.047790203772794713,2140,Revision adicional por analista; simulacion BAF
908985,7,0.047782101414664976,2141,Revision adicional por analista; simulacion BAF
977259,7,0.04775566720363106,2142,Revision adicional por analista; simulacion BAF
912565,7,0.047749284423198854,2143,Revision adicional por analista; simulacion BAF
946207,7,0.04769357050291449,2144,Revision adicional por analista; simulacion BAF
937684,7,0.04768639688221363,2145,Revision adicional por analista; simulacion BAF
926944,7,0.047660383850356994,2146,Revision adicional por analista; simulacion BAF
934543,7,0.04763643243038952,2147,Revision adicional por analista; simulacion BAF
926381,7,0.04762895389550846,2148,Revision adicional por analista; simulacion BAF
963858,7,0.04762667927298795,2149,Revision adicional por analista; simulacion BAF
952730,7,0.0476200824123646,2150,Revision adicional por analista; simulacion BAF
950372,7,0.04761571965870434,2151,Revision adicional por analista; simulacion BAF
964435,7,0.04761159565170279,2152,Revision adicional por analista; simulacion BAF
992601,7,0.04759699316126846,2153,Revision adicional por analista; simulacion BAF
994006,7,0.04757679762549686,2154,Revision adicional por analista; simulacion BAF
918026,7,0.04757634838181487,2155,Revision adicional por analista; simulacion BAF
999880,7,0.04756773433308393,2156,Revision adicional por analista; simulacion BAF
938048,7,0.04756137975391439,2157,Revision adicional por analista; simulacion BAF
996087,7,0.047556784828767275,2158,Revision adicional por analista; simulacion BAF
942847,7,0.04755230505016192,2159,Revision adicional por analista; simulacion BAF
958173,7,0.04754922402706088,2160,Revision adicional por analista; simulacion BAF
983443,7,0.04751069101410267,2161,Revision adicional por analista; simulacion BAF
946538,7,0.04750038928497828,2162,Revision adicional por analista; simulacion BAF
978514,7,0.04749805645598239,2163,Revision adicional por analista; simulacion BAF
998476,7,0.04749523958770938,2164,Revision adicional por analista; simulacion BAF
917804,7,0.04749132843157601,2165,Revision adicional por analista; simulacion BAF
992036,7,0.047486190622056154,2166,Revision adicional por analista; simulacion BAF
910495,7,0.04748162655466381,2167,Revision adicional por analista; simulacion BAF
913319,7,0.047476536420312306,2168,Revision adicional por analista; simulacion BAF
994445,7,0.04746483765371996,2169,Revision adicional por analista; simulacion BAF
943081,7,0.04745436859313967,2170,Revision adicional por analista; simulacion BAF
948289,7,0.047449433481387346,2171,Revision adicional por analista; simulacion BAF
932911,7,0.04742065904429262,2172,Revision adicional por analista; simulacion BAF
934802,7,0.04740671716198405,2173,Revision adicional por analista; simulacion BAF
906876,7,0.047383175065610385,2174,Revision adicional por analista; simulacion BAF
989096,7,0.04737866314167414,2175,Revision adicional por analista; simulacion BAF
934207,7,0.04737663629290828,2176,Revision adicional por analista; simulacion BAF
931507,7,0.04737275443463368,2177,Revision adicional por analista; simulacion BAF
910821,7,0.04737264109975059,2178,Revision adicional por analista; simulacion BAF
944207,7,0.04736815120153657,2179,Revision adicional por analista; simulacion BAF
914713,7,0.04736474885795938,2180,Revision adicional por analista; simulacion BAF
974049,7,0.047362731771201816,2181,Revision adicional por analista; simulacion BAF
946521,7,0.047348251106584784,2182,Revision adicional por analista; simulacion BAF
966959,7,0.04733811094503773,2183,Revision adicional por analista; simulacion BAF
944866,7,0.04733182642616385,2184,Revision adicional por analista; simulacion BAF
904537,7,0.04729443501188616,2185,Revision adicional por analista; simulacion BAF
984312,7,0.047286396785282535,2186,Revision adicional por analista; simulacion BAF
998158,7,0.047281561357643706,2187,Revision adicional por analista; simulacion BAF
914399,7,0.047269162326187955,2188,Revision adicional por analista; simulacion BAF
918164,7,0.04726848702677085,2189,Revision adicional por analista; simulacion BAF
963481,7,0.04726495515230288,2190,Revision adicional por analista; simulacion BAF
945587,7,0.04725706533717527,2191,Revision adicional por analista; simulacion BAF
967374,7,0.04725419812199974,2192,Revision adicional por analista; simulacion BAF
939794,7,0.047236032609296257,2193,Revision adicional por analista; simulacion BAF
950745,7,0.04723100528747942,2194,Revision adicional por analista; simulacion BAF
974979,7,0.04720028371987498,2195,Revision adicional por analista; simulacion BAF
980533,7,0.04719057147391894,2196,Revision adicional por analista; simulacion BAF
964790,7,0.047181159264930043,2197,Revision adicional por analista; simulacion BAF
979947,7,0.0471775138105782,2198,Revision adicional por analista; simulacion BAF
988544,7,0.04716631692701503,2199,Revision adicional por analista; simulacion BAF
996303,7,0.04713203316900694,2200,Revision adicional por analista; simulacion BAF
995524,7,0.0471282509825565,2201,Revision adicional por analista; simulacion BAF
988166,7,0.04712155226987872,2202,Revision adicional por analista; simulacion BAF
905469,7,0.047120225678912185,2203,Revision adicional por analista; simulacion BAF
951596,7,0.047059206610262874,2204,Revision adicional por analista; simulacion BAF
951807,7,0.04705903564213154,2205,Revision adicional por analista; simulacion BAF
963802,7,0.04704454523986992,2206,Revision adicional por analista; simulacion BAF
949721,7,0.04697923840239506,2207,Revision adicional por analista; simulacion BAF
946337,7,0.04697510203266415,2208,Revision adicional por analista; simulacion BAF
981921,7,0.04697036424758535,2209,Revision adicional por analista; simulacion BAF
915543,7,0.04691430050178232,2210,Revision adicional por analista; simulacion BAF
963206,7,0.04691248314584791,2211,Revision adicional por analista; simulacion BAF
939847,7,0.046898431746881075,2212,Revision adicional por analista; simulacion BAF
964180,7,0.046888261479338895,2213,Revision adicional por analista; simulacion BAF
920029,7,0.04686508346747436,2214,Revision adicional por analista; simulacion BAF
989590,7,0.0468454938142898,2215,Revision adicional por analista; simulacion BAF
980919,7,0.04684231702523872,2216,Revision adicional por analista; simulacion BAF
944464,7,0.04683661157555706,2217,Revision adicional por analista; simulacion BAF
911809,7,0.04683321459581262,2218,Revision adicional por analista; simulacion BAF
999011,7,0.046813878315378386,2219,Revision adicional por analista; simulacion BAF
993650,7,0.046808946731306866,2220,Revision adicional por analista; simulacion BAF
922188,7,0.04677398213108799,2221,Revision adicional por analista; simulacion BAF
976702,7,0.04675463479102925,2222,Revision adicional por analista; simulacion BAF
939703,7,0.04673890917861146,2223,Revision adicional por analista; simulacion BAF
984763,7,0.04672651452456126,2224,Revision adicional por analista; simulacion BAF
950724,7,0.046724394350818856,2225,Revision adicional por analista; simulacion BAF
941081,7,0.046720312575837294,2226,Revision adicional por analista; simulacion BAF
919515,7,0.04670100057598455,2227,Revision adicional por analista; simulacion BAF
923574,7,0.046692955807783584,2228,Revision adicional por analista; simulacion BAF
975431,7,0.046683421917129875,2229,Revision adicional por analista; simulacion BAF
923407,7,0.046626900906500936,2230,Revision adicional por analista; simulacion BAF
914089,7,0.04661568034495327,2231,Revision adicional por analista; simulacion BAF
993621,7,0.04661304712501966,2232,Revision adicional por analista; simulacion BAF
992350,7,0.04659688851652761,2233,Revision adicional por analista; simulacion BAF
941159,7,0.04659475290694401,2234,Revision adicional por analista; simulacion BAF
990263,7,0.04659159384612788,2235,Revision adicional por analista; simulacion BAF
949695,7,0.04657886852227768,2236,Revision adicional por analista; simulacion BAF
997203,7,0.04656159190863233,2237,Revision adicional por analista; simulacion BAF
930419,7,0.046542507154943326,2238,Revision adicional por analista; simulacion BAF
995991,7,0.04654089024858959,2239,Revision adicional por analista; simulacion BAF
952733,7,0.04651722722128692,2240,Revision adicional por analista; simulacion BAF
918226,7,0.04651156726865761,2241,Revision adicional por analista; simulacion BAF
908223,7,0.04650470158309854,2242,Revision adicional por analista; simulacion BAF
969942,7,0.046463744541638506,2243,Revision adicional por analista; simulacion BAF
975450,7,0.046429588951064735,2244,Revision adicional por analista; simulacion BAF
938506,7,0.04641898703901209,2245,Revision adicional por analista; simulacion BAF
989346,7,0.04639689554753536,2246,Revision adicional por analista; simulacion BAF
969423,7,0.04638542371539945,2247,Revision adicional por analista; simulacion BAF
996948,7,0.04638169989854634,2248,Revision adicional por analista; simulacion BAF
936603,7,0.046374902186795575,2249,Revision adicional por analista; simulacion BAF
973580,7,0.04634274850854509,2250,Revision adicional por analista; simulacion BAF
926002,7,0.04633717505457189,2251,Revision adicional por analista; simulacion BAF
997921,7,0.04631444983020847,2252,Revision adicional por analista; simulacion BAF
910096,7,0.046258681674582754,2253,Revision adicional por analista; simulacion BAF
974531,7,0.04624186776132001,2254,Revision adicional por analista; simulacion BAF
907903,7,0.04619181693951836,2255,Revision adicional por analista; simulacion BAF
985703,7,0.04618295839074935,2256,Revision adicional por analista; simulacion BAF
966271,7,0.04616382467829826,2257,Revision adicional por analista; simulacion BAF
982231,7,0.04615487134211159,2258,Revision adicional por analista; simulacion BAF
951221,7,0.046149379293408954,2259,Revision adicional por analista; simulacion BAF
966194,7,0.04612954866654583,2260,Revision adicional por analista; simulacion BAF
933009,7,0.04612562809979351,2261,Revision adicional por analista; simulacion BAF
943287,7,0.04612421510597803,2262,Revision adicional por analista; simulacion BAF
913410,7,0.046123664860201904,2263,Revision adicional por analista; simulacion BAF
928940,7,0.0461022961635579,2264,Revision adicional por analista; simulacion BAF
986390,7,0.04610032292763805,2265,Revision adicional por analista; simulacion BAF
956748,7,0.04607534015205445,2266,Revision adicional por analista; simulacion BAF
903963,7,0.04605928923480662,2267,Revision adicional por analista; simulacion BAF
951926,7,0.046052299554757516,2268,Revision adicional por analista; simulacion BAF
956673,7,0.04603287800159311,2269,Revision adicional por analista; simulacion BAF
924103,7,0.046031903419919695,2270,Revision adicional por analista; simulacion BAF
909543,7,0.046029510095215095,2271,Revision adicional por analista; simulacion BAF
964593,7,0.04602788139342965,2272,Revision adicional por analista; simulacion BAF
953892,7,0.04600768654685878,2273,Revision adicional por analista; simulacion BAF
999221,7,0.04600421993746634,2274,Revision adicional por analista; simulacion BAF
997636,7,0.046000048921122395,2275,Revision adicional por analista; simulacion BAF
905183,7,0.045996500272229096,2276,Revision adicional por analista; simulacion BAF
972262,7,0.04598532317881691,2277,Revision adicional por analista; simulacion BAF
921835,7,0.045978711023685045,2278,Revision adicional por analista; simulacion BAF
905897,7,0.045976666532732316,2279,Revision adicional por analista; simulacion BAF
905226,7,0.045952373901109456,2280,Revision adicional por analista; simulacion BAF
986160,7,0.045949630383334744,2281,Revision adicional por analista; simulacion BAF
960893,7,0.04594333355852132,2282,Revision adicional por analista; simulacion BAF
915290,7,0.045918834979659234,2283,Revision adicional por analista; simulacion BAF
917840,7,0.04590510241697845,2284,Revision adicional por analista; simulacion BAF
933752,7,0.04587071904211788,2285,Revision adicional por analista; simulacion BAF
931139,7,0.04586928098573603,2286,Revision adicional por analista; simulacion BAF
931720,7,0.0458256613302115,2287,Revision adicional por analista; simulacion BAF
995989,7,0.045822328728723084,2288,Revision adicional por analista; simulacion BAF
988968,7,0.045821037561912345,2289,Revision adicional por analista; simulacion BAF
993816,7,0.045786958571787,2290,Revision adicional por analista; simulacion BAF
927450,7,0.045774970341616934,2291,Revision adicional por analista; simulacion BAF
939987,7,0.045766333917314224,2292,Revision adicional por analista; simulacion BAF
982614,7,0.04576621439987626,2293,Revision adicional por analista; simulacion BAF
997069,7,0.04574995770720507,2294,Revision adicional por analista; simulacion BAF
999172,7,0.045743854096261014,2295,Revision adicional por analista; simulacion BAF
992724,7,0.045723082162750874,2296,Revision adicional por analista; simulacion BAF
948054,7,0.045716768795609604,2297,Revision adicional por analista; simulacion BAF
985091,7,0.04571352266577413,2298,Revision adicional por analista; simulacion BAF
925865,7,0.045689254466751233,2299,Revision adicional por analista; simulacion BAF
972355,7,0.04567295834744887,2300,Revision adicional por analista; simulacion BAF
913487,7,0.04565858755067688,2301,Revision adicional por analista; simulacion BAF
958944,7,0.0456391496979409,2302,Revision adicional por analista; simulacion BAF
965363,7,0.04563146828614431,2303,Revision adicional por analista; simulacion BAF
977658,7,0.04561294754944763,2304,Revision adicional por analista; simulacion BAF
929284,7,0.045610024351565095,2305,Revision adicional por analista; simulacion BAF
929533,7,0.04557601298357958,2306,Revision adicional por analista; simulacion BAF
945162,7,0.04553635460159766,2307,Revision adicional por analista; simulacion BAF
930838,7,0.045485283252066896,2308,Revision adicional por analista; simulacion BAF
906510,7,0.045475923289034735,2309,Revision adicional por analista; simulacion BAF
907270,7,0.04547536935707554,2310,Revision adicional por analista; simulacion BAF
973977,7,0.045444742210773756,2311,Revision adicional por analista; simulacion BAF
933610,7,0.04544315309767259,2312,Revision adicional por analista; simulacion BAF
993359,7,0.04543398329307436,2313,Revision adicional por analista; simulacion BAF
985267,7,0.04543330714977286,2314,Revision adicional por analista; simulacion BAF
964855,7,0.04540413713174396,2315,Revision adicional por analista; simulacion BAF
925220,7,0.04537552127993749,2316,Revision adicional por analista; simulacion BAF
998947,7,0.04537386787518189,2317,Revision adicional por analista; simulacion BAF
937889,7,0.04537169328625448,2318,Revision adicional por analista; simulacion BAF
975709,7,0.0453697400900831,2319,Revision adicional por analista; simulacion BAF
932934,7,0.045364295335255024,2320,Revision adicional por analista; simulacion BAF
931957,7,0.04535623727985975,2321,Revision adicional por analista; simulacion BAF
991577,7,0.04535182927063498,2322,Revision adicional por analista; simulacion BAF
997903,7,0.04534552339887009,2323,Revision adicional por analista; simulacion BAF
965248,7,0.045333143070924266,2324,Revision adicional por analista; simulacion BAF
939119,7,0.045305363627283664,2325,Revision adicional por analista; simulacion BAF
939209,7,0.045286096389902816,2326,Revision adicional por analista; simulacion BAF
908482,7,0.04528118232465135,2327,Revision adicional por analista; simulacion BAF
974138,7,0.04527660138622724,2328,Revision adicional por analista; simulacion BAF
956552,7,0.045259141144262376,2329,Revision adicional por analista; simulacion BAF
927404,7,0.04525159428574056,2330,Revision adicional por analista; simulacion BAF
926316,7,0.045244940616810385,2331,Revision adicional por analista; simulacion BAF
962631,7,0.045239184719798486,2332,Revision adicional por analista; simulacion BAF
924754,7,0.04523111085988424,2333,Revision adicional por analista; simulacion BAF
972393,7,0.04522742376383456,2334,Revision adicional por analista; simulacion BAF
957362,7,0.04521844654797666,2335,Revision adicional por analista; simulacion BAF
966455,7,0.045213530518512936,2336,Revision adicional por analista; simulacion BAF
977620,7,0.04520589316850087,2337,Revision adicional por analista; simulacion BAF
999196,7,0.04516275147204336,2338,Revision adicional por analista; simulacion BAF
976820,7,0.04515727146130423,2339,Revision adicional por analista; simulacion BAF
932348,7,0.04515507960607133,2340,Revision adicional por analista; simulacion BAF
996756,7,0.04513272170259,2341,Revision adicional por analista; simulacion BAF
909927,7,0.04512045703570641,2342,Revision adicional por analista; simulacion BAF
966229,7,0.045093772736669556,2343,Revision adicional por analista; simulacion BAF
946209,7,0.045067793222997685,2344,Revision adicional por analista; simulacion BAF
929518,7,0.045050811082406376,2345,Revision adicional por analista; simulacion BAF
914729,7,0.04504984944198964,2346,Revision adicional por analista; simulacion BAF
920215,7,0.045034629954791454,2347,Revision adicional por analista; simulacion BAF
904722,7,0.0450134404822408,2348,Revision adicional por analista; simulacion BAF
957538,7,0.04500231896956603,2349,Revision adicional por analista; simulacion BAF
995328,7,0.04500186337814261,2350,Revision adicional por analista; simulacion BAF
988190,7,0.04500003311147887,2351,Revision adicional por analista; simulacion BAF
913537,7,0.04499878814528322,2352,Revision adicional por analista; simulacion BAF
969724,7,0.04499699262293796,2353,Revision adicional por analista; simulacion BAF
953972,7,0.044994727598167174,2354,Revision adicional por analista; simulacion BAF
937041,7,0.04499048408846255,2355,Revision adicional por analista; simulacion BAF
997442,7,0.04498511850593465,2356,Revision adicional por analista; simulacion BAF
981581,7,0.04498493064340257,2357,Revision adicional por analista; simulacion BAF
993283,7,0.04496501365083132,2358,Revision adicional por analista; simulacion BAF
977864,7,0.04496182389985509,2359,Revision adicional por analista; simulacion BAF
960977,7,0.04495382393167134,2360,Revision adicional por analista; simulacion BAF
987437,7,0.04495367533125636,2361,Revision adicional por analista; simulacion BAF
910965,7,0.04491628255490782,2362,Revision adicional por analista; simulacion BAF
908348,7,0.044911546724739966,2363,Revision adicional por analista; simulacion BAF
961158,7,0.04487943995072227,2364,Revision adicional por analista; simulacion BAF
953804,7,0.044878994573455816,2365,Revision adicional por analista; simulacion BAF
934457,7,0.04486985688004034,2366,Revision adicional por analista; simulacion BAF
943539,7,0.044851411290392426,2367,Revision adicional por analista; simulacion BAF
910448,7,0.04482492795491407,2368,Revision adicional por analista; simulacion BAF
914566,7,0.04482275086701116,2369,Revision adicional por analista; simulacion BAF
931443,7,0.04476138250363785,2370,Revision adicional por analista; simulacion BAF
941195,7,0.04475656794825811,2371,Revision adicional por analista; simulacion BAF
930074,7,0.04474723152094774,2372,Revision adicional por analista; simulacion BAF
989042,7,0.04474392740247836,2373,Revision adicional por analista; simulacion BAF
918391,7,0.044720989624518995,2374,Revision adicional por analista; simulacion BAF
944478,7,0.04471245309940985,2375,Revision adicional por analista; simulacion BAF
962239,7,0.04469779906214723,2376,Revision adicional por analista; simulacion BAF
921113,7,0.04468076220822678,2377,Revision adicional por analista; simulacion BAF
981635,7,0.04467384879806552,2378,Revision adicional por analista; simulacion BAF
915993,7,0.044669880414874456,2379,Revision adicional por analista; simulacion BAF
910921,7,0.04465136163039162,2380,Revision adicional por analista; simulacion BAF
919690,7,0.044647388171963454,2381,Revision adicional por analista; simulacion BAF
993862,7,0.04462166438847615,2382,Revision adicional por analista; simulacion BAF
923942,7,0.044606792220673964,2383,Revision adicional por analista; simulacion BAF
942110,7,0.044571693090213575,2384,Revision adicional por analista; simulacion BAF
932994,7,0.04455555003800266,2385,Revision adicional por analista; simulacion BAF
951405,7,0.044537828429296454,2386,Revision adicional por analista; simulacion BAF
915667,7,0.0445349208164202,2387,Revision adicional por analista; simulacion BAF
990234,7,0.044532230532947845,2388,Revision adicional por analista; simulacion BAF
932500,7,0.044513986405101846,2389,Revision adicional por analista; simulacion BAF
942758,7,0.04449633853037977,2390,Revision adicional por analista; simulacion BAF
932226,7,0.04448852529090679,2391,Revision adicional por analista; simulacion BAF
942686,7,0.04445537291771338,2392,Revision adicional por analista; simulacion BAF
924450,7,0.04445438495551043,2393,Revision adicional por analista; simulacion BAF
967897,7,0.044447190711850354,2394,Revision adicional por analista; simulacion BAF
950298,7,0.04443981039850716,2395,Revision adicional por analista; simulacion BAF
996441,7,0.04442185280748291,2396,Revision adicional por analista; simulacion BAF
994184,7,0.044419252508273104,2397,Revision adicional por analista; simulacion BAF
938158,7,0.044406555733071916,2398,Revision adicional por analista; simulacion BAF
936751,7,0.04440602151160778,2399,Revision adicional por analista; simulacion BAF
918312,7,0.044398015028301006,2400,Revision adicional por analista; simulacion BAF
936020,7,0.04438779232107017,2401,Revision adicional por analista; simulacion BAF
968344,7,0.04436840470922023,2402,Revision adicional por analista; simulacion BAF
974320,7,0.0443446886198471,2403,Revision adicional por analista; simulacion BAF
914201,7,0.04432998580676432,2404,Revision adicional por analista; simulacion BAF
948491,7,0.04430135379477733,2405,Revision adicional por analista; simulacion BAF
937204,7,0.04428279769667425,2406,Revision adicional por analista; simulacion BAF
927689,7,0.04425105571730586,2407,Revision adicional por analista; simulacion BAF
952119,7,0.04424434373665056,2408,Revision adicional por analista; simulacion BAF
997457,7,0.04423797539512661,2409,Revision adicional por analista; simulacion BAF
970872,7,0.04420481881357529,2410,Revision adicional por analista; simulacion BAF
910722,7,0.044202596409263634,2411,Revision adicional por analista; simulacion BAF
992008,7,0.04417854565097418,2412,Revision adicional por analista; simulacion BAF
988311,7,0.04415730611848332,2413,Revision adicional por analista; simulacion BAF
978737,7,0.04415184879277968,2414,Revision adicional por analista; simulacion BAF
976019,7,0.04407683004630419,2415,Revision adicional por analista; simulacion BAF
907915,7,0.044060215638610054,2416,Revision adicional por analista; simulacion BAF
950677,7,0.04405815459304724,2417,Revision adicional por analista; simulacion BAF
947273,7,0.04401529891463857,2418,Revision adicional por analista; simulacion BAF
975439,7,0.04397212148440547,2419,Revision adicional por analista; simulacion BAF
912540,7,0.04396988915608198,2420,Revision adicional por analista; simulacion BAF
951648,7,0.04393283615656009,2421,Revision adicional por analista; simulacion BAF
995934,7,0.043929238103588154,2422,Revision adicional por analista; simulacion BAF
953900,7,0.043924447632372944,2423,Revision adicional por analista; simulacion BAF
974998,7,0.04390058731521666,2424,Revision adicional por analista; simulacion BAF
971491,7,0.043897536051396346,2425,Revision adicional por analista; simulacion BAF
921531,7,0.04388822904197169,2426,Revision adicional por analista; simulacion BAF
982410,7,0.04387741120352188,2427,Revision adicional por analista; simulacion BAF
906078,7,0.04387611130358215,2428,Revision adicional por analista; simulacion BAF
922242,7,0.04387471789915467,2429,Revision adicional por analista; simulacion BAF
975389,7,0.043861114002035656,2430,Revision adicional por analista; simulacion BAF
988331,7,0.04384392034752617,2431,Revision adicional por analista; simulacion BAF
940732,7,0.04383517842126856,2432,Revision adicional por analista; simulacion BAF
923227,7,0.043827367998361406,2433,Revision adicional por analista; simulacion BAF
986247,7,0.04382713949122881,2434,Revision adicional por analista; simulacion BAF
929025,7,0.04381872501731908,2435,Revision adicional por analista; simulacion BAF
989685,7,0.04381625008762275,2436,Revision adicional por analista; simulacion BAF
935000,7,0.043799146435650894,2437,Revision adicional por analista; simulacion BAF
961886,7,0.04379350474392243,2438,Revision adicional por analista; simulacion BAF
967378,7,0.043781260123352865,2439,Revision adicional por analista; simulacion BAF
912848,7,0.043775382059465864,2440,Revision adicional por analista; simulacion BAF
921432,7,0.04377435296684584,2441,Revision adicional por analista; simulacion BAF
994389,7,0.043772620194865657,2442,Revision adicional por analista; simulacion BAF
991571,7,0.04376877510175884,2443,Revision adicional por analista; simulacion BAF
918199,7,0.0437413403349113,2444,Revision adicional por analista; simulacion BAF
987050,7,0.043735365680849986,2445,Revision adicional por analista; simulacion BAF
942219,7,0.043728408572348325,2446,Revision adicional por analista; simulacion BAF
913202,7,0.043726035414340836,2447,Revision adicional por analista; simulacion BAF
977066,7,0.04371515499181262,2448,Revision adicional por analista; simulacion BAF
925265,7,0.04371164976075819,2449,Revision adicional por analista; simulacion BAF
918851,7,0.04371004787033979,2450,Revision adicional por analista; simulacion BAF
962087,7,0.043708710292125634,2451,Revision adicional por analista; simulacion BAF
929009,7,0.04368576981612177,2452,Revision adicional por analista; simulacion BAF
986468,7,0.04368072524200941,2453,Revision adicional por analista; simulacion BAF
980902,7,0.043678235961926416,2454,Revision adicional por analista; simulacion BAF
911618,7,0.04367018587256546,2455,Revision adicional por analista; simulacion BAF
971374,7,0.04366779148230138,2456,Revision adicional por analista; simulacion BAF
994785,7,0.04366326872616802,2457,Revision adicional por analista; simulacion BAF
998411,7,0.04366084172160761,2458,Revision adicional por analista; simulacion BAF
968848,7,0.0436309234063218,2459,Revision adicional por analista; simulacion BAF
920247,7,0.04362500624709535,2460,Revision adicional por analista; simulacion BAF
976807,7,0.04361324273082184,2461,Revision adicional por analista; simulacion BAF
961778,7,0.04361059945754588,2462,Revision adicional por analista; simulacion BAF
957567,7,0.043569289081411874,2463,Revision adicional por analista; simulacion BAF
973365,7,0.043565652235950145,2464,Revision adicional por analista; simulacion BAF
912172,7,0.04354666571606957,2465,Revision adicional por analista; simulacion BAF
921388,7,0.0435051467764418,2466,Revision adicional por analista; simulacion BAF
956363,7,0.043502627665730854,2467,Revision adicional por analista; simulacion BAF
923167,7,0.043500987460279174,2468,Revision adicional por analista; simulacion BAF
965542,7,0.0435009461560603,2469,Revision adicional por analista; simulacion BAF
958306,7,0.043497557740201594,2470,Revision adicional por analista; simulacion BAF
994628,7,0.043488062051618724,2471,Revision adicional por analista; simulacion BAF
999512,7,0.043482683383365875,2472,Revision adicional por analista; simulacion BAF
980469,7,0.043476005144834184,2473,Revision adicional por analista; simulacion BAF
969156,7,0.04347175937723611,2474,Revision adicional por analista; simulacion BAF
991849,7,0.04343805970422661,2475,Revision adicional por analista; simulacion BAF
996917,7,0.043436199500768824,2476,Revision adicional por analista; simulacion BAF
913135,7,0.04343442716864813,2477,Revision adicional por analista; simulacion BAF
929720,7,0.04339897582196252,2478,Revision adicional por analista; simulacion BAF
931165,7,0.04338429836763762,2479,Revision adicional por analista; simulacion BAF
917704,7,0.043381019980821736,2480,Revision adicional por analista; simulacion BAF
944308,7,0.04337251888279264,2481,Revision adicional por analista; simulacion BAF
907459,7,0.0433298803653099,2482,Revision adicional por analista; simulacion BAF
977683,7,0.04332391408611563,2483,Revision adicional por analista; simulacion BAF
971695,7,0.04331139513209453,2484,Revision adicional por analista; simulacion BAF
979121,7,0.043289960154620714,2485,Revision adicional por analista; simulacion BAF
925314,7,0.043268190787504185,2486,Revision adicional por analista; simulacion BAF
985592,7,0.04326802526470871,2487,Revision adicional por analista; simulacion BAF
964715,7,0.043262573581181955,2488,Revision adicional por analista; simulacion BAF
913597,7,0.04325619715674545,2489,Revision adicional por analista; simulacion BAF
927314,7,0.04324990002865059,2490,Revision adicional por analista; simulacion BAF
989570,7,0.043247025419603,2491,Revision adicional por analista; simulacion BAF
961643,7,0.043228357441832545,2492,Revision adicional por analista; simulacion BAF
951565,7,0.0432069223495398,2493,Revision adicional por analista; simulacion BAF
985908,7,0.043196652207054015,2494,Revision adicional por analista; simulacion BAF
934884,7,0.043178552838103144,2495,Revision adicional por analista; simulacion BAF
953845,7,0.04317303221822054,2496,Revision adicional por analista; simulacion BAF
952243,7,0.0431472585324196,2497,Revision adicional por analista; simulacion BAF
918376,7,0.04314632273724797,2498,Revision adicional por analista; simulacion BAF
935368,7,0.04313805316993938,2499,Revision adicional por analista; simulacion BAF
914821,7,0.04313176028024329,2500,Revision adicional por analista; simulacion BAF
983742,7,0.04311125246899846,2501,Revision adicional por analista; simulacion BAF
966285,7,0.04310513589545169,2502,Revision adicional por analista; simulacion BAF
923345,7,0.04306948950934277,2503,Revision adicional por analista; simulacion BAF
994415,7,0.04306598827841132,2504,Revision adicional por analista; simulacion BAF
984800,7,0.04305856037170636,2505,Revision adicional por analista; simulacion BAF
953538,7,0.04304434450736674,2506,Revision adicional por analista; simulacion BAF
958659,7,0.0430382995815451,2507,Revision adicional por analista; simulacion BAF
924938,7,0.04302000848694507,2508,Revision adicional por analista; simulacion BAF
934107,7,0.043017147113936206,2509,Revision adicional por analista; simulacion BAF
937728,7,0.04300361118448626,2510,Revision adicional por analista; simulacion BAF
959823,7,0.04299043350481293,2511,Revision adicional por analista; simulacion BAF
999381,7,0.04296888406160454,2512,Revision adicional por analista; simulacion BAF
928101,7,0.042950964782616896,2513,Revision adicional por analista; simulacion BAF
996120,7,0.04294817949510367,2514,Revision adicional por analista; simulacion BAF
991870,7,0.042938912948744065,2515,Revision adicional por analista; simulacion BAF
947021,7,0.04292579299524821,2516,Revision adicional por analista; simulacion BAF
987377,7,0.042899182590029714,2517,Revision adicional por analista; simulacion BAF
991937,7,0.04288731168380426,2518,Revision adicional por analista; simulacion BAF
976592,7,0.0428815676455547,2519,Revision adicional por analista; simulacion BAF
958438,7,0.04286257357776695,2520,Revision adicional por analista; simulacion BAF
905387,7,0.04286082724481592,2521,Revision adicional por analista; simulacion BAF
975082,7,0.04283926884129084,2522,Revision adicional por analista; simulacion BAF
995014,7,0.04281512685195655,2523,Revision adicional por analista; simulacion BAF
954502,7,0.042797902423005636,2524,Revision adicional por analista; simulacion BAF
925085,7,0.04275352876629552,2525,Revision adicional por analista; simulacion BAF
908484,7,0.042746156815087366,2526,Revision adicional por analista; simulacion BAF
992075,7,0.0427357410104368,2527,Revision adicional por analista; simulacion BAF
919171,7,0.042721900109301755,2528,Revision adicional por analista; simulacion BAF
937881,7,0.04271786186807338,2529,Revision adicional por analista; simulacion BAF
960008,7,0.042714026241460104,2530,Revision adicional por analista; simulacion BAF
928548,7,0.04268071934740944,2531,Revision adicional por analista; simulacion BAF
911475,7,0.042654666515817306,2532,Revision adicional por analista; simulacion BAF
995971,7,0.042652930559679565,2533,Revision adicional por analista; simulacion BAF
946484,7,0.04263329658411022,2534,Revision adicional por analista; simulacion BAF
975701,7,0.042625160115812556,2535,Revision adicional por analista; simulacion BAF
993421,7,0.04261957098106932,2536,Revision adicional por analista; simulacion BAF
915095,7,0.042619294201460815,2537,Revision adicional por analista; simulacion BAF
926556,7,0.04261601059581179,2538,Revision adicional por analista; simulacion BAF
922012,7,0.04261226508433495,2539,Revision adicional por analista; simulacion BAF
924324,7,0.042607746175321655,2540,Revision adicional por analista; simulacion BAF
993868,7,0.04259252801768335,2541,Revision adicional por analista; simulacion BAF
929525,7,0.042580958564548146,2542,Revision adicional por analista; simulacion BAF
929586,7,0.04257819087054996,2543,Revision adicional por analista; simulacion BAF
931841,7,0.04256251147370151,2544,Revision adicional por analista; simulacion BAF
959577,7,0.04254856708806572,2545,Revision adicional por analista; simulacion BAF
906433,7,0.042541697060478396,2546,Revision adicional por analista; simulacion BAF
953515,7,0.04253444979248246,2547,Revision adicional por analista; simulacion BAF
905846,7,0.042531496109548796,2548,Revision adicional por analista; simulacion BAF
909902,7,0.0425279053558709,2549,Revision adicional por analista; simulacion BAF
928981,7,0.04250888691880108,2550,Revision adicional por analista; simulacion BAF
931400,7,0.042491687224851936,2551,Revision adicional por analista; simulacion BAF
985131,7,0.04245081420463573,2552,Revision adicional por analista; simulacion BAF
951749,7,0.04244428949386121,2553,Revision adicional por analista; simulacion BAF
969752,7,0.04243878130299343,2554,Revision adicional por analista; simulacion BAF
949000,7,0.04243190934463496,2555,Revision adicional por analista; simulacion BAF
930687,7,0.04243047703742517,2556,Revision adicional por analista; simulacion BAF
987503,7,0.04238040875270655,2557,Revision adicional por analista; simulacion BAF
981506,7,0.042377869601266924,2558,Revision adicional por analista; simulacion BAF
979818,7,0.042368869133844335,2559,Revision adicional por analista; simulacion BAF
909449,7,0.04235625580488418,2560,Revision adicional por analista; simulacion BAF
962832,7,0.04235559104160061,2561,Revision adicional por analista; simulacion BAF
936624,7,0.042325353411456455,2562,Revision adicional por analista; simulacion BAF
937170,7,0.04232234915725266,2563,Revision adicional por analista; simulacion BAF
989937,7,0.04231857593613005,2564,Revision adicional por analista; simulacion BAF
908567,7,0.04231312376329614,2565,Revision adicional por analista; simulacion BAF
944903,7,0.04231106923807216,2566,Revision adicional por analista; simulacion BAF
928625,7,0.042293863143478126,2567,Revision adicional por analista; simulacion BAF
988753,7,0.04228724380223865,2568,Revision adicional por analista; simulacion BAF
968286,7,0.042285069126768535,2569,Revision adicional por analista; simulacion BAF
990308,7,0.04227301986452232,2570,Revision adicional por analista; simulacion BAF
988343,7,0.04225186973845431,2571,Revision adicional por analista; simulacion BAF
960568,7,0.04224036306168464,2572,Revision adicional por analista; simulacion BAF
932084,7,0.04223855487798883,2573,Revision adicional por analista; simulacion BAF
904751,7,0.04223544979550898,2574,Revision adicional por analista; simulacion BAF
957123,7,0.042229654904073204,2575,Revision adicional por analista; simulacion BAF
994047,7,0.04219530388524877,2576,Revision adicional por analista; simulacion BAF
941492,7,0.042182150526850495,2577,Revision adicional por analista; simulacion BAF
991681,7,0.04217881310132514,2578,Revision adicional por analista; simulacion BAF
958936,7,0.042175762398681975,2579,Revision adicional por analista; simulacion BAF
985292,7,0.042158374673886764,2580,Revision adicional por analista; simulacion BAF
904200,7,0.04215397475847244,2581,Revision adicional por analista; simulacion BAF
922331,7,0.04215248658673474,2582,Revision adicional por analista; simulacion BAF
923777,7,0.04213157192067492,2583,Revision adicional por analista; simulacion BAF
955998,7,0.04213007438452695,2584,Revision adicional por analista; simulacion BAF
924414,7,0.04209749051354493,2585,Revision adicional por analista; simulacion BAF
952548,7,0.04208584159330753,2586,Revision adicional por analista; simulacion BAF
946243,7,0.042084295304371,2587,Revision adicional por analista; simulacion BAF
943298,7,0.04208188365681871,2588,Revision adicional por analista; simulacion BAF
994962,7,0.04206471582548473,2589,Revision adicional por analista; simulacion BAF
959751,7,0.042061127227337555,2590,Revision adicional por analista; simulacion BAF
925993,7,0.04205801639749191,2591,Revision adicional por analista; simulacion BAF
979528,7,0.04204534866011255,2592,Revision adicional por analista; simulacion BAF
913245,7,0.04203741024909478,2593,Revision adicional por analista; simulacion BAF
941983,7,0.04203039238940506,2594,Revision adicional por analista; simulacion BAF
980491,7,0.04202637534373299,2595,Revision adicional por analista; simulacion BAF
951712,7,0.0420115887556183,2596,Revision adicional por analista; simulacion BAF
919826,7,0.04200553542189622,2597,Revision adicional por analista; simulacion BAF
954929,7,0.041982539174905735,2598,Revision adicional por analista; simulacion BAF
945086,7,0.04196777990014659,2599,Revision adicional por analista; simulacion BAF
924212,7,0.041964370730251055,2600,Revision adicional por analista; simulacion BAF
908705,7,0.041954517673523616,2601,Revision adicional por analista; simulacion BAF
993918,7,0.04194197730009381,2602,Revision adicional por analista; simulacion BAF
939121,7,0.04191559030131757,2603,Revision adicional por analista; simulacion BAF
939543,7,0.04189454054050443,2604,Revision adicional por analista; simulacion BAF
941700,7,0.04187783067512975,2605,Revision adicional por analista; simulacion BAF
995114,7,0.04186219850939494,2606,Revision adicional por analista; simulacion BAF
950395,7,0.04186092717680052,2607,Revision adicional por analista; simulacion BAF
925282,7,0.04186065589731393,2608,Revision adicional por analista; simulacion BAF
913109,7,0.04185570314800066,2609,Revision adicional por analista; simulacion BAF
999806,7,0.041826294645937304,2610,Revision adicional por analista; simulacion BAF
999220,7,0.041824650954876114,2611,Revision adicional por analista; simulacion BAF
941230,7,0.04179331943718432,2612,Revision adicional por analista; simulacion BAF
943245,7,0.0417918613062105,2613,Revision adicional por analista; simulacion BAF
951736,7,0.041779126953236344,2614,Revision adicional por analista; simulacion BAF
993554,7,0.04177385116232769,2615,Revision adicional por analista; simulacion BAF
941517,7,0.04177336365113435,2616,Revision adicional por analista; simulacion BAF
906634,7,0.04176907987242028,2617,Revision adicional por analista; simulacion BAF
948073,7,0.04176342744437562,2618,Revision adicional por analista; simulacion BAF
921255,7,0.041761331998291074,2619,Revision adicional por analista; simulacion BAF
908743,7,0.04175201885853589,2620,Revision adicional por analista; simulacion BAF
976749,7,0.041724057734618986,2621,Revision adicional por analista; simulacion BAF
915862,7,0.041701673415099234,2622,Revision adicional por analista; simulacion BAF
995058,7,0.041674143958643495,2623,Revision adicional por analista; simulacion BAF
938713,7,0.041666526372897535,2624,Revision adicional por analista; simulacion BAF
926511,7,0.04166247636596695,2625,Revision adicional por analista; simulacion BAF
974748,7,0.04165946924393341,2626,Revision adicional por analista; simulacion BAF
979384,7,0.04165252435456961,2627,Revision adicional por analista; simulacion BAF
927322,7,0.04164236113095986,2628,Revision adicional por analista; simulacion BAF
941705,7,0.041613855079348394,2629,Revision adicional por analista; simulacion BAF
922817,7,0.04158762719849458,2630,Revision adicional por analista; simulacion BAF
983172,7,0.041586441342947734,2631,Revision adicional por analista; simulacion BAF
986880,7,0.0415714786730841,2632,Revision adicional por analista; simulacion BAF
948281,7,0.04156163374759802,2633,Revision adicional por analista; simulacion BAF
983824,7,0.04156109817769964,2634,Revision adicional por analista; simulacion BAF
928822,7,0.041556194563727195,2635,Revision adicional por analista; simulacion BAF
915968,7,0.04155195857093957,2636,Revision adicional por analista; simulacion BAF
955391,7,0.041537298036713716,2637,Revision adicional por analista; simulacion BAF
964552,7,0.04153113510293883,2638,Revision adicional por analista; simulacion BAF
957078,7,0.04152934220069346,2639,Revision adicional por analista; simulacion BAF
968955,7,0.04148604399410239,2640,Revision adicional por analista; simulacion BAF
982920,7,0.04144296283444993,2641,Revision adicional por analista; simulacion BAF
954111,7,0.041428983156004365,2642,Revision adicional por analista; simulacion BAF
977004,7,0.041402397165186004,2643,Revision adicional por analista; simulacion BAF
940145,7,0.041361344827766384,2644,Revision adicional por analista; simulacion BAF
969314,7,0.0413410179627373,2645,Revision adicional por analista; simulacion BAF
946156,7,0.04133683450295603,2646,Revision adicional por analista; simulacion BAF
939080,7,0.04131713422253049,2647,Revision adicional por analista; simulacion BAF
938509,7,0.0413166163543087,2648,Revision adicional por analista; simulacion BAF
939239,7,0.041313314993892604,2649,Revision adicional por analista; simulacion BAF
915903,7,0.04129866704742303,2650,Revision adicional por analista; simulacion BAF
984449,7,0.04127666238446699,2651,Revision adicional por analista; simulacion BAF
928758,7,0.041250680033307265,2652,Revision adicional por analista; simulacion BAF
920106,7,0.04122748293451273,2653,Revision adicional por analista; simulacion BAF
940620,7,0.04121739011992231,2654,Revision adicional por analista; simulacion BAF
962320,7,0.04121167817768971,2655,Revision adicional por analista; simulacion BAF
934822,7,0.04120822197482135,2656,Revision adicional por analista; simulacion BAF
964751,7,0.04120805155036722,2657,Revision adicional por analista; simulacion BAF
936615,7,0.04120333983003352,2658,Revision adicional por analista; simulacion BAF
993200,7,0.0411850853643753,2659,Revision adicional por analista; simulacion BAF
998496,7,0.04118354312074103,2660,Revision adicional por analista; simulacion BAF
984562,7,0.0411830347684278,2661,Revision adicional por analista; simulacion BAF
954522,7,0.041180760280414425,2662,Revision adicional por analista; simulacion BAF
992777,7,0.04115884981794774,2663,Revision adicional por analista; simulacion BAF
991987,7,0.04115333370382172,2664,Revision adicional por analista; simulacion BAF
959270,7,0.041149533535417344,2665,Revision adicional por analista; simulacion BAF
920110,7,0.041141833326089346,2666,Revision adicional por analista; simulacion BAF
949778,7,0.041105874432781894,2667,Revision adicional por analista; simulacion BAF
961683,7,0.04109247761772546,2668,Revision adicional por analista; simulacion BAF
984374,7,0.04108394288908103,2669,Revision adicional por analista; simulacion BAF
954723,7,0.04106970758845774,2670,Revision adicional por analista; simulacion BAF
999348,7,0.04106118973512469,2671,Revision adicional por analista; simulacion BAF
987753,7,0.04105958462223897,2672,Revision adicional por analista; simulacion BAF
969518,7,0.04105679006668782,2673,Revision adicional por analista; simulacion BAF
913065,7,0.04103751292915837,2674,Revision adicional por analista; simulacion BAF
920173,7,0.04102726507678121,2675,Revision adicional por analista; simulacion BAF
983224,7,0.041001474284977774,2676,Revision adicional por analista; simulacion BAF
911260,7,0.04098887372576666,2677,Revision adicional por analista; simulacion BAF
907427,7,0.040913679929098556,2678,Revision adicional por analista; simulacion BAF
995399,7,0.04091321792434824,2679,Revision adicional por analista; simulacion BAF
949757,7,0.04090805666352742,2680,Revision adicional por analista; simulacion BAF
963728,7,0.04089449943664912,2681,Revision adicional por analista; simulacion BAF
941402,7,0.0408913783314999,2682,Revision adicional por analista; simulacion BAF
921608,7,0.04088392277638214,2683,Revision adicional por analista; simulacion BAF
927647,7,0.040880979853553844,2684,Revision adicional por analista; simulacion BAF
908350,7,0.040870893307455636,2685,Revision adicional por analista; simulacion BAF
987749,7,0.04085320333678392,2686,Revision adicional por analista; simulacion BAF
981016,7,0.04085239122522666,2687,Revision adicional por analista; simulacion BAF
961700,7,0.04085173085684909,2688,Revision adicional por analista; simulacion BAF
965492,7,0.0408388920225706,2689,Revision adicional por analista; simulacion BAF
961245,7,0.04081682683626846,2690,Revision adicional por analista; simulacion BAF
977449,7,0.040797820686480614,2691,Revision adicional por analista; simulacion BAF
908714,7,0.04079379901303452,2692,Revision adicional por analista; simulacion BAF
932082,7,0.04079313658559958,2693,Revision adicional por analista; simulacion BAF
937831,7,0.04079076263671114,2694,Revision adicional por analista; simulacion BAF
915100,7,0.04077722678074682,2695,Revision adicional por analista; simulacion BAF
996396,7,0.04077335951774874,2696,Revision adicional por analista; simulacion BAF
934095,7,0.04076904230989744,2697,Revision adicional por analista; simulacion BAF
930179,7,0.040750828344281474,2698,Revision adicional por analista; simulacion BAF
936462,7,0.040749867826268944,2699,Revision adicional por analista; simulacion BAF
950009,7,0.040719740128043795,2700,Revision adicional por analista; simulacion BAF
954938,7,0.04071330089706033,2701,Revision adicional por analista; simulacion BAF
961513,7,0.04070488831097743,2702,Revision adicional por analista; simulacion BAF
963731,7,0.04070185256858374,2703,Revision adicional por analista; simulacion BAF
966966,7,0.0407001238763314,2704,Revision adicional por analista; simulacion BAF
909512,7,0.04069058620043053,2705,Revision adicional por analista; simulacion BAF
998401,7,0.040689870074499014,2706,Revision adicional por analista; simulacion BAF
999192,7,0.04068491683317162,2707,Revision adicional por analista; simulacion BAF
924795,7,0.040667634100492976,2708,Revision adicional por analista; simulacion BAF
939130,7,0.040656036041788,2709,Revision adicional por analista; simulacion BAF
949725,7,0.040625709751143935,2710,Revision adicional por analista; simulacion BAF
998220,7,0.04062466391069234,2711,Revision adicional por analista; simulacion BAF
988155,7,0.04062403133315851,2712,Revision adicional por analista; simulacion BAF
950559,7,0.04061987454912522,2713,Revision adicional por analista; simulacion BAF
926706,7,0.04061130490877867,2714,Revision adicional por analista; simulacion BAF
964796,7,0.04061046115107953,2715,Revision adicional por analista; simulacion BAF
968030,7,0.04057063320629726,2716,Revision adicional por analista; simulacion BAF
984787,7,0.04057048640797182,2717,Revision adicional por analista; simulacion BAF
956112,7,0.04056429230579422,2718,Revision adicional por analista; simulacion BAF
949636,7,0.04054301012907373,2719,Revision adicional por analista; simulacion BAF
916302,7,0.04052916868337596,2720,Revision adicional por analista; simulacion BAF
929515,7,0.040523228837959634,2721,Revision adicional por analista; simulacion BAF
910738,7,0.04050811170648316,2722,Revision adicional por analista; simulacion BAF
965538,7,0.040487770257080176,2723,Revision adicional por analista; simulacion BAF
997308,7,0.040478023859392455,2724,Revision adicional por analista; simulacion BAF
957874,7,0.04045809562591229,2725,Revision adicional por analista; simulacion BAF
950673,7,0.040449929142232284,2726,Revision adicional por analista; simulacion BAF
945651,7,0.04044871948491155,2727,Revision adicional por analista; simulacion BAF
946043,7,0.04044204565328506,2728,Revision adicional por analista; simulacion BAF
931796,7,0.0404363154274808,2729,Revision adicional por analista; simulacion BAF
938835,7,0.04043238052130912,2730,Revision adicional por analista; simulacion BAF
999734,7,0.0404163743852688,2731,Revision adicional por analista; simulacion BAF
982310,7,0.04041127892983844,2732,Revision adicional por analista; simulacion BAF
932098,7,0.04040593082925078,2733,Revision adicional por analista; simulacion BAF
911709,7,0.040398299545111094,2734,Revision adicional por analista; simulacion BAF
908055,7,0.04039794846572552,2735,Revision adicional por analista; simulacion BAF
904376,7,0.04039086803034437,2736,Revision adicional por analista; simulacion BAF
957304,7,0.04039058942342411,2737,Revision adicional por analista; simulacion BAF
949368,7,0.04038839020420576,2738,Revision adicional por analista; simulacion BAF
948770,7,0.04037136932616615,2739,Revision adicional por analista; simulacion BAF
923237,7,0.04036819228351549,2740,Revision adicional por analista; simulacion BAF
930083,7,0.04035892652514847,2741,Revision adicional por analista; simulacion BAF
990196,7,0.04035002220009284,2742,Revision adicional por analista; simulacion BAF
996472,7,0.04034922530641478,2743,Revision adicional por analista; simulacion BAF
950843,7,0.04032159436655203,2744,Revision adicional por analista; simulacion BAF
999716,7,0.04030735728513791,2745,Revision adicional por analista; simulacion BAF
985645,7,0.04028719900399713,2746,Revision adicional por analista; simulacion BAF
975962,7,0.040282349488639534,2747,Revision adicional por analista; simulacion BAF
917367,7,0.040277784159511255,2748,Revision adicional por analista; simulacion BAF
955560,7,0.04027701282453161,2749,Revision adicional por analista; simulacion BAF
961479,7,0.04027540345535911,2750,Revision adicional por analista; simulacion BAF
917488,7,0.040269080291769455,2751,Revision adicional por analista; simulacion BAF
992942,7,0.040252401204182636,2752,Revision adicional por analista; simulacion BAF
950255,7,0.04024062201322237,2753,Revision adicional por analista; simulacion BAF
920881,7,0.040237444124952684,2754,Revision adicional por analista; simulacion BAF
925864,7,0.040235683239325616,2755,Revision adicional por analista; simulacion BAF
905623,7,0.04020918572247102,2756,Revision adicional por analista; simulacion BAF
920952,7,0.040193751436822696,2757,Revision adicional por analista; simulacion BAF
959850,7,0.0401783329778896,2758,Revision adicional por analista; simulacion BAF
974240,7,0.04017065695647645,2759,Revision adicional por analista; simulacion BAF
942784,7,0.04016849127080796,2760,Revision adicional por analista; simulacion BAF
970426,7,0.04015901427190157,2761,Revision adicional por analista; simulacion BAF
925365,7,0.04014844884629494,2762,Revision adicional por analista; simulacion BAF
937546,7,0.040145373155879044,2763,Revision adicional por analista; simulacion BAF
957558,7,0.04013966123433709,2764,Revision adicional por analista; simulacion BAF
926507,7,0.0401373864190146,2765,Revision adicional por analista; simulacion BAF
937815,7,0.04012343222970784,2766,Revision adicional por analista; simulacion BAF
903562,7,0.04011932671701018,2767,Revision adicional por analista; simulacion BAF
906564,7,0.04011630005506118,2768,Revision adicional por analista; simulacion BAF
990202,7,0.04011452884211679,2769,Revision adicional por analista; simulacion BAF
919923,7,0.0401055951208211,2770,Revision adicional por analista; simulacion BAF
945000,7,0.04008107600282785,2771,Revision adicional por analista; simulacion BAF
961661,7,0.0400726261176443,2772,Revision adicional por analista; simulacion BAF
919962,7,0.04006152002751473,2773,Revision adicional por analista; simulacion BAF
976360,7,0.04004685908433658,2774,Revision adicional por analista; simulacion BAF
971065,7,0.04002966460893725,2775,Revision adicional por analista; simulacion BAF
930194,7,0.04000454068157805,2776,Revision adicional por analista; simulacion BAF
948023,7,0.039997319444557464,2777,Revision adicional por analista; simulacion BAF
907178,7,0.03999083732001104,2778,Revision adicional por analista; simulacion BAF
964144,7,0.03999071245936636,2779,Revision adicional por analista; simulacion BAF
912520,7,0.03997135741129999,2780,Revision adicional por analista; simulacion BAF
911506,7,0.039954427984370135,2781,Revision adicional por analista; simulacion BAF
992668,7,0.03993194498037953,2782,Revision adicional por analista; simulacion BAF
956844,7,0.03992796800626376,2783,Revision adicional por analista; simulacion BAF
920728,7,0.039906480061177634,2784,Revision adicional por analista; simulacion BAF
987781,7,0.03989471960798569,2785,Revision adicional por analista; simulacion BAF
950126,7,0.039885374099299736,2786,Revision adicional por analista; simulacion BAF
910329,7,0.03983961898567895,2787,Revision adicional por analista; simulacion BAF
956590,7,0.03983093836926593,2788,Revision adicional por analista; simulacion BAF
934566,7,0.03982740044045047,2789,Revision adicional por analista; simulacion BAF
945971,7,0.03981902774565667,2790,Revision adicional por analista; simulacion BAF
937432,7,0.039815867045445326,2791,Revision adicional por analista; simulacion BAF
968091,7,0.03980897103119972,2792,Revision adicional por analista; simulacion BAF
975163,7,0.03980807076509735,2793,Revision adicional por analista; simulacion BAF
947712,7,0.039800196495270446,2794,Revision adicional por analista; simulacion BAF
920116,7,0.03979098084412903,2795,Revision adicional por analista; simulacion BAF
969091,7,0.03976557410212191,2796,Revision adicional por analista; simulacion BAF
992103,7,0.03974969845620793,2797,Revision adicional por analista; simulacion BAF
937549,7,0.03974211446861978,2798,Revision adicional por analista; simulacion BAF
993924,7,0.03974127665989314,2799,Revision adicional por analista; simulacion BAF
999393,7,0.039739320763851414,2800,Revision adicional por analista; simulacion BAF
943231,7,0.03973882728461598,2801,Revision adicional por analista; simulacion BAF
977362,7,0.0397336964153577,2802,Revision adicional por analista; simulacion BAF
925604,7,0.039706511009711475,2803,Revision adicional por analista; simulacion BAF
930443,7,0.03969543966548788,2804,Revision adicional por analista; simulacion BAF
912374,7,0.03967929740339214,2805,Revision adicional por analista; simulacion BAF
974441,7,0.03967030226064095,2806,Revision adicional por analista; simulacion BAF
993418,7,0.03966527673983014,2807,Revision adicional por analista; simulacion BAF
919886,7,0.03965768064408239,2808,Revision adicional por analista; simulacion BAF
945081,7,0.03965116959619874,2809,Revision adicional por analista; simulacion BAF
918497,7,0.03964973306090672,2810,Revision adicional por analista; simulacion BAF
935148,7,0.03963813735595828,2811,Revision adicional por analista; simulacion BAF
995217,7,0.039632321241406775,2812,Revision adicional por analista; simulacion BAF
976796,7,0.039623709413473526,2813,Revision adicional por analista; simulacion BAF
954584,7,0.03961768503962858,2814,Revision adicional por analista; simulacion BAF
962819,7,0.039606868274983775,2815,Revision adicional por analista; simulacion BAF
930938,7,0.039601008284502144,2816,Revision adicional por analista; simulacion BAF
905442,7,0.03958546231326591,2817,Revision adicional por analista; simulacion BAF
954631,7,0.039580651694758336,2818,Revision adicional por analista; simulacion BAF
956385,7,0.039559735362002815,2819,Revision adicional por analista; simulacion BAF
908719,7,0.039552892938844376,2820,Revision adicional por analista; simulacion BAF
968075,7,0.039544472273527226,2821,Revision adicional por analista; simulacion BAF
967067,7,0.03953472225624086,2822,Revision adicional por analista; simulacion BAF
945938,7,0.039527643790659484,2823,Revision adicional por analista; simulacion BAF
995891,7,0.03951975465105973,2824,Revision adicional por analista; simulacion BAF
945113,7,0.03950529215370555,2825,Revision adicional por analista; simulacion BAF
957160,7,0.039504230593890535,2826,Revision adicional por analista; simulacion BAF
990668,7,0.039498276982278965,2827,Revision adicional por analista; simulacion BAF
965385,7,0.03949632362297773,2828,Revision adicional por analista; simulacion BAF
930050,7,0.039486991310422236,2829,Revision adicional por analista; simulacion BAF
922583,7,0.03944698264031938,2830,Revision adicional por analista; simulacion BAF
991198,7,0.039439841148992835,2831,Revision adicional por analista; simulacion BAF
910456,7,0.0394241489363426,2832,Revision adicional por analista; simulacion BAF
934701,7,0.03941922654762672,2833,Revision adicional por analista; simulacion BAF
919407,7,0.03941725590464327,2834,Revision adicional por analista; simulacion BAF
904136,7,0.03940802655237184,2835,Revision adicional por analista; simulacion BAF
923424,7,0.0393895704794817,2836,Revision adicional por analista; simulacion BAF
982298,7,0.039381898835857895,2837,Revision adicional por analista; simulacion BAF
904169,7,0.0393784036043975,2838,Revision adicional por analista; simulacion BAF
985729,7,0.039378029115767155,2839,Revision adicional por analista; simulacion BAF
943626,7,0.03936135389766753,2840,Revision adicional por analista; simulacion BAF
999513,7,0.03934642712695019,2841,Revision adicional por analista; simulacion BAF
912725,7,0.03932900202535823,2842,Revision adicional por analista; simulacion BAF
914877,7,0.03932525167547139,2843,Revision adicional por analista; simulacion BAF
990531,7,0.03931954163593229,2844,Revision adicional por analista; simulacion BAF
967952,7,0.039317419273799156,2845,Revision adicional por analista; simulacion BAF
938230,7,0.039289601198718,2846,Revision adicional por analista; simulacion BAF
992127,7,0.03928665182444297,2847,Revision adicional por analista; simulacion BAF
912903,7,0.03928398914955576,2848,Revision adicional por analista; simulacion BAF
960564,7,0.03927591450721324,2849,Revision adicional por analista; simulacion BAF
964270,7,0.03925334470345585,2850,Revision adicional por analista; simulacion BAF
987014,7,0.039253255008934645,2851,Revision adicional por analista; simulacion BAF
936755,7,0.0392506476095123,2852,Revision adicional por analista; simulacion BAF
980992,7,0.03924221790380264,2853,Revision adicional por analista; simulacion BAF
959778,7,0.039218677124085236,2854,Revision adicional por analista; simulacion BAF
938369,7,0.039215075868212594,2855,Revision adicional por analista; simulacion BAF
924180,7,0.039207358785251945,2856,Revision adicional por analista; simulacion BAF
929266,7,0.0392062970238406,2857,Revision adicional por analista; simulacion BAF
969258,7,0.03920589840461332,2858,Revision adicional por analista; simulacion BAF
963767,7,0.03920429390541796,2859,Revision adicional por analista; simulacion BAF
974156,7,0.03919625381235025,2860,Revision adicional por analista; simulacion BAF
944784,7,0.03916701553204966,2861,Revision adicional por analista; simulacion BAF
981844,7,0.03916689910153723,2862,Revision adicional por analista; simulacion BAF
996328,7,0.039156199527901954,2863,Revision adicional por analista; simulacion BAF
987169,7,0.039143634021628626,2864,Revision adicional por analista; simulacion BAF
963092,7,0.03910749462920976,2865,Revision adicional por analista; simulacion BAF
978026,7,0.03909846328735869,2866,Revision adicional por analista; simulacion BAF
916998,7,0.03909232635822288,2867,Revision adicional por analista; simulacion BAF
959389,7,0.03908309430684873,2868,Revision adicional por analista; simulacion BAF
948378,7,0.039078130002603975,2869,Revision adicional por analista; simulacion BAF
998960,7,0.03906826991000742,2870,Revision adicional por analista; simulacion BAF
986707,7,0.03903392431531742,2871,Revision adicional por analista; simulacion BAF
911855,7,0.03901819921011813,2872,Revision adicional por analista; simulacion BAF
930200,7,0.03901648769626363,2873,Revision adicional por analista; simulacion BAF
975489,7,0.03901408447830752,2874,Revision adicional por analista; simulacion BAF
987614,7,0.03899491458036974,2875,Revision adicional por analista; simulacion BAF
925853,7,0.03899219906383982,2876,Revision adicional por analista; simulacion BAF
931226,7,0.038989732041434653,2877,Revision adicional por analista; simulacion BAF
968707,7,0.03898353978933548,2878,Revision adicional por analista; simulacion BAF
976143,7,0.03896699114020014,2879,Revision adicional por analista; simulacion BAF
955137,7,0.03895636978818491,2880,Revision adicional por analista; simulacion BAF
990781,7,0.03893974694409953,2881,Revision adicional por analista; simulacion BAF
982226,7,0.03893375889151503,2882,Revision adicional por analista; simulacion BAF
994597,7,0.038926643874414475,2883,Revision adicional por analista; simulacion BAF
909559,7,0.0389156282919715,2884,Revision adicional por analista; simulacion BAF
997860,7,0.038911498069096356,2885,Revision adicional por analista; simulacion BAF
913805,7,0.0389017858649568,2886,Revision adicional por analista; simulacion BAF
959260,7,0.03889045008433459,2887,Revision adicional por analista; simulacion BAF
997403,7,0.03888868227390791,2888,Revision adicional por analista; simulacion BAF
917269,7,0.038887206396915744,2889,Revision adicional por analista; simulacion BAF
955007,7,0.03886029543235825,2890,Revision adicional por analista; simulacion BAF
919067,7,0.03883410441310854,2891,Revision adicional por analista; simulacion BAF
913603,7,0.038830443769714465,2892,Revision adicional por analista; simulacion BAF
958158,7,0.03879914009224125,2893,Revision adicional por analista; simulacion BAF
921416,7,0.03879281477823064,2894,Revision adicional por analista; simulacion BAF
961439,7,0.03877932368956169,2895,Revision adicional por analista; simulacion BAF
999143,7,0.038774018093834926,2896,Revision adicional por analista; simulacion BAF
949213,7,0.03876574951225507,2897,Revision adicional por analista; simulacion BAF
978362,7,0.038750183849512565,2898,Revision adicional por analista; simulacion BAF
938871,7,0.03874961708153314,2899,Revision adicional por analista; simulacion BAF
998943,7,0.03874648213299391,2900,Revision adicional por analista; simulacion BAF
969928,7,0.03873851194194609,2901,Revision adicional por analista; simulacion BAF
980161,7,0.03872522134038368,2902,Revision adicional por analista; simulacion BAF
933961,7,0.03870721055125487,2903,Revision adicional por analista; simulacion BAF
927524,7,0.0387025962363166,2904,Revision adicional por analista; simulacion BAF
974120,7,0.03868293405642685,2905,Revision adicional por analista; simulacion BAF
937698,7,0.03867491219458289,2906,Revision adicional por analista; simulacion BAF
961913,7,0.038673411578498365,2907,Revision adicional por analista; simulacion BAF
962266,7,0.038664655639615055,2908,Revision adicional por analista; simulacion BAF
985396,7,0.0386473550728576,2909,Revision adicional por analista; simulacion BAF
998823,7,0.03862569368623652,2910,Revision adicional por analista; simulacion BAF
922294,7,0.03862112505258567,2911,Revision adicional por analista; simulacion BAF
960593,7,0.03860806940191188,2912,Revision adicional por analista; simulacion BAF
973122,7,0.03859714756577112,2913,Revision adicional por analista; simulacion BAF
911371,7,0.03857535244785484,2914,Revision adicional por analista; simulacion BAF
921958,7,0.038556152744337394,2915,Revision adicional por analista; simulacion BAF
984765,7,0.03855577396266411,2916,Revision adicional por analista; simulacion BAF
939385,7,0.038543169367080486,2917,Revision adicional por analista; simulacion BAF
916430,7,0.038529740231865305,2918,Revision adicional por analista; simulacion BAF
917968,7,0.03851233450713091,2919,Revision adicional por analista; simulacion BAF
932696,7,0.038505695788944465,2920,Revision adicional por analista; simulacion BAF
953421,7,0.038489380454420304,2921,Revision adicional por analista; simulacion BAF
913356,7,0.03847701012688797,2922,Revision adicional por analista; simulacion BAF
994059,7,0.038471127850842314,2923,Revision adicional por analista; simulacion BAF
920228,7,0.038464663996388676,2924,Revision adicional por analista; simulacion BAF
910124,7,0.03845911281788226,2925,Revision adicional por analista; simulacion BAF
960423,7,0.03844944020493656,2926,Revision adicional por analista; simulacion BAF
940043,7,0.038436140812976666,2927,Revision adicional por analista; simulacion BAF
991911,7,0.03840861844388904,2928,Revision adicional por analista; simulacion BAF
979860,7,0.038407084559042064,2929,Revision adicional por analista; simulacion BAF
913478,7,0.038398152463496725,2930,Revision adicional por analista; simulacion BAF
985455,7,0.03837887189830721,2931,Revision adicional por analista; simulacion BAF
986656,7,0.03835557740111311,2932,Revision adicional por analista; simulacion BAF
940112,7,0.038353904589528705,2933,Revision adicional por analista; simulacion BAF
982859,7,0.03833435893215011,2934,Revision adicional por analista; simulacion BAF
959233,7,0.03833364235950998,2935,Revision adicional por analista; simulacion BAF
957959,7,0.0383332923187673,2936,Revision adicional por analista; simulacion BAF
937829,7,0.03832300695220237,2937,Revision adicional por analista; simulacion BAF
975678,7,0.03830569526785574,2938,Revision adicional por analista; simulacion BAF
956236,7,0.03830194062076894,2939,Revision adicional por analista; simulacion BAF
917499,7,0.038300106916119764,2940,Revision adicional por analista; simulacion BAF
943849,7,0.03829477674267065,2941,Revision adicional por analista; simulacion BAF
966673,7,0.038271573373414,2942,Revision adicional por analista; simulacion BAF
988103,7,0.0382706376897073,2943,Revision adicional por analista; simulacion BAF
984483,7,0.03825778057239925,2944,Revision adicional por analista; simulacion BAF
928612,7,0.03825590029564446,2945,Revision adicional por analista; simulacion BAF
919814,7,0.038254734223932406,2946,Revision adicional por analista; simulacion BAF
954258,7,0.0382517786185858,2947,Revision adicional por analista; simulacion BAF
970341,7,0.038250552253133716,2948,Revision adicional por analista; simulacion BAF
969777,7,0.03824219309973988,2949,Revision adicional por analista; simulacion BAF
924188,7,0.03821335869400577,2950,Revision adicional por analista; simulacion BAF
930918,7,0.0382125118384105,2951,Revision adicional por analista; simulacion BAF
938073,7,0.03819852784869703,2952,Revision adicional por analista; simulacion BAF
933757,7,0.03819589190370404,2953,Revision adicional por analista; simulacion BAF
980649,7,0.03819319254445903,2954,Revision adicional por analista; simulacion BAF
974065,7,0.0381897073509303,2955,Revision adicional por analista; simulacion BAF
923523,7,0.038184602097336554,2956,Revision adicional por analista; simulacion BAF
987499,7,0.0381807981825905,2957,Revision adicional por analista; simulacion BAF
942993,7,0.038179283013190346,2958,Revision adicional por analista; simulacion BAF
994736,7,0.03815011348147508,2959,Revision adicional por analista; simulacion BAF
942754,7,0.03814186939641774,2960,Revision adicional por analista; simulacion BAF
951369,7,0.038119234682547666,2961,Revision adicional por analista; simulacion BAF
981659,7,0.03811340959931603,2962,Revision adicional por analista; simulacion BAF
934353,7,0.038112564381598685,2963,Revision adicional por analista; simulacion BAF
969307,7,0.03811057043990082,2964,Revision adicional por analista; simulacion BAF
978689,7,0.03807837492198932,2965,Revision adicional por analista; simulacion BAF
933927,7,0.03804542099358129,2966,Revision adicional por analista; simulacion BAF
974899,7,0.03800918287665395,2967,Revision adicional por analista; simulacion BAF
932401,7,0.0380053822487843,2968,Revision adicional por analista; simulacion BAF
933957,7,0.03799193367675675,2969,Revision adicional por analista; simulacion BAF
933155,7,0.03797957613930619,2970,Revision adicional por analista; simulacion BAF
979906,7,0.037963189493738406,2971,Revision adicional por analista; simulacion BAF
979377,7,0.03795574839039371,2972,Revision adicional por analista; simulacion BAF
922337,7,0.037954301991610484,2973,Revision adicional por analista; simulacion BAF
943047,7,0.03792960848071206,2974,Revision adicional por analista; simulacion BAF
911728,7,0.03792460086848421,2975,Revision adicional por analista; simulacion BAF
954835,7,0.037923107920640506,2976,Revision adicional por analista; simulacion BAF
974929,7,0.03790664413543147,2977,Revision adicional por analista; simulacion BAF
928490,7,0.037886307244413074,2978,Revision adicional por analista; simulacion BAF
999736,7,0.03786789658346404,2979,Revision adicional por analista; simulacion BAF
963495,7,0.037862227078489366,2980,Revision adicional por analista; simulacion BAF
910772,7,0.03786194702057741,2981,Revision adicional por analista; simulacion BAF
952623,7,0.037858911995444,2982,Revision adicional por analista; simulacion BAF
926080,7,0.03785841234896294,2983,Revision adicional por analista; simulacion BAF
960992,7,0.03785571682919394,2984,Revision adicional por analista; simulacion BAF
963375,7,0.03785185415600434,2985,Revision adicional por analista; simulacion BAF
976962,7,0.03781814800439342,2986,Revision adicional por analista; simulacion BAF
986665,7,0.03780925508176835,2987,Revision adicional por analista; simulacion BAF
913647,7,0.03780340025410901,2988,Revision adicional por analista; simulacion BAF
957650,7,0.03778443217455616,2989,Revision adicional por analista; simulacion BAF
916922,7,0.03778416738906313,2990,Revision adicional por analista; simulacion BAF
946426,7,0.03778123160009038,2991,Revision adicional por analista; simulacion BAF
998646,7,0.037776532624450514,2992,Revision adicional por analista; simulacion BAF
917043,7,0.03776520226092728,2993,Revision adicional por analista; simulacion BAF
996167,7,0.037747584499132486,2994,Revision adicional por analista; simulacion BAF
937426,7,0.03774477876552907,2995,Revision adicional por analista; simulacion BAF
940697,7,0.037736753687486156,2996,Revision adicional por analista; simulacion BAF
920294,7,0.03771641966029457,2997,Revision adicional por analista; simulacion BAF
978864,7,0.03770380009615231,2998,Revision adicional por analista; simulacion BAF
990182,7,0.03768905989659581,2999,Revision adicional por analista; simulacion BAF
952143,7,0.037688858253972425,3000,Revision adicional por analista; simulacion BAF
982195,7,0.037685034381214955,3001,Revision adicional por analista; simulacion BAF
927344,7,0.03767711242385577,3002,Revision adicional por analista; simulacion BAF
978092,7,0.03765502230052649,3003,Revision adicional por analista; simulacion BAF
971885,7,0.03763933136345947,3004,Revision adicional por analista; simulacion BAF
979786,7,0.03763427886380254,3005,Revision adicional por analista; simulacion BAF
956210,7,0.03760563733955718,3006,Revision adicional por analista; simulacion BAF
996285,7,0.03760009367482143,3007,Revision adicional por analista; simulacion BAF
957298,7,0.037597276637371904,3008,Revision adicional por analista; simulacion BAF
970794,7,0.037582756382326755,3009,Revision adicional por analista; simulacion BAF
981047,7,0.0375800956937318,3010,Revision adicional por analista; simulacion BAF
970295,7,0.0375765075252507,3011,Revision adicional por analista; simulacion BAF
919844,7,0.03757265072084958,3012,Revision adicional por analista; simulacion BAF
915163,7,0.037562724639545776,3013,Revision adicional por analista; simulacion BAF
945958,7,0.03755855821064264,3014,Revision adicional por analista; simulacion BAF
919985,7,0.03750697871145105,3015,Revision adicional por analista; simulacion BAF
938406,7,0.03750451725956678,3016,Revision adicional por analista; simulacion BAF
961925,7,0.037504458853737786,3017,Revision adicional por analista; simulacion BAF
977899,7,0.037503481362820744,3018,Revision adicional por analista; simulacion BAF
956205,7,0.037500765089251466,3019,Revision adicional por analista; simulacion BAF
965660,7,0.03749341876124993,3020,Revision adicional por analista; simulacion BAF
915348,7,0.03747741018696715,3021,Revision adicional por analista; simulacion BAF
990911,7,0.03746435600018043,3022,Revision adicional por analista; simulacion BAF
970877,7,0.0374614456369351,3023,Revision adicional por analista; simulacion BAF
994069,7,0.037453088790761445,3024,Revision adicional por analista; simulacion BAF
908623,7,0.0374514125378242,3025,Revision adicional por analista; simulacion BAF
973467,7,0.037446451979561764,3026,Revision adicional por analista; simulacion BAF
987805,7,0.03741354868460185,3027,Revision adicional por analista; simulacion BAF
951042,7,0.03739446894906864,3028,Revision adicional por analista; simulacion BAF
911291,7,0.03739285906156401,3029,Revision adicional por analista; simulacion BAF
963595,7,0.037384348905105245,3030,Revision adicional por analista; simulacion BAF
999276,7,0.03737986387098116,3031,Revision adicional por analista; simulacion BAF
964140,7,0.0373615842779776,3032,Revision adicional por analista; simulacion BAF
907919,7,0.03735094136227857,3033,Revision adicional por analista; simulacion BAF
966441,7,0.037336043399165554,3034,Revision adicional por analista; simulacion BAF
922921,7,0.037317306512158886,3035,Revision adicional por analista; simulacion BAF
931281,7,0.0373142149274189,3036,Revision adicional por analista; simulacion BAF
909344,7,0.03729630532924058,3037,Revision adicional por analista; simulacion BAF
903797,7,0.03728505021091731,3038,Revision adicional por analista; simulacion BAF
958853,7,0.037278103474253615,3039,Revision adicional por analista; simulacion BAF
966005,7,0.03727639508645504,3040,Revision adicional por analista; simulacion BAF
921438,7,0.037263390975823554,3041,Revision adicional por analista; simulacion BAF
960853,7,0.03726048645330367,3042,Revision adicional por analista; simulacion BAF
922943,7,0.03725617229409507,3043,Revision adicional por analista; simulacion BAF
983445,7,0.03723541769903553,3044,Revision adicional por analista; simulacion BAF
989995,7,0.03723533233492,3045,Revision adicional por analista; simulacion BAF
944476,7,0.03721769415487452,3046,Revision adicional por analista; simulacion BAF
958500,7,0.03721612249101251,3047,Revision adicional por analista; simulacion BAF
952176,7,0.037214143229797665,3048,Revision adicional por analista; simulacion BAF
952821,7,0.0372114245466917,3049,Revision adicional por analista; simulacion BAF
923207,7,0.03720934100871973,3050,Revision adicional por analista; simulacion BAF
991569,7,0.03719462472994131,3051,Revision adicional por analista; simulacion BAF
979910,7,0.03717532828523997,3052,Revision adicional por analista; simulacion BAF
995411,7,0.037174604772899376,3053,Revision adicional por analista; simulacion BAF
950164,7,0.0371728883581467,3054,Revision adicional por analista; simulacion BAF
977803,7,0.037172519188189104,3055,Revision adicional por analista; simulacion BAF
953283,7,0.03716348179674396,3056,Revision adicional por analista; simulacion BAF
944647,7,0.03716172725972974,3057,Revision adicional por analista; simulacion BAF
950088,7,0.03716076338631611,3058,Revision adicional por analista; simulacion BAF
951064,7,0.037151134733298834,3059,Revision adicional por analista; simulacion BAF
985158,7,0.03714707806898433,3060,Revision adicional por analista; simulacion BAF
979840,7,0.037144771477984416,3061,Revision adicional por analista; simulacion BAF
927965,7,0.037144336702772805,3062,Revision adicional por analista; simulacion BAF
978919,7,0.037130639917454786,3063,Revision adicional por analista; simulacion BAF
985122,7,0.037130458934381445,3064,Revision adicional por analista; simulacion BAF
940144,7,0.03711877181306702,3065,Revision adicional por analista; simulacion BAF
952215,7,0.037116820306695913,3066,Revision adicional por analista; simulacion BAF
942442,7,0.03710528126990705,3067,Revision adicional por analista; simulacion BAF
961937,7,0.037103726561307324,3068,Revision adicional por analista; simulacion BAF
970547,7,0.03710257051197144,3069,Revision adicional por analista; simulacion BAF
967419,7,0.037093901257917256,3070,Revision adicional por analista; simulacion BAF
950871,7,0.03708947786230314,3071,Revision adicional por analista; simulacion BAF
985334,7,0.037080988435364476,3072,Revision adicional por analista; simulacion BAF
933634,7,0.03707883595942134,3073,Revision adicional por analista; simulacion BAF
963581,7,0.03707586808905712,3074,Revision adicional por analista; simulacion BAF
910523,7,0.03707255520652075,3075,Revision adicional por analista; simulacion BAF
925126,7,0.037072345606657474,3076,Revision adicional por analista; simulacion BAF
919132,7,0.03706877380378139,3077,Revision adicional por analista; simulacion BAF
979614,7,0.037042009210383586,3078,Revision adicional por analista; simulacion BAF
999093,7,0.03703782392030696,3079,Revision adicional por analista; simulacion BAF
917527,7,0.037031696083244116,3080,Revision adicional por analista; simulacion BAF
943577,7,0.03700805599480366,3081,Revision adicional por analista; simulacion BAF
954884,7,0.03699385773716368,3082,Revision adicional por analista; simulacion BAF
933530,7,0.036990006186516135,3083,Revision adicional por analista; simulacion BAF
915068,7,0.03697843338762536,3084,Revision adicional por analista; simulacion BAF
938652,7,0.0369760856601406,3085,Revision adicional por analista; simulacion BAF
906180,7,0.036970675405401436,3086,Revision adicional por analista; simulacion BAF
977586,7,0.036969222639090575,3087,Revision adicional por analista; simulacion BAF
961012,7,0.03695617113077435,3088,Revision adicional por analista; simulacion BAF
905610,7,0.036950362687340706,3089,Revision adicional por analista; simulacion BAF
914998,7,0.03694671472860909,3090,Revision adicional por analista; simulacion BAF
910995,7,0.0369332758589428,3091,Revision adicional por analista; simulacion BAF
986522,7,0.03692733148920918,3092,Revision adicional por analista; simulacion BAF
907591,7,0.03691797024030449,3093,Revision adicional por analista; simulacion BAF
929131,7,0.036896600489277634,3094,Revision adicional por analista; simulacion BAF
923479,7,0.03689626623699428,3095,Revision adicional por analista; simulacion BAF
979852,7,0.03687755217591183,3096,Revision adicional por analista; simulacion BAF
941964,7,0.036861240487915295,3097,Revision adicional por analista; simulacion BAF
910090,7,0.036858951440242184,3098,Revision adicional por analista; simulacion BAF
959318,7,0.036854362845437916,3099,Revision adicional por analista; simulacion BAF
993227,7,0.036828356360406524,3100,Revision adicional por analista; simulacion BAF
991844,7,0.036809399890219065,3101,Revision adicional por analista; simulacion BAF
916123,7,0.03680874937066343,3102,Revision adicional por analista; simulacion BAF
915969,7,0.03679462196018811,3103,Revision adicional por analista; simulacion BAF
963895,7,0.03678437011355081,3104,Revision adicional por analista; simulacion BAF
960625,7,0.03677824823902797,3105,Revision adicional por analista; simulacion BAF
993012,7,0.036775870578760576,3106,Revision adicional por analista; simulacion BAF
954885,7,0.03676729597940841,3107,Revision adicional por analista; simulacion BAF
982085,7,0.036765712944297535,3108,Revision adicional por analista; simulacion BAF
907206,7,0.03676450636259681,3109,Revision adicional por analista; simulacion BAF
986682,7,0.03675562163761553,3110,Revision adicional por analista; simulacion BAF
962586,7,0.03674328358296099,3111,Revision adicional por analista; simulacion BAF
981336,7,0.036740795508621686,3112,Revision adicional por analista; simulacion BAF
941788,7,0.036721729947145856,3113,Revision adicional por analista; simulacion BAF
934818,7,0.03670715638764772,3114,Revision adicional por analista; simulacion BAF
920450,7,0.03668414715492747,3115,Revision adicional por analista; simulacion BAF
918709,7,0.03668270331194625,3116,Revision adicional por analista; simulacion BAF
954428,7,0.03667672679754608,3117,Revision adicional por analista; simulacion BAF
981977,7,0.036649844129164943,3118,Revision adicional por analista; simulacion BAF
930858,7,0.03664361794302623,3119,Revision adicional por analista; simulacion BAF
982084,7,0.03663725115722097,3120,Revision adicional por analista; simulacion BAF
989643,7,0.03663252418531818,3121,Revision adicional por analista; simulacion BAF
962654,7,0.03662977063876422,3122,Revision adicional por analista; simulacion BAF
903936,7,0.03662228377335673,3123,Revision adicional por analista; simulacion BAF
993756,7,0.03659700407017437,3124,Revision adicional por analista; simulacion BAF
951169,7,0.036582557806658776,3125,Revision adicional por analista; simulacion BAF
954047,7,0.03657652041660311,3126,Revision adicional por analista; simulacion BAF
915316,7,0.03656102452358311,3127,Revision adicional por analista; simulacion BAF
970323,7,0.036553608097070506,3128,Revision adicional por analista; simulacion BAF
996173,7,0.0365170524916462,3129,Revision adicional por analista; simulacion BAF
936066,7,0.03650055336203949,3130,Revision adicional por analista; simulacion BAF
942868,7,0.036499712866015395,3131,Revision adicional por analista; simulacion BAF
914456,7,0.03649408733719018,3132,Revision adicional por analista; simulacion BAF
915775,7,0.03647552952093134,3133,Revision adicional por analista; simulacion BAF
992346,7,0.03647356960007328,3134,Revision adicional por analista; simulacion BAF
929560,7,0.03647086974673404,3135,Revision adicional por analista; simulacion BAF
982871,7,0.03646745688171373,3136,Revision adicional por analista; simulacion BAF
906534,7,0.036458989503173986,3137,Revision adicional por analista; simulacion BAF
966046,7,0.036454825244493005,3138,Revision adicional por analista; simulacion BAF
972675,7,0.03645197308305187,3139,Revision adicional por analista; simulacion BAF
921472,7,0.03644989077088935,3140,Revision adicional por analista; simulacion BAF
986297,7,0.036446920679629,3141,Revision adicional por analista; simulacion BAF
969959,7,0.03643602582883217,3142,Revision adicional por analista; simulacion BAF
939054,7,0.03643433384793925,3143,Revision adicional por analista; simulacion BAF
966607,7,0.036431582585329345,3144,Revision adicional por analista; simulacion BAF
903404,7,0.036415460000147205,3145,Revision adicional por analista; simulacion BAF
944628,7,0.0364139164490778,3146,Revision adicional por analista; simulacion BAF
911443,7,0.036412760448119204,3147,Revision adicional por analista; simulacion BAF
967753,7,0.03640479859228548,3148,Revision adicional por analista; simulacion BAF
972909,7,0.0364042189178677,3149,Revision adicional por analista; simulacion BAF
991077,7,0.03639085536157171,3150,Revision adicional por analista; simulacion BAF
996376,7,0.036380498555576686,3151,Revision adicional por analista; simulacion BAF
980093,7,0.03636981874869994,3152,Revision adicional por analista; simulacion BAF
961343,7,0.0363689592087785,3153,Revision adicional por analista; simulacion BAF
960784,7,0.03636221041689248,3154,Revision adicional por analista; simulacion BAF
999605,7,0.03635861457001465,3155,Revision adicional por analista; simulacion BAF
951480,7,0.03635501961753839,3156,Revision adicional por analista; simulacion BAF
934964,7,0.036348566389106454,3157,Revision adicional por analista; simulacion BAF
939831,7,0.03632967587542534,3158,Revision adicional por analista; simulacion BAF
990772,7,0.03632824754917375,3159,Revision adicional por analista; simulacion BAF
906983,7,0.03630779823355749,3160,Revision adicional por analista; simulacion BAF
906948,7,0.036303557267888975,3161,Revision adicional por analista; simulacion BAF
920437,7,0.036300943157002316,3162,Revision adicional por analista; simulacion BAF
909811,7,0.0362963005525995,3163,Revision adicional por analista; simulacion BAF
995435,7,0.036293201277675734,3164,Revision adicional por analista; simulacion BAF
924642,7,0.03628848060057345,3165,Revision adicional por analista; simulacion BAF
920287,7,0.03626621706824806,3166,Revision adicional por analista; simulacion BAF
932728,7,0.03625881335401922,3167,Revision adicional por analista; simulacion BAF
943232,7,0.03625126563630448,3168,Revision adicional por analista; simulacion BAF
976120,7,0.03623974874781019,3169,Revision adicional por analista; simulacion BAF
958660,7,0.0362393985579384,3170,Revision adicional por analista; simulacion BAF
952737,7,0.03622310732567357,3171,Revision adicional por analista; simulacion BAF
971201,7,0.03621893069423382,3172,Revision adicional por analista; simulacion BAF
933304,7,0.036217944057675214,3173,Revision adicional por analista; simulacion BAF
980967,7,0.03620203050922909,3174,Revision adicional por analista; simulacion BAF
936165,7,0.036193325053018935,3175,Revision adicional por analista; simulacion BAF
955613,7,0.036189792831971816,3176,Revision adicional por analista; simulacion BAF
905978,7,0.036188969030867824,3177,Revision adicional por analista; simulacion BAF
952192,7,0.03617083515174355,3178,Revision adicional por analista; simulacion BAF
946859,7,0.03616956215260724,3179,Revision adicional por analista; simulacion BAF
980889,7,0.03615844099940701,3180,Revision adicional por analista; simulacion BAF
966631,7,0.03615829198171132,3181,Revision adicional por analista; simulacion BAF
926352,7,0.0361582403899173,3182,Revision adicional por analista; simulacion BAF
905986,7,0.036158138608156226,3183,Revision adicional por analista; simulacion BAF
998460,7,0.03614868819488421,3184,Revision adicional por analista; simulacion BAF
904744,7,0.036143641641750844,3185,Revision adicional por analista; simulacion BAF
950807,7,0.036123441522270115,3186,Revision adicional por analista; simulacion BAF
987358,7,0.03610620771385983,3187,Revision adicional por analista; simulacion BAF
988036,7,0.03610448229143838,3188,Revision adicional por analista; simulacion BAF
971895,7,0.03610413323529677,3189,Revision adicional por analista; simulacion BAF
958982,7,0.036104119555548334,3190,Revision adicional por analista; simulacion BAF
994338,7,0.03609835047580061,3191,Revision adicional por analista; simulacion BAF
973186,7,0.03608717335949091,3192,Revision adicional por analista; simulacion BAF
957096,7,0.03608256125683652,3193,Revision adicional por analista; simulacion BAF
955837,7,0.03607780035755809,3194,Revision adicional por analista; simulacion BAF
968829,7,0.036074099626514367,3195,Revision adicional por analista; simulacion BAF
971657,7,0.036073284478871405,3196,Revision adicional por analista; simulacion BAF
958204,7,0.03606939397661845,3197,Revision adicional por analista; simulacion BAF
944343,7,0.03601825011890795,3198,Revision adicional por analista; simulacion BAF
904742,7,0.036015830156369076,3199,Revision adicional por analista; simulacion BAF
982050,7,0.036010451832461904,3200,Revision adicional por analista; simulacion BAF
988182,7,0.036005759463403134,3201,Revision adicional por analista; simulacion BAF
925904,7,0.035994583263894486,3202,Revision adicional por analista; simulacion BAF
911776,7,0.03599405966793394,3203,Revision adicional por analista; simulacion BAF
951909,7,0.03598931223926487,3204,Revision adicional por analista; simulacion BAF
951715,7,0.03597531774615315,3205,Revision adicional por analista; simulacion BAF
917074,7,0.03596043328118621,3206,Revision adicional por analista; simulacion BAF
985284,7,0.03595824316451671,3207,Revision adicional por analista; simulacion BAF
997594,7,0.03593663948735927,3208,Revision adicional por analista; simulacion BAF
907927,7,0.03592832837823579,3209,Revision adicional por analista; simulacion BAF
921678,7,0.03589406246926402,3210,Revision adicional por analista; simulacion BAF
989815,7,0.03588144904269636,3211,Revision adicional por analista; simulacion BAF
971191,7,0.03587513393982747,3212,Revision adicional por analista; simulacion BAF
940189,7,0.03587395596497112,3213,Revision adicional por analista; simulacion BAF
975498,7,0.03586810142595255,3214,Revision adicional por analista; simulacion BAF
937159,7,0.03585007094574908,3215,Revision adicional por analista; simulacion BAF
958710,7,0.035835586706169625,3216,Revision adicional por analista; simulacion BAF
932590,7,0.035820283546419,3217,Revision adicional por analista; simulacion BAF
925574,7,0.035812400921839495,3218,Revision adicional por analista; simulacion BAF
961334,7,0.03581193671677185,3219,Revision adicional por analista; simulacion BAF
942897,7,0.03580808269128745,3220,Revision adicional por analista; simulacion BAF
979407,7,0.03580159747556636,3221,Revision adicional por analista; simulacion BAF
921793,7,0.03578566161763931,3222,Revision adicional por analista; simulacion BAF
980849,7,0.03577946317401816,3223,Revision adicional por analista; simulacion BAF
959268,7,0.03577030080226474,3224,Revision adicional por analista; simulacion BAF
961739,7,0.03576990420893668,3225,Revision adicional por analista; simulacion BAF
927247,7,0.03575910580759491,3226,Revision adicional por analista; simulacion BAF
982526,7,0.03575352686381444,3227,Revision adicional por analista; simulacion BAF
996983,7,0.03575193439545798,3228,Revision adicional por analista; simulacion BAF
957940,7,0.03574397153037366,3229,Revision adicional por analista; simulacion BAF
946176,7,0.03574016429625147,3230,Revision adicional por analista; simulacion BAF
916755,7,0.035733021813014555,3231,Revision adicional por analista; simulacion BAF
942108,7,0.03572848879771407,3232,Revision adicional por analista; simulacion BAF
993086,7,0.03572070885224927,3233,Revision adicional por analista; simulacion BAF
907747,7,0.03570813741238601,3234,Revision adicional por analista; simulacion BAF
929683,7,0.035699580494360936,3235,Revision adicional por analista; simulacion BAF
942692,7,0.03569137376224785,3236,Revision adicional por analista; simulacion BAF
936910,7,0.03568764779728446,3237,Revision adicional por analista; simulacion BAF
972962,7,0.03568370894125971,3238,Revision adicional por analista; simulacion BAF
912676,7,0.03568289708602588,3239,Revision adicional por analista; simulacion BAF
955830,7,0.03567463971661236,3240,Revision adicional por analista; simulacion BAF
927094,7,0.035663312338616485,3241,Revision adicional por analista; simulacion BAF
946349,7,0.03565903593192068,3242,Revision adicional por analista; simulacion BAF
957815,7,0.035646495307329204,3243,Revision adicional por analista; simulacion BAF
945879,7,0.0356270705513473,3244,Revision adicional por analista; simulacion BAF
941902,7,0.03562163354717933,3245,Revision adicional por analista; simulacion BAF
911803,7,0.035608165132176094,3246,Revision adicional por analista; simulacion BAF
992816,7,0.03560635590512404,3247,Revision adicional por analista; simulacion BAF
955561,7,0.0355912823754165,3248,Revision adicional por analista; simulacion BAF
924208,7,0.0355867534478477,3249,Revision adicional por analista; simulacion BAF
955196,7,0.03558134338717509,3250,Revision adicional por analista; simulacion BAF
948029,7,0.03557068941183224,3251,Revision adicional por analista; simulacion BAF
934518,7,0.035561868594899244,3252,Revision adicional por analista; simulacion BAF
907939,7,0.03553410473478894,3253,Revision adicional por analista; simulacion BAF
948318,7,0.035524879216703865,3254,Revision adicional por analista; simulacion BAF
909909,7,0.03552420503022556,3255,Revision adicional por analista; simulacion BAF
927526,7,0.035503652525174303,3256,Revision adicional por analista; simulacion BAF
905552,7,0.03550124992191845,3257,Revision adicional por analista; simulacion BAF
976076,7,0.0354995974504883,3258,Revision adicional por analista; simulacion BAF
949838,7,0.03548827472700399,3259,Revision adicional por analista; simulacion BAF
958223,7,0.03548154303258981,3260,Revision adicional por analista; simulacion BAF
933024,7,0.035477373592535916,3261,Revision adicional por analista; simulacion BAF
959769,7,0.03547312523626204,3262,Revision adicional por analista; simulacion BAF
937891,7,0.03545977535131841,3263,Revision adicional por analista; simulacion BAF
910094,7,0.03545306496450227,3264,Revision adicional por analista; simulacion BAF
977665,7,0.035451383215891495,3265,Revision adicional por analista; simulacion BAF
907048,7,0.035439613321488976,3266,Revision adicional por analista; simulacion BAF
967296,7,0.03543821587159101,3267,Revision adicional por analista; simulacion BAF
938376,7,0.035437219480558634,3268,Revision adicional por analista; simulacion BAF
913035,7,0.03542863845387375,3269,Revision adicional por analista; simulacion BAF
997572,7,0.03542320763779733,3270,Revision adicional por analista; simulacion BAF
928078,7,0.035421430356618155,3271,Revision adicional por analista; simulacion BAF
979187,7,0.03540237407358935,3272,Revision adicional por analista; simulacion BAF
923708,7,0.03539803479387652,3273,Revision adicional por analista; simulacion BAF
986965,7,0.03539246506951613,3274,Revision adicional por analista; simulacion BAF
932949,7,0.035392047331082935,3275,Revision adicional por analista; simulacion BAF
941527,7,0.03537945018932013,3276,Revision adicional por analista; simulacion BAF
993938,7,0.035375772990323906,3277,Revision adicional por analista; simulacion BAF
976319,7,0.03537121701952591,3278,Revision adicional por analista; simulacion BAF
907351,7,0.03535623946733123,3279,Revision adicional por analista; simulacion BAF
963817,7,0.03535326812812083,3280,Revision adicional por analista; simulacion BAF
917760,7,0.03534695330031537,3281,Revision adicional por analista; simulacion BAF
990462,7,0.035334273088101505,3282,Revision adicional por analista; simulacion BAF
923854,7,0.03532664333398131,3283,Revision adicional por analista; simulacion BAF
946655,7,0.035320581972215485,3284,Revision adicional por analista; simulacion BAF
952672,7,0.035308839269602085,3285,Revision adicional por analista; simulacion BAF
913676,7,0.03529088843313636,3286,Revision adicional por analista; simulacion BAF
975052,7,0.03527176093736734,3287,Revision adicional por analista; simulacion BAF
985897,7,0.035267987671085445,3288,Revision adicional por analista; simulacion BAF
966634,7,0.035266440218721815,3289,Revision adicional por analista; simulacion BAF
988220,7,0.03526012910846458,3290,Revision adicional por analista; simulacion BAF
996226,7,0.03526006876250202,3291,Revision adicional por analista; simulacion BAF
912483,7,0.03525981154038935,3292,Revision adicional por analista; simulacion BAF
994276,7,0.03525948045939305,3293,Revision adicional por analista; simulacion BAF
957661,7,0.035253117413183085,3294,Revision adicional por analista; simulacion BAF
989247,7,0.03525190002533927,3295,Revision adicional por analista; simulacion BAF
967928,7,0.035250691971781496,3296,Revision adicional por analista; simulacion BAF
958286,7,0.03524284278978939,3297,Revision adicional por analista; simulacion BAF
965323,7,0.03523657613025423,3298,Revision adicional por analista; simulacion BAF
960246,7,0.035228931181935645,3299,Revision adicional por analista; simulacion BAF
958332,7,0.035202698444686785,3300,Revision adicional por analista; simulacion BAF
983103,7,0.03519887050924106,3301,Revision adicional por analista; simulacion BAF
915898,7,0.03519414788105467,3302,Revision adicional por analista; simulacion BAF
947972,7,0.03519346793226719,3303,Revision adicional por analista; simulacion BAF
910003,7,0.03517925117356718,3304,Revision adicional por analista; simulacion BAF
951716,7,0.03516896637605775,3305,Revision adicional por analista; simulacion BAF
932573,7,0.03516072210698681,3306,Revision adicional por analista; simulacion BAF
983091,7,0.03515127320751087,3307,Revision adicional por analista; simulacion BAF
922728,7,0.035143482490405525,3308,Revision adicional por analista; simulacion BAF
915256,7,0.03513854684543197,3309,Revision adicional por analista; simulacion BAF
935740,7,0.03513485349523192,3310,Revision adicional por analista; simulacion BAF
956272,7,0.03512216934544279,3311,Revision adicional por analista; simulacion BAF
942603,7,0.035122004150611896,3312,Revision adicional por analista; simulacion BAF
948291,7,0.03510357264922387,3313,Revision adicional por analista; simulacion BAF
935977,7,0.03510341419164404,3314,Revision adicional por analista; simulacion BAF
955637,7,0.03509666453658164,3315,Revision adicional por analista; simulacion BAF
905354,7,0.035093530492901565,3316,Revision adicional por analista; simulacion BAF
939790,7,0.035076420868557105,3317,Revision adicional por analista; simulacion BAF
913432,7,0.03504337139048848,3318,Revision adicional por analista; simulacion BAF
906111,7,0.03500484681649653,3319,Revision adicional por analista; simulacion BAF
949236,7,0.03498832270500879,3320,Revision adicional por analista; simulacion BAF
961003,7,0.03498631981235076,3321,Revision adicional por analista; simulacion BAF
916686,7,0.03497105971874834,3322,Revision adicional por analista; simulacion BAF
985021,7,0.03495551112231802,3323,Revision adicional por analista; simulacion BAF
998996,7,0.034953350889473093,3324,Revision adicional por analista; simulacion BAF
918423,7,0.034950009779345086,3325,Revision adicional por analista; simulacion BAF
992592,7,0.0349493402464433,3326,Revision adicional por analista; simulacion BAF
938978,7,0.0349078106051809,3327,Revision adicional por analista; simulacion BAF
922318,7,0.03490461597738722,3328,Revision adicional por analista; simulacion BAF
936340,7,0.03490340771567493,3329,Revision adicional por analista; simulacion BAF
953987,7,0.0348972012546984,3330,Revision adicional por analista; simulacion BAF
922524,7,0.034896426946933456,3331,Revision adicional por analista; simulacion BAF
967073,7,0.034895834881209224,3332,Revision adicional por analista; simulacion BAF
973463,7,0.034889336969648674,3333,Revision adicional por analista; simulacion BAF
968267,7,0.03484580657871741,3334,Revision adicional por analista; simulacion BAF
914191,7,0.034830739170166235,3335,Revision adicional por analista; simulacion BAF
937406,7,0.03480999826623282,3336,Revision adicional por analista; simulacion BAF
960384,7,0.03480934678133836,3337,Revision adicional por analista; simulacion BAF
978241,7,0.03479858111850873,3338,Revision adicional por analista; simulacion BAF
999520,7,0.034793005880663384,3339,Revision adicional por analista; simulacion BAF
951910,7,0.03479188050188035,3340,Revision adicional por analista; simulacion BAF
933393,7,0.034781225811997815,3341,Revision adicional por analista; simulacion BAF
967924,7,0.03477924625121293,3342,Revision adicional por analista; simulacion BAF
975014,7,0.03476880449817756,3343,Revision adicional por analista; simulacion BAF
993393,7,0.03476850708270121,3344,Revision adicional por analista; simulacion BAF
970463,7,0.03476096285821447,3345,Revision adicional por analista; simulacion BAF
968622,7,0.03475914883963402,3346,Revision adicional por analista; simulacion BAF
917601,7,0.03472309325291277,3347,Revision adicional por analista; simulacion BAF
959699,7,0.034697910644650935,3348,Revision adicional por analista; simulacion BAF
925495,7,0.03469148243378237,3349,Revision adicional por analista; simulacion BAF
963239,7,0.03469095625907579,3350,Revision adicional por analista; simulacion BAF
951185,7,0.03469075483026168,3351,Revision adicional por analista; simulacion BAF
963964,7,0.03468364688099096,3352,Revision adicional por analista; simulacion BAF
977375,7,0.03467648425413439,3353,Revision adicional por analista; simulacion BAF
948068,7,0.034668310255646075,3354,Revision adicional por analista; simulacion BAF
970686,7,0.034662010768641165,3355,Revision adicional por analista; simulacion BAF
956836,7,0.034661372335046556,3356,Revision adicional por analista; simulacion BAF
959988,7,0.034649543747028916,3357,Revision adicional por analista; simulacion BAF
903548,7,0.03464214522764864,3358,Revision adicional por analista; simulacion BAF
963446,7,0.034639727807497106,3359,Revision adicional por analista; simulacion BAF
920115,7,0.03462671295972139,3360,Revision adicional por analista; simulacion BAF
915592,7,0.03462041556038856,3361,Revision adicional por analista; simulacion BAF
941508,7,0.03461365642513055,3362,Revision adicional por analista; simulacion BAF
963136,7,0.034582835194876094,3363,Revision adicional por analista; simulacion BAF
952868,7,0.034580833174807604,3364,Revision adicional por analista; simulacion BAF
920447,7,0.03456792756616345,3365,Revision adicional por analista; simulacion BAF
995610,7,0.034564176133158674,3366,Revision adicional por analista; simulacion BAF
922060,7,0.034550513647858494,3367,Revision adicional por analista; simulacion BAF
971281,7,0.03454179944514523,3368,Revision adicional por analista; simulacion BAF
990315,7,0.03454077183362973,3369,Revision adicional por analista; simulacion BAF
998249,7,0.03451179395222353,3370,Revision adicional por analista; simulacion BAF
974083,7,0.03450333260123906,3371,Revision adicional por analista; simulacion BAF
903882,7,0.03449564467764047,3372,Revision adicional por analista; simulacion BAF
970187,7,0.03449190330942763,3373,Revision adicional por analista; simulacion BAF
936940,7,0.03448879826629148,3374,Revision adicional por analista; simulacion BAF
977994,7,0.03445439839087599,3375,Revision adicional por analista; simulacion BAF
982351,7,0.03445250243099684,3376,Revision adicional por analista; simulacion BAF
984968,7,0.034446449415757745,3377,Revision adicional por analista; simulacion BAF
914551,7,0.034435764909435215,3378,Revision adicional por analista; simulacion BAF
929859,7,0.03443246433094007,3379,Revision adicional por analista; simulacion BAF
910665,7,0.0344279187534841,3380,Revision adicional por analista; simulacion BAF
966908,7,0.03441601680826024,3381,Revision adicional por analista; simulacion BAF
934559,7,0.034415257025706414,3382,Revision adicional por analista; simulacion BAF
989442,7,0.034401050570012214,3383,Revision adicional por analista; simulacion BAF
916393,7,0.034400535245822796,3384,Revision adicional por analista; simulacion BAF
948466,7,0.034393809493419795,3385,Revision adicional por analista; simulacion BAF
961495,7,0.034392494573604146,3386,Revision adicional por analista; simulacion BAF
980961,7,0.034374810082357515,3387,Revision adicional por analista; simulacion BAF
905621,7,0.03435841893810966,3388,Revision adicional por analista; simulacion BAF
907775,7,0.03435714364473263,3389,Revision adicional por analista; simulacion BAF
982439,7,0.034349372389547175,3390,Revision adicional por analista; simulacion BAF
946218,7,0.034345674489124435,3391,Revision adicional por analista; simulacion BAF
936572,7,0.034341841136866696,3392,Revision adicional por analista; simulacion BAF
924342,7,0.03433384488053713,3393,Revision adicional por analista; simulacion BAF
929099,7,0.034329884611140164,3394,Revision adicional por analista; simulacion BAF
984108,7,0.03432217841741581,3395,Revision adicional por analista; simulacion BAF
918122,7,0.03431927618148278,3396,Revision adicional por analista; simulacion BAF
944291,7,0.034318027741951224,3397,Revision adicional por analista; simulacion BAF
974777,7,0.03431647282377514,3398,Revision adicional por analista; simulacion BAF
997634,7,0.03431244836635196,3399,Revision adicional por analista; simulacion BAF
916428,7,0.03430999703576517,3400,Revision adicional por analista; simulacion BAF
936117,7,0.034283463647936496,3401,Revision adicional por analista; simulacion BAF
981293,7,0.03426600421668387,3402,Revision adicional por analista; simulacion BAF
988076,7,0.03425951353123874,3403,Revision adicional por analista; simulacion BAF
986894,7,0.03424638726280711,3404,Revision adicional por analista; simulacion BAF
928876,7,0.034243237012513715,3405,Revision adicional por analista; simulacion BAF
913587,7,0.03423457114488654,3406,Revision adicional por analista; simulacion BAF
995474,7,0.03422848838329967,3407,Revision adicional por analista; simulacion BAF
969994,7,0.034220156244252745,3408,Revision adicional por analista; simulacion BAF
947535,7,0.034220029890555594,3409,Revision adicional por analista; simulacion BAF
953587,7,0.03421880330702391,3410,Revision adicional por analista; simulacion BAF
943553,7,0.034218734447514554,3411,Revision adicional por analista; simulacion BAF
940874,7,0.034215730879292305,3412,Revision adicional por analista; simulacion BAF
992898,7,0.03420619295631737,3413,Revision adicional por analista; simulacion BAF
950989,7,0.034204633543688724,3414,Revision adicional por analista; simulacion BAF
922992,7,0.03419565696117866,3415,Revision adicional por analista; simulacion BAF
982513,7,0.03417632150296931,3416,Revision adicional por analista; simulacion BAF
918190,7,0.03414785610942081,3417,Revision adicional por analista; simulacion BAF
903370,7,0.03414461624555966,3418,Revision adicional por analista; simulacion BAF
972942,7,0.03414266695178835,3419,Revision adicional por analista; simulacion BAF
982992,7,0.03413781030515317,3420,Revision adicional por analista; simulacion BAF
952306,7,0.03411639733381456,3421,Revision adicional por analista; simulacion BAF
980993,7,0.034115113097270396,3422,Revision adicional por analista; simulacion BAF
908353,7,0.034114007170489936,3423,Revision adicional por analista; simulacion BAF
929333,7,0.0341035073405762,3424,Revision adicional por analista; simulacion BAF
989984,7,0.03409637760974955,3425,Revision adicional por analista; simulacion BAF
965577,7,0.03409061424481542,3426,Revision adicional por analista; simulacion BAF
941327,7,0.034088416285140186,3427,Revision adicional por analista; simulacion BAF
935696,7,0.03408472506914322,3428,Revision adicional por analista; simulacion BAF
949005,7,0.0340777287697159,3429,Revision adicional por analista; simulacion BAF
913837,7,0.03406132731964363,3430,Revision adicional por analista; simulacion BAF
914400,7,0.03405557508673902,3431,Revision adicional por analista; simulacion BAF
903389,7,0.03405403823841536,3432,Revision adicional por analista; simulacion BAF
913809,7,0.03404595841553919,3433,Revision adicional por analista; simulacion BAF
948003,7,0.03402874979011702,3434,Revision adicional por analista; simulacion BAF
963851,7,0.03402159858262028,3435,Revision adicional por analista; simulacion BAF
980595,7,0.0340184529792841,3436,Revision adicional por analista; simulacion BAF
995526,7,0.03401328237875743,3437,Revision adicional por analista; simulacion BAF
977344,7,0.0340093604578611,3438,Revision adicional por analista; simulacion BAF
924917,7,0.034004461447636455,3439,Revision adicional por analista; simulacion BAF
994468,7,0.03398776370382389,3440,Revision adicional por analista; simulacion BAF
965766,7,0.033987734619120684,3441,Revision adicional por analista; simulacion BAF
998232,7,0.033979337914512894,3442,Revision adicional por analista; simulacion BAF
982153,7,0.03397275989011868,3443,Revision adicional por analista; simulacion BAF
915510,7,0.03396689791768384,3444,Revision adicional por analista; simulacion BAF
921730,7,0.03396143402245541,3445,Revision adicional por analista; simulacion BAF
940688,7,0.033945472825901754,3446,Revision adicional por analista; simulacion BAF
956508,7,0.03394356515857062,3447,Revision adicional por analista; simulacion BAF
956373,7,0.03393242786264841,3448,Revision adicional por analista; simulacion BAF
909688,7,0.033931501049707644,3449,Revision adicional por analista; simulacion BAF
908022,7,0.0339107362270331,3450,Revision adicional por analista; simulacion BAF
936936,7,0.03390895651118473,3451,Revision adicional por analista; simulacion BAF
948069,7,0.03389002910315493,3452,Revision adicional por analista; simulacion BAF
954960,7,0.03388436398070351,3453,Revision adicional por analista; simulacion BAF
929400,7,0.03388178237575951,3454,Revision adicional por analista; simulacion BAF
970768,7,0.033879986510042065,3455,Revision adicional por analista; simulacion BAF
943962,7,0.03386524864674719,3456,Revision adicional por analista; simulacion BAF
985938,7,0.033864092959682034,3457,Revision adicional por analista; simulacion BAF
958552,7,0.0338538632703687,3458,Revision adicional por analista; simulacion BAF
984664,7,0.033850728961049834,3459,Revision adicional por analista; simulacion BAF
975668,7,0.033843203064532035,3460,Revision adicional por analista; simulacion BAF
937442,7,0.03383931236166891,3461,Revision adicional por analista; simulacion BAF
908956,7,0.033824199550009745,3462,Revision adicional por analista; simulacion BAF
986974,7,0.03380921005294462,3463,Revision adicional por analista; simulacion BAF
916855,7,0.03379692992554713,3464,Revision adicional por analista; simulacion BAF
967764,7,0.033794950640094586,3465,Revision adicional por analista; simulacion BAF
973752,7,0.03378784010773848,3466,Revision adicional por analista; simulacion BAF
926859,7,0.03377765287708428,3467,Revision adicional por analista; simulacion BAF
924134,7,0.03376375275672411,3468,Revision adicional por analista; simulacion BAF
977983,7,0.03376265168114843,3469,Revision adicional por analista; simulacion BAF
907794,7,0.03375710666107637,3470,Revision adicional por analista; simulacion BAF
936630,7,0.03375673643415524,3471,Revision adicional por analista; simulacion BAF
984162,7,0.03375576385206974,3472,Revision adicional por analista; simulacion BAF
956026,7,0.033749788333178786,3473,Revision adicional por analista; simulacion BAF
915767,7,0.03371912911019233,3474,Revision adicional por analista; simulacion BAF
929020,7,0.03371528495247834,3475,Revision adicional por analista; simulacion BAF
996768,7,0.033708732926283694,3476,Revision adicional por analista; simulacion BAF
944598,7,0.03370843292426401,3477,Revision adicional por analista; simulacion BAF
919771,7,0.03370409480491262,3478,Revision adicional por analista; simulacion BAF
913376,7,0.03370161049142003,3479,Revision adicional por analista; simulacion BAF
936435,7,0.033693814811405494,3480,Revision adicional por analista; simulacion BAF
968459,7,0.033687829831598286,3481,Revision adicional por analista; simulacion BAF
964306,7,0.03367162745027943,3482,Revision adicional por analista; simulacion BAF
904294,7,0.03367115074701292,3483,Revision adicional por analista; simulacion BAF
989251,7,0.033648167502869517,3484,Revision adicional por analista; simulacion BAF
987141,7,0.033641491723032504,3485,Revision adicional por analista; simulacion BAF
995514,7,0.033632632162686034,3486,Revision adicional por analista; simulacion BAF
920547,7,0.03362633355448513,3487,Revision adicional por analista; simulacion BAF
915610,7,0.0336250277235345,3488,Revision adicional por analista; simulacion BAF
977782,7,0.03362283802303576,3489,Revision adicional por analista; simulacion BAF
932909,7,0.03361977548611897,3490,Revision adicional por analista; simulacion BAF
924014,7,0.033617216547834367,3491,Revision adicional por analista; simulacion BAF
918866,7,0.033614795767988676,3492,Revision adicional por analista; simulacion BAF
976177,7,0.033613294467562345,3493,Revision adicional por analista; simulacion BAF
923613,7,0.0336022859356264,3494,Revision adicional por analista; simulacion BAF
992012,7,0.03358623766630406,3495,Revision adicional por analista; simulacion BAF
915066,7,0.03357517289373403,3496,Revision adicional por analista; simulacion BAF
927562,7,0.03357437024084993,3497,Revision adicional por analista; simulacion BAF
997597,7,0.03356190580332058,3498,Revision adicional por analista; simulacion BAF
948019,7,0.033545978480504175,3499,Revision adicional por analista; simulacion BAF
968050,7,0.03354226132451471,3500,Revision adicional por analista; simulacion BAF
999474,7,0.033538757464786614,3501,Revision adicional por analista; simulacion BAF
943544,7,0.03353284158465019,3502,Revision adicional por analista; simulacion BAF
954290,7,0.03353149315279079,3503,Revision adicional por analista; simulacion BAF
962950,7,0.03352955306557803,3504,Revision adicional por analista; simulacion BAF
961904,7,0.03352934965066981,3505,Revision adicional por analista; simulacion BAF
955733,7,0.03352449684513667,3506,Revision adicional por analista; simulacion BAF
956217,7,0.0335173534862167,3507,Revision adicional por analista; simulacion BAF
978016,7,0.03351289817306521,3508,Revision adicional por analista; simulacion BAF
934209,7,0.033504603471013465,3509,Revision adicional por analista; simulacion BAF
954354,7,0.03349761161855716,3510,Revision adicional por analista; simulacion BAF
918235,7,0.033484464874887494,3511,Revision adicional por analista; simulacion BAF
917222,7,0.03348212684448311,3512,Revision adicional por analista; simulacion BAF
927728,7,0.033467035810091625,3513,Revision adicional por analista; simulacion BAF
952763,7,0.03345762749928226,3514,Revision adicional por analista; simulacion BAF
913559,7,0.03345674379872709,3515,Revision adicional por analista; simulacion BAF
996551,7,0.03345042310579838,3516,Revision adicional por analista; simulacion BAF
930622,7,0.03344236483083331,3517,Revision adicional por analista; simulacion BAF
966857,7,0.03342045421097902,3518,Revision adicional por analista; simulacion BAF
981808,7,0.03341829300208091,3519,Revision adicional por analista; simulacion BAF
904391,7,0.03340573371270492,3520,Revision adicional por analista; simulacion BAF
983636,7,0.03339801599601342,3521,Revision adicional por analista; simulacion BAF
907627,7,0.0333871084235567,3522,Revision adicional por analista; simulacion BAF
982620,7,0.03338417130765559,3523,Revision adicional por analista; simulacion BAF
992815,7,0.03336557992100683,3524,Revision adicional por analista; simulacion BAF
996202,7,0.033364437851518,3525,Revision adicional por analista; simulacion BAF
982006,7,0.03334916185578454,3526,Revision adicional por analista; simulacion BAF
935409,7,0.033342618594527196,3527,Revision adicional por analista; simulacion BAF
972865,7,0.03334152190289987,3528,Revision adicional por analista; simulacion BAF
933747,7,0.03333748693399049,3529,Revision adicional por analista; simulacion BAF
972781,7,0.03333554631288816,3530,Revision adicional por analista; simulacion BAF
987837,7,0.033332161404234305,3531,Revision adicional por analista; simulacion BAF
907740,7,0.03333008535902036,3532,Revision adicional por analista; simulacion BAF
980802,7,0.03332773980403324,3533,Revision adicional por analista; simulacion BAF
912338,7,0.03331966586012663,3534,Revision adicional por analista; simulacion BAF
915243,7,0.03331891776211303,3535,Revision adicional por analista; simulacion BAF
939992,7,0.03331625761882923,3536,Revision adicional por analista; simulacion BAF
974275,7,0.03330643951833644,3537,Revision adicional por analista; simulacion BAF
978568,7,0.03330351311638929,3538,Revision adicional por analista; simulacion BAF
940312,7,0.0332863842435715,3539,Revision adicional por analista; simulacion BAF
921985,7,0.033285881904674776,3540,Revision adicional por analista; simulacion BAF
933423,7,0.033273164740785656,3541,Revision adicional por analista; simulacion BAF
929658,7,0.03326341643563569,3542,Revision adicional por analista; simulacion BAF
925726,7,0.03323708830993898,3543,Revision adicional por analista; simulacion BAF
920411,7,0.0332283001864264,3544,Revision adicional por analista; simulacion BAF
933241,7,0.03322324880480726,3545,Revision adicional por analista; simulacion BAF
988843,7,0.03321655097999508,3546,Revision adicional por analista; simulacion BAF
976900,7,0.033216281604918685,3547,Revision adicional por analista; simulacion BAF
914150,7,0.033208216578859126,3548,Revision adicional por analista; simulacion BAF
919098,7,0.033187873856584935,3549,Revision adicional por analista; simulacion BAF
983625,7,0.033179935652769145,3550,Revision adicional por analista; simulacion BAF
935341,7,0.03316576208309567,3551,Revision adicional por analista; simulacion BAF
985383,7,0.03316304605585044,3552,Revision adicional por analista; simulacion BAF
909211,7,0.033160323107986125,3553,Revision adicional por analista; simulacion BAF
930640,7,0.03315008526658026,3554,Revision adicional por analista; simulacion BAF
962589,7,0.03314852207860691,3555,Revision adicional por analista; simulacion BAF
969117,7,0.03314667004992556,3556,Revision adicional por analista; simulacion BAF
923673,7,0.03314505584726494,3557,Revision adicional por analista; simulacion BAF
962854,7,0.033140918942781455,3558,Revision adicional por analista; simulacion BAF
963398,7,0.0331406975097686,3559,Revision adicional por analista; simulacion BAF
959237,7,0.03311825863070917,3560,Revision adicional por analista; simulacion BAF
935354,7,0.03310695749442077,3561,Revision adicional por analista; simulacion BAF
921420,7,0.033096746924870045,3562,Revision adicional por analista; simulacion BAF
929351,7,0.03309524736886826,3563,Revision adicional por analista; simulacion BAF
992750,7,0.03309193612286724,3564,Revision adicional por analista; simulacion BAF
907493,7,0.03308205096032669,3565,Revision adicional por analista; simulacion BAF
967501,7,0.03305898532801581,3566,Revision adicional por analista; simulacion BAF
915660,7,0.0330583658405176,3567,Revision adicional por analista; simulacion BAF
935747,7,0.0330563491586167,3568,Revision adicional por analista; simulacion BAF
949646,7,0.033041313190220155,3569,Revision adicional por analista; simulacion BAF
981515,7,0.03303914833999235,3570,Revision adicional por analista; simulacion BAF
974167,7,0.033038894883899404,3571,Revision adicional por analista; simulacion BAF
948665,7,0.033034863072554536,3572,Revision adicional por analista; simulacion BAF
939373,7,0.03303179924115311,3573,Revision adicional por analista; simulacion BAF
943909,7,0.0330250371001741,3574,Revision adicional por analista; simulacion BAF
912363,7,0.03302438619571539,3575,Revision adicional por analista; simulacion BAF
966568,7,0.03298692206332594,3576,Revision adicional por analista; simulacion BAF
931459,7,0.03298604248201537,3577,Revision adicional por analista; simulacion BAF
959178,7,0.032979770871868444,3578,Revision adicional por analista; simulacion BAF
924058,7,0.03296980903734518,3579,Revision adicional por analista; simulacion BAF
919684,7,0.03296743950731848,3580,Revision adicional por analista; simulacion BAF
930498,7,0.032960961863396025,3581,Revision adicional por analista; simulacion BAF
941706,7,0.03294587654397372,3582,Revision adicional por analista; simulacion BAF
972981,7,0.03294037713875943,3583,Revision adicional por analista; simulacion BAF
966546,7,0.032937256946665446,3584,Revision adicional por analista; simulacion BAF
917442,7,0.03292046614307536,3585,Revision adicional por analista; simulacion BAF
933478,7,0.03291415764875032,3586,Revision adicional por analista; simulacion BAF
927709,7,0.03290721417280672,3587,Revision adicional por analista; simulacion BAF
975780,7,0.03290381838024676,3588,Revision adicional por analista; simulacion BAF
952898,7,0.032903353025546624,3589,Revision adicional por analista; simulacion BAF
919068,7,0.0328970826293123,3590,Revision adicional por analista; simulacion BAF
963091,7,0.032887254977576066,3591,Revision adicional por analista; simulacion BAF
915471,7,0.03287815692225336,3592,Revision adicional por analista; simulacion BAF
930691,7,0.032870131707786736,3593,Revision adicional por analista; simulacion BAF
943972,7,0.03286829560986244,3594,Revision adicional por analista; simulacion BAF
941466,7,0.032868043581137464,3595,Revision adicional por analista; simulacion BAF
907702,7,0.032866862372682576,3596,Revision adicional por analista; simulacion BAF
957658,7,0.03286308050802681,3597,Revision adicional por analista; simulacion BAF
984938,7,0.0328567197540539,3598,Revision adicional por analista; simulacion BAF
986788,7,0.03283670300326673,3599,Revision adicional por analista; simulacion BAF
926529,7,0.032822869790074115,3600,Revision adicional por analista; simulacion BAF
990953,7,0.03279815596928882,3601,Revision adicional por analista; simulacion BAF
971570,7,0.03279537897605369,3602,Revision adicional por analista; simulacion BAF
928597,7,0.032784753990248654,3603,Revision adicional por analista; simulacion BAF
963106,7,0.03277476939694542,3604,Revision adicional por analista; simulacion BAF
917020,7,0.032757567643439886,3605,Revision adicional por analista; simulacion BAF
949252,7,0.03275416167415461,3606,Revision adicional por analista; simulacion BAF
996332,7,0.03275262210575458,3607,Revision adicional por analista; simulacion BAF
978956,7,0.032750073860708835,3608,Revision adicional por analista; simulacion BAF
957510,7,0.032742848365738327,3609,Revision adicional por analista; simulacion BAF
927064,7,0.032740723835005495,3610,Revision adicional por analista; simulacion BAF
996411,7,0.03273884740596135,3611,Revision adicional por analista; simulacion BAF
958141,7,0.032713992911733096,3612,Revision adicional por analista; simulacion BAF
982067,7,0.03270361443900063,3613,Revision adicional por analista; simulacion BAF
976098,7,0.03269712312439101,3614,Revision adicional por analista; simulacion BAF
937656,7,0.03269469804683625,3615,Revision adicional por analista; simulacion BAF
951886,7,0.032694169931778976,3616,Revision adicional por analista; simulacion BAF
952747,7,0.03269243240852827,3617,Revision adicional por analista; simulacion BAF
918300,7,0.03268696574231358,3618,Revision adicional por analista; simulacion BAF
981050,7,0.03268040105844777,3619,Revision adicional por analista; simulacion BAF
916634,7,0.03266008879352185,3620,Revision adicional por analista; simulacion BAF
972349,7,0.0326492097406911,3621,Revision adicional por analista; simulacion BAF
976782,7,0.03261809380184709,3622,Revision adicional por analista; simulacion BAF
994294,7,0.032611971600873924,3623,Revision adicional por analista; simulacion BAF
989125,7,0.032609488211678556,3624,Revision adicional por analista; simulacion BAF
979944,7,0.032601705909642384,3625,Revision adicional por analista; simulacion BAF
946820,7,0.03259698745184646,3626,Revision adicional por analista; simulacion BAF
913870,7,0.03259692015668061,3627,Revision adicional por analista; simulacion BAF
995471,7,0.032589138046265696,3628,Revision adicional por analista; simulacion BAF
907812,7,0.03256431497206525,3629,Revision adicional por analista; simulacion BAF
968961,7,0.03256148311599592,3630,Revision adicional por analista; simulacion BAF
971317,7,0.03256057029941842,3631,Revision adicional por analista; simulacion BAF
999760,7,0.032558976023513174,3632,Revision adicional por analista; simulacion BAF
933774,7,0.032550685048609924,3633,Revision adicional por analista; simulacion BAF
908575,7,0.032512184499879755,3634,Revision adicional por analista; simulacion BAF
979778,7,0.03251214227242022,3635,Revision adicional por analista; simulacion BAF
982572,7,0.032511788688463605,3636,Revision adicional por analista; simulacion BAF
978866,7,0.03250724349037663,3637,Revision adicional por analista; simulacion BAF
947031,7,0.03249570562320658,3638,Revision adicional por analista; simulacion BAF
908869,7,0.03249399872331725,3639,Revision adicional por analista; simulacion BAF
995390,7,0.03249209840385692,3640,Revision adicional por analista; simulacion BAF
992079,7,0.0324895159743474,3641,Revision adicional por analista; simulacion BAF
934749,7,0.0324806567543103,3642,Revision adicional por analista; simulacion BAF
985832,7,0.032480550670138136,3643,Revision adicional por analista; simulacion BAF
935577,7,0.03247294596317479,3644,Revision adicional por analista; simulacion BAF
941462,7,0.03247092020069535,3645,Revision adicional por analista; simulacion BAF
997287,7,0.03246369526381404,3646,Revision adicional por analista; simulacion BAF
999158,7,0.03246050975558219,3647,Revision adicional por analista; simulacion BAF
905730,7,0.03245424773218738,3648,Revision adicional por analista; simulacion BAF
971785,7,0.03245354225418778,3649,Revision adicional por analista; simulacion BAF
937911,7,0.0324499734206044,3650,Revision adicional por analista; simulacion BAF
919939,7,0.03244751068867489,3651,Revision adicional por analista; simulacion BAF
974332,7,0.03244707751782994,3652,Revision adicional por analista; simulacion BAF
913383,7,0.03243756803410935,3653,Revision adicional por analista; simulacion BAF
926436,7,0.032433112747030986,3654,Revision adicional por analista; simulacion BAF
950589,7,0.03240271914287222,3655,Revision adicional por analista; simulacion BAF
904125,7,0.03239180750913885,3656,Revision adicional por analista; simulacion BAF
904047,7,0.03238981269683289,3657,Revision adicional por analista; simulacion BAF
944387,7,0.032377431163546244,3658,Revision adicional por analista; simulacion BAF
990923,7,0.0323755671016523,3659,Revision adicional por analista; simulacion BAF
970697,7,0.032368829904528745,3660,Revision adicional por analista; simulacion BAF
979099,7,0.032366255590367696,3661,Revision adicional por analista; simulacion BAF
939651,7,0.032349050860894575,3662,Revision adicional por analista; simulacion BAF
931428,7,0.03234212985867742,3663,Revision adicional por analista; simulacion BAF
993412,7,0.032331108894158835,3664,Revision adicional por analista; simulacion BAF
914530,7,0.032312867807891485,3665,Revision adicional por analista; simulacion BAF
967332,7,0.03231040902708653,3666,Revision adicional por analista; simulacion BAF
975886,7,0.03229451376114864,3667,Revision adicional por analista; simulacion BAF
953746,7,0.0322793611980856,3668,Revision adicional por analista; simulacion BAF
925469,7,0.03227339329900651,3669,Revision adicional por analista; simulacion BAF
948933,7,0.032267596210067744,3670,Revision adicional por analista; simulacion BAF
956680,7,0.03226302042522069,3671,Revision adicional por analista; simulacion BAF
938361,7,0.03225632573241123,3672,Revision adicional por analista; simulacion BAF
969769,7,0.03225609767383744,3673,Revision adicional por analista; simulacion BAF
967225,7,0.03225476256944771,3674,Revision adicional por analista; simulacion BAF
965077,7,0.0322435265668558,3675,Revision adicional por analista; simulacion BAF
996850,7,0.03222208260233269,3676,Revision adicional por analista; simulacion BAF
918321,7,0.03220281764673317,3677,Revision adicional por analista; simulacion BAF
994847,7,0.032193886895400134,3678,Revision adicional por analista; simulacion BAF
929668,7,0.03218706187937369,3679,Revision adicional por analista; simulacion BAF
954550,7,0.03216779763548301,3680,Revision adicional por analista; simulacion BAF
999385,7,0.03216133814760563,3681,Revision adicional por analista; simulacion BAF
950431,7,0.03215318939767309,3682,Revision adicional por analista; simulacion BAF
909817,7,0.03214689573350947,3683,Revision adicional por analista; simulacion BAF
932167,7,0.032135676323323537,3684,Revision adicional por analista; simulacion BAF
977166,7,0.03212410059545963,3685,Revision adicional por analista; simulacion BAF
996895,7,0.03210824594651443,3686,Revision adicional por analista; simulacion BAF
916415,7,0.0320963879857689,3687,Revision adicional por analista; simulacion BAF
941148,7,0.03208288874306062,3688,Revision adicional por analista; simulacion BAF
955247,7,0.03207706537082166,3689,Revision adicional por analista; simulacion BAF
926049,7,0.032073883692428674,3690,Revision adicional por analista; simulacion BAF
988801,7,0.03207201728172788,3691,Revision adicional por analista; simulacion BAF
991150,7,0.03206415422591957,3692,Revision adicional por analista; simulacion BAF
931452,7,0.032059102730419786,3693,Revision adicional por analista; simulacion BAF
998486,7,0.032047440505011064,3694,Revision adicional por analista; simulacion BAF
933827,7,0.03204628393332363,3695,Revision adicional por analista; simulacion BAF
929087,7,0.03203016193009725,3696,Revision adicional por analista; simulacion BAF
992793,7,0.032028867460113936,3697,Revision adicional por analista; simulacion BAF
940237,7,0.03202773315029822,3698,Revision adicional por analista; simulacion BAF
950023,7,0.03202658330652062,3699,Revision adicional por analista; simulacion BAF
988548,7,0.03202264181858908,3700,Revision adicional por analista; simulacion BAF
968959,7,0.0320126157471637,3701,Revision adicional por analista; simulacion BAF
905488,7,0.03200550233932705,3702,Revision adicional por analista; simulacion BAF
956686,7,0.03199809025750891,3703,Revision adicional por analista; simulacion BAF
938497,7,0.03199070905669836,3704,Revision adicional por analista; simulacion BAF
946463,7,0.0319821801146355,3705,Revision adicional por analista; simulacion BAF
927484,7,0.0319716275509648,3706,Revision adicional por analista; simulacion BAF
999068,7,0.03196947899937882,3707,Revision adicional por analista; simulacion BAF
951554,7,0.03196060679670736,3708,Revision adicional por analista; simulacion BAF
934945,7,0.031956274454871626,3709,Revision adicional por analista; simulacion BAF
993469,7,0.03194772570948057,3710,Revision adicional por analista; simulacion BAF
927109,7,0.03194265188651951,3711,Revision adicional por analista; simulacion BAF
928390,7,0.03193182350856065,3712,Revision adicional por analista; simulacion BAF
922004,7,0.03191294378499707,3713,Revision adicional por analista; simulacion BAF
964603,7,0.03191144459075514,3714,Revision adicional por analista; simulacion BAF
975857,7,0.031900278980326054,3715,Revision adicional por analista; simulacion BAF
976660,7,0.03188653867520498,3716,Revision adicional por analista; simulacion BAF
938447,7,0.03188378715820495,3717,Revision adicional por analista; simulacion BAF
945199,7,0.031881079722977525,3718,Revision adicional por analista; simulacion BAF
976465,7,0.03186789226177092,3719,Revision adicional por analista; simulacion BAF
935845,7,0.0318643424967896,3720,Revision adicional por analista; simulacion BAF
928128,7,0.03186189074920724,3721,Revision adicional por analista; simulacion BAF
930636,7,0.03184910811421682,3722,Revision adicional por analista; simulacion BAF
993699,7,0.03184097180960611,3723,Revision adicional por analista; simulacion BAF
993557,7,0.03182872837684505,3724,Revision adicional por analista; simulacion BAF
967178,7,0.03182619336428562,3725,Revision adicional por analista; simulacion BAF
916079,7,0.031821250434657465,3726,Revision adicional por analista; simulacion BAF
961751,7,0.03181772515128262,3727,Revision adicional por analista; simulacion BAF
919548,7,0.03181451054990451,3728,Revision adicional por analista; simulacion BAF
968532,7,0.03179785844756335,3729,Revision adicional por analista; simulacion BAF
937214,7,0.03179632204747814,3730,Revision adicional por analista; simulacion BAF
979574,7,0.03178213632624925,3731,Revision adicional por analista; simulacion BAF
964758,7,0.03177003427217572,3732,Revision adicional por analista; simulacion BAF
966740,7,0.03175600336524294,3733,Revision adicional por analista; simulacion BAF
963496,7,0.03175317111321084,3734,Revision adicional por analista; simulacion BAF
922977,7,0.03174640075868407,3735,Revision adicional por analista; simulacion BAF
920383,7,0.031745706945912416,3736,Revision adicional por analista; simulacion BAF
908078,7,0.031738006422720906,3737,Revision adicional por analista; simulacion BAF
978488,7,0.03173770724739887,3738,Revision adicional por analista; simulacion BAF
916108,7,0.03172079652281985,3739,Revision adicional por analista; simulacion BAF
917651,7,0.03172005172660602,3740,Revision adicional por analista; simulacion BAF
973901,7,0.0317115918180124,3741,Revision adicional por analista; simulacion BAF
933232,7,0.03171027789756766,3742,Revision adicional por analista; simulacion BAF
936858,7,0.031709316224252514,3743,Revision adicional por analista; simulacion BAF
964764,7,0.03169870521116327,3744,Revision adicional por analista; simulacion BAF
962238,7,0.031695793335090636,3745,Revision adicional por analista; simulacion BAF
987252,7,0.03169479407503836,3746,Revision adicional por analista; simulacion BAF
981948,7,0.031679787205161035,3747,Revision adicional por analista; simulacion BAF
937415,7,0.031668045904052214,3748,Revision adicional por analista; simulacion BAF
924283,7,0.031665890982509874,3749,Revision adicional por analista; simulacion BAF
945875,7,0.031657035638456975,3750,Revision adicional por analista; simulacion BAF
957958,7,0.03164903814427218,3751,Revision adicional por analista; simulacion BAF
936932,7,0.03164882637462705,3752,Revision adicional por analista; simulacion BAF
923223,7,0.03164036323428194,3753,Revision adicional por analista; simulacion BAF
953839,7,0.03163755223791455,3754,Revision adicional por analista; simulacion BAF
996847,7,0.03163725109324006,3755,Revision adicional por analista; simulacion BAF
996141,7,0.03162769694279788,3756,Revision adicional por analista; simulacion BAF
911729,7,0.03161999163309705,3757,Revision adicional por analista; simulacion BAF
928424,7,0.031616479373189024,3758,Revision adicional por analista; simulacion BAF
967068,7,0.03160376966253881,3759,Revision adicional por analista; simulacion BAF
906109,7,0.031591812995008704,3760,Revision adicional por analista; simulacion BAF
929931,7,0.031571189779445556,3761,Revision adicional por analista; simulacion BAF
931079,7,0.03156895884947124,3762,Revision adicional por analista; simulacion BAF
968302,7,0.031566003051867346,3763,Revision adicional por analista; simulacion BAF
928789,7,0.03156296521401231,3764,Revision adicional por analista; simulacion BAF
998694,7,0.031562671626362,3765,Revision adicional por analista; simulacion BAF
940884,7,0.03155909697336011,3766,Revision adicional por analista; simulacion BAF
991373,7,0.03155623338754214,3767,Revision adicional por analista; simulacion BAF
990095,7,0.03155279370695342,3768,Revision adicional por analista; simulacion BAF
970298,7,0.03154973994385939,3769,Revision adicional por analista; simulacion BAF
996346,7,0.03154826609244547,3770,Revision adicional por analista; simulacion BAF
939467,7,0.03154271008700509,3771,Revision adicional por analista; simulacion BAF
974245,7,0.03153259771124493,3772,Revision adicional por analista; simulacion BAF
959082,7,0.031530526474707436,3773,Revision adicional por analista; simulacion BAF
952002,7,0.031522872399934954,3774,Revision adicional por analista; simulacion BAF
959881,7,0.031518611723781724,3775,Revision adicional por analista; simulacion BAF
964883,7,0.03151813753746708,3776,Revision adicional por analista; simulacion BAF
907190,7,0.031516466774353935,3777,Revision adicional por analista; simulacion BAF
933156,7,0.03150765001462591,3778,Revision adicional por analista; simulacion BAF
941181,7,0.03149707461075049,3779,Revision adicional por analista; simulacion BAF
979030,7,0.031496728544440245,3780,Revision adicional por analista; simulacion BAF
979937,7,0.03149664967352121,3781,Revision adicional por analista; simulacion BAF
940061,7,0.03149118616950296,3782,Revision adicional por analista; simulacion BAF
979542,7,0.03148649628951907,3783,Revision adicional por analista; simulacion BAF
986638,7,0.03147169115641906,3784,Revision adicional por analista; simulacion BAF
950240,7,0.031471386782881326,3785,Revision adicional por analista; simulacion BAF
964113,7,0.03146450742471233,3786,Revision adicional por analista; simulacion BAF
994024,7,0.031464044393277046,3787,Revision adicional por analista; simulacion BAF
965065,7,0.03146023265389388,3788,Revision adicional por analista; simulacion BAF
929452,7,0.03145725364368336,3789,Revision adicional por analista; simulacion BAF
937458,7,0.03145564441331364,3790,Revision adicional por analista; simulacion BAF
979929,7,0.031452425966805385,3791,Revision adicional por analista; simulacion BAF
994686,7,0.03145164289084587,3792,Revision adicional por analista; simulacion BAF
948296,7,0.03144818990210727,3793,Revision adicional por analista; simulacion BAF
996416,7,0.03144603220699383,3794,Revision adicional por analista; simulacion BAF
990524,7,0.031443283649122515,3795,Revision adicional por analista; simulacion BAF
918256,7,0.03143244325338442,3796,Revision adicional por analista; simulacion BAF
945020,7,0.03140687257417413,3797,Revision adicional por analista; simulacion BAF
966611,7,0.03140395055941979,3798,Revision adicional por analista; simulacion BAF
975053,7,0.03139776882076204,3799,Revision adicional por analista; simulacion BAF
939741,7,0.03139514609919855,3800,Revision adicional por analista; simulacion BAF
953147,7,0.03138690464852321,3801,Revision adicional por analista; simulacion BAF
915590,7,0.031380491443432613,3802,Revision adicional por analista; simulacion BAF
984309,7,0.031379685545196934,3803,Revision adicional por analista; simulacion BAF
913326,7,0.031367560319289625,3804,Revision adicional por analista; simulacion BAF
982981,7,0.03135329773122399,3805,Revision adicional por analista; simulacion BAF
982160,7,0.03135049918331482,3806,Revision adicional por analista; simulacion BAF
995734,7,0.03134840063128182,3807,Revision adicional por analista; simulacion BAF
963031,7,0.03134231659248339,3808,Revision adicional por analista; simulacion BAF
962324,7,0.03131593578644666,3809,Revision adicional por analista; simulacion BAF
906954,7,0.03131057653658587,3810,Revision adicional por analista; simulacion BAF
932715,7,0.03130544113156837,3811,Revision adicional por analista; simulacion BAF
925381,7,0.031300978122655275,3812,Revision adicional por analista; simulacion BAF
982648,7,0.03129746333266593,3813,Revision adicional por analista; simulacion BAF
956484,7,0.03129639473627379,3814,Revision adicional por analista; simulacion BAF
962614,7,0.03128934199924767,3815,Revision adicional por analista; simulacion BAF
968322,7,0.031283775137037895,3816,Revision adicional por analista; simulacion BAF
920771,7,0.03125857943049633,3817,Revision adicional por analista; simulacion BAF
971457,7,0.03125774678269022,3818,Revision adicional por analista; simulacion BAF
946956,7,0.03125665040338796,3819,Revision adicional por analista; simulacion BAF
944333,7,0.03125651955025372,3820,Revision adicional por analista; simulacion BAF
971587,7,0.03125546762805544,3821,Revision adicional por analista; simulacion BAF
954946,7,0.031248442619745506,3822,Revision adicional por analista; simulacion BAF
907222,7,0.031243411727463522,3823,Revision adicional por analista; simulacion BAF
958014,7,0.03123888253221734,3824,Revision adicional por analista; simulacion BAF
926032,7,0.03122907900287889,3825,Revision adicional por analista; simulacion BAF
944239,7,0.03122508230868762,3826,Revision adicional por analista; simulacion BAF
908437,7,0.031218524623126118,3827,Revision adicional por analista; simulacion BAF
929296,7,0.031217434815693324,3828,Revision adicional por analista; simulacion BAF
984998,7,0.031216896140604394,3829,Revision adicional por analista; simulacion BAF
959006,7,0.031214660903022516,3830,Revision adicional por analista; simulacion BAF
924526,7,0.03120838221666889,3831,Revision adicional por analista; simulacion BAF
931040,7,0.031202275862524807,3832,Revision adicional por analista; simulacion BAF
962600,7,0.031198057261523776,3833,Revision adicional por analista; simulacion BAF
907420,7,0.031193944507325187,3834,Revision adicional por analista; simulacion BAF
916516,7,0.031190846633851414,3835,Revision adicional por analista; simulacion BAF
911484,7,0.031190826904493624,3836,Revision adicional por analista; simulacion BAF
994412,7,0.03119065367103897,3837,Revision adicional por analista; simulacion BAF
971988,7,0.03116730399771348,3838,Revision adicional por analista; simulacion BAF
913079,7,0.03116706730582761,3839,Revision adicional por analista; simulacion BAF
955809,7,0.03116492817939102,3840,Revision adicional por analista; simulacion BAF
973472,7,0.03113876656211524,3841,Revision adicional por analista; simulacion BAF
915888,7,0.031122547577655618,3842,Revision adicional por analista; simulacion BAF
956925,7,0.031119158793495524,3843,Revision adicional por analista; simulacion BAF
964540,7,0.03111418512407346,3844,Revision adicional por analista; simulacion BAF
949450,7,0.03109983570654485,3845,Revision adicional por analista; simulacion BAF
972931,7,0.03109621086889659,3846,Revision adicional por analista; simulacion BAF
905315,7,0.0310945026124286,3847,Revision adicional por analista; simulacion BAF
960092,7,0.031085891344407635,3848,Revision adicional por analista; simulacion BAF
984354,7,0.031083576166854362,3849,Revision adicional por analista; simulacion BAF
923756,7,0.03107544008535002,3850,Revision adicional por analista; simulacion BAF
928969,7,0.031073735596178865,3851,Revision adicional por analista; simulacion BAF
939619,7,0.03106343680120903,3852,Revision adicional por analista; simulacion BAF
921716,7,0.031054133858154767,3853,Revision adicional por analista; simulacion BAF
960185,7,0.031051076795218527,3854,Revision adicional por analista; simulacion BAF
961812,7,0.031051071511209137,3855,Revision adicional por analista; simulacion BAF
912857,7,0.031041611201246704,3856,Revision adicional por analista; simulacion BAF
911249,7,0.03103806919771454,3857,Revision adicional por analista; simulacion BAF
955041,7,0.031032899706562735,3858,Revision adicional por analista; simulacion BAF
968134,7,0.031022931469515482,3859,Revision adicional por analista; simulacion BAF
925252,7,0.03102027112961739,3860,Revision adicional por analista; simulacion BAF
949408,7,0.0310183162980252,3861,Revision adicional por analista; simulacion BAF
972177,7,0.03101716888163907,3862,Revision adicional por analista; simulacion BAF
964822,7,0.031013628081665696,3863,Revision adicional por analista; simulacion BAF
937835,7,0.031010361700595075,3864,Revision adicional por analista; simulacion BAF
966620,7,0.03100381976202703,3865,Revision adicional por analista; simulacion BAF
999669,7,0.030994281934705006,3866,Revision adicional por analista; simulacion BAF
995034,7,0.03098377151052718,3867,Revision adicional por analista; simulacion BAF
943209,7,0.03098034419253554,3868,Revision adicional por analista; simulacion BAF
964723,7,0.03098000211278923,3869,Revision adicional por analista; simulacion BAF
914498,7,0.030967912135423294,3870,Revision adicional por analista; simulacion BAF
959096,7,0.030961738723137112,3871,Revision adicional por analista; simulacion BAF
940363,7,0.03092719855436116,3872,Revision adicional por analista; simulacion BAF
917187,7,0.030922062234379603,3873,Revision adicional por analista; simulacion BAF
955598,7,0.03091692125519864,3874,Revision adicional por analista; simulacion BAF
906054,7,0.030900826285115954,3875,Revision adicional por analista; simulacion BAF
953534,7,0.030896049920641724,3876,Revision adicional por analista; simulacion BAF
931586,7,0.030887253941743652,3877,Revision adicional por analista; simulacion BAF
995789,7,0.03088150259586059,3878,Revision adicional por analista; simulacion BAF
960763,7,0.030879337857860307,3879,Revision adicional por analista; simulacion BAF
947011,7,0.030874627151905698,3880,Revision adicional por analista; simulacion BAF
915019,7,0.03087368099439476,3881,Revision adicional por analista; simulacion BAF
983509,7,0.030864989494493216,3882,Revision adicional por analista; simulacion BAF
932089,7,0.030864305608834755,3883,Revision adicional por analista; simulacion BAF
935635,7,0.030858350137299324,3884,Revision adicional por analista; simulacion BAF
954227,7,0.03085623649187252,3885,Revision adicional por analista; simulacion BAF
989165,7,0.030846145831125923,3886,Revision adicional por analista; simulacion BAF
911982,7,0.030840947373497574,3887,Revision adicional por analista; simulacion BAF
906807,7,0.030838300266505997,3888,Revision adicional por analista; simulacion BAF
945151,7,0.030809092551764485,3889,Revision adicional por analista; simulacion BAF
948394,7,0.030802935552778268,3890,Revision adicional por analista; simulacion BAF
905268,7,0.030802509324564627,3891,Revision adicional por analista; simulacion BAF
973870,7,0.03079173639942196,3892,Revision adicional por analista; simulacion BAF
930004,7,0.030790307741482257,3893,Revision adicional por analista; simulacion BAF
908371,7,0.030790297363845604,3894,Revision adicional por analista; simulacion BAF
920039,7,0.03078909949819517,3895,Revision adicional por analista; simulacion BAF
952145,7,0.03078547231273747,3896,Revision adicional por analista; simulacion BAF
906084,7,0.030784210926139966,3897,Revision adicional por analista; simulacion BAF
969223,7,0.030782765714135858,3898,Revision adicional por analista; simulacion BAF
928393,7,0.030774771669753825,3899,Revision adicional por analista; simulacion BAF
977383,7,0.030770772902492406,3900,Revision adicional por analista; simulacion BAF
942407,7,0.03076860444166479,3901,Revision adicional por analista; simulacion BAF
929451,7,0.030767788410039357,3902,Revision adicional por analista; simulacion BAF
907845,7,0.030766554983131907,3903,Revision adicional por analista; simulacion BAF
928324,7,0.030762175746885098,3904,Revision adicional por analista; simulacion BAF
937498,7,0.030759361817554225,3905,Revision adicional por analista; simulacion BAF
925009,7,0.030753847835377157,3906,Revision adicional por analista; simulacion BAF
933190,7,0.030750663994146624,3907,Revision adicional por analista; simulacion BAF
919042,7,0.030747950375317645,3908,Revision adicional por analista; simulacion BAF
949480,7,0.03074690255472133,3909,Revision adicional por analista; simulacion BAF
910473,7,0.030737598633305573,3910,Revision adicional por analista; simulacion BAF
996281,7,0.03072682473820117,3911,Revision adicional por analista; simulacion BAF
934625,7,0.030722047727388187,3912,Revision adicional por analista; simulacion BAF
942315,7,0.030696244235118266,3913,Revision adicional por analista; simulacion BAF
994035,7,0.030689291799503516,3914,Revision adicional por analista; simulacion BAF
953792,7,0.030674348364249825,3915,Revision adicional por analista; simulacion BAF
937126,7,0.030671344814414116,3916,Revision adicional por analista; simulacion BAF
904371,7,0.030670562178298513,3917,Revision adicional por analista; simulacion BAF
988029,7,0.030669636737685413,3918,Revision adicional por analista; simulacion BAF
965465,7,0.03066831505712362,3919,Revision adicional por analista; simulacion BAF
922407,7,0.03066088707749861,3920,Revision adicional por analista; simulacion BAF
937696,7,0.030657363267791532,3921,Revision adicional por analista; simulacion BAF
988573,7,0.03065415029916528,3922,Revision adicional por analista; simulacion BAF
928611,7,0.0306512151612847,3923,Revision adicional por analista; simulacion BAF
958653,7,0.030648733818675264,3924,Revision adicional por analista; simulacion BAF
929016,7,0.030645550886209228,3925,Revision adicional por analista; simulacion BAF
972361,7,0.030638924425264426,3926,Revision adicional por analista; simulacion BAF
905328,7,0.030630076383734727,3927,Revision adicional por analista; simulacion BAF
971839,7,0.03061973265262098,3928,Revision adicional por analista; simulacion BAF
930165,7,0.03061754004471508,3929,Revision adicional por analista; simulacion BAF
986024,7,0.030602770955891548,3930,Revision adicional por analista; simulacion BAF
981470,7,0.0305993498749903,3931,Revision adicional por analista; simulacion BAF
964501,7,0.030588524990695358,3932,Revision adicional por analista; simulacion BAF
991282,7,0.030579183687578445,3933,Revision adicional por analista; simulacion BAF
948801,7,0.030575649430743104,3934,Revision adicional por analista; simulacion BAF
933849,7,0.030573194398394312,3935,Revision adicional por analista; simulacion BAF
942592,7,0.030563823501642478,3936,Revision adicional por analista; simulacion BAF
937896,7,0.030561183969246883,3937,Revision adicional por analista; simulacion BAF
971489,7,0.030553192355955775,3938,Revision adicional por analista; simulacion BAF
995978,7,0.03054467179988088,3939,Revision adicional por analista; simulacion BAF
929158,7,0.030541084303077864,3940,Revision adicional por analista; simulacion BAF
976280,7,0.030535970442299075,3941,Revision adicional por analista; simulacion BAF
937794,7,0.030535454686139378,3942,Revision adicional por analista; simulacion BAF
965593,7,0.03052760571122033,3943,Revision adicional por analista; simulacion BAF
991978,7,0.030523039324346257,3944,Revision adicional por analista; simulacion BAF
910445,7,0.030521648248744763,3945,Revision adicional por analista; simulacion BAF
948541,7,0.03052008305511837,3946,Revision adicional por analista; simulacion BAF
916324,7,0.03052002767391619,3947,Revision adicional por analista; simulacion BAF
924352,7,0.03051906169984128,3948,Revision adicional por analista; simulacion BAF
933602,7,0.030518972189592212,3949,Revision adicional por analista; simulacion BAF
973758,7,0.030509554264743822,3950,Revision adicional por analista; simulacion BAF
924080,7,0.030499870407849596,3951,Revision adicional por analista; simulacion BAF
943834,7,0.030480499881118745,3952,Revision adicional por analista; simulacion BAF
946908,7,0.030472650397817533,3953,Revision adicional por analista; simulacion BAF
931250,7,0.030462155399349235,3954,Revision adicional por analista; simulacion BAF
908765,7,0.030458967780140518,3955,Revision adicional por analista; simulacion BAF
989741,7,0.030453654105036816,3956,Revision adicional por analista; simulacion BAF
973621,7,0.030446385623778327,3957,Revision adicional por analista; simulacion BAF
928708,7,0.030431384514815446,3958,Revision adicional por analista; simulacion BAF
927281,7,0.030421041136294666,3959,Revision adicional por analista; simulacion BAF
938286,7,0.03039405014703821,3960,Revision adicional por analista; simulacion BAF
941655,7,0.03039093760779459,3961,Revision adicional por analista; simulacion BAF
996615,7,0.030388320228712504,3962,Revision adicional por analista; simulacion BAF
918308,7,0.030387651398764884,3963,Revision adicional por analista; simulacion BAF
921355,7,0.030379306036976333,3964,Revision adicional por analista; simulacion BAF
930550,7,0.030370380676641506,3965,Revision adicional por analista; simulacion BAF
947389,7,0.03036929790467301,3966,Revision adicional por analista; simulacion BAF
959836,7,0.030365816490826023,3967,Revision adicional por analista; simulacion BAF
998832,7,0.030364693766522104,3968,Revision adicional por analista; simulacion BAF
904630,7,0.030359366989599772,3969,Revision adicional por analista; simulacion BAF
999521,7,0.030359200309357896,3970,Revision adicional por analista; simulacion BAF
929470,7,0.030358019297111457,3971,Revision adicional por analista; simulacion BAF
939184,7,0.030338451122141747,3972,Revision adicional por analista; simulacion BAF
972936,7,0.030327601359153494,3973,Revision adicional por analista; simulacion BAF
977963,7,0.030316358028296797,3974,Revision adicional por analista; simulacion BAF
921339,7,0.03029870964160625,3975,Revision adicional por analista; simulacion BAF
999444,7,0.030298652555986513,3976,Revision adicional por analista; simulacion BAF
910258,7,0.030292093361124768,3977,Revision adicional por analista; simulacion BAF
943322,7,0.03028881248233373,3978,Revision adicional por analista; simulacion BAF
953109,7,0.030288357796875477,3979,Revision adicional por analista; simulacion BAF
949675,7,0.030280270486962656,3980,Revision adicional por analista; simulacion BAF
914226,7,0.030278103307310514,3981,Revision adicional por analista; simulacion BAF
917507,7,0.0302765778330673,3982,Revision adicional por analista; simulacion BAF
907053,7,0.030260669913111188,3983,Revision adicional por analista; simulacion BAF
925797,7,0.030259559472657297,3984,Revision adicional por analista; simulacion BAF
973001,7,0.030258018888279895,3985,Revision adicional por analista; simulacion BAF
976758,7,0.030257865288560382,3986,Revision adicional por analista; simulacion BAF
979131,7,0.030249589199696326,3987,Revision adicional por analista; simulacion BAF
970851,7,0.030243560929646755,3988,Revision adicional por analista; simulacion BAF
941961,7,0.030241581048034538,3989,Revision adicional por analista; simulacion BAF
913336,7,0.030240178651106446,3990,Revision adicional por analista; simulacion BAF
988264,7,0.03023316023299033,3991,Revision adicional por analista; simulacion BAF
908422,7,0.030220120784379318,3992,Revision adicional por analista; simulacion BAF
978555,7,0.030219112238384926,3993,Revision adicional por analista; simulacion BAF
919372,7,0.03020952771919576,3994,Revision adicional por analista; simulacion BAF
938787,7,0.03020895829140442,3995,Revision adicional por analista; simulacion BAF
962414,7,0.03020757438461321,3996,Revision adicional por analista; simulacion BAF
912474,7,0.030201971939686892,3997,Revision adicional por analista; simulacion BAF
987372,7,0.030192856294080302,3998,Revision adicional por analista; simulacion BAF
912688,7,0.030191558919928082,3999,Revision adicional por analista; simulacion BAF
984824,7,0.030167658757138945,4000,Revision adicional por analista; simulacion BAF
962271,7,0.03016223970219055,4001,Revision adicional por analista; simulacion BAF
971540,7,0.030158147584193745,4002,Revision adicional por analista; simulacion BAF
953097,7,0.030156241954690653,4003,Revision adicional por analista; simulacion BAF
955961,7,0.03013698650508767,4004,Revision adicional por analista; simulacion BAF
914027,7,0.03012789216978908,4005,Revision adicional por analista; simulacion BAF
980915,7,0.030127874477118004,4006,Revision adicional por analista; simulacion BAF
939944,7,0.030121793820951124,4007,Revision adicional por analista; simulacion BAF
956211,7,0.030112789246361314,4008,Revision adicional por analista; simulacion BAF
948703,7,0.030106394782559963,4009,Revision adicional por analista; simulacion BAF
999553,7,0.030103628785850645,4010,Revision adicional por analista; simulacion BAF
940122,7,0.030103369113459864,4011,Revision adicional por analista; simulacion BAF
947821,7,0.030094791443430118,4012,Revision adicional por analista; simulacion BAF
911975,7,0.030090332132146236,4013,Revision adicional por analista; simulacion BAF
975338,7,0.03009001104126078,4014,Revision adicional por analista; simulacion BAF
981042,7,0.03008607426838552,4015,Revision adicional por analista; simulacion BAF
956740,7,0.030047557075858954,4016,Revision adicional por analista; simulacion BAF
947935,7,0.03003507067050731,4017,Revision adicional por analista; simulacion BAF
936185,7,0.03003356947326422,4018,Revision adicional por analista; simulacion BAF
956463,7,0.030032657036816523,4019,Revision adicional por analista; simulacion BAF
924856,7,0.03003186421043086,4020,Revision adicional por analista; simulacion BAF
996434,7,0.030028678240775358,4021,Revision adicional por analista; simulacion BAF
983426,7,0.030025861569578555,4022,Revision adicional por analista; simulacion BAF
984181,7,0.03000820828675684,4023,Revision adicional por analista; simulacion BAF
975509,7,0.030002033001594118,4024,Revision adicional por analista; simulacion BAF
937282,7,0.029992381488432182,4025,Revision adicional por analista; simulacion BAF
970746,7,0.029991154193341456,4026,Revision adicional por analista; simulacion BAF
959634,7,0.02997797490611694,4027,Revision adicional por analista; simulacion BAF
968846,7,0.029975637894012253,4028,Revision adicional por analista; simulacion BAF
945698,7,0.0299756312845425,4029,Revision adicional por analista; simulacion BAF
999084,7,0.02995944472438664,4030,Revision adicional por analista; simulacion BAF
989835,7,0.029949028349189347,4031,Revision adicional por analista; simulacion BAF
950667,7,0.029942842741924665,4032,Revision adicional por analista; simulacion BAF
943853,7,0.029940291237761364,4033,Revision adicional por analista; simulacion BAF
968692,7,0.029939984796798155,4034,Revision adicional por analista; simulacion BAF
933770,7,0.029935091972881384,4035,Revision adicional por analista; simulacion BAF
994531,7,0.029931566737561824,4036,Revision adicional por analista; simulacion BAF
907019,7,0.02992039222621325,4037,Revision adicional por analista; simulacion BAF
907009,7,0.029909003433934572,4038,Revision adicional por analista; simulacion BAF
922149,7,0.02990497301175051,4039,Revision adicional por analista; simulacion BAF
907731,7,0.02990114951110084,4040,Revision adicional por analista; simulacion BAF
952202,7,0.02989993429746733,4041,Revision adicional por analista; simulacion BAF
995015,7,0.029890899694641527,4042,Revision adicional por analista; simulacion BAF
988798,7,0.029881679852900567,4043,Revision adicional por analista; simulacion BAF
926139,7,0.029875890747618133,4044,Revision adicional por analista; simulacion BAF
988533,7,0.029875862772816678,4045,Revision adicional por analista; simulacion BAF
954880,7,0.02987521284233114,4046,Revision adicional por analista; simulacion BAF
997759,7,0.02986848411859659,4047,Revision adicional por analista; simulacion BAF
983860,7,0.029860247227558468,4048,Revision adicional por analista; simulacion BAF
928676,7,0.02985690417956452,4049,Revision adicional por analista; simulacion BAF
987449,7,0.02985364438514302,4050,Revision adicional por analista; simulacion BAF
999962,7,0.02984982873732251,4051,Revision adicional por analista; simulacion BAF
982549,7,0.029839901824384733,4052,Revision adicional por analista; simulacion BAF
958338,7,0.02983355364359772,4053,Revision adicional por analista; simulacion BAF
948111,7,0.029830210940451705,4054,Revision adicional por analista; simulacion BAF
988742,7,0.029825257273730952,4055,Revision adicional por analista; simulacion BAF
988836,7,0.029811172553266777,4056,Revision adicional por analista; simulacion BAF
973005,7,0.029809673660242984,4057,Revision adicional por analista; simulacion BAF
920510,7,0.02979777199605351,4058,Revision adicional por analista; simulacion BAF
925002,7,0.029747041253075892,4059,Revision adicional por analista; simulacion BAF
962356,7,0.029745315903089924,4060,Revision adicional por analista; simulacion BAF
972713,7,0.029745181979291317,4061,Revision adicional por analista; simulacion BAF
987727,7,0.02974468269105303,4062,Revision adicional por analista; simulacion BAF
936902,7,0.02973464609244254,4063,Revision adicional por analista; simulacion BAF
990888,7,0.02973389757004344,4064,Revision adicional por analista; simulacion BAF
949941,7,0.029716968295998767,4065,Revision adicional por analista; simulacion BAF
975823,7,0.029709573908409413,4066,Revision adicional por analista; simulacion BAF
906567,7,0.029707944829068925,4067,Revision adicional por analista; simulacion BAF
946945,7,0.02969992505921536,4068,Revision adicional por analista; simulacion BAF
932014,7,0.029695668918619626,4069,Revision adicional por analista; simulacion BAF
984315,7,0.029689726136533583,4070,Revision adicional por analista; simulacion BAF
977751,7,0.029672587833698097,4071,Revision adicional por analista; simulacion BAF
984100,7,0.029671926938853,4072,Revision adicional por analista; simulacion BAF
986069,7,0.029654088808706843,4073,Revision adicional por analista; simulacion BAF
914845,7,0.02964821574481863,4074,Revision adicional por analista; simulacion BAF
980213,7,0.029641046984327294,4075,Revision adicional por analista; simulacion BAF
918956,7,0.029614675056940973,4076,Revision adicional por analista; simulacion BAF
983380,7,0.029614422088651556,4077,Revision adicional por analista; simulacion BAF
945553,7,0.02961121716950054,4078,Revision adicional por analista; simulacion BAF
955366,7,0.029605317174942945,4079,Revision adicional por analista; simulacion BAF
916940,7,0.02960005203983128,4080,Revision adicional por analista; simulacion BAF
941945,7,0.02959934918029957,4081,Revision adicional por analista; simulacion BAF
963889,7,0.029586680850640486,4082,Revision adicional por analista; simulacion BAF
978103,7,0.029581080451894674,4083,Revision adicional por analista; simulacion BAF
953050,7,0.029579560106253393,4084,Revision adicional por analista; simulacion BAF
946704,7,0.029577946127730254,4085,Revision adicional por analista; simulacion BAF
918408,7,0.029570567893691793,4086,Revision adicional por analista; simulacion BAF
919918,7,0.02956390028838236,4087,Revision adicional por analista; simulacion BAF
913958,7,0.0295569187471666,4088,Revision adicional por analista; simulacion BAF
932298,7,0.029551314246278423,4089,Revision adicional por analista; simulacion BAF
960079,7,0.029548982642062967,4090,Revision adicional por analista; simulacion BAF
926136,7,0.02954010900586267,4091,Revision adicional por analista; simulacion BAF
993961,7,0.029534149074472344,4092,Revision adicional por analista; simulacion BAF
957533,7,0.029527806871129852,4093,Revision adicional por analista; simulacion BAF
907497,7,0.029522749168628622,4094,Revision adicional por analista; simulacion BAF
957754,7,0.029505845392404258,4095,Revision adicional por analista; simulacion BAF
957674,7,0.029498993034398208,4096,Revision adicional por analista; simulacion BAF
904817,7,0.029493002728710277,4097,Revision adicional por analista; simulacion BAF
938565,7,0.029491248332095175,4098,Revision adicional por analista; simulacion BAF
969391,7,0.02948829922458455,4099,Revision adicional por analista; simulacion BAF
948804,7,0.029480219309779693,4100,Revision adicional por analista; simulacion BAF
971478,7,0.029473788058651976,4101,Revision adicional por analista; simulacion BAF
941105,7,0.029471329052086815,4102,Revision adicional por analista; simulacion BAF
980695,7,0.029468437629257997,4103,Revision adicional por analista; simulacion BAF
966973,7,0.02946799315676255,4104,Revision adicional por analista; simulacion BAF
922110,7,0.0294678125973918,4105,Revision adicional por analista; simulacion BAF
974733,7,0.029466852570568247,4106,Revision adicional por analista; simulacion BAF
938060,7,0.029457290118248106,4107,Revision adicional por analista; simulacion BAF
995835,7,0.029453744751430797,4108,Revision adicional por analista; simulacion BAF
950573,7,0.029439672189816725,4109,Revision adicional por analista; simulacion BAF
974852,7,0.02943195205643415,4110,Revision adicional por analista; simulacion BAF
955416,7,0.02941996489024992,4111,Revision adicional por analista; simulacion BAF
967081,7,0.029417105035034672,4112,Revision adicional por analista; simulacion BAF
954843,7,0.029407847207545818,4113,Revision adicional por analista; simulacion BAF
978209,7,0.02940324276449983,4114,Revision adicional por analista; simulacion BAF
973676,7,0.029395865282273795,4115,Revision adicional por analista; simulacion BAF
993323,7,0.0293957602399213,4116,Revision adicional por analista; simulacion BAF
957327,7,0.0293919854221564,4117,Revision adicional por analista; simulacion BAF
952744,7,0.029390816787377635,4118,Revision adicional por analista; simulacion BAF
960437,7,0.029387492631335586,4119,Revision adicional por analista; simulacion BAF
969129,7,0.029386410008921074,4120,Revision adicional por analista; simulacion BAF
991497,7,0.029356158129866212,4121,Revision adicional por analista; simulacion BAF
996466,7,0.02934877110879033,4122,Revision adicional por analista; simulacion BAF
944345,7,0.029347011787439432,4123,Revision adicional por analista; simulacion BAF
970542,7,0.029340194915373725,4124,Revision adicional por analista; simulacion BAF
928857,7,0.029338661613322336,4125,Revision adicional por analista; simulacion BAF
930831,7,0.02933020468618253,4126,Revision adicional por analista; simulacion BAF
965547,7,0.029326650654912172,4127,Revision adicional por analista; simulacion BAF
951945,7,0.02932289329858102,4128,Revision adicional por analista; simulacion BAF
970496,7,0.029311510161754702,4129,Revision adicional por analista; simulacion BAF
940058,7,0.029311414119415107,4130,Revision adicional por analista; simulacion BAF
959590,7,0.029310357645959084,4131,Revision adicional por analista; simulacion BAF
935796,7,0.029310339821211055,4132,Revision adicional por analista; simulacion BAF
936036,7,0.02930398603876504,4133,Revision adicional por analista; simulacion BAF
976638,7,0.02929959709810564,4134,Revision adicional por analista; simulacion BAF
999975,7,0.029289520191788373,4135,Revision adicional por analista; simulacion BAF
962656,7,0.02928939504010664,4136,Revision adicional por analista; simulacion BAF
962905,7,0.0292853209261262,4137,Revision adicional por analista; simulacion BAF
905219,7,0.029281152812021222,4138,Revision adicional por analista; simulacion BAF
922152,7,0.02928055958986182,4139,Revision adicional por analista; simulacion BAF
952433,7,0.029278035634880708,4140,Revision adicional por analista; simulacion BAF
921688,7,0.029277183754709953,4141,Revision adicional por analista; simulacion BAF
908390,7,0.029275337632191697,4142,Revision adicional por analista; simulacion BAF
920822,7,0.029274715186038552,4143,Revision adicional por analista; simulacion BAF
906100,7,0.029271676354503492,4144,Revision adicional por analista; simulacion BAF
974206,7,0.029263686151562586,4145,Revision adicional por analista; simulacion BAF
975100,7,0.02925446661130136,4146,Revision adicional por analista; simulacion BAF
919934,7,0.029253141732609927,4147,Revision adicional por analista; simulacion BAF
912469,7,0.029248293950176245,4148,Revision adicional por analista; simulacion BAF
999343,7,0.02924683197217038,4149,Revision adicional por analista; simulacion BAF
952754,7,0.029246756296681907,4150,Revision adicional por analista; simulacion BAF
994257,7,0.029242508602877974,4151,Revision adicional por analista; simulacion BAF
938486,7,0.029241950267338793,4152,Revision adicional por analista; simulacion BAF
962353,7,0.02922688123006586,4153,Revision adicional por analista; simulacion BAF
989547,7,0.02922214216582707,4154,Revision adicional por analista; simulacion BAF
964001,7,0.02920851735944874,4155,Revision adicional por analista; simulacion BAF
924606,7,0.0292027406958859,4156,Revision adicional por analista; simulacion BAF
955165,7,0.02919624279376483,4157,Revision adicional por analista; simulacion BAF
931831,7,0.02918395664168073,4158,Revision adicional por analista; simulacion BAF
916839,7,0.0291817219465326,4159,Revision adicional por analista; simulacion BAF
935235,7,0.029178987868861993,4160,Revision adicional por analista; simulacion BAF
911828,7,0.02917485699400164,4161,Revision adicional por analista; simulacion BAF
963069,7,0.02916161760910346,4162,Revision adicional por analista; simulacion BAF
937293,7,0.029161215137971597,4163,Revision adicional por analista; simulacion BAF
932979,7,0.029158824149131884,4164,Revision adicional por analista; simulacion BAF
939102,7,0.02915699933064631,4165,Revision adicional por analista; simulacion BAF
922655,7,0.02914716315374502,4166,Revision adicional por analista; simulacion BAF
998298,7,0.029142705132147142,4167,Revision adicional por analista; simulacion BAF
957238,7,0.029135814265299174,4168,Revision adicional por analista; simulacion BAF
921522,7,0.029133149928902924,4169,Revision adicional por analista; simulacion BAF
943521,7,0.029132773333878977,4170,Revision adicional por analista; simulacion BAF
934258,7,0.02912474103873786,4171,Revision adicional por analista; simulacion BAF
918829,7,0.029121771915558738,4172,Revision adicional por analista; simulacion BAF
999971,7,0.029121607494299175,4173,Revision adicional por analista; simulacion BAF
973732,7,0.029120269218209968,4174,Revision adicional por analista; simulacion BAF
934714,7,0.02911996057957503,4175,Revision adicional por analista; simulacion BAF
963051,7,0.029113644547694842,4176,Revision adicional por analista; simulacion BAF
979020,7,0.029109650484831398,4177,Revision adicional por analista; simulacion BAF
903697,7,0.029100527725579948,4178,Revision adicional por analista; simulacion BAF
959706,7,0.029089559824077862,4179,Revision adicional por analista; simulacion BAF
918266,7,0.02908166639770565,4180,Revision adicional por analista; simulacion BAF
924894,7,0.029059117891003298,4181,Revision adicional por analista; simulacion BAF
959911,7,0.029056755093913388,4182,Revision adicional por analista; simulacion BAF
931574,7,0.02905310088079383,4183,Revision adicional por analista; simulacion BAF
903464,7,0.029041782538719023,4184,Revision adicional por analista; simulacion BAF
910574,7,0.02903141699273952,4185,Revision adicional por analista; simulacion BAF
933403,7,0.02903134194032426,4186,Revision adicional por analista; simulacion BAF
946181,7,0.02903130953512066,4187,Revision adicional por analista; simulacion BAF
992764,7,0.029017705224484547,4188,Revision adicional por analista; simulacion BAF
931614,7,0.02900939147239871,4189,Revision adicional por analista; simulacion BAF
988678,7,0.02900222230329723,4190,Revision adicional por analista; simulacion BAF
963482,7,0.028993858233757226,4191,Revision adicional por analista; simulacion BAF
930719,7,0.0289902741362624,4192,Revision adicional por analista; simulacion BAF
938908,7,0.028987332091841695,4193,Revision adicional por analista; simulacion BAF
971177,7,0.028982130501511317,4194,Revision adicional por analista; simulacion BAF
907562,7,0.028974697198664707,4195,Revision adicional por analista; simulacion BAF
912366,7,0.028960902717940235,4196,Revision adicional por analista; simulacion BAF
931194,7,0.028954435848505097,4197,Revision adicional por analista; simulacion BAF
988461,7,0.028944966774570365,4198,Revision adicional por analista; simulacion BAF
920065,7,0.02893282159560998,4199,Revision adicional por analista; simulacion BAF
997644,7,0.028929598696334987,4200,Revision adicional por analista; simulacion BAF
974582,7,0.02892905216258933,4201,Revision adicional por analista; simulacion BAF
984794,7,0.028928569339558646,4202,Revision adicional por analista; simulacion BAF
951305,7,0.028920512294117115,4203,Revision adicional por analista; simulacion BAF
942530,7,0.02891181622397514,4204,Revision adicional por analista; simulacion BAF
931403,7,0.02890705737531177,4205,Revision adicional por analista; simulacion BAF
988597,7,0.028903399007835923,4206,Revision adicional por analista; simulacion BAF
962029,7,0.02889896519500266,4207,Revision adicional por analista; simulacion BAF
921272,7,0.028891267030142834,4208,Revision adicional por analista; simulacion BAF
935476,7,0.028880269678589515,4209,Revision adicional por analista; simulacion BAF
995341,7,0.028875500803507235,4210,Revision adicional por analista; simulacion BAF
977738,7,0.0288742033089536,4211,Revision adicional por analista; simulacion BAF
948105,7,0.0288700332537863,4212,Revision adicional por analista; simulacion BAF
991839,7,0.028864256317282778,4213,Revision adicional por analista; simulacion BAF
933107,7,0.02886389809406187,4214,Revision adicional por analista; simulacion BAF
991972,7,0.02885755285082787,4215,Revision adicional por analista; simulacion BAF
933292,7,0.0288505320284178,4216,Revision adicional por analista; simulacion BAF
983387,7,0.0288446204075834,4217,Revision adicional por analista; simulacion BAF
970093,7,0.02884003036972776,4218,Revision adicional por analista; simulacion BAF
908206,7,0.02882990817169434,4219,Revision adicional por analista; simulacion BAF
948018,7,0.02882987864122935,4220,Revision adicional por analista; simulacion BAF
987349,7,0.028814279681060723,4221,Revision adicional por analista; simulacion BAF
911476,7,0.028806894226911843,4222,Revision adicional por analista; simulacion BAF
910592,7,0.02878988023912497,4223,Revision adicional por analista; simulacion BAF
913861,7,0.02878611077343941,4224,Revision adicional por analista; simulacion BAF
921561,7,0.02877239128279615,4225,Revision adicional por analista; simulacion BAF
907530,7,0.02876005429455394,4226,Revision adicional por analista; simulacion BAF
952546,7,0.028758226292277114,4227,Revision adicional por analista; simulacion BAF
925140,7,0.028755095227562186,4228,Revision adicional por analista; simulacion BAF
949075,7,0.028741794036443512,4229,Revision adicional por analista; simulacion BAF
960072,7,0.028730715898509902,4230,Revision adicional por analista; simulacion BAF
906596,7,0.028723435524829657,4231,Revision adicional por analista; simulacion BAF
921720,7,0.02872272724474377,4232,Revision adicional por analista; simulacion BAF
980509,7,0.028721988163017784,4233,Revision adicional por analista; simulacion BAF
909607,7,0.028714750802542464,4234,Revision adicional por analista; simulacion BAF
979287,7,0.028712978860935583,4235,Revision adicional por analista; simulacion BAF
917376,7,0.02867841681738727,4236,Revision adicional por analista; simulacion BAF
956620,7,0.02867274600790487,4237,Revision adicional por analista; simulacion BAF
968077,7,0.028666102465963517,4238,Revision adicional por analista; simulacion BAF
975198,7,0.0286653423786825,4239,Revision adicional por analista; simulacion BAF
947275,7,0.02866448856788023,4240,Revision adicional por analista; simulacion BAF
933041,7,0.028657722151444603,4241,Revision adicional por analista; simulacion BAF
928737,7,0.028650093832483334,4242,Revision adicional por analista; simulacion BAF
942781,7,0.02864931623233632,4243,Revision adicional por analista; simulacion BAF
956015,7,0.028647898898789388,4244,Revision adicional por analista; simulacion BAF
956048,7,0.028647207610387946,4245,Revision adicional por analista; simulacion BAF
935165,7,0.028637698883638676,4246,Revision adicional por analista; simulacion BAF
904439,7,0.02863722944071566,4247,Revision adicional por analista; simulacion BAF
959092,7,0.028632991436516993,4248,Revision adicional por analista; simulacion BAF
996691,7,0.028632851678335396,4249,Revision adicional por analista; simulacion BAF
950512,7,0.028621448054049425,4250,Revision adicional por analista; simulacion BAF
914583,7,0.028605244211427846,4251,Revision adicional por analista; simulacion BAF
979076,7,0.028598058368337457,4252,Revision adicional por analista; simulacion BAF
919927,7,0.02859790426488098,4253,Revision adicional por analista; simulacion BAF
986950,7,0.028586569941398323,4254,Revision adicional por analista; simulacion BAF
958403,7,0.028573345989282663,4255,Revision adicional por analista; simulacion BAF
975528,7,0.02857210602620827,4256,Revision adicional por analista; simulacion BAF
912546,7,0.028565728250614455,4257,Revision adicional por analista; simulacion BAF
982494,7,0.028558687168807686,4258,Revision adicional por analista; simulacion BAF
927381,7,0.02854382521387886,4259,Revision adicional por analista; simulacion BAF
970930,7,0.028538607072857283,4260,Revision adicional por analista; simulacion BAF
983971,7,0.028537850137812612,4261,Revision adicional por analista; simulacion BAF
988587,7,0.02853534266986352,4262,Revision adicional por analista; simulacion BAF
908105,7,0.02852522620344303,4263,Revision adicional por analista; simulacion BAF
999270,7,0.028522205393832684,4264,Revision adicional por analista; simulacion BAF
971753,7,0.028517710296576727,4265,Revision adicional por analista; simulacion BAF
923863,7,0.02851634015552958,4266,Revision adicional por analista; simulacion BAF
911250,7,0.028502582336907733,4267,Revision adicional por analista; simulacion BAF
953790,7,0.02849758816068107,4268,Revision adicional por analista; simulacion BAF
939879,7,0.02849712814291686,4269,Revision adicional por analista; simulacion BAF
980109,7,0.028494838813975364,4270,Revision adicional por analista; simulacion BAF
912447,7,0.028494802770081016,4271,Revision adicional por analista; simulacion BAF
925703,7,0.028493703046368078,4272,Revision adicional por analista; simulacion BAF
941033,7,0.028493357565768214,4273,Revision adicional por analista; simulacion BAF
951493,7,0.02848711811059326,4274,Revision adicional por analista; simulacion BAF
917835,7,0.028481477912391185,4275,Revision adicional por analista; simulacion BAF
979880,7,0.02846953589633448,4276,Revision adicional por analista; simulacion BAF
940150,7,0.02846907367382132,4277,Revision adicional por analista; simulacion BAF
952542,7,0.02846859527185114,4278,Revision adicional por analista; simulacion BAF
965235,7,0.028459096389224312,4279,Revision adicional por analista; simulacion BAF
943274,7,0.028446731681402743,4280,Revision adicional por analista; simulacion BAF
970585,7,0.028440714918871953,4281,Revision adicional por analista; simulacion BAF
924275,7,0.02844054437933232,4282,Revision adicional por analista; simulacion BAF
991698,7,0.028439482523011567,4283,Revision adicional por analista; simulacion BAF
959042,7,0.02843104841388511,4284,Revision adicional por analista; simulacion BAF
963364,7,0.028421020051398595,4285,Revision adicional por analista; simulacion BAF
912677,7,0.028419339750554107,4286,Revision adicional por analista; simulacion BAF
988281,7,0.028409973746773023,4287,Revision adicional por analista; simulacion BAF
941411,7,0.028389934928758773,4288,Revision adicional por analista; simulacion BAF
986790,7,0.028381950098316264,4289,Revision adicional por analista; simulacion BAF
999554,7,0.02838168168295975,4290,Revision adicional por analista; simulacion BAF
920050,7,0.02837760264293881,4291,Revision adicional por analista; simulacion BAF
910655,7,0.028372841026837108,4292,Revision adicional por analista; simulacion BAF
914673,7,0.02836543293634642,4293,Revision adicional por analista; simulacion BAF
954696,7,0.02835991110457806,4294,Revision adicional por analista; simulacion BAF
961404,7,0.028359194770414826,4295,Revision adicional por analista; simulacion BAF
957892,7,0.028357063167829984,4296,Revision adicional por analista; simulacion BAF
964027,7,0.028349061636360685,4297,Revision adicional por analista; simulacion BAF
909055,7,0.028348322888856154,4298,Revision adicional por analista; simulacion BAF
989690,7,0.02833813513498557,4299,Revision adicional por analista; simulacion BAF
973854,7,0.028325471994352643,4300,Revision adicional por analista; simulacion BAF
967322,7,0.02832522280195724,4301,Revision adicional por analista; simulacion BAF
904219,7,0.02832488462708893,4302,Revision adicional por analista; simulacion BAF
913675,7,0.0283210049699097,4303,Revision adicional por analista; simulacion BAF
940275,7,0.028316208043242166,4304,Revision adicional por analista; simulacion BAF
974163,7,0.028311062006169754,4305,Revision adicional por analista; simulacion BAF
967301,7,0.02830388832507688,4306,Revision adicional por analista; simulacion BAF
955766,7,0.028301897795060794,4307,Revision adicional por analista; simulacion BAF
990509,7,0.028298360002245237,4308,Revision adicional por analista; simulacion BAF
942503,7,0.028297646738258405,4309,Revision adicional por analista; simulacion BAF
966903,7,0.028276694744663898,4310,Revision adicional por analista; simulacion BAF
957601,7,0.02827308105538774,4311,Revision adicional por analista; simulacion BAF
913722,7,0.028271959231911763,4312,Revision adicional por analista; simulacion BAF
936390,7,0.028264243749932364,4313,Revision adicional por analista; simulacion BAF
974939,7,0.028263597879208083,4314,Revision adicional por analista; simulacion BAF
950385,7,0.028257539782365667,4315,Revision adicional por analista; simulacion BAF
962878,7,0.028254239429776676,4316,Revision adicional por analista; simulacion BAF
989381,7,0.028234630050937924,4317,Revision adicional por analista; simulacion BAF
937105,7,0.02822691075103979,4318,Revision adicional por analista; simulacion BAF
923469,7,0.02822410627105227,4319,Revision adicional por analista; simulacion BAF
995455,7,0.028217097425953408,4320,Revision adicional por analista; simulacion BAF
948699,7,0.02821547217334247,4321,Revision adicional por analista; simulacion BAF
950130,7,0.028200054182335527,4322,Revision adicional por analista; simulacion BAF
949584,7,0.028196386098627842,4323,Revision adicional por analista; simulacion BAF
996563,7,0.02817808389156587,4324,Revision adicional por analista; simulacion BAF
939822,7,0.028159195418675013,4325,Revision adicional por analista; simulacion BAF
949372,7,0.028158916960386495,4326,Revision adicional por analista; simulacion BAF
941214,7,0.028154165437565853,4327,Revision adicional por analista; simulacion BAF
980776,7,0.028146094659081203,4328,Revision adicional por analista; simulacion BAF
991283,7,0.028126956610084703,4329,Revision adicional por analista; simulacion BAF
904416,7,0.02812562498635619,4330,Revision adicional por analista; simulacion BAF
953403,7,0.028122693957670208,4331,Revision adicional por analista; simulacion BAF
934024,7,0.028117308307654094,4332,Revision adicional por analista; simulacion BAF
976225,7,0.028111711556655622,4333,Revision adicional por analista; simulacion BAF
952984,7,0.028103482687900718,4334,Revision adicional por analista; simulacion BAF
999500,7,0.028102943818043076,4335,Revision adicional por analista; simulacion BAF
934338,7,0.028101484411351203,4336,Revision adicional por analista; simulacion BAF
948483,7,0.02810009224599344,4337,Revision adicional por analista; simulacion BAF
975625,7,0.028096893284545208,4338,Revision adicional por analista; simulacion BAF
974060,7,0.02809684213847281,4339,Revision adicional por analista; simulacion BAF
963060,7,0.02806317173068829,4340,Revision adicional por analista; simulacion BAF
988703,7,0.028062136455432613,4341,Revision adicional por analista; simulacion BAF
926429,7,0.028057043223359345,4342,Revision adicional por analista; simulacion BAF
992864,7,0.028055033821967154,4343,Revision adicional por analista; simulacion BAF
966124,7,0.028048938069165946,4344,Revision adicional por analista; simulacion BAF
966539,7,0.028040196244971217,4345,Revision adicional por analista; simulacion BAF
935489,7,0.028028331107434388,4346,Revision adicional por analista; simulacion BAF
926712,7,0.0280253456935032,4347,Revision adicional por analista; simulacion BAF
905919,7,0.02802364269588626,4348,Revision adicional por analista; simulacion BAF
979306,7,0.0280132037319971,4349,Revision adicional por analista; simulacion BAF
983480,7,0.028000222743397023,4350,Revision adicional por analista; simulacion BAF
919647,7,0.02799992786556523,4351,Revision adicional por analista; simulacion BAF
905244,7,0.02799416399047453,4352,Revision adicional por analista; simulacion BAF
966842,7,0.027977116682802085,4353,Revision adicional por analista; simulacion BAF
911881,7,0.027973739144997505,4354,Revision adicional por analista; simulacion BAF
923252,7,0.027973250769422302,4355,Revision adicional por analista; simulacion BAF
944458,7,0.027971725437075472,4356,Revision adicional por analista; simulacion BAF
998256,7,0.027967708835431114,4357,Revision adicional por analista; simulacion BAF
913020,7,0.027967426178969013,4358,Revision adicional por analista; simulacion BAF
996256,7,0.027948694891102757,4359,Revision adicional por analista; simulacion BAF
916712,7,0.02793916213236985,4360,Revision adicional por analista; simulacion BAF
938483,7,0.027937073465789875,4361,Revision adicional por analista; simulacion BAF
988709,7,0.027932644968572305,4362,Revision adicional por analista; simulacion BAF
972400,7,0.027931715135252246,4363,Revision adicional por analista; simulacion BAF
951604,7,0.027928282593545982,4364,Revision adicional por analista; simulacion BAF
975232,7,0.02792642293322074,4365,Revision adicional por analista; simulacion BAF
906213,7,0.02792140124847243,4366,Revision adicional por analista; simulacion BAF
994056,7,0.027920979833509087,4367,Revision adicional por analista; simulacion BAF
920516,7,0.027920660816018277,4368,Revision adicional por analista; simulacion BAF
980335,7,0.02791918938223689,4369,Revision adicional por analista; simulacion BAF
925471,7,0.02791604631262474,4370,Revision adicional por analista; simulacion BAF
973661,7,0.027902850560227514,4371,Revision adicional por analista; simulacion BAF
927214,7,0.027898851809865358,4372,Revision adicional por analista; simulacion BAF
988865,7,0.02789791020584759,4373,Revision adicional por analista; simulacion BAF
919464,7,0.02788007401108122,4374,Revision adicional por analista; simulacion BAF
925539,7,0.0278727350672535,4375,Revision adicional por analista; simulacion BAF
909238,7,0.027866295646572694,4376,Revision adicional por analista; simulacion BAF
931855,7,0.02786011349827874,4377,Revision adicional por analista; simulacion BAF
973009,7,0.0278594778582942,4378,Revision adicional por analista; simulacion BAF
952633,7,0.02785907412314622,4379,Revision adicional por analista; simulacion BAF
978640,7,0.027855275185214877,4380,Revision adicional por analista; simulacion BAF
972168,7,0.027853131806621072,4381,Revision adicional por analista; simulacion BAF
957453,7,0.02785264862911089,4382,Revision adicional por analista; simulacion BAF
988770,7,0.027850936099878872,4383,Revision adicional por analista; simulacion BAF
987049,7,0.027846055703336096,4384,Revision adicional por analista; simulacion BAF
963812,7,0.027845294712049985,4385,Revision adicional por analista; simulacion BAF
941942,7,0.02784431475564618,4386,Revision adicional por analista; simulacion BAF
937284,7,0.027843595514823467,4387,Revision adicional por analista; simulacion BAF
999282,7,0.027836173910636714,4388,Revision adicional por analista; simulacion BAF
942525,7,0.027817283894833057,4389,Revision adicional por analista; simulacion BAF
973401,7,0.02779427146750781,4390,Revision adicional por analista; simulacion BAF
919045,7,0.02779060445134288,4391,Revision adicional por analista; simulacion BAF
953348,7,0.027780785839477597,4392,Revision adicional por analista; simulacion BAF
927338,7,0.02777815736139575,4393,Revision adicional por analista; simulacion BAF
978074,7,0.027758967566054886,4394,Revision adicional por analista; simulacion BAF
958681,7,0.027746630185802916,4395,Revision adicional por analista; simulacion BAF
983290,7,0.027744658109446117,4396,Revision adicional por analista; simulacion BAF
981465,7,0.02774342421911269,4397,Revision adicional por analista; simulacion BAF
979935,7,0.027738172882191527,4398,Revision adicional por analista; simulacion BAF
920335,7,0.02773553814419613,4399,Revision adicional por analista; simulacion BAF
967988,7,0.027733386858873277,4400,Revision adicional por analista; simulacion BAF
926437,7,0.027733311721226447,4401,Revision adicional por analista; simulacion BAF
960518,7,0.02773033387799949,4402,Revision adicional por analista; simulacion BAF
960109,7,0.027727145985182052,4403,Revision adicional por analista; simulacion BAF
991570,7,0.027726662681814545,4404,Revision adicional por analista; simulacion BAF
904314,7,0.027723038271855495,4405,Revision adicional por analista; simulacion BAF
959703,7,0.02772277815377182,4406,Revision adicional por analista; simulacion BAF
996659,7,0.027720084755047374,4407,Revision adicional por analista; simulacion BAF
963509,7,0.02770396168326183,4408,Revision adicional por analista; simulacion BAF
916936,7,0.027699410709260255,4409,Revision adicional por analista; simulacion BAF
969113,7,0.02769672347181303,4410,Revision adicional por analista; simulacion BAF
994760,7,0.027690506278103752,4411,Revision adicional por analista; simulacion BAF
996367,7,0.02767818539210416,4412,Revision adicional por analista; simulacion BAF
956459,7,0.027675898794493364,4413,Revision adicional por analista; simulacion BAF
986279,7,0.027672656740127102,4414,Revision adicional por analista; simulacion BAF
966279,7,0.027665969310971372,4415,Revision adicional por analista; simulacion BAF
935541,7,0.027662473629853673,4416,Revision adicional por analista; simulacion BAF
980982,7,0.02765339634372534,4417,Revision adicional por analista; simulacion BAF
992488,7,0.027648315932758065,4418,Revision adicional por analista; simulacion BAF
920006,7,0.02764425820792389,4419,Revision adicional por analista; simulacion BAF
933341,7,0.027642264671755987,4420,Revision adicional por analista; simulacion BAF
979658,7,0.027639203459802027,4421,Revision adicional por analista; simulacion BAF
908031,7,0.027638754218014306,4422,Revision adicional por analista; simulacion BAF
906528,7,0.027638358653875893,4423,Revision adicional por analista; simulacion BAF
923285,7,0.027614034259644704,4424,Revision adicional por analista; simulacion BAF
910691,7,0.027613056661641204,4425,Revision adicional por analista; simulacion BAF
985664,7,0.02760695186811109,4426,Revision adicional por analista; simulacion BAF
909973,7,0.027606424351063752,4427,Revision adicional por analista; simulacion BAF
985734,7,0.027597550251151355,4428,Revision adicional por analista; simulacion BAF
967372,7,0.02759459993121756,4429,Revision adicional por analista; simulacion BAF
970785,7,0.027591881421047567,4430,Revision adicional por analista; simulacion BAF
985756,7,0.027587911573065775,4431,Revision adicional por analista; simulacion BAF
934073,7,0.027584609429606305,4432,Revision adicional por analista; simulacion BAF
983674,7,0.027581088234604915,4433,Revision adicional por analista; simulacion BAF
960507,7,0.02757874177780354,4434,Revision adicional por analista; simulacion BAF
961660,7,0.027572927966074676,4435,Revision adicional por analista; simulacion BAF
913080,7,0.02756458483900059,4436,Revision adicional por analista; simulacion BAF
961373,7,0.027545244787871744,4437,Revision adicional por analista; simulacion BAF
929036,7,0.02753621159537821,4438,Revision adicional por analista; simulacion BAF
944480,7,0.027527872730272025,4439,Revision adicional por analista; simulacion BAF
965527,7,0.027527135130212158,4440,Revision adicional por analista; simulacion BAF
918852,7,0.02752277514520188,4441,Revision adicional por analista; simulacion BAF
907403,7,0.027519727614773244,4442,Revision adicional por analista; simulacion BAF
944893,7,0.027513902134914774,4443,Revision adicional por analista; simulacion BAF
923013,7,0.02751229284184276,4444,Revision adicional por analista; simulacion BAF
937787,7,0.027504285728664632,4445,Revision adicional por analista; simulacion BAF
957990,7,0.027501802406911025,4446,Revision adicional por analista; simulacion BAF
969497,7,0.02750005374221891,4447,Revision adicional por analista; simulacion BAF
945832,7,0.027484121525172652,4448,Revision adicional por analista; simulacion BAF
995503,7,0.027478824959551455,4449,Revision adicional por analista; simulacion BAF
997914,7,0.027475569838037964,4450,Revision adicional por analista; simulacion BAF
915777,7,0.02747502320461708,4451,Revision adicional por analista; simulacion BAF
960225,7,0.027466764581699554,4452,Revision adicional por analista; simulacion BAF
934323,7,0.027466220849251894,4453,Revision adicional por analista; simulacion BAF
976321,7,0.027457269291201875,4454,Revision adicional por analista; simulacion BAF
944797,7,0.02745418570392843,4455,Revision adicional por analista; simulacion BAF
968697,7,0.027438863033427414,4456,Revision adicional por analista; simulacion BAF
919094,7,0.02743456965003069,4457,Revision adicional por analista; simulacion BAF
980348,7,0.027432075538306414,4458,Revision adicional por analista; simulacion BAF
962739,7,0.02742787012255557,4459,Revision adicional por analista; simulacion BAF
961106,7,0.027418804997441044,4460,Revision adicional por analista; simulacion BAF
927089,7,0.0274172634877181,4461,Revision adicional por analista; simulacion BAF
953966,7,0.027416086821434107,4462,Revision adicional por analista; simulacion BAF
983113,7,0.027399108967788747,4463,Revision adicional por analista; simulacion BAF
950956,7,0.027396323241929636,4464,Revision adicional por analista; simulacion BAF
911408,7,0.027395449311539477,4465,Revision adicional por analista; simulacion BAF
944341,7,0.027392444972419435,4466,Revision adicional por analista; simulacion BAF
941437,7,0.02739087709541189,4467,Revision adicional por analista; simulacion BAF
933548,7,0.027384882927798188,4468,Revision adicional por analista; simulacion BAF
961901,7,0.02738453685791647,4469,Revision adicional por analista; simulacion BAF
990540,7,0.02738391833267085,4470,Revision adicional por analista; simulacion BAF
946631,7,0.027381856414371516,4471,Revision adicional por analista; simulacion BAF
996579,7,0.027380301177040326,4472,Revision adicional por analista; simulacion BAF
982166,7,0.02737737748392542,4473,Revision adicional por analista; simulacion BAF
966118,7,0.027365172607720197,4474,Revision adicional por analista; simulacion BAF
913321,7,0.027364549540513927,4475,Revision adicional por analista; simulacion BAF
995180,7,0.02735314113229878,4476,Revision adicional por analista; simulacion BAF
965691,7,0.027341436396607948,4477,Revision adicional por analista; simulacion BAF
951160,7,0.027330710727466363,4478,Revision adicional por analista; simulacion BAF
996362,7,0.027330673324793664,4479,Revision adicional por analista; simulacion BAF
984852,7,0.027327951393811098,4480,Revision adicional por analista; simulacion BAF
958762,7,0.027326142707246464,4481,Revision adicional por analista; simulacion BAF
954666,7,0.027325928406277657,4482,Revision adicional por analista; simulacion BAF
917432,7,0.027322031990367958,4483,Revision adicional por analista; simulacion BAF
919984,7,0.027321188043101876,4484,Revision adicional por analista; simulacion BAF
930832,7,0.02732079046457026,4485,Revision adicional por analista; simulacion BAF
909797,7,0.02731264368521482,4486,Revision adicional por analista; simulacion BAF
983774,7,0.027312061439875975,4487,Revision adicional por analista; simulacion BAF
908018,7,0.027300617917350417,4488,Revision adicional por analista; simulacion BAF
968118,7,0.02729948540442558,4489,Revision adicional por analista; simulacion BAF
932120,7,0.027297750919909724,4490,Revision adicional por analista; simulacion BAF
998539,7,0.02729730114609985,4491,Revision adicional por analista; simulacion BAF
926979,7,0.02729398886663643,4492,Revision adicional por analista; simulacion BAF
974232,7,0.02729198148839263,4493,Revision adicional por analista; simulacion BAF
942259,7,0.027290514111370016,4494,Revision adicional por analista; simulacion BAF
912151,7,0.027285019039749354,4495,Revision adicional por analista; simulacion BAF
946084,7,0.02728267209295569,4496,Revision adicional por analista; simulacion BAF
965115,7,0.0272818986657933,4497,Revision adicional por analista; simulacion BAF
983370,7,0.0272817056999424,4498,Revision adicional por analista; simulacion BAF
964136,7,0.027280477623846923,4499,Revision adicional por analista; simulacion BAF
993269,7,0.027279764876774575,4500,Revision adicional por analista; simulacion BAF
960421,7,0.02727952776505892,4501,Revision adicional por analista; simulacion BAF
940923,7,0.027273364313925137,4502,Revision adicional por analista; simulacion BAF
954018,7,0.027269606889167377,4503,Revision adicional por analista; simulacion BAF
993466,7,0.027268210914709736,4504,Revision adicional por analista; simulacion BAF
925270,7,0.027266288067177312,4505,Revision adicional por analista; simulacion BAF
994104,7,0.027259982632369822,4506,Revision adicional por analista; simulacion BAF
983967,7,0.027234924878038854,4507,Revision adicional por analista; simulacion BAF
914793,7,0.027231600781916502,4508,Revision adicional por analista; simulacion BAF
916120,7,0.027228389779621436,4509,Revision adicional por analista; simulacion BAF
956546,7,0.02722753557532787,4510,Revision adicional por analista; simulacion BAF
917818,7,0.02721613055836865,4511,Revision adicional por analista; simulacion BAF
981034,7,0.027215133323650005,4512,Revision adicional por analista; simulacion BAF
947933,7,0.027212311865662673,4513,Revision adicional por analista; simulacion BAF
991379,7,0.0272066733060923,4514,Revision adicional por analista; simulacion BAF
911202,7,0.02720009897789635,4515,Revision adicional por analista; simulacion BAF
974469,7,0.027199965846086104,4516,Revision adicional por analista; simulacion BAF
982406,7,0.027196552132461672,4517,Revision adicional por analista; simulacion BAF
983722,7,0.027193848611174187,4518,Revision adicional por analista; simulacion BAF
949342,7,0.027173042384511254,4519,Revision adicional por analista; simulacion BAF
994687,7,0.027170222105596088,4520,Revision adicional por analista; simulacion BAF
993354,7,0.02716178986771762,4521,Revision adicional por analista; simulacion BAF
913175,7,0.027160398618301444,4522,Revision adicional por analista; simulacion BAF
952531,7,0.0271506007761156,4523,Revision adicional por analista; simulacion BAF
978756,7,0.027147679375921743,4524,Revision adicional por analista; simulacion BAF
921262,7,0.027146591988037223,4525,Revision adicional por analista; simulacion BAF
989584,7,0.027141640170922368,4526,Revision adicional por analista; simulacion BAF
977820,7,0.027140540577804118,4527,Revision adicional por analista; simulacion BAF
998037,7,0.027137968334158862,4528,Revision adicional por analista; simulacion BAF
916273,7,0.027135009003241957,4529,Revision adicional por analista; simulacion BAF
968402,7,0.027131089335842132,4530,Revision adicional por analista; simulacion BAF
929148,7,0.027129454086991887,4531,Revision adicional por analista; simulacion BAF
963891,7,0.0271291194750232,4532,Revision adicional por analista; simulacion BAF
960235,7,0.027126837638227035,4533,Revision adicional por analista; simulacion BAF
969123,7,0.027114029479815945,4534,Revision adicional por analista; simulacion BAF
993849,7,0.027109152752644854,4535,Revision adicional por analista; simulacion BAF
903879,7,0.027108666542605648,4536,Revision adicional por analista; simulacion BAF
999581,7,0.02710572733661738,4537,Revision adicional por analista; simulacion BAF
996326,7,0.027105650092231415,4538,Revision adicional por analista; simulacion BAF
936846,7,0.027091304479812776,4539,Revision adicional por analista; simulacion BAF
951197,7,0.027087821056186956,4540,Revision adicional por analista; simulacion BAF
910438,7,0.027083104762644826,4541,Revision adicional por analista; simulacion BAF
973987,7,0.02707364595709026,4542,Revision adicional por analista; simulacion BAF
982577,7,0.027072888096954028,4543,Revision adicional por analista; simulacion BAF
936148,7,0.027071924456126932,4544,Revision adicional por analista; simulacion BAF
903674,7,0.02706184492641188,4545,Revision adicional por analista; simulacion BAF
915943,7,0.027055430200368363,4546,Revision adicional por analista; simulacion BAF
950381,7,0.027038749019068147,4547,Revision adicional por analista; simulacion BAF
992371,7,0.02703709108045814,4548,Revision adicional por analista; simulacion BAF
924755,7,0.02703542451862971,4549,Revision adicional por analista; simulacion BAF
934782,7,0.027026897983146392,4550,Revision adicional por analista; simulacion BAF
907232,7,0.027025564494642895,4551,Revision adicional por analista; simulacion BAF
977522,7,0.027018554003997095,4552,Revision adicional por analista; simulacion BAF
947915,7,0.027017312303133388,4553,Revision adicional por analista; simulacion BAF
926745,7,0.02701195806047887,4554,Revision adicional por analista; simulacion BAF
957378,7,0.027011574566878357,4555,Revision adicional por analista; simulacion BAF
946629,7,0.02700736006669934,4556,Revision adicional por analista; simulacion BAF
949500,7,0.027002842105814776,4557,Revision adicional por analista; simulacion BAF
923767,7,0.027000585053111058,4558,Revision adicional por analista; simulacion BAF
995879,7,0.026986438432150647,4559,Revision adicional por analista; simulacion BAF
939016,7,0.02698357707883822,4560,Revision adicional por analista; simulacion BAF
968686,7,0.026983005038602566,4561,Revision adicional por analista; simulacion BAF
940669,7,0.026979751326526163,4562,Revision adicional por analista; simulacion BAF
935028,7,0.026976286001061202,4563,Revision adicional por analista; simulacion BAF
987363,7,0.02696439898855839,4564,Revision adicional por analista; simulacion BAF
980671,7,0.026962380735030465,4565,Revision adicional por analista; simulacion BAF
934912,7,0.026962072386360423,4566,Revision adicional por analista; simulacion BAF
905301,7,0.026959855082631174,4567,Revision adicional por analista; simulacion BAF
931109,7,0.026955517662052987,4568,Revision adicional por analista; simulacion BAF
959998,7,0.026950663810998032,4569,Revision adicional por analista; simulacion BAF
905378,7,0.026949527718566946,4570,Revision adicional por analista; simulacion BAF
999417,7,0.026945744072941296,4571,Revision adicional por analista; simulacion BAF
958841,7,0.026935896536489763,4572,Revision adicional por analista; simulacion BAF
964239,7,0.02692905449822025,4573,Revision adicional por analista; simulacion BAF
916670,7,0.02692791379477769,4574,Revision adicional por analista; simulacion BAF
947313,7,0.026925558299633865,4575,Revision adicional por analista; simulacion BAF
916059,7,0.02691971016643752,4576,Revision adicional por analista; simulacion BAF
930428,7,0.026916208037354783,4577,Revision adicional por analista; simulacion BAF
964321,7,0.026911080774897515,4578,Revision adicional por analista; simulacion BAF
922160,7,0.0269087080737283,4579,Revision adicional por analista; simulacion BAF
927918,7,0.026908387445037533,4580,Revision adicional por analista; simulacion BAF
984182,7,0.026901334679950012,4581,Revision adicional por analista; simulacion BAF
921279,7,0.02689828107358944,4582,Revision adicional por analista; simulacion BAF
996399,7,0.026897694129251633,4583,Revision adicional por analista; simulacion BAF
940910,7,0.026890421211729087,4584,Revision adicional por analista; simulacion BAF
925045,7,0.026890249958710075,4585,Revision adicional por analista; simulacion BAF
938066,7,0.02688499663336767,4586,Revision adicional por analista; simulacion BAF
903474,7,0.026881040564366864,4587,Revision adicional por analista; simulacion BAF
999177,7,0.02687132773054044,4588,Revision adicional por analista; simulacion BAF
963898,7,0.02686156805735571,4589,Revision adicional por analista; simulacion BAF
972621,7,0.02685775770608456,4590,Revision adicional por analista; simulacion BAF
956881,7,0.02685243796568438,4591,Revision adicional por analista; simulacion BAF
909399,7,0.026843681863078044,4592,Revision adicional por analista; simulacion BAF
930300,7,0.026840058265080444,4593,Revision adicional por analista; simulacion BAF
966380,7,0.026820829240748013,4594,Revision adicional por analista; simulacion BAF
975571,7,0.026810248418632027,4595,Revision adicional por analista; simulacion BAF
990488,7,0.02680660135606054,4596,Revision adicional por analista; simulacion BAF
932866,7,0.026802476019318455,4597,Revision adicional por analista; simulacion BAF
965682,7,0.026801788145795303,4598,Revision adicional por analista; simulacion BAF
993314,7,0.026798939823091443,4599,Revision adicional por analista; simulacion BAF
980951,7,0.026798363512469905,4600,Revision adicional por analista; simulacion BAF
947195,7,0.02679692162946091,4601,Revision adicional por analista; simulacion BAF
911054,7,0.02679650638339082,4602,Revision adicional por analista; simulacion BAF
937608,7,0.026796502481660125,4603,Revision adicional por analista; simulacion BAF
905489,7,0.02679483628482152,4604,Revision adicional por analista; simulacion BAF
971080,7,0.026794419381109314,4605,Revision adicional por analista; simulacion BAF
977786,7,0.026793371468080838,4606,Revision adicional por analista; simulacion BAF
966833,7,0.02678592784845201,4607,Revision adicional por analista; simulacion BAF
937441,7,0.026782170965983322,4608,Revision adicional por analista; simulacion BAF
904462,7,0.026778543955230487,4609,Revision adicional por analista; simulacion BAF
961951,7,0.026772095489933655,4610,Revision adicional por analista; simulacion BAF
941897,7,0.026770978318766587,4611,Revision adicional por analista; simulacion BAF
996089,7,0.02677051434431239,4612,Revision adicional por analista; simulacion BAF
976273,7,0.026765924112527713,4613,Revision adicional por analista; simulacion BAF
912324,7,0.02675830495864958,4614,Revision adicional por analista; simulacion BAF
982384,7,0.02675811688931381,4615,Revision adicional por analista; simulacion BAF
981305,7,0.02675146972111533,4616,Revision adicional por analista; simulacion BAF
915691,7,0.026733570337548338,4617,Revision adicional por analista; simulacion BAF
903361,7,0.026733029077764606,4618,Revision adicional por analista; simulacion BAF
968809,7,0.026730137945057287,4619,Revision adicional por analista; simulacion BAF
981142,7,0.02672675565892116,4620,Revision adicional por analista; simulacion BAF
973299,7,0.02672529248453761,4621,Revision adicional por analista; simulacion BAF
916344,7,0.02672261710692027,4622,Revision adicional por analista; simulacion BAF
947713,7,0.026715413610387026,4623,Revision adicional por analista; simulacion BAF
905314,7,0.02671507564423512,4624,Revision adicional por analista; simulacion BAF
978799,7,0.026710882011056595,4625,Revision adicional por analista; simulacion BAF
998490,7,0.026709884609308742,4626,Revision adicional por analista; simulacion BAF
916616,7,0.026702224715664212,4627,Revision adicional por analista; simulacion BAF
972530,7,0.026695673261581964,4628,Revision adicional por analista; simulacion BAF
963210,7,0.026693781078807054,4629,Revision adicional por analista; simulacion BAF
946606,7,0.026693349522123332,4630,Revision adicional por analista; simulacion BAF
926582,7,0.026682672275900248,4631,Revision adicional por analista; simulacion BAF
954014,7,0.026682614313886986,4632,Revision adicional por analista; simulacion BAF
913428,7,0.026681884579271564,4633,Revision adicional por analista; simulacion BAF
919625,7,0.02667912702565121,4634,Revision adicional por analista; simulacion BAF
967375,7,0.026678129539299072,4635,Revision adicional por analista; simulacion BAF
994948,7,0.026672619229999462,4636,Revision adicional por analista; simulacion BAF
947172,7,0.026671634358196906,4637,Revision adicional por analista; simulacion BAF
904442,7,0.026666873161736184,4638,Revision adicional por analista; simulacion BAF
914021,7,0.026664934037674934,4639,Revision adicional por analista; simulacion BAF
969721,7,0.026664217549873595,4640,Revision adicional por analista; simulacion BAF
990146,7,0.026663914963585025,4641,Revision adicional por analista; simulacion BAF
997879,7,0.02665992273013041,4642,Revision adicional por analista; simulacion BAF
988229,7,0.02665322446015686,4643,Revision adicional por analista; simulacion BAF
915340,7,0.02664447249635407,4644,Revision adicional por analista; simulacion BAF
955302,7,0.026639500115696445,4645,Revision adicional por analista; simulacion BAF
961416,7,0.0266235602961917,4646,Revision adicional por analista; simulacion BAF
923855,7,0.02662197242606713,4647,Revision adicional por analista; simulacion BAF
922662,7,0.026620073969027963,4648,Revision adicional por analista; simulacion BAF
909869,7,0.02661383529707021,4649,Revision adicional por analista; simulacion BAF
973907,7,0.026606402825160372,4650,Revision adicional por analista; simulacion BAF
939962,7,0.02660331959524739,4651,Revision adicional por analista; simulacion BAF
975049,7,0.026596756286839746,4652,Revision adicional por analista; simulacion BAF
977000,7,0.026568642924188816,4653,Revision adicional por analista; simulacion BAF
942617,7,0.026565861543072503,4654,Revision adicional por analista; simulacion BAF
966498,7,0.026565518995051687,4655,Revision adicional por analista; simulacion BAF
916308,7,0.026565299490127856,4656,Revision adicional por analista; simulacion BAF
952698,7,0.026564679265752116,4657,Revision adicional por analista; simulacion BAF
938434,7,0.026564646297926188,4658,Revision adicional por analista; simulacion BAF
906604,7,0.026550231458121337,4659,Revision adicional por analista; simulacion BAF
992711,7,0.026535567451454654,4660,Revision adicional por analista; simulacion BAF
995521,7,0.02653305347255846,4661,Revision adicional por analista; simulacion BAF
944487,7,0.026520105402630074,4662,Revision adicional por analista; simulacion BAF
918649,7,0.026517450789198937,4663,Revision adicional por analista; simulacion BAF
959197,7,0.026512997317203343,4664,Revision adicional por analista; simulacion BAF
978789,7,0.02650673886719247,4665,Revision adicional por analista; simulacion BAF
939504,7,0.02650446925386936,4666,Revision adicional por analista; simulacion BAF
910112,7,0.026502880984511434,4667,Revision adicional por analista; simulacion BAF
978104,7,0.026502534190181178,4668,Revision adicional por analista; simulacion BAF
928190,7,0.026500805634591937,4669,Revision adicional por analista; simulacion BAF
974318,7,0.026495885625098733,4670,Revision adicional por analista; simulacion BAF
943686,7,0.026495358976579696,4671,Revision adicional por analista; simulacion BAF
998733,7,0.026490068099245662,4672,Revision adicional por analista; simulacion BAF
996627,7,0.026481317265257345,4673,Revision adicional por analista; simulacion BAF
992171,7,0.026478735201590584,4674,Revision adicional por analista; simulacion BAF
999524,7,0.02646827004333014,4675,Revision adicional por analista; simulacion BAF
965463,7,0.026467936023258223,4676,Revision adicional por analista; simulacion BAF
979945,7,0.026466798541928016,4677,Revision adicional por analista; simulacion BAF
970084,7,0.02646129834577624,4678,Revision adicional por analista; simulacion BAF
996680,7,0.026455843435344763,4679,Revision adicional por analista; simulacion BAF
966517,7,0.026454574375814943,4680,Revision adicional por analista; simulacion BAF
932166,7,0.026449956473282143,4681,Revision adicional por analista; simulacion BAF
980321,7,0.02644975141049841,4682,Revision adicional por analista; simulacion BAF
998696,7,0.026446341557182833,4683,Revision adicional por analista; simulacion BAF
975686,7,0.026441114838496316,4684,Revision adicional por analista; simulacion BAF
923292,7,0.0264386009737562,4685,Revision adicional por analista; simulacion BAF
918867,7,0.02642869622565039,4686,Revision adicional por analista; simulacion BAF
913591,7,0.0264257717044883,4687,Revision adicional por analista; simulacion BAF
934016,7,0.0264220521375797,4688,Revision adicional por analista; simulacion BAF
980442,7,0.026412705036594437,4689,Revision adicional por analista; simulacion BAF
977424,7,0.02639464891687488,4690,Revision adicional por analista; simulacion BAF
947749,7,0.026394310004704796,4691,Revision adicional por analista; simulacion BAF
980794,7,0.02638991964428931,4692,Revision adicional por analista; simulacion BAF
963128,7,0.02638282316244533,4693,Revision adicional por analista; simulacion BAF
990388,7,0.02637905020089598,4694,Revision adicional por analista; simulacion BAF
955601,7,0.026374501228101078,4695,Revision adicional por analista; simulacion BAF
969013,7,0.02637145856551972,4696,Revision adicional por analista; simulacion BAF
992182,7,0.026367852594968957,4697,Revision adicional por analista; simulacion BAF
925462,7,0.026366942268982764,4698,Revision adicional por analista; simulacion BAF
983819,7,0.02636135010385744,4699,Revision adicional por analista; simulacion BAF
917080,7,0.026351681598591498,4700,Revision adicional por analista; simulacion BAF
909881,7,0.02634590290791388,4701,Revision adicional por analista; simulacion BAF
915842,7,0.02634358851175093,4702,Revision adicional por analista; simulacion BAF
923996,7,0.026342939772736336,4703,Revision adicional por analista; simulacion BAF
952343,7,0.026342859422239646,4704,Revision adicional por analista; simulacion BAF
935766,7,0.026340498213346296,4705,Revision adicional por analista; simulacion BAF
903312,7,0.02633489308546159,4706,Revision adicional por analista; simulacion BAF
976956,7,0.026331437702010536,4707,Revision adicional por analista; simulacion BAF
998956,7,0.026326693200264113,4708,Revision adicional por analista; simulacion BAF
980974,7,0.02632407195988212,4709,Revision adicional por analista; simulacion BAF
987540,7,0.026317220682808853,4710,Revision adicional por analista; simulacion BAF
976136,7,0.026316846246190698,4711,Revision adicional por analista; simulacion BAF
903163,7,0.0263133729358123,4712,Revision adicional por analista; simulacion BAF
934393,7,0.026308784777705478,4713,Revision adicional por analista; simulacion BAF
920884,7,0.026307133193108387,4714,Revision adicional por analista; simulacion BAF
961730,7,0.026296471979311824,4715,Revision adicional por analista; simulacion BAF
972419,7,0.02628075611105763,4716,Revision adicional por analista; simulacion BAF
987354,7,0.026273415051881435,4717,Revision adicional por analista; simulacion BAF
964648,7,0.026256487588837724,4718,Revision adicional por analista; simulacion BAF
918509,7,0.026251781363012813,4719,Revision adicional por analista; simulacion BAF
964315,7,0.02625154202952242,4720,Revision adicional por analista; simulacion BAF
929943,7,0.026251320022356958,4721,Revision adicional por analista; simulacion BAF
991509,7,0.026249221671242974,4722,Revision adicional por analista; simulacion BAF
940562,7,0.02623669947907093,4723,Revision adicional por analista; simulacion BAF
956058,7,0.026236180170412134,4724,Revision adicional por analista; simulacion BAF
991715,7,0.026231369073305574,4725,Revision adicional por analista; simulacion BAF
920340,7,0.026230944487833547,4726,Revision adicional por analista; simulacion BAF
945265,7,0.026222744488329952,4727,Revision adicional por analista; simulacion BAF
980445,7,0.02622127729833335,4728,Revision adicional por analista; simulacion BAF
944566,7,0.026213278167692373,4729,Revision adicional por analista; simulacion BAF
905593,7,0.026208119690286597,4730,Revision adicional por analista; simulacion BAF
942689,7,0.026200223881060452,4731,Revision adicional por analista; simulacion BAF
931342,7,0.026197726997390883,4732,Revision adicional por analista; simulacion BAF
907260,7,0.026189476626486453,4733,Revision adicional por analista; simulacion BAF
926886,7,0.02618682694461354,4734,Revision adicional por analista; simulacion BAF
967156,7,0.026181082247874098,4735,Revision adicional por analista; simulacion BAF
942476,7,0.02617894735410189,4736,Revision adicional por analista; simulacion BAF
906016,7,0.026178158998782,4737,Revision adicional por analista; simulacion BAF
968350,7,0.026171270406514322,4738,Revision adicional por analista; simulacion BAF
932439,7,0.026171075007166793,4739,Revision adicional por analista; simulacion BAF
959011,7,0.02617054806289075,4740,Revision adicional por analista; simulacion BAF
909931,7,0.026167479234886507,4741,Revision adicional por analista; simulacion BAF
973034,7,0.026165750269933154,4742,Revision adicional por analista; simulacion BAF
971216,7,0.026161963987896667,4743,Revision adicional por analista; simulacion BAF
966156,7,0.026159975297535193,4744,Revision adicional por analista; simulacion BAF
964652,7,0.026158662824365252,4745,Revision adicional por analista; simulacion BAF
952461,7,0.026153906787046006,4746,Revision adicional por analista; simulacion BAF
930665,7,0.026141351760497998,4747,Revision adicional por analista; simulacion BAF
981438,7,0.026138583421657046,4748,Revision adicional por analista; simulacion BAF
905813,7,0.02613536668254387,4749,Revision adicional por analista; simulacion BAF
929709,7,0.026134090778138466,4750,Revision adicional por analista; simulacion BAF
981574,7,0.02612591371517547,4751,Revision adicional por analista; simulacion BAF
985008,7,0.02610632540402472,4752,Revision adicional por analista; simulacion BAF
968416,7,0.02610198899720796,4753,Revision adicional por analista; simulacion BAF
974606,7,0.02609331641824236,4754,Revision adicional por analista; simulacion BAF
982960,7,0.02608276376966142,4755,Revision adicional por analista; simulacion BAF
986027,7,0.0260727992815402,4756,Revision adicional por analista; simulacion BAF
964341,7,0.026070409995558916,4757,Revision adicional por analista; simulacion BAF
942584,7,0.02606949735906544,4758,Revision adicional por analista; simulacion BAF
912735,7,0.026064750782580144,4759,Revision adicional por analista; simulacion BAF
976625,7,0.026059458515726636,4760,Revision adicional por analista; simulacion BAF
978892,7,0.02605854606024678,4761,Revision adicional por analista; simulacion BAF
949135,7,0.026057588703561504,4762,Revision adicional por analista; simulacion BAF
992754,7,0.026050118740149623,4763,Revision adicional por analista; simulacion BAF
907060,7,0.026044494072475756,4764,Revision adicional por analista; simulacion BAF
962503,7,0.026039151692747994,4765,Revision adicional por analista; simulacion BAF
931870,7,0.02603815931965131,4766,Revision adicional por analista; simulacion BAF
997785,7,0.026038157057187344,4767,Revision adicional por analista; simulacion BAF
928361,7,0.026037322355747506,4768,Revision adicional por analista; simulacion BAF
967464,7,0.0260298055633871,4769,Revision adicional por analista; simulacion BAF
978516,7,0.02602255346779821,4770,Revision adicional por analista; simulacion BAF
923752,7,0.02601878109559061,4771,Revision adicional por analista; simulacion BAF
913932,7,0.02601445168015191,4772,Revision adicional por analista; simulacion BAF
969624,7,0.026007192933843317,4773,Revision adicional por analista; simulacion BAF
976523,7,0.025994774097213937,4774,Revision adicional por analista; simulacion BAF
996599,7,0.025990550561287698,4775,Revision adicional por analista; simulacion BAF
912350,7,0.02598909435702501,4776,Revision adicional por analista; simulacion BAF
931126,7,0.02598666323853069,4777,Revision adicional por analista; simulacion BAF
934941,7,0.025977318623263832,4778,Revision adicional por analista; simulacion BAF
970056,7,0.025976802559484244,4779,Revision adicional por analista; simulacion BAF
939444,7,0.02597196602243296,4780,Revision adicional por analista; simulacion BAF
939915,7,0.025967397212694317,4781,Revision adicional por analista; simulacion BAF
906190,7,0.025966025578542724,4782,Revision adicional por analista; simulacion BAF
914836,7,0.025965287656922274,4783,Revision adicional por analista; simulacion BAF
985190,7,0.025964421643153927,4784,Revision adicional por analista; simulacion BAF
982183,7,0.025964265144160184,4785,Revision adicional por analista; simulacion BAF
948163,7,0.025963715747306847,4786,Revision adicional por analista; simulacion BAF
911073,7,0.02595504604742988,4787,Revision adicional por analista; simulacion BAF
975089,7,0.025952360473475534,4788,Revision adicional por analista; simulacion BAF
912418,7,0.025949601327610105,4789,Revision adicional por analista; simulacion BAF
931426,7,0.025947798588013184,4790,Revision adicional por analista; simulacion BAF
952899,7,0.025947309742421012,4791,Revision adicional por analista; simulacion BAF
944580,7,0.02594285749510872,4792,Revision adicional por analista; simulacion BAF
947512,7,0.025935475662488487,4793,Revision adicional por analista; simulacion BAF
923455,7,0.02592632586058301,4794,Revision adicional por analista; simulacion BAF
990448,7,0.025911945538994365,4795,Revision adicional por analista; simulacion BAF
943915,7,0.025910232659536233,4796,Revision adicional por analista; simulacion BAF
928416,7,0.0259078431393407,4797,Revision adicional por analista; simulacion BAF
969096,7,0.025907128328230056,4798,Revision adicional por analista; simulacion BAF
923697,7,0.025905368304248666,4799,Revision adicional por analista; simulacion BAF
961379,7,0.02590310977051183,4800,Revision adicional por analista; simulacion BAF
912760,7,0.02590076924549016,4801,Revision adicional por analista; simulacion BAF
972834,7,0.025894329840131992,4802,Revision adicional por analista; simulacion BAF
997070,7,0.025887253799636297,4803,Revision adicional por analista; simulacion BAF
913262,7,0.025875343573554085,4804,Revision adicional por analista; simulacion BAF
961321,7,0.02586940712869803,4805,Revision adicional por analista; simulacion BAF
992218,7,0.025858827055844344,4806,Revision adicional por analista; simulacion BAF
943894,7,0.025855768584247076,4807,Revision adicional por analista; simulacion BAF
987800,7,0.02585496095947475,4808,Revision adicional por analista; simulacion BAF
970860,7,0.025854596619987544,4809,Revision adicional por analista; simulacion BAF
916809,7,0.025853932589123933,4810,Revision adicional por analista; simulacion BAF
969337,7,0.02584611907850053,4811,Revision adicional por analista; simulacion BAF
977391,7,0.025843681779186622,4812,Revision adicional por analista; simulacion BAF
945112,7,0.02583638239579545,4813,Revision adicional por analista; simulacion BAF
925340,7,0.025833696173707517,4814,Revision adicional por analista; simulacion BAF
933785,7,0.02583244579305035,4815,Revision adicional por analista; simulacion BAF
944853,7,0.02582028375294041,4816,Revision adicional por analista; simulacion BAF
910327,7,0.025817905333298172,4817,Revision adicional por analista; simulacion BAF
925978,7,0.025816033391263357,4818,Revision adicional por analista; simulacion BAF
988269,7,0.025805889543868175,4819,Revision adicional por analista; simulacion BAF
968587,7,0.025799628505064426,4820,Revision adicional por analista; simulacion BAF
919008,7,0.02579661021610652,4821,Revision adicional por analista; simulacion BAF
959080,7,0.025789000700262202,4822,Revision adicional por analista; simulacion BAF
957267,7,0.025787859987917605,4823,Revision adicional por analista; simulacion BAF
943114,7,0.02578744892101495,4824,Revision adicional por analista; simulacion BAF
989528,7,0.025786203139023897,4825,Revision adicional por analista; simulacion BAF
935783,7,0.02578087061589409,4826,Revision adicional por analista; simulacion BAF
947836,7,0.02577527955635158,4827,Revision adicional por analista; simulacion BAF
914809,7,0.025773334963843743,4828,Revision adicional por analista; simulacion BAF
995661,7,0.02577287173527675,4829,Revision adicional por analista; simulacion BAF
923289,7,0.02575527301893094,4830,Revision adicional por analista; simulacion BAF
971358,7,0.025754913408506618,4831,Revision adicional por analista; simulacion BAF
983151,7,0.025754320942013884,4832,Revision adicional por analista; simulacion BAF
953490,7,0.025753735692064503,4833,Revision adicional por analista; simulacion BAF
976039,7,0.025752019400089515,4834,Revision adicional por analista; simulacion BAF
937068,7,0.025749188072694124,4835,Revision adicional por analista; simulacion BAF
986964,7,0.025747394206007183,4836,Revision adicional por analista; simulacion BAF
929431,7,0.025743592948965985,4837,Revision adicional por analista; simulacion BAF
948954,7,0.025739450914338973,4838,Revision adicional por analista; simulacion BAF
953677,7,0.02573433950070028,4839,Revision adicional por analista; simulacion BAF
923556,7,0.025733165714528643,4840,Revision adicional por analista; simulacion BAF
946464,7,0.025729249058313645,4841,Revision adicional por analista; simulacion BAF
913071,7,0.025726892492679645,4842,Revision adicional por analista; simulacion BAF
927374,7,0.025721656404498226,4843,Revision adicional por analista; simulacion BAF
