edad;abandono;viajes;departamento;distancia_casa;educacion;carrera;empleados;id;satisfaccion_entorno;sexo;implicacion;nivel_laboral;puesto;satisfaccion_trabajo;estado_civil;salario_mes;num_empresas_anteriores;mayor_edad;horas_extra;incremento_salario_porc;evaluacion;satisfaccion_companeros;horas_quincena;nivel_acciones;anos_experiencia;num_formaciones_ult_ano;conciliacion;anos_compania;anos_en_puesto;anos_desde_ult_promocion;anos_con_manager_actual
41;Yes;Travel_Rarely;Sales;1;Universitaria;Life Sciences;1;1;Media;M;Alta;2;Sales Executive;Alta;Single;5993;8;Y;Yes;11;Alta;Baja;80;0;8;0;#N/D;6;;0;5
49;No;Travel_Frequently;Research & Development;8;Secundaria;Life Sciences;1;2;Alta;F;Media;2;Research Scientist;Media;Married;5130;1;Y;No;23;Muy_Alta;Muy_Alta;80;1;10;3;#N/D;10;;1;7
37;Yes;Travel_Rarely;Research & Development;2;Secundaria;Other;1;4;Muy_Alta;F;Media;1;Laboratory Technician;Media;Single;2090;6;Y;Yes;15;Alta;Media;80;0;7;3;#N/D;0;2.0;0;0
33;No;Travel_Frequently;Research & Development;3;Universitaria;Life Sciences;1;5;Muy_Alta;M;Alta;1;Research Scientist;Alta;Married;2909;1;Y;Yes;11;Alta;Alta;80;0;8;3;#N/D;8;3.0;3;0
27;No;Travel_Rarely;Research & Development;2;Universitaria;Medical;1;7;Baja;M;Alta;1;Laboratory Technician;Alta;Married;3468;9;Y;No;12;Alta;Muy_Alta;80;1;6;3;#N/D;2;;2;2
32;No;Travel_Frequently;Research & Development;2;Universitaria;Life Sciences;1;8;Muy_Alta;M;Alta;1;Laboratory Technician;Alta;Single;3068;0;Y;No;13;Alta;Alta;80;0;8;2;#N/D;7;;3;6
59;No;Travel_Rarely;Research & Development;3;Master;Medical;1;10;Alta;F;Muy_Alta;1;Laboratory Technician;Muy_Alta;Married;2670;4;Y;Yes;20;Muy_Alta;Baja;80;3;12;3;Muy_Alta;1;;0;0
30;No;Travel_Rarely;Research & Development;24;Universitaria;Life Sciences;1;11;Muy_Alta;M;Alta;1;Laboratory Technician;Alta;Divorced;2693;1;Y;No;22;Muy_Alta;Media;80;1;1;2;#N/D;1;;0;0
38;No;Travel_Frequently;Research & Development;23;Secundaria;Life Sciences;1;12;Muy_Alta;F;Media;3;Manufacturing Director;Media;Single;9526;0;Y;No;21;Muy_Alta;Media;80;0;10;2;#N/D;9;;1;8
36;No;Travel_Rarely;Research & Development;27;Universitaria;Medical;1;13;Alta;M;Alta;2;Healthcare Representative;Alta;Married;5237;6;Y;No;13;Alta;Media;80;2;17;3;Alta;7;;7;7
35;No;Travel_Rarely;Research & Development;16;Master;Medical;1;14;Baja;F;Muy_Alta;1;Laboratory Technician;Muy_Alta;Married;2426;0;Y;No;13;Alta;Alta;80;1;6;5;Muy_Alta;5;;0;3
29;No;Travel_Rarely;Research & Development;15;Secundaria;Life Sciences;1;15;Muy_Alta;F;Media;2;Laboratory Technician;Media;Single;4193;0;Y;Yes;12;Alta;Muy_Alta;80;0;10;3;#N/D;9;2.0;0;8
31;No;Travel_Rarely;Research & Development;26;Universitaria;Life Sciences;1;16;Baja;M;Alta;1;Research Scientist;#N/D;Divorced;2911;1;Y;No;17;Alta;Muy_Alta;80;1;5;1;Alta;5;3.0;4;3
34;No;Travel_Rarely;Research & Development;19;Universitaria;Medical;1;18;Media;M;Alta;1;Laboratory Technician;Alta;Divorced;2661;0;Y;No;11;Alta;Alta;80;1;3;2;Alta;2;;1;2
28;Yes;Travel_Rarely;Research & Development;24;Secundaria;Life Sciences;1;19;Alta;F;Media;1;Laboratory Technician;Media;Single;2028;5;Y;Yes;14;Alta;Media;80;0;6;4;#N/D;4;;0;3
29;No;Travel_Rarely;Research & Development;21;Master;Life Sciences;1;20;Media;F;Muy_Alta;3;Manufacturing Director;Muy_Alta;Divorced;9980;1;Y;No;11;Alta;Alta;80;1;10;1;#N/D;10;;8;8
32;No;Travel_Rarely;Research & Development;5;Master;Life Sciences;1;21;Baja;F;Muy_Alta;1;Research Scientist;Muy_Alta;Divorced;3298;0;Y;Yes;12;Alta;Muy_Alta;80;2;7;5;Muy_Alta;6;;0;5
22;No;Non-Travel;Research & Development;16;Master;Medical;1;22;Muy_Alta;M;Muy_Alta;1;Laboratory Technician;Muy_Alta;Divorced;2935;1;Y;Yes;13;Alta;Media;80;2;1;2;Muy_Alta;1;;0;0
53;No;Travel_Rarely;Sales;2;Secundaria;Life Sciences;1;23;Baja;F;Media;4;Manager;Media;Married;15427;2;Y;No;16;Alta;Alta;80;0;31;3;#N/D;25;;3;7
38;No;Travel_Rarely;Research & Development;2;Universitaria;Life Sciences;1;24;Muy_Alta;M;Alta;1;Research Scientist;Alta;Single;3944;5;Y;Yes;11;Alta;Alta;80;0;6;3;#N/D;3;;1;2
24;No;Non-Travel;Research & Development;11;Master;Other;1;26;Baja;F;Muy_Alta;2;Manufacturing Director;Muy_Alta;Divorced;4011;0;Y;No;18;Alta;Muy_Alta;80;1;5;5;#N/D;4;;1;3
36;Yes;Travel_Rarely;Sales;9;Secundaria;Life Sciences;1;27;Alta;F;Media;1;Sales Representative;#N/D;Single;3407;7;Y;No;23;Muy_Alta;Media;80;0;10;4;#N/D;5;2.0;0;3
34;No;Travel_Rarely;Research & Development;7;Universitaria;Life Sciences;1;28;Baja;M;Alta;3;Research Director;Alta;Single;11994;0;Y;No;11;Alta;Alta;80;0;13;4;#N/D;12;;2;11
21;No;Travel_Rarely;Research & Development;15;Universitaria;Life Sciences;1;30;Alta;M;Alta;1;Research Scientist;Alta;Single;1232;1;Y;No;14;Alta;Muy_Alta;80;0;0;6;#N/D;0;;0;0
34;Yes;Travel_Rarely;Research & Development;6;Universitaria;Medical;1;31;Media;M;Alta;1;Research Scientist;#N/D;Single;2960;2;Y;No;11;Alta;Alta;80;0;8;2;#N/D;4;;1;3
53;No;Travel_Rarely;Research & Development;5;Universitaria;Other;1;32;Alta;M;Alta;5;Manager;Alta;Divorced;19094;4;Y;No;11;Alta;Muy_Alta;80;1;26;3;#N/D;14;;4;8
32;Yes;Travel_Frequently;Research & Development;16;Primaria;Life Sciences;1;33;Media;M;Baja;1;Research Scientist;#N/D;Single;3919;1;Y;Yes;22;Muy_Alta;Media;80;0;10;5;#N/D;10;;6;7
42;No;Travel_Rarely;Sales;8;Universitaria;Marketing;1;35;Alta;M;Alta;2;Sales Executive;Alta;Married;6825;0;Y;No;11;Alta;Muy_Alta;80;1;10;2;Alta;9;3.0;4;2
44;No;Travel_Rarely;Research & Development;7;Secundaria;Medical;1;36;Baja;F;Media;3;Healthcare Representative;Media;Married;10248;3;Y;No;14;Alta;Muy_Alta;80;1;24;4;#N/D;22;2.0;5;17
46;No;Travel_Rarely;Sales;2;Universitaria;Marketing;1;38;Media;M;Alta;5;Manager;Alta;Single;18947;3;Y;No;12;Alta;Muy_Alta;80;0;22;2;Alta;2;;2;1
33;No;Travel_Rarely;Research & Development;2;Universitaria;Medical;1;39;Alta;M;Alta;1;Laboratory Technician;Alta;Single;2496;4;Y;No;11;Alta;Muy_Alta;80;0;7;3;#N/D;1;;0;0
44;No;Travel_Rarely;Research & Development;10;Universitaria;Other;1;40;Muy_Alta;M;Alta;2;Healthcare Representative;Alta;Married;6465;2;Y;Yes;13;Alta;Muy_Alta;80;0;9;5;Alta;4;;1;3
30;No;Travel_Rarely;Research & Development;9;#N/D;Medical;1;41;Muy_Alta;F;#N/D;1;Laboratory Technician;#N/D;Single;2206;1;Y;No;13;Alta;Baja;80;0;10;5;#N/D;10;;1;8
39;Yes;Travel_Rarely;Sales;5;Universitaria;Technical Degree;1;42;Muy_Alta;M;Alta;2;Sales Representative;Alta;Married;2086;3;Y;No;14;Alta;Alta;80;1;19;6;#N/D;1;;0;0
24;Yes;Travel_Rarely;Research & Development;1;Universitaria;Medical;1;45;Media;M;Alta;1;Research Scientist;Alta;Married;2293;2;Y;Yes;16;Alta;Baja;80;1;6;2;#N/D;2;;2;0
43;No;Travel_Rarely;Research & Development;2;Master;Medical;1;46;Muy_Alta;F;Muy_Alta;1;Research Scientist;Muy_Alta;Divorced;2645;1;Y;No;12;Alta;Muy_Alta;80;2;6;3;Muy_Alta;5;;1;4
50;Yes;Travel_Rarely;Sales;3;Secundaria;Marketing;1;47;Baja;F;Media;1;Sales Representative;Media;Married;2683;1;Y;Yes;14;Alta;Alta;80;0;3;2;Media;3;;0;2
35;No;Travel_Rarely;Sales;2;Universitaria;Marketing;1;49;Muy_Alta;M;Alta;1;Sales Representative;Alta;Married;2014;1;Y;No;13;Alta;Baja;80;0;2;3;#N/D;2;;2;2
36;No;Travel_Rarely;Research & Development;5;Secundaria;Life Sciences;1;51;Media;F;Media;1;Research Scientist;Media;Married;3419;9;Y;Yes;14;Alta;Muy_Alta;80;1;6;3;#N/D;1;;0;0
33;No;Travel_Frequently;Sales;1;Master;Life Sciences;1;52;Alta;F;Muy_Alta;2;Sales Executive;Muy_Alta;Married;5376;2;Y;No;19;Alta;Baja;80;2;10;3;#N/D;5;;1;3
35;No;Travel_Rarely;Research & Development;4;Universitaria;Other;1;53;Alta;M;Alta;1;Laboratory Technician;Alta;Divorced;1951;1;Y;No;12;Alta;Alta;80;1;1;3;#N/D;1;;0;0
27;No;Travel_Rarely;Research & Development;2;Universitaria;Life Sciences;1;54;Muy_Alta;M;Alta;1;Laboratory Technician;Alta;Divorced;2341;1;Y;No;13;Alta;Muy_Alta;80;1;1;6;#N/D;1;;0;0
26;Yes;Travel_Rarely;Research & Development;25;#N/D;Life Sciences;1;55;Baja;M;Baja;1;Laboratory Technician;Baja;Single;2293;1;Y;No;12;Alta;Alta;80;0;1;2;#N/D;1;;0;1
27;No;Travel_Frequently;Sales;8;Universitaria;Life Sciences;1;56;Muy_Alta;M;Alta;3;Sales Executive;Alta;Single;8726;1;Y;No;15;Alta;Muy_Alta;80;0;9;0;#N/D;9;3.0;1;7
30;No;Travel_Frequently;Research & Development;1;Universitaria;Medical;1;57;Alta;M;Alta;2;Laboratory Technician;Alta;Single;4011;1;Y;No;23;Muy_Alta;Muy_Alta;80;0;12;2;Alta;12;;3;7
41;Yes;Travel_Rarely;Research & Development;12;Universitaria;Technical Degree;1;58;Media;M;Alta;5;Research Director;Alta;Married;19545;1;Y;No;12;Alta;Muy_Alta;80;0;23;0;#N/D;22;;15;8
34;No;Non-Travel;Sales;23;Universitaria;Marketing;1;60;Media;M;Alta;2;Sales Executive;Alta;Single;4568;0;Y;No;20;Muy_Alta;Alta;80;0;10;2;#N/D;9;;8;7
37;No;Travel_Rarely;Research & Development;19;Universitaria;Life Sciences;1;61;Media;M;Alta;1;Research Scientist;Alta;Married;3022;4;Y;No;21;Muy_Alta;Baja;80;0;8;1;#N/D;1;;0;0
46;No;Travel_Frequently;Sales;5;Universitaria;Marketing;1;62;Baja;M;Alta;2;Sales Executive;Alta;Single;5772;4;Y;Yes;21;Muy_Alta;Alta;80;0;14;4;#N/D;9;;0;8
35;No;Travel_Rarely;Research & Development;8;Master;Life Sciences;1;63;Muy_Alta;F;Muy_Alta;1;Laboratory Technician;Muy_Alta;Married;2269;1;Y;No;19;Alta;Muy_Alta;80;0;1;2;Muy_Alta;1;4.0;0;1
48;Yes;Travel_Rarely;Research & Development;1;Secundaria;Life Sciences;1;64;Baja;F;Media;3;Laboratory Technician;Media;Single;5381;9;Y;Yes;13;Alta;Muy_Alta;80;0;23;2;#N/D;1;;0;0
28;Yes;Travel_Rarely;Research & Development;5;Universitaria;Technical Degree;1;65;Alta;F;Alta;1;Laboratory Technician;Alta;Single;3441;1;Y;Yes;13;Alta;Alta;80;0;2;3;#N/D;2;3.0;2;2
44;No;Travel_Rarely;Sales;1;Universitaria;Marketing;1;68;Media;M;Alta;2;Sales Executive;Alta;Divorced;5454;5;Y;Yes;21;Muy_Alta;Alta;80;1;9;2;#N/D;4;;1;3
35;No;Non-Travel;Research & Development;11;#N/D;Medical;1;70;Alta;F;Media;3;Healthcare Representative;Media;Married;9884;2;Y;Yes;13;Alta;Alta;80;1;10;3;#N/D;4;;2;3
26;No;Travel_Rarely;Sales;23;Secundaria;Marketing;1;72;Alta;F;Media;2;Sales Executive;Media;Married;4157;7;Y;Yes;19;Alta;Alta;80;1;5;2;#N/D;2;;0;0
33;No;Travel_Frequently;Research & Development;1;Universitaria;Life Sciences;1;73;Baja;M;Alta;3;Research Director;Alta;Single;13458;1;Y;Yes;12;Alta;Alta;80;0;15;1;#N/D;15;;8;12
35;No;Travel_Frequently;Sales;18;Universitaria;Life Sciences;1;74;Media;M;Alta;3;Sales Executive;Alta;Married;9069;1;Y;No;22;Muy_Alta;Muy_Alta;80;1;9;3;#N/D;9;;1;8
35;No;Travel_Rarely;Research & Development;23;Universitaria;Medical;1;75;Alta;F;Alta;1;Laboratory Technician;Alta;Married;4014;3;Y;Yes;15;Alta;Alta;80;1;4;3;#N/D;2;;2;2
31;No;Travel_Rarely;Research & Development;7;Universitaria;Life Sciences;1;76;Muy_Alta;M;Alta;2;Laboratory Technician;Alta;Divorced;5915;3;Y;No;22;Muy_Alta;Muy_Alta;80;1;10;3;#N/D;7;;1;7
37;No;Travel_Rarely;Research & Development;1;#N/D;Life Sciences;1;77;Baja;F;Media;2;Manufacturing Director;Media;Divorced;5993;1;Y;No;18;Alta;Alta;80;1;7;2;#N/D;7;;0;7
32;No;Travel_Rarely;Research & Development;1;Universitaria;Medical;1;78;Baja;M;Alta;2;Manufacturing Director;Alta;Married;6162;1;Y;Yes;22;Muy_Alta;Media;80;1;9;3;#N/D;9;;7;8
38;No;Travel_Frequently;Research & Development;29;Universitaria;Life Sciences;1;79;Muy_Alta;M;Alta;2;Laboratory Technician;Alta;Single;2406;1;Y;No;11;Alta;Muy_Alta;80;0;10;2;#N/D;10;3.0;9;9
50;No;Travel_Rarely;Research & Development;7;Secundaria;Medical;1;80;Media;M;Media;5;Research Director;Media;Divorced;18740;5;Y;Yes;12;Alta;Muy_Alta;80;1;29;2;#N/D;27;;13;8
59;No;Travel_Rarely;Sales;25;Universitaria;Life Sciences;1;81;Baja;M;Alta;3;Sales Executive;Alta;Single;7637;7;Y;No;11;Alta;Muy_Alta;80;0;28;3;Alta;21;;7;9
36;No;Travel_Rarely;Research & Development;8;Universitaria;Technical Degree;1;83;Alta;M;Alta;3;Healthcare Representative;Alta;Divorced;10096;1;Y;No;13;Alta;Media;80;3;17;2;#N/D;17;;12;8
55;No;Travel_Rarely;Research & Development;8;Universitaria;Medical;1;84;Muy_Alta;M;Alta;4;Manager;Alta;Divorced;14756;2;Y;Yes;14;Alta;Alta;80;3;21;2;#N/D;5;;0;2
36;No;Travel_Frequently;Research & Development;11;#N/D;Life Sciences;1;85;Media;M;#N/D;2;Manufacturing Director;#N/D;Single;6499;1;Y;No;13;Alta;Alta;80;0;6;3;#N/D;6;;0;3
45;No;Travel_Rarely;Research & Development;7;Universitaria;Life Sciences;1;86;Media;M;Alta;3;Research Scientist;Alta;Divorced;9724;2;Y;No;17;Alta;Alta;80;1;25;2;Alta;1;3.0;0;0
35;No;Travel_Frequently;Research & Development;1;#N/D;Medical;1;88;Media;M;Alta;1;Research Scientist;Alta;Married;2194;4;Y;No;13;Alta;Muy_Alta;80;1;5;2;#N/D;3;;1;2
36;Yes;Travel_Rarely;Research & Development;9;Secundaria;Medical;1;90;Muy_Alta;F;Media;1;Research Scientist;Media;Married;3388;0;Y;Yes;17;Alta;Baja;80;1;2;0;#N/D;1;;0;0
59;No;Travel_Frequently;Sales;1;Secundaria;Life Sciences;1;91;Baja;M;Media;2;Sales Executive;Media;Single;5473;7;Y;No;11;Alta;Muy_Alta;80;0;20;2;#N/D;4;;1;3
29;No;Travel_Rarely;Research & Development;2;Universitaria;Life Sciences;1;94;Alta;M;Alta;1;Research Scientist;Alta;Married;2703;0;Y;No;23;Muy_Alta;Muy_Alta;80;1;6;3;Alta;5;3.0;0;4
31;No;Travel_Rarely;Research & Development;1;Universitaria;Medical;1;95;Alta;M;Alta;1;Research Scientist;Alta;Single;2501;1;Y;No;17;Alta;Media;80;0;1;4;#N/D;1;;1;0
32;No;Travel_Rarely;Research & Development;1;Universitaria;Life Sciences;1;96;Media;M;Alta;2;Research Scientist;Alta;Married;6220;1;Y;No;17;Alta;Media;80;2;10;3;#N/D;10;;0;9
36;No;Travel_Rarely;Research & Development;6;Master;Life Sciences;1;97;Media;F;Muy_Alta;1;Laboratory Technician;Muy_Alta;Married;3038;3;Y;No;12;Alta;Media;80;0;5;3;Muy_Alta;1;;0;0
31;No;Travel_Rarely;Research & Development;8;Universitaria;Life Sciences;1;98;Alta;M;Alta;2;Manufacturing Director;Alta;Single;4424;1;Y;No;23;Muy_Alta;Muy_Alta;80;0;11;2;#N/D;11;3.0;1;8
35;No;Travel_Rarely;Sales;1;Secundaria;Marketing;1;100;Alta;F;Media;2;Sales Executive;Media;Single;4312;0;Y;No;14;Alta;Media;80;0;16;2;Media;15;;2;8
45;No;Travel_Rarely;Research & Development;6;Universitaria;Other;1;101;Muy_Alta;M;Alta;3;Research Director;Alta;Married;13245;4;Y;Yes;14;Alta;Media;80;0;17;3;Alta;0;;0;0
37;No;Travel_Rarely;Research & Development;7;Universitaria;Medical;1;102;Baja;M;Alta;3;Research Director;Alta;Single;13664;4;Y;No;13;Alta;Baja;80;0;16;3;Alta;5;;0;2
46;No;Travel_Rarely;Human Resources;5;Universitaria;Medical;1;103;Media;M;Alta;2;Human Resources;Alta;Divorced;5021;8;Y;Yes;22;Muy_Alta;Muy_Alta;80;1;16;2;#N/D;4;;0;2
30;No;Travel_Rarely;Research & Development;1;Secundaria;Life Sciences;1;104;Muy_Alta;M;Media;2;Laboratory Technician;Media;Married;5126;1;Y;Yes;12;Alta;Alta;80;2;10;1;#N/D;10;2.0;3;0
35;No;Travel_Rarely;Research & Development;1;Secundaria;Medical;1;105;Media;F;Media;1;Research Scientist;Media;Single;2859;1;Y;No;18;Alta;Baja;80;0;6;3;#N/D;6;;0;4
55;No;Travel_Rarely;Sales;1;Universitaria;Life Sciences;1;106;Baja;M;Alta;3;Sales Executive;Alta;Married;10239;3;Y;No;14;Alta;Muy_Alta;80;1;24;4;#N/D;1;;1;0
38;No;Non-Travel;Research & Development;6;Primaria;Medical;1;107;Media;M;Baja;2;Research Scientist;Baja;Divorced;5329;7;Y;Yes;12;Alta;Muy_Alta;80;3;17;3;#N/D;13;;1;9
34;No;Travel_Rarely;Research & Development;1;Universitaria;Medical;1;110;Baja;M;Alta;2;Manufacturing Director;Alta;Married;4325;1;Y;No;15;Alta;Alta;80;0;5;2;#N/D;5;;1;3
56;No;Travel_Rarely;Research & Development;7;Primaria;Life Sciences;1;112;Muy_Alta;M;Baja;3;Manufacturing Director;Baja;Single;7260;4;Y;No;11;Alta;Baja;80;0;37;3;Baja;6;;0;2
23;No;Travel_Rarely;Sales;2;Universitaria;Technical Degree;1;113;Alta;F;Alta;1;Sales Representative;Alta;Divorced;2322;3;Y;No;13;Alta;Alta;80;1;3;3;Alta;0;;0;0
51;No;Travel_Rarely;Research & Development;9;Universitaria;Life Sciences;1;116;Muy_Alta;M;Alta;1;Laboratory Technician;Alta;Married;2075;3;Y;No;23;Muy_Alta;Media;80;2;10;4;Alta;4;;0;3
30;No;Travel_Rarely;Research & Development;2;Secundaria;Life Sciences;1;117;Alta;F;Media;2;Healthcare Representative;Media;Married;4152;1;Y;No;19;Alta;Baja;80;3;11;3;#N/D;11;;10;8
46;Yes;Travel_Rarely;Sales;9;Secundaria;Medical;1;118;Alta;F;Media;3;Sales Executive;Media;Single;9619;1;Y;No;16;Alta;Muy_Alta;80;0;9;3;Media;9;;4;7
40;No;Travel_Frequently;Research & Development;1;Secundaria;Life Sciences;1;119;Alta;F;Media;4;Healthcare Representative;Media;Married;13503;1;Y;No;22;Muy_Alta;Muy_Alta;80;1;22;3;#N/D;22;;11;11
51;No;Travel_Rarely;Sales;21;Universitaria;Marketing;1;120;Alta;M;Alta;2;Sales Executive;Alta;Single;5441;0;Y;Yes;22;Muy_Alta;Muy_Alta;80;0;11;2;Alta;10;3.0;1;0
30;No;Travel_Rarely;Sales;4;Secundaria;Medical;1;121;Alta;F;Media;2;Sales Executive;Media;Divorced;5209;1;Y;Yes;12;Alta;Media;80;3;11;4;#N/D;11;;2;7
46;No;Travel_Frequently;Research & Development;1;Secundaria;Medical;1;124;Alta;F;Media;3;Healthcare Representative;Media;Married;10673;2;Y;Yes;13;Alta;Alta;80;1;21;5;Media;10;;9;5
32;No;Travel_Rarely;Sales;6;Universitaria;Medical;1;125;Media;M;Alta;2;Sales Executive;Alta;Single;5010;1;Y;No;16;Alta;Baja;80;0;12;0;#N/D;11;;5;7
54;No;Travel_Rarely;Research & Development;2;#N/D;Technical Degree;1;126;Baja;F;Alta;3;Research Director;Alta;Married;13549;9;Y;No;12;Alta;Baja;80;1;16;5;#N/D;4;;0;3
24;No;Travel_Rarely;Sales;3;Universitaria;Other;1;128;Baja;M;Alta;2;Sales Executive;Alta;Married;4999;0;Y;No;21;Muy_Alta;Baja;80;1;4;2;#N/D;3;;0;2
28;No;Non-Travel;Sales;4;Universitaria;Medical;1;129;Media;M;Alta;2;Sales Executive;Alta;Married;4221;1;Y;No;15;Alta;Media;80;0;5;3;#N/D;5;3.0;0;4
58;No;Travel_Rarely;Sales;10;Universitaria;Medical;1;131;Muy_Alta;F;Alta;4;Sales Executive;Alta;Single;13872;0;Y;No;13;Alta;Alta;80;0;38;1;Alta;37;;1;8
44;No;Non-Travel;Research & Development;23;Universitaria;Medical;1;132;Media;M;Alta;2;Laboratory Technician;Alta;Married;2042;4;Y;No;12;Alta;Alta;80;1;17;3;Alta;3;3.0;1;2
37;Yes;Travel_Rarely;Human Resources;6;Universitaria;Human Resources;1;133;Alta;M;Alta;1;Human Resources;#N/D;Divorced;2073;4;Y;Yes;22;Muy_Alta;Muy_Alta;80;0;7;3;#N/D;3;;0;2
32;No;Travel_Rarely;Research & Development;1;Universitaria;Life Sciences;1;134;Muy_Alta;M;Alta;1;Research Scientist;Alta;Single;2956;1;Y;No;13;Alta;Muy_Alta;80;0;1;2;#N/D;1;;0;0
20;Yes;Travel_Frequently;Research & Development;6;Secundaria;Life Sciences;1;137;Muy_Alta;F;Media;1;Laboratory Technician;Media;Single;2926;1;Y;Yes;18;Alta;Media;80;0;1;5;#N/D;1;2.0;1;0
34;No;Travel_Rarely;Research & Development;6;Universitaria;Other;1;138;Baja;M;Alta;2;Research Scientist;Alta;Single;4809;1;Y;No;14;Alta;Alta;80;0;16;3;Alta;16;;2;10
37;No;Non-Travel;Research & Development;2;#N/D;Life Sciences;1;139;Alta;F;Media;2;Healthcare Representative;Media;Divorced;5163;5;Y;No;14;Alta;Muy_Alta;80;1;17;2;#N/D;1;2.0;0;0
59;No;Non-Travel;Human Resources;2;Secundaria;Human Resources;1;140;Alta;F;Media;5;Manager;Media;Married;18844;9;Y;No;21;Muy_Alta;Muy_Alta;80;1;30;3;#N/D;3;;2;2
50;No;Travel_Frequently;Research & Development;1;Universitaria;Life Sciences;1;141;Baja;M;Alta;5;Research Director;Alta;Married;18172;3;Y;Yes;19;Alta;Baja;80;0;28;1;#N/D;8;3.0;0;7
25;Yes;Travel_Rarely;Sales;5;Secundaria;Marketing;1;142;Alta;F;Media;2;Sales Executive;Media;Single;5744;1;Y;Yes;11;Alta;Muy_Alta;80;0;6;1;#N/D;6;2.0;0;3
25;No;Travel_Rarely;Research & Development;7;Secundaria;Medical;1;143;Muy_Alta;F;Media;1;Research Scientist;Media;Married;2889;1;Y;No;11;Alta;Alta;80;2;2;2;Media;2;;2;1
22;No;Travel_Rarely;Research & Development;15;Universitaria;Medical;1;144;Media;M;Alta;1;Laboratory Technician;Alta;Single;2871;1;Y;No;15;Alta;Alta;80;0;1;5;Alta;0;;0;0
51;No;Travel_Frequently;Research & Development;1;Secundaria;Medical;1;145;Baja;F;Media;3;Healthcare Representative;#N/D;Single;7484;3;Y;No;20;Muy_Alta;Alta;80;0;23;1;#N/D;13;;12;8
34;Yes;Travel_Frequently;Research & Development;7;Primaria;Life Sciences;1;147;Baja;M;Baja;2;Laboratory Technician;Baja;Single;6074;1;Y;Yes;24;Muy_Alta;Muy_Alta;80;0;9;3;#N/D;9;1.0;0;6
54;No;Non-Travel;Human Resources;26;Master;Human Resources;1;148;Muy_Alta;F;Muy_Alta;4;Manager;Muy_Alta;Single;17328;2;Y;Yes;12;Alta;Alta;80;0;23;3;#N/D;5;;4;4
24;No;Travel_Rarely;Research & Development;18;Universitaria;Life Sciences;1;150;Media;M;Alta;1;Laboratory Technician;Alta;Married;2774;0;Y;No;12;Alta;Alta;80;1;6;2;#N/D;5;;1;2
34;No;Travel_Rarely;Research & Development;6;Secundaria;Life Sciences;1;151;Alta;F;Media;2;Research Scientist;Media;Divorced;4505;6;Y;No;15;Alta;Alta;80;1;12;3;#N/D;1;;0;0
37;No;Travel_Rarely;Sales;3;Universitaria;Life Sciences;1;152;Alta;M;Alta;3;Sales Executive;Alta;Single;7428;2;Y;No;12;Alta;Baja;80;0;12;3;Alta;5;;1;3
34;No;Travel_Rarely;Research & Development;5;Secundaria;Medical;1;153;Alta;F;Media;3;Manager;Media;Single;11631;2;Y;No;12;Alta;Muy_Alta;80;0;14;6;#N/D;11;;5;8
36;No;Travel_Frequently;Sales;11;Universitaria;Technical Degree;1;154;Media;M;Alta;3;Sales Executive;Alta;Married;9738;0;Y;No;14;Alta;Alta;80;1;10;6;#N/D;9;;2;8
36;No;Travel_Rarely;Research & Development;3;Universitaria;Life Sciences;1;155;Baja;M;Alta;1;Laboratory Technician;Alta;Divorced;2835;5;Y;No;22;Muy_Alta;Baja;80;1;7;2;#N/D;1;;0;0
43;No;Travel_Frequently;Sales;26;Universitaria;Life Sciences;1;158;Alta;M;Alta;4;Manager;Alta;Married;16959;1;Y;Yes;12;Alta;Muy_Alta;80;2;25;3;#N/D;25;;4;12
30;No;Travel_Frequently;Research & Development;23;Primaria;Life Sciences;1;159;Baja;M;Baja;1;Research Scientist;Baja;Divorced;2613;1;Y;No;25;Muy_Alta;Alta;80;3;10;2;Baja;10;;0;9
33;No;Non-Travel;Sales;22;Universitaria;Marketing;1;160;Alta;F;Alta;2;Sales Executive;Alta;Married;6146;0;Y;No;13;Alta;Baja;80;1;8;2;Alta;7;;0;7
56;Yes;Travel_Rarely;Research & Development;14;Universitaria;Life Sciences;1;161;Media;M;Alta;1;Research Scientist;Alta;Married;4963;9;Y;Yes;18;Alta;Baja;80;3;7;2;#N/D;5;;4;3
51;No;Travel_Rarely;Research & Development;6;Universitaria;Life Sciences;1;162;Baja;M;Alta;5;Research Director;Alta;Single;19537;7;Y;No;13;Alta;Alta;80;0;23;5;#N/D;20;;15;15
31;Yes;Travel_Rarely;Sales;6;Primaria;Life Sciences;1;163;Media;M;Baja;2;Sales Executive;Baja;Married;6172;4;Y;Yes;18;Alta;Media;80;0;12;3;#N/D;7;;7;7
26;No;Travel_Rarely;Research & Development;6;Secundaria;Other;1;164;Alta;F;Media;1;Research Scientist;Media;Married;2368;1;Y;No;19;Alta;Alta;80;0;5;3;#N/D;5;;4;3
58;Yes;Travel_Rarely;Research & Development;23;Universitaria;Medical;1;165;Muy_Alta;M;Alta;3;Healthcare Representative;Alta;Married;10312;1;Y;No;12;Alta;Muy_Alta;80;1;40;3;Alta;40;;15;6
19;Yes;Travel_Rarely;Sales;22;Universitaria;Marketing;1;167;Muy_Alta;M;Alta;1;Sales Representative;Alta;Single;1675;1;Y;Yes;19;Alta;Muy_Alta;80;0;0;2;#N/D;0;;0;0
22;No;Travel_Rarely;Research & Development;2;Universitaria;Technical Degree;1;169;Alta;M;Alta;1;Laboratory Technician;Alta;Married;2523;0;Y;No;14;Alta;Alta;80;1;3;2;#N/D;2;;2;1
49;No;Travel_Rarely;Research & Development;20;Universitaria;Medical;1;170;Alta;M;Alta;2;Manufacturing Director;Alta;Married;6567;1;Y;No;14;Alta;Alta;80;0;16;2;#N/D;15;3.0;5;11
43;No;Travel_Frequently;Research & Development;28;Master;Medical;1;171;Media;F;Muy_Alta;1;Research Scientist;Muy_Alta;Single;4739;4;Y;No;12;Alta;Muy_Alta;80;0;18;2;#N/D;3;;1;2
50;No;Travel_Frequently;Sales;12;Universitaria;Marketing;1;174;Alta;M;Alta;3;Sales Executive;Alta;Single;9208;4;Y;No;11;Alta;Muy_Alta;80;0;16;3;Alta;2;;2;1
31;Yes;Travel_Rarely;Sales;20;Primaria;Life Sciences;1;175;Media;M;Baja;2;Sales Executive;Baja;Married;4559;3;Y;Yes;11;Alta;Alta;80;1;4;2;#N/D;2;;2;2
41;No;Travel_Rarely;Sales;9;Universitaria;Life Sciences;1;176;Alta;M;Alta;3;Sales Executive;Alta;Divorced;8189;3;Y;Yes;13;Alta;Alta;80;1;12;2;#N/D;9;3.0;0;7
26;No;Travel_Rarely;Human Resources;25;Universitaria;Life Sciences;1;177;Alta;M;Alta;1;Human Resources;Alta;Married;2942;1;Y;No;23;Muy_Alta;Muy_Alta;80;1;8;3;#N/D;8;;5;7
36;No;Travel_Rarely;Research & Development;6;Universitaria;Medical;1;178;Media;F;Alta;2;Manufacturing Director;Alta;Divorced;4941;6;Y;No;20;Muy_Alta;Muy_Alta;80;2;7;0;#N/D;3;;0;1
51;Yes;Travel_Frequently;Research & Development;8;Primaria;Life Sciences;1;179;Baja;M;Baja;3;Manufacturing Director;Baja;Single;10650;2;Y;No;15;Alta;Muy_Alta;80;0;18;2;#N/D;4;;0;3
39;No;Travel_Rarely;Sales;4;Secundaria;Life Sciences;1;182;Muy_Alta;F;Media;2;Sales Executive;Media;Married;5902;4;Y;No;14;Alta;Alta;80;1;17;1;#N/D;15;;5;9
25;No;Travel_Rarely;Sales;28;Secundaria;Life Sciences;1;183;Baja;F;Media;2;Sales Executive;Media;Married;8639;2;Y;No;18;Alta;Muy_Alta;80;0;6;3;#N/D;2;;2;2
30;No;Travel_Rarely;Human Resources;9;Universitaria;Human Resources;1;184;Alta;M;Alta;2;Human Resources;Alta;Married;6347;0;Y;Yes;19;Alta;Muy_Alta;80;0;12;2;#N/D;11;;4;7
32;Yes;Travel_Rarely;Research & Development;9;Universitaria;Medical;1;190;Baja;M;Alta;1;Laboratory Technician;Alta;Single;4200;7;Y;No;22;Muy_Alta;Baja;80;0;10;2;Alta;5;;0;4
45;No;Travel_Rarely;Research & Development;29;Universitaria;Medical;1;192;Alta;M;Alta;1;Research Scientist;Alta;Single;3452;5;Y;No;13;Alta;Media;80;0;9;2;#N/D;6;;0;3
38;No;Travel_Rarely;Research & Development;3;Universitaria;Technical Degree;1;193;Muy_Alta;M;Alta;2;Research Scientist;Alta;Single;4317;3;Y;Yes;20;Muy_Alta;Media;80;0;19;2;#N/D;3;3.0;2;2
30;No;Travel_Rarely;Research & Development;18;Universitaria;Life Sciences;1;194;Baja;M;Alta;1;Research Scientist;Alta;Single;2632;1;Y;No;14;Alta;Alta;80;0;5;4;#N/D;5;;0;4
32;No;Travel_Frequently;Sales;9;Primaria;Medical;1;195;Muy_Alta;M;Baja;2;Sales Executive;Baja;Divorced;4668;0;Y;No;17;Alta;Muy_Alta;80;3;9;2;#N/D;8;;0;7
30;No;Travel_Rarely;Research & Development;5;Universitaria;Technical Degree;1;197;Muy_Alta;M;Alta;1;Research Scientist;Alta;Divorced;3204;5;Y;No;14;Alta;Muy_Alta;80;1;8;3;Alta;3;;2;2
30;No;Travel_Rarely;Research & Development;2;Secundaria;Medical;1;198;Media;F;Media;1;Laboratory Technician;Media;Single;2720;0;Y;No;13;Alta;Muy_Alta;80;0;6;3;#N/D;5;;1;2
41;No;Travel_Frequently;Research & Development;10;Secundaria;Life Sciences;1;199;Muy_Alta;F;Media;4;Manager;Media;Divorced;17181;4;Y;No;13;Alta;Media;80;1;21;2;#N/D;7;2.0;7;7
41;No;Travel_Rarely;Research & Development;9;Universitaria;Life Sciences;1;200;Alta;M;Alta;1;Laboratory Technician;Alta;Married;2238;2;Y;No;21;Muy_Alta;Muy_Alta;80;1;7;2;#N/D;5;;1;4
19;No;Travel_Rarely;Research & Development;3;Universitaria;Medical;1;201;Media;M;Alta;1;Laboratory Technician;Alta;Single;1483;1;Y;No;14;Alta;Muy_Alta;80;0;1;3;#N/D;1;;0;0
40;No;Travel_Frequently;Research & Development;26;Universitaria;Medical;1;202;Media;M;Alta;2;Research Scientist;Alta;Divorced;5605;1;Y;No;11;Alta;Baja;80;1;20;2;Alta;20;;2;13
35;No;Travel_Rarely;Sales;1;Universitaria;Marketing;1;204;Alta;M;Alta;3;Sales Executive;Alta;Married;7295;1;Y;No;13;Alta;Baja;80;2;10;3;#N/D;10;;0;6
53;No;Travel_Rarely;Sales;6;Universitaria;Marketing;1;205;Media;M;Alta;2;Sales Representative;Alta;Married;2306;2;Y;Yes;20;Muy_Alta;Muy_Alta;80;1;13;3;#N/D;7;;4;5
45;No;Travel_Rarely;Research & Development;9;Universitaria;Life Sciences;1;206;Media;M;Alta;2;Laboratory Technician;Alta;Divorced;2348;8;Y;No;18;Alta;Alta;80;1;20;2;Alta;17;3.0;0;15
32;No;Travel_Frequently;Sales;8;Universitaria;Marketing;1;207;Media;F;Alta;3;Sales Executive;Alta;Single;8998;1;Y;No;14;Alta;Muy_Alta;80;0;9;2;#N/D;9;;3;7
29;No;Non-Travel;Research & Development;1;Universitaria;Technical Degree;1;208;Muy_Alta;M;Alta;2;Manufacturing Director;Alta;Married;4319;1;Y;No;13;Alta;Baja;80;1;10;1;#N/D;10;;0;9
51;No;Travel_Rarely;Research & Development;7;#N/D;Medical;1;211;Media;F;#N/D;2;Manufacturing Director;#N/D;Married;6132;2;Y;No;17;Alta;Alta;80;0;10;2;#N/D;1;;0;0
58;No;Travel_Rarely;Research & Development;9;Secundaria;Medical;1;214;Media;F;Media;1;Research Scientist;Media;Married;3346;4;Y;Yes;20;Muy_Alta;Media;80;1;9;3;Media;1;;0;0
40;No;Travel_Rarely;Sales;4;Secundaria;Marketing;1;215;Alta;F;Media;3;Sales Executive;Media;Married;10855;7;Y;No;11;Alta;Baja;80;1;15;2;Media;12;2.0;2;11
34;No;Travel_Frequently;Sales;2;Universitaria;Marketing;1;216;Alta;M;Alta;1;Sales Representative;Alta;Married;2231;6;Y;No;18;Alta;Muy_Alta;80;1;6;3;#N/D;4;;1;2
22;No;Travel_Rarely;Research & Development;19;Universitaria;Medical;1;217;Alta;M;Alta;1;Research Scientist;Alta;Married;2323;1;Y;No;24;Muy_Alta;Baja;80;2;2;6;Alta;2;3.0;2;2
27;No;Non-Travel;Research & Development;9;Universitaria;Medical;1;218;Muy_Alta;M;Alta;1;Research Scientist;Alta;Divorced;2024;6;Y;No;18;Alta;Muy_Alta;80;1;6;1;#N/D;2;;2;2
28;No;Travel_Rarely;Research & Development;21;Universitaria;Medical;1;221;Alta;M;Alta;1;Research Scientist;Alta;Married;2713;1;Y;No;11;Alta;Alta;80;1;5;2;#N/D;5;;0;2
57;No;Travel_Rarely;Research & Development;24;Master;Life Sciences;1;223;Alta;F;Muy_Alta;3;Healthcare Representative;Muy_Alta;Divorced;9439;3;Y;Yes;16;Alta;Media;80;1;12;2;#N/D;5;;1;4
27;No;Non-Travel;Research & Development;3;Secundaria;Medical;1;224;Alta;F;Media;1;Research Scientist;Media;Divorced;2566;1;Y;Yes;15;Alta;Muy_Alta;80;1;1;2;#N/D;1;;0;1
50;No;Travel_Rarely;Research & Development;11;Universitaria;Life Sciences;1;226;Alta;M;Alta;5;Manager;Alta;Single;19926;3;Y;No;15;Alta;Media;80;0;21;5;#N/D;5;;4;4
41;No;Travel_Rarely;Research & Development;14;Universitaria;Life Sciences;1;227;Baja;M;Alta;1;Research Scientist;Alta;Divorced;2451;4;Y;No;12;Alta;Baja;80;1;13;2;#N/D;9;;1;8
30;No;Travel_Rarely;Sales;5;Universitaria;Life Sciences;1;228;Media;M;Alta;3;Sales Executive;Alta;Married;9419;2;Y;No;12;Alta;Alta;80;1;12;2;#N/D;10;;7;4
38;No;Travel_Rarely;Sales;1;#N/D;Life Sciences;1;230;Baja;F;Media;2;Sales Executive;Media;Single;8686;4;Y;No;22;Muy_Alta;Alta;80;0;12;2;#N/D;8;;0;7
32;No;Travel_Rarely;Research & Development;6;Universitaria;Life Sciences;1;231;Alta;M;Alta;1;Research Scientist;Alta;Single;3038;3;Y;No;20;Muy_Alta;Baja;80;0;8;2;Alta;5;;1;4
27;No;Travel_Rarely;Research & Development;17;Universitaria;Technical Degree;1;233;Alta;M;Alta;1;Research Scientist;Alta;Married;3058;0;Y;Yes;16;Alta;Muy_Alta;80;1;6;3;#N/D;5;;1;1
19;Yes;Travel_Frequently;Sales;1;Primaria;Technical Degree;1;235;Alta;M;Baja;1;Sales Representative;Baja;Single;2325;0;Y;No;21;Muy_Alta;Baja;80;0;1;5;#N/D;0;;0;0
36;No;Travel_Frequently;Research & Development;3;Universitaria;Medical;1;238;Muy_Alta;M;Alta;1;Laboratory Technician;Alta;Single;2088;4;Y;No;12;Alta;Alta;80;0;13;3;Alta;8;;7;2
30;No;Non-Travel;Research & Development;9;Universitaria;Medical;1;239;Alta;F;Alta;2;Laboratory Technician;#N/D;Divorced;3072;1;Y;No;11;Alta;Alta;80;2;12;4;Alta;12;;6;10
45;No;Travel_Rarely;Sales;4;Universitaria;Life Sciences;1;240;Alta;M;Alta;2;Sales Executive;Alta;Divorced;5006;4;Y;Yes;11;Alta;Baja;80;1;9;3;Alta;5;;0;3
56;No;Travel_Rarely;Research & Development;8;Universitaria;Life Sciences;1;241;Alta;F;Alta;1;Research Scientist;Alta;Divorced;4257;4;Y;Yes;18;Alta;Alta;80;1;19;3;#N/D;2;;2;2
33;No;Travel_Rarely;Research & Development;2;Universitaria;Life Sciences;1;242;Alta;M;Alta;1;Research Scientist;Alta;Single;2500;0;Y;No;14;Alta;Baja;80;0;4;2;#N/D;3;;0;2
19;Yes;Travel_Rarely;Research & Development;2;Secundaria;Life Sciences;1;243;Media;F;Media;1;Laboratory Technician;Media;Single;1102;1;Y;No;22;Muy_Alta;Alta;80;0;1;3;#N/D;1;;1;0
46;No;Travel_Rarely;Sales;1;Universitaria;Marketing;1;244;Media;M;Alta;3;Sales Executive;Alta;Divorced;10453;1;Y;No;25;Muy_Alta;Alta;80;3;24;2;#N/D;24;;15;7
38;No;Travel_Rarely;Research & Development;9;Universitaria;Life Sciences;1;245;Alta;M;Alta;1;Laboratory Technician;Alta;Single;2288;1;Y;No;12;Alta;Alta;80;0;2;3;Alta;2;;2;1
31;No;Travel_Rarely;Research & Development;12;Universitaria;Medical;1;246;Alta;F;Alta;1;Research Scientist;Alta;Married;3929;8;Y;Yes;23;Muy_Alta;Alta;80;1;7;0;#N/D;4;;0;2
34;No;Travel_Rarely;Research & Development;27;Universitaria;Medical;1;247;Muy_Alta;M;Alta;1;Research Scientist;Alta;Single;2311;2;Y;No;15;Alta;Muy_Alta;80;0;9;3;#N/D;3;;1;2
41;Yes;Travel_Rarely;Sales;20;Universitaria;Marketing;1;248;Media;M;Alta;1;Sales Representative;Alta;Single;3140;1;Y;Yes;22;Muy_Alta;Muy_Alta;80;0;4;5;#N/D;4;;0;2
50;No;Travel_Rarely;Research & Development;1;Secundaria;Medical;1;249;Alta;F;Media;1;Laboratory Technician;Media;Married;3690;2;Y;No;15;Alta;Muy_Alta;80;1;5;2;#N/D;3;;0;2
53;No;Travel_Rarely;Research & Development;13;Master;Medical;1;250;Muy_Alta;F;Muy_Alta;2;Manufacturing Director;Muy_Alta;Divorced;4450;1;Y;No;11;Alta;Alta;80;2;5;3;#N/D;4;;1;3
33;No;Travel_Rarely;Research & Development;14;Universitaria;Medical;1;252;Muy_Alta;M;Alta;1;Research Scientist;Alta;Married;2756;1;Y;No;13;Alta;Muy_Alta;80;1;8;5;#N/D;8;3.0;1;6
40;No;Travel_Rarely;Research & Development;4;Universitaria;Medical;1;253;Muy_Alta;M;Alta;5;Manager;Alta;Married;19033;1;Y;No;14;Alta;Media;80;1;21;2;#N/D;20;3.0;9;9
55;No;Travel_Rarely;Research & Development;14;Master;Medical;1;254;Alta;F;Muy_Alta;5;Research Director;Muy_Alta;Single;18722;8;Y;No;11;Alta;Muy_Alta;80;0;36;3;#N/D;24;;2;15
34;No;Travel_Frequently;Research & Development;2;Secundaria;Life Sciences;1;256;Muy_Alta;F;Media;2;Manufacturing Director;Media;Married;9547;1;Y;No;17;Alta;Alta;80;0;10;2;#N/D;10;;1;9
51;No;Travel_Rarely;Research & Development;3;Universitaria;Medical;1;258;Muy_Alta;M;Alta;4;Healthcare Representative;Alta;Single;13734;3;Y;No;18;Alta;Alta;80;0;21;6;#N/D;7;3.0;1;0
52;No;Travel_Rarely;Research & Development;1;Secundaria;Life Sciences;1;259;Alta;F;Media;5;Manager;Media;Married;19999;0;Y;No;14;Alta;Baja;80;1;34;5;#N/D;33;;11;9
27;No;Travel_Rarely;Research & Development;9;Universitaria;Medical;1;260;Muy_Alta;M;Alta;1;Research Scientist;Alta;Single;2279;1;Y;No;16;Alta;Muy_Alta;80;0;7;2;#N/D;7;;0;3
35;Yes;Travel_Rarely;Research & Development;23;Secundaria;Life Sciences;1;261;Media;F;Media;2;Manufacturing Director;Media;Married;5916;3;Y;Yes;13;Alta;Baja;80;0;8;1;Media;1;;0;1
43;No;Non-Travel;Research & Development;7;Master;Medical;1;262;Muy_Alta;F;Muy_Alta;1;Research Scientist;Muy_Alta;Divorced;2089;4;Y;No;14;Alta;Muy_Alta;80;3;7;3;#N/D;5;;2;2
45;No;Non-Travel;Research & Development;2;Secundaria;Medical;1;264;Baja;F;Media;4;Manager;Media;Married;16792;9;Y;No;23;Muy_Alta;Muy_Alta;80;1;22;1;#N/D;20;;11;8
37;No;Travel_Rarely;Research & Development;21;Master;Life Sciences;1;267;Media;F;Muy_Alta;1;Research Scientist;Muy_Alta;Married;3564;1;Y;Yes;12;Alta;Baja;80;1;8;3;Muy_Alta;8;;1;7
35;No;Travel_Frequently;Research & Development;2;Universitaria;Medical;1;269;Media;M;Alta;2;Laboratory Technician;Alta;Single;4425;5;Y;No;11;Alta;Muy_Alta;80;0;10;5;Alta;6;;1;2
42;No;Non-Travel;Research & Development;21;Universitaria;Medical;1;270;Alta;M;Alta;2;Manufacturing Director;Alta;Divorced;5265;2;Y;No;16;Alta;Media;80;1;11;5;#N/D;5;;0;2
38;No;Travel_Rarely;Research & Development;2;Universitaria;Life Sciences;1;271;Muy_Alta;M;Alta;2;Manufacturing Director;Alta;Married;6553;9;Y;No;14;Alta;Media;80;0;14;3;#N/D;1;;0;0
38;No;Travel_Rarely;Research & Development;29;Universitaria;Technical Degree;1;273;Muy_Alta;M;Alta;2;Manufacturing Director;Alta;Married;6261;3;Y;No;18;Alta;Baja;80;1;9;3;#N/D;7;;1;7
27;No;Travel_Frequently;Research & Development;1;Secundaria;Technical Degree;1;274;Alta;F;Media;2;Manufacturing Director;Media;Married;4298;5;Y;No;19;Alta;Alta;80;1;6;1;Media;2;2.0;2;0
49;No;Non-Travel;Research & Development;18;Universitaria;Life Sciences;1;275;Muy_Alta;M;Alta;2;Manufacturing Director;Alta;Divorced;6804;1;Y;Yes;15;Alta;Baja;80;2;7;0;Alta;7;;1;7
34;No;Travel_Frequently;Research & Development;10;Universitaria;Medical;1;277;Muy_Alta;M;Alta;1;Research Scientist;Alta;Divorced;3815;1;Y;Yes;17;Alta;Muy_Alta;80;1;5;4;Alta;5;;2;0
40;No;Travel_Rarely;Research & Development;19;Universitaria;Medical;1;281;Alta;M;Alta;2;Laboratory Technician;Alta;Married;2741;8;Y;Yes;15;Alta;Alta;80;1;15;2;#N/D;7;;3;7
38;Yes;Travel_Rarely;Research & Development;29;Universitaria;Medical;1;282;Media;M;Alta;2;Healthcare Representative;Alta;Married;6673;7;Y;Yes;19;Alta;Media;80;0;17;2;#N/D;1;;0;0
29;Yes;Travel_Rarely;Sales;27;Universitaria;Marketing;1;283;Media;M;Alta;3;Sales Executive;Alta;Married;7639;1;Y;No;22;Muy_Alta;Muy_Alta;80;3;10;3;#N/D;10;;1;9
22;No;Travel_Rarely;Research & Development;5;Master;Life Sciences;1;284;Muy_Alta;F;Muy_Alta;1;Research Scientist;Muy_Alta;Divorced;2328;1;Y;Yes;16;Alta;Baja;80;1;4;2;Muy_Alta;4;;2;2
36;No;Travel_Frequently;Research & Development;18;Universitaria;Medical;1;286;Media;M;Alta;1;Laboratory Technician;Alta;Single;2153;1;Y;No;13;Alta;Baja;80;0;8;2;#N/D;8;;1;7
40;No;Non-Travel;Research & Development;9;Secundaria;Life Sciences;1;287;Muy_Alta;F;Media;2;Healthcare Representative;Media;Married;4876;9;Y;No;14;Alta;Muy_Alta;80;1;5;5;#N/D;3;;0;2
46;No;Travel_Rarely;Research & Development;1;Universitaria;Medical;1;288;Muy_Alta;M;Alta;3;Healthcare Representative;Alta;Divorced;9396;7;Y;No;16;Alta;Alta;80;1;17;3;Alta;4;;0;3
32;Yes;Travel_Rarely;Sales;4;Primaria;Medical;1;291;Muy_Alta;M;Baja;3;Sales Executive;Baja;Married;10400;1;Y;No;11;Alta;Alta;80;0;14;2;#N/D;14;;9;8
30;No;Non-Travel;Research & Development;1;Secundaria;Life Sciences;1;292;Alta;F;Media;3;Manufacturing Director;Media;Single;8474;1;Y;No;22;Muy_Alta;Alta;80;0;12;2;Media;11;;5;8
27;No;Travel_Frequently;Sales;20;Universitaria;Life Sciences;1;293;Muy_Alta;M;Alta;2;Sales Executive;Alta;Single;9981;1;Y;No;14;Alta;Muy_Alta;80;0;7;2;Alta;7;;0;7
51;No;Travel_Rarely;Research & Development;8;Secundaria;Life Sciences;1;296;Media;F;Media;3;Research Director;Media;Married;12490;5;Y;No;16;Alta;Muy_Alta;80;2;16;5;Media;10;2.0;4;7
30;Yes;Travel_Rarely;Research & Development;3;Universitaria;Technical Degree;1;297;Muy_Alta;M;Alta;1;Research Scientist;Alta;Single;2657;5;Y;Yes;11;Alta;Alta;80;0;8;5;Alta;5;;0;4
41;No;Travel_Rarely;Sales;6;Universitaria;Life Sciences;1;298;Muy_Alta;M;Alta;3;Manager;Alta;Single;13591;3;Y;Yes;18;Alta;Alta;80;0;16;3;#N/D;1;;0;0
30;Yes;Travel_Frequently;Sales;26;Secundaria;Marketing;1;299;Alta;F;Media;2;Sales Executive;Media;Single;6696;5;Y;No;15;Alta;Alta;80;0;9;5;Media;6;2.0;0;1
29;Yes;Travel_Rarely;Research & Development;1;Universitaria;Technical Degree;1;300;Alta;M;Alta;1;Research Scientist;Alta;Single;2058;0;Y;No;14;Alta;Muy_Alta;80;0;7;1;Alta;6;;1;5
45;No;Non-Travel;Sales;6;Secundaria;Medical;1;302;Muy_Alta;F;Media;3;Sales Executive;Media;Single;8865;6;Y;No;12;Alta;Muy_Alta;80;0;23;2;Media;19;;12;8
54;No;Travel_Rarely;Sales;3;Universitaria;Marketing;1;303;Muy_Alta;F;Alta;2;Sales Executive;Alta;Married;5940;2;Y;No;14;Alta;Muy_Alta;80;1;16;4;#N/D;6;;0;5
36;No;Travel_Rarely;Research & Development;5;Universitaria;Life Sciences;1;304;Muy_Alta;M;Alta;2;Laboratory Technician;Alta;Single;5914;8;Y;No;16;Alta;Muy_Alta;80;0;16;3;#N/D;13;;3;7
33;No;Travel_Rarely;Research & Development;4;Secundaria;Medical;1;305;Alta;F;Media;1;Research Scientist;Media;Married;2622;6;Y;No;21;Muy_Alta;Muy_Alta;80;0;7;3;#N/D;3;;1;1
37;No;Travel_Frequently;Research & Development;11;Universitaria;Other;1;306;Media;M;Alta;3;Research Director;Alta;Divorced;12185;1;Y;Yes;14;Alta;Alta;80;3;10;1;#N/D;10;;0;7
38;No;Travel_Rarely;Sales;3;Universitaria;Life Sciences;1;307;Baja;M;Alta;3;Sales Executive;Alta;Divorced;10609;0;Y;No;12;Alta;Alta;80;2;17;6;#N/D;16;;5;13
31;No;Non-Travel;Research & Development;1;Primaria;Medical;1;308;Alta;M;Baja;2;Manufacturing Director;Baja;Married;4345;0;Y;No;12;Alta;Muy_Alta;80;1;6;2;#N/D;5;;1;4
59;No;Travel_Rarely;Research & Development;3;Secundaria;Life Sciences;1;309;Alta;F;Media;1;Research Scientist;Media;Married;2177;3;Y;No;17;Alta;Baja;80;1;7;6;#N/D;1;;0;0
37;No;Travel_Frequently;Sales;4;Universitaria;Marketing;1;311;Baja;M;Alta;1;Sales Representative;Alta;Divorced;2793;4;Y;No;17;Alta;Alta;80;1;13;2;Alta;9;3.0;5;8
29;No;Travel_Frequently;Sales;1;Universitaria;Medical;1;312;Media;M;Alta;3;Sales Executive;Alta;Married;7918;1;Y;No;14;Alta;Muy_Alta;80;1;11;5;#N/D;11;;4;1
35;No;Travel_Frequently;Sales;1;Universitaria;Marketing;1;314;Alta;M;Alta;3;Sales Executive;Alta;Single;8789;1;Y;No;14;Alta;Baja;80;0;10;3;Alta;10;;0;8
29;Yes;Travel_Rarely;Research & Development;18;Secundaria;Medical;1;315;Alta;F;Media;1;Research Scientist;Media;Single;2389;1;Y;Yes;13;Alta;Alta;80;0;4;3;#N/D;4;;0;1
52;No;Travel_Rarely;Research & Development;2;Secundaria;Life Sciences;1;316;Alta;F;Media;1;Laboratory Technician;Media;Single;3212;7;Y;No;15;Alta;Media;80;0;6;3;Media;2;;2;2
42;No;Travel_Rarely;Research & Development;4;#N/D;Technical Degree;1;319;Alta;M;#N/D;5;Manager;#N/D;Married;19232;1;Y;No;11;Alta;Muy_Alta;80;0;22;3;#N/D;22;;11;15
59;No;Travel_Rarely;Human Resources;6;Universitaria;Medical;1;321;Media;M;Alta;1;Human Resources;Alta;Married;2267;8;Y;No;17;Alta;Muy_Alta;80;0;7;2;Alta;2;;2;2
50;No;Travel_Rarely;Sales;1;Universitaria;Medical;1;323;Muy_Alta;M;Alta;5;Manager;Alta;Divorced;19517;3;Y;No;11;Alta;Alta;80;1;32;3;#N/D;7;3.0;0;6
33;Yes;Travel_Rarely;Research & Development;14;Universitaria;Medical;1;325;Alta;M;Alta;1;Laboratory Technician;Alta;Married;2436;5;Y;Yes;13;Alta;Alta;80;1;8;2;#N/D;5;3.0;0;4
43;No;Travel_Rarely;Sales;16;Universitaria;Marketing;1;327;Muy_Alta;M;Alta;4;Manager;Alta;Married;16064;5;Y;Yes;22;Muy_Alta;Alta;80;1;22;3;#N/D;17;3.0;1;9
33;Yes;Travel_Rarely;Research & Development;2;Universitaria;Life Sciences;1;328;Baja;M;Alta;1;Laboratory Technician;Alta;Married;2707;7;Y;No;20;Muy_Alta;Baja;80;0;13;3;#N/D;9;;1;7
52;No;Non-Travel;Sales;2;Secundaria;Life Sciences;1;329;Baja;F;Media;5;Manager;Media;Single;19068;1;Y;Yes;18;Alta;Muy_Alta;80;0;33;2;#N/D;33;;15;12
32;No;Travel_Rarely;Sales;4;Universitaria;Life Sciences;1;330;Alta;M;Alta;1;Sales Representative;Alta;Married;3931;2;Y;No;11;Alta;Baja;80;1;6;5;Alta;4;;1;2
32;Yes;Travel_Rarely;Research & Development;1;Secundaria;Life Sciences;1;331;Muy_Alta;F;Media;1;Laboratory Technician;Media;Single;3730;0;Y;Yes;14;Alta;Muy_Alta;80;0;4;2;Media;3;;1;2
39;No;Travel_Rarely;Research & Development;1;Universitaria;Medical;1;332;Alta;M;Alta;1;Laboratory Technician;Alta;Divorced;2232;7;Y;No;14;Alta;Alta;80;3;7;1;#N/D;3;;1;2
32;No;Non-Travel;Sales;26;Universitaria;Marketing;1;333;Alta;M;Alta;2;Sales Executive;#N/D;Married;4465;0;Y;No;18;Alta;Baja;80;0;4;2;#N/D;3;;2;2
41;No;Travel_Rarely;Research & Development;19;Universitaria;Life Sciences;1;334;Alta;M;Alta;2;Research Scientist;Alta;Divorced;3072;2;Y;No;16;Alta;Baja;80;2;17;2;#N/D;1;;0;0
40;No;Travel_Rarely;Research & Development;24;Universitaria;Technical Degree;1;335;Baja;F;Alta;2;Research Scientist;Alta;Divorced;3319;1;Y;No;17;Alta;Baja;80;2;9;3;Alta;9;;4;7
45;No;Travel_Rarely;Research & Development;1;Master;Other;1;336;Alta;M;Muy_Alta;5;Manager;Muy_Alta;Married;19202;0;Y;No;11;Alta;Alta;80;1;25;2;Muy_Alta;24;;1;7
31;No;Travel_Frequently;Research & Development;3;Universitaria;Medical;1;337;Media;M;Alta;3;Research Director;Alta;Divorced;13675;9;Y;No;12;Alta;Baja;80;1;9;3;#N/D;2;;2;2
33;No;Travel_Rarely;Research & Development;5;Secundaria;Life Sciences;1;338;Alta;F;Media;1;Research Scientist;Media;Married;2911;1;Y;No;13;Alta;Alta;80;1;2;2;#N/D;2;;0;2
34;No;Travel_Rarely;Research & Development;2;Secundaria;Life Sciences;1;339;Muy_Alta;F;Media;2;Manufacturing Director;Media;Married;5957;6;Y;No;13;Alta;Media;80;1;13;3;Media;11;;5;9
37;No;Travel_Rarely;Research & Development;1;Secundaria;Medical;1;340;Alta;F;Media;1;Research Scientist;Media;Married;3920;2;Y;No;14;Alta;Baja;80;1;17;2;#N/D;3;2.0;0;2
45;No;Travel_Frequently;Research & Development;7;Master;Life Sciences;1;341;Baja;F;Muy_Alta;2;Manufacturing Director;Muy_Alta;Married;6434;4;Y;No;17;Alta;Muy_Alta;80;1;9;1;Muy_Alta;3;;0;2
37;Yes;Travel_Frequently;Research & Development;10;Universitaria;Medical;1;342;Baja;M;Alta;3;Manufacturing Director;#N/D;Divorced;10048;6;Y;No;11;Alta;Media;80;2;17;5;Alta;1;;0;0
39;No;Travel_Frequently;Research & Development;2;Universitaria;Technical Degree;1;343;Alta;M;Alta;3;Healthcare Representative;Alta;Single;10938;0;Y;No;25;Muy_Alta;Muy_Alta;80;0;20;1;Alta;19;;11;8
29;No;Travel_Rarely;Research & Development;15;Universitaria;Life Sciences;1;346;Alta;M;Alta;1;Research Scientist;Alta;Single;2340;1;Y;No;19;Alta;Baja;80;0;6;1;#N/D;6;;1;5
42;No;Travel_Rarely;Research & Development;17;Master;Life Sciences;1;347;Muy_Alta;F;Muy_Alta;2;Research Scientist;Muy_Alta;Single;6545;3;Y;Yes;13;Alta;Alta;80;0;10;1;#N/D;3;;0;2
29;No;Travel_Rarely;Sales;20;Universitaria;Marketing;1;349;Muy_Alta;M;Alta;2;Sales Executive;Alta;Divorced;6931;2;Y;No;14;Alta;Muy_Alta;80;1;10;2;#N/D;3;;0;2
25;No;Travel_Rarely;Research & Development;1;Universitaria;Life Sciences;1;350;Baja;M;Alta;2;Manufacturing Director;Alta;Married;4898;0;Y;No;12;Alta;Muy_Alta;80;2;5;3;Alta;4;3.0;1;2
42;No;Travel_Rarely;Research & Development;2;Secundaria;Medical;1;351;Muy_Alta;F;Media;1;Laboratory Technician;Media;Divorced;2593;0;Y;Yes;11;Alta;Alta;80;1;10;4;Media;9;2.0;7;8
40;No;Travel_Rarely;Research & Development;2;Universitaria;Medical;1;352;Baja;F;Alta;5;Research Director;Alta;Divorced;19436;0;Y;No;19;Alta;Muy_Alta;80;1;22;5;Alta;21;;3;9
51;No;Travel_Rarely;Research & Development;1;#N/D;Life Sciences;1;353;Alta;M;Alta;1;Research Scientist;Alta;Married;2723;1;Y;No;11;Alta;Media;80;0;1;0;#N/D;1;;0;0
31;Yes;Travel_Frequently;Research & Development;29;Secundaria;Medical;1;355;Alta;F;Media;1;Laboratory Technician;Media;Single;3479;0;Y;No;11;Alta;Media;80;0;6;2;#N/D;5;;1;4
32;No;Travel_Frequently;Research & Development;7;Master;Life Sciences;1;359;Media;F;Muy_Alta;1;Laboratory Technician;Muy_Alta;Married;2794;1;Y;No;20;Muy_Alta;Alta;80;0;5;3;#N/D;5;;0;3
38;No;Non-Travel;Sales;2;Secundaria;Life Sciences;1;361;Muy_Alta;F;Media;2;Sales Executive;Media;Married;5249;3;Y;No;18;Alta;Muy_Alta;80;1;13;0;#N/D;8;;7;5
32;No;Travel_Rarely;Research & Development;2;Secundaria;Technical Degree;1;362;Muy_Alta;F;Media;2;Laboratory Technician;Media;Single;2176;4;Y;No;13;Alta;Muy_Alta;80;0;9;5;#N/D;6;;0;4
46;No;Travel_Rarely;Sales;2;Primaria;Technical Degree;1;363;Alta;M;Baja;4;Manager;Baja;Married;16872;3;Y;Yes;12;Alta;Media;80;1;28;2;#N/D;7;;7;7
28;Yes;Travel_Rarely;Research & Development;2;Universitaria;Life Sciences;1;364;Baja;M;Alta;1;Laboratory Technician;Alta;Single;3485;2;Y;No;11;Alta;Alta;80;0;5;5;#N/D;0;;0;0
29;No;Travel_Rarely;Sales;2;Secundaria;Medical;1;366;Baja;F;Media;2;Sales Executive;Media;Married;6644;2;Y;No;19;Alta;Media;80;2;10;2;#N/D;0;;0;0
31;No;Travel_Rarely;Research & Development;23;Secundaria;Medical;1;367;Media;F;Media;2;Healthcare Representative;Media;Married;5582;0;Y;No;21;Muy_Alta;Media;80;1;10;2;#N/D;9;;7;8
25;No;Non-Travel;Research & Development;5;Master;Life Sciences;1;369;Media;F;Muy_Alta;2;Healthcare Representative;Muy_Alta;Divorced;4000;1;Y;No;12;Alta;Muy_Alta;80;2;6;2;#N/D;6;4.0;1;5
45;No;Travel_Rarely;Research & Development;20;Universitaria;Medical;1;372;Alta;M;Alta;4;Healthcare Representative;Alta;Married;13496;0;Y;Yes;14;Alta;Media;80;0;21;2;#N/D;20;;4;10
36;No;Travel_Rarely;Research & Development;6;Universitaria;Life Sciences;1;373;Muy_Alta;M;Alta;1;Laboratory Technician;Alta;Married;3210;0;Y;No;11;Alta;Alta;80;1;16;4;#N/D;15;;10;11
55;No;Travel_Rarely;Research & Development;1;Universitaria;Medical;1;374;Muy_Alta;M;Alta;5;Manager;Alta;Single;19045;0;Y;Yes;14;Alta;Alta;80;0;37;2;#N/D;36;3.0;4;13
47;Yes;Non-Travel;Research & Development;29;Universitaria;Life Sciences;1;376;Baja;M;Alta;3;Manager;Alta;Married;11849;1;Y;Yes;12;Alta;Muy_Alta;80;1;10;2;Alta;10;;9;9
28;No;Travel_Rarely;Research & Development;9;Universitaria;Medical;1;377;Muy_Alta;M;Alta;1;Research Scientist;Alta;Married;2070;1;Y;No;23;Muy_Alta;Muy_Alta;80;1;5;3;#N/D;5;;0;4
37;No;Travel_Rarely;Sales;6;Universitaria;Medical;1;378;Alta;M;Alta;2;Sales Executive;Alta;Married;6502;4;Y;No;14;Alta;Media;80;1;7;5;#N/D;5;;0;1
21;No;Travel_Rarely;Research & Development;3;Secundaria;Medical;1;379;Muy_Alta;F;Media;1;Research Scientist;Media;Single;3230;1;Y;No;17;Alta;Baja;80;0;3;4;Media;3;;1;0
37;No;Non-Travel;Research & Development;1;Universitaria;Medical;1;380;Baja;M;Alta;3;Research Director;#N/D;Divorced;13603;2;Y;Yes;18;Alta;Baja;80;2;15;2;Alta;5;;0;2
35;No;Travel_Rarely;Research & Development;22;Master;Life Sciences;1;381;Media;F;Muy_Alta;3;Manager;Muy_Alta;Divorced;11996;7;Y;No;18;Alta;Media;80;1;10;6;#N/D;7;4.0;6;2
38;No;Travel_Rarely;Sales;7;#N/D;Medical;1;382;Baja;F;Muy_Alta;2;Sales Executive;Muy_Alta;Divorced;5605;1;Y;Yes;24;Muy_Alta;Alta;80;1;8;3;#N/D;8;4.0;7;7
26;No;Travel_Frequently;Research & Development;1;Universitaria;Life Sciences;1;384;Alta;M;Alta;2;Manufacturing Director;Alta;Divorced;6397;1;Y;No;20;Muy_Alta;Baja;80;1;6;6;Alta;6;3.0;1;4
50;No;Travel_Rarely;Research & Development;4;Universitaria;Life Sciences;1;385;Baja;M;Alta;5;Research Director;Alta;Divorced;19144;3;Y;No;14;Alta;Baja;80;2;28;4;#N/D;10;;1;6
53;No;Travel_Rarely;Research & Development;3;#N/D;Medical;1;386;Alta;M;Alta;4;Research Director;Alta;Married;17584;3;Y;Yes;16;Alta;Muy_Alta;80;3;21;5;#N/D;5;;1;3
42;No;Travel_Rarely;Sales;1;Universitaria;Life Sciences;1;387;Media;M;Alta;2;Sales Executive;Alta;Married;4907;1;Y;No;25;Muy_Alta;Alta;80;0;20;3;Alta;20;;11;6
29;No;Travel_Frequently;Sales;2;Universitaria;Life Sciences;1;388;Media;M;Alta;2;Sales Executive;Alta;Single;4554;1;Y;No;18;Alta;Baja;80;0;10;3;Alta;10;;0;9
55;No;Travel_Rarely;Research & Development;20;Universitaria;Technical Degree;1;389;Media;M;Alta;2;Laboratory Technician;Alta;Married;5415;3;Y;Yes;19;Alta;Muy_Alta;80;1;12;4;#N/D;10;;0;8
26;No;Travel_Frequently;Research & Development;11;Universitaria;Medical;1;390;Baja;M;Alta;2;Healthcare Representative;Alta;Married;4741;1;Y;Yes;13;Alta;Alta;80;1;5;3;#N/D;5;3.0;3;3
37;No;Travel_Rarely;Research & Development;1;Universitaria;Life Sciences;1;391;Muy_Alta;M;Alta;1;Research Scientist;Alta;Single;2115;1;Y;No;12;Alta;Media;80;0;17;3;Alta;17;3.0;5;7
44;Yes;Travel_Frequently;Research & Development;24;Universitaria;Life Sciences;1;392;Muy_Alta;F;Alta;1;Laboratory Technician;Alta;Divorced;3161;3;Y;Yes;22;Muy_Alta;Muy_Alta;80;1;19;0;#N/D;1;;0;0
38;No;Travel_Rarely;Research & Development;23;Universitaria;Life Sciences;1;393;Muy_Alta;M;Alta;2;Healthcare Representative;Alta;Divorced;5745;9;Y;No;14;Alta;Media;80;1;10;2;Alta;2;;1;2
26;Yes;Travel_Rarely;Research & Development;16;Universitaria;Medical;1;394;Baja;M;Alta;1;Laboratory Technician;Alta;Divorced;2373;2;Y;Yes;13;Alta;Muy_Alta;80;1;5;2;#N/D;3;;0;2
28;No;Travel_Rarely;Research & Development;8;Universitaria;Life Sciences;1;395;Muy_Alta;M;Alta;1;Research Scientist;Alta;Single;3310;1;Y;No;21;Muy_Alta;Muy_Alta;80;0;5;3;#N/D;5;;0;2
49;No;Travel_Frequently;Research & Development;10;Universitaria;Life Sciences;1;396;Alta;M;Alta;5;Research Director;Alta;Single;18665;9;Y;Yes;11;Alta;Muy_Alta;80;0;22;4;Alta;3;;1;2
36;No;Travel_Rarely;Research & Development;3;Universitaria;Technical Degree;1;397;Alta;M;Alta;2;Research Scientist;Alta;Single;4485;4;Y;No;12;Alta;Muy_Alta;80;0;10;2;#N/D;8;;7;7
31;No;Travel_Frequently;Sales;5;Universitaria;Marketing;1;399;Muy_Alta;M;Alta;1;Sales Representative;Alta;Divorced;2789;1;Y;No;11;Alta;Alta;80;1;2;5;#N/D;2;;2;2
26;Yes;Travel_Rarely;Sales;4;Secundaria;Marketing;1;401;Muy_Alta;F;Media;2;Sales Executive;Media;Single;5828;1;Y;Yes;12;Alta;Media;80;0;8;0;#N/D;8;;7;4
37;No;Travel_Frequently;Research & Development;9;Universitaria;Medical;1;403;Media;M;Alta;1;Research Scientist;Alta;Married;2326;1;Y;Yes;12;Alta;Alta;80;3;4;3;#N/D;4;;1;2
42;No;Travel_Frequently;Sales;26;Universitaria;Marketing;1;404;Alta;M;Alta;4;Sales Executive;Alta;Married;13525;5;Y;No;14;Alta;Muy_Alta;80;1;23;2;Alta;20;;4;8
18;Yes;Travel_Rarely;Research & Development;3;Universitaria;Life Sciences;1;405;Alta;M;Alta;1;Laboratory Technician;Alta;Single;1420;1;Y;No;13;Alta;Alta;80;0;0;2;#N/D;0;;0;0
35;No;Travel_Rarely;Sales;16;Universitaria;Marketing;1;406;Alta;M;Alta;3;Sales Executive;Alta;Married;8020;0;Y;No;15;Alta;Alta;80;2;12;3;#N/D;11;;6;9
36;No;Travel_Frequently;Research & Development;18;Master;Life Sciences;1;407;Alta;M;Muy_Alta;1;Laboratory Technician;Muy_Alta;Married;3688;4;Y;No;18;Alta;Muy_Alta;80;2;4;2;#N/D;1;;0;0
51;No;Travel_Rarely;Research & Development;2;Primaria;Medical;1;408;Muy_Alta;M;Baja;2;Manufacturing Director;Baja;Divorced;5482;5;Y;No;18;Alta;Muy_Alta;80;1;13;3;Baja;4;;1;2
41;No;Travel_Rarely;Sales;2;Universitaria;Life Sciences;1;410;Muy_Alta;M;Alta;4;Manager;Alta;Single;16015;1;Y;No;19;Alta;Media;80;0;22;2;#N/D;22;;0;4
18;No;Travel_Rarely;Sales;10;Secundaria;Medical;1;411;Muy_Alta;F;Media;1;Sales Representative;Media;Single;1200;1;Y;No;12;Alta;Baja;80;0;0;2;#N/D;0;;0;0
28;No;Travel_Rarely;Research & Development;16;Master;Medical;1;412;Media;F;Muy_Alta;2;Healthcare Representative;Muy_Alta;Single;5661;0;Y;No;19;Alta;Alta;80;0;9;2;#N/D;8;;0;7
31;No;Travel_Rarely;Sales;7;Master;Technical Degree;1;416;Media;F;Muy_Alta;2;Sales Executive;Muy_Alta;Married;6929;4;Y;No;11;Alta;Media;80;1;10;3;#N/D;8;;7;7
39;No;Travel_Rarely;Research & Development;1;Master;Medical;1;417;Alta;F;Muy_Alta;3;Healthcare Representative;Muy_Alta;Divorced;9613;0;Y;No;17;Alta;Baja;80;3;19;5;Muy_Alta;18;4.0;3;7
36;No;Non-Travel;Research & Development;24;Universitaria;Life Sciences;1;419;Media;F;Alta;2;Laboratory Technician;Alta;Married;5674;7;Y;No;15;Alta;Alta;80;1;11;3;#N/D;9;;0;8
32;No;Travel_Rarely;Sales;7;Secundaria;Life Sciences;1;420;Muy_Alta;F;Media;2;Sales Executive;Media;Married;5484;1;Y;No;14;Alta;Alta;80;1;13;3;#N/D;13;;4;8
38;No;Travel_Rarely;Research & Development;25;Secundaria;Life Sciences;1;421;Baja;F;Media;3;Research Director;Media;Married;12061;3;Y;No;17;Alta;Alta;80;1;19;2;#N/D;10;;0;1
58;No;Non-Travel;Research & Development;1;Primaria;Life Sciences;1;422;Muy_Alta;F;Baja;2;Healthcare Representative;Baja;Divorced;5660;2;Y;Yes;13;Alta;Muy_Alta;80;1;12;2;Baja;5;;1;2
31;No;Travel_Rarely;Research & Development;5;Universitaria;Technical Degree;1;423;Alta;M;Alta;1;Research Scientist;Alta;Married;4821;0;Y;Yes;12;Alta;Alta;80;1;6;4;Alta;5;;0;3
31;No;Travel_Rarely;Human Resources;2;Secundaria;Human Resources;1;424;Baja;F;Media;2;Human Resources;Media;Married;6410;3;Y;No;12;Alta;Muy_Alta;80;0;9;1;Media;2;;1;0
45;No;Travel_Frequently;Research & Development;7;Universitaria;Life Sciences;1;425;Baja;M;Alta;3;Laboratory Technician;Alta;Divorced;5210;1;Y;No;18;Alta;Baja;80;1;24;2;#N/D;24;;9;11
31;No;Travel_Rarely;Research & Development;2;Universitaria;Life Sciences;1;426;Alta;M;Alta;1;Research Scientist;Alta;Divorced;2695;0;Y;Yes;18;Alta;Media;80;1;3;2;#N/D;2;3.0;2;2
33;No;Travel_Frequently;Research & Development;5;Universitaria;Life Sciences;1;428;Muy_Alta;M;Alta;3;Manager;Alta;Married;11878;6;Y;No;11;Alta;Media;80;2;12;2;#N/D;10;3.0;8;8
39;No;Travel_Rarely;Research & Development;10;Universitaria;Medical;1;429;Alta;F;Alta;4;Manager;Alta;Married;17068;1;Y;Yes;14;Alta;Muy_Alta;80;0;21;3;#N/D;21;;11;10
43;No;Travel_Frequently;Research & Development;10;Universitaria;Life Sciences;1;430;Alta;M;Alta;1;Laboratory Technician;Alta;Single;2455;0;Y;No;19;Alta;Baja;80;0;9;5;#N/D;8;;1;7
49;No;Travel_Rarely;Research & Development;1;Secundaria;Technical Degree;1;431;Alta;M;Media;4;Healthcare Representative;Media;Single;13964;7;Y;Yes;12;Alta;Muy_Alta;80;0;25;2;#N/D;7;;0;7
52;Yes;Travel_Rarely;Research & Development;8;Secundaria;Medical;1;433;Alta;F;Media;2;Research Scientist;Media;Married;4941;2;Y;No;15;Alta;Baja;80;0;11;3;#N/D;8;2.0;7;7
27;No;Travel_Rarely;Research & Development;5;Universitaria;Life Sciences;1;434;Alta;M;Alta;1;Research Scientist;#N/D;Single;2478;1;Y;Yes;12;Alta;Media;80;0;4;2;#N/D;4;;1;2
32;No;Travel_Rarely;Sales;8;#N/D;Technical Degree;1;436;Alta;F;Media;2;Sales Executive;Media;Married;5228;1;Y;Yes;11;Alta;Muy_Alta;80;0;13;2;Media;13;;11;9
27;No;Travel_Rarely;Sales;2;Universitaria;Life Sciences;1;437;Muy_Alta;M;Alta;2;Sales Executive;Alta;Single;4478;1;Y;Yes;11;Alta;Baja;80;0;5;3;#N/D;5;;0;4
31;No;Travel_Rarely;Sales;7;Universitaria;Marketing;1;438;Muy_Alta;M;Alta;2;Sales Executive;Alta;Divorced;7547;4;Y;No;12;Alta;Muy_Alta;80;3;13;3;Alta;7;;1;7
32;No;Travel_Rarely;Research & Development;2;Master;Medical;1;439;Baja;F;Muy_Alta;2;Research Scientist;Muy_Alta;Single;5055;7;Y;No;16;Alta;Alta;80;0;10;0;#N/D;7;;0;7
28;Yes;Travel_Rarely;Research & Development;2;Primaria;Medical;1;440;Baja;M;Baja;1;Research Scientist;Baja;Married;3464;5;Y;Yes;13;Alta;Muy_Alta;80;0;5;4;Baja;3;;2;2
30;No;Travel_Rarely;Research & Development;28;Universitaria;Medical;1;441;Muy_Alta;M;Alta;2;Research Scientist;Alta;Married;5775;1;Y;No;13;Alta;Muy_Alta;80;2;11;2;Alta;10;;1;9
31;No;Travel_Frequently;Research & Development;7;Secundaria;Life Sciences;1;442;Alta;F;Media;3;Manufacturing Director;Media;Married;8943;1;Y;No;24;Muy_Alta;Baja;80;1;10;2;#N/D;10;2.0;8;9
39;No;Travel_Frequently;Research & Development;7;Secundaria;Medical;1;444;Alta;F;Media;5;Manager;Media;Married;19272;1;Y;No;15;Alta;Baja;80;1;21;2;Media;21;;13;3
39;Yes;Travel_Rarely;Sales;3;Universitaria;Medical;1;445;Muy_Alta;M;Alta;2;Sales Executive;Alta;Married;5238;4;Y;Yes;18;Alta;Baja;80;0;12;3;#N/D;1;;0;0
33;No;Travel_Frequently;Sales;10;Secundaria;Marketing;1;446;Media;M;Media;2;Sales Executive;Media;Single;4682;3;Y;No;14;Alta;Alta;80;0;9;6;#N/D;7;;0;1
47;No;Travel_Rarely;Research & Development;5;Universitaria;Life Sciences;1;447;Muy_Alta;M;Alta;5;Research Director;Alta;Married;18300;4;Y;No;11;Alta;Media;80;1;21;2;Alta;3;;1;1
43;No;Travel_Frequently;Research & Development;10;Secundaria;Life Sciences;1;448;Alta;F;Media;2;Laboratory Technician;Media;Divorced;5257;1;Y;No;11;Alta;Media;80;1;9;3;#N/D;9;;0;0
27;No;Non-Travel;Sales;1;Universitaria;Marketing;1;449;Alta;M;Alta;2;Sales Executive;Alta;Married;6349;0;Y;Yes;13;Alta;Muy_Alta;80;1;6;0;Alta;5;;1;4
54;No;Travel_Frequently;Research & Development;20;Universitaria;Life Sciences;1;450;Muy_Alta;M;Alta;2;Research Scientist;Alta;Single;4869;3;Y;No;12;Alta;Muy_Alta;80;0;20;4;#N/D;4;;0;3
43;No;Travel_Rarely;Research & Development;7;Universitaria;Life Sciences;1;451;Alta;M;Alta;3;Healthcare Representative;Alta;Married;9985;8;Y;No;16;Alta;Baja;80;1;10;1;#N/D;1;;0;0
45;No;Travel_Rarely;Research & Development;8;Universitaria;Other;1;452;Muy_Alta;M;Alta;2;Research Scientist;Alta;Married;3697;9;Y;No;14;Alta;Baja;80;2;12;3;#N/D;10;;9;8
40;No;Travel_Rarely;Sales;1;Primaria;Medical;1;453;Media;M;Baja;2;Sales Executive;Baja;Married;7457;2;Y;Yes;22;Muy_Alta;Alta;80;3;6;2;Baja;4;1.0;0;2
29;Yes;Travel_Rarely;Research & Development;8;Primaria;Other;1;454;Media;M;Baja;1;Laboratory Technician;Baja;Married;2119;1;Y;Yes;11;Alta;Muy_Alta;80;0;7;4;#N/D;7;;0;7
29;No;Travel_Rarely;Research & Development;9;Secundaria;Other;1;455;Media;F;Media;1;Laboratory Technician;Media;Single;3983;0;Y;No;17;Alta;Alta;80;0;4;2;Media;3;;2;2
30;No;Travel_Rarely;Sales;5;Secundaria;Marketing;1;456;Muy_Alta;F;Media;2;Sales Executive;Media;Divorced;6118;1;Y;No;13;Alta;Alta;80;3;10;2;#N/D;10;;1;2
27;No;Travel_Rarely;Sales;8;Universitaria;Marketing;1;458;Media;M;Alta;2;Sales Executive;Alta;Married;6214;1;Y;No;18;Alta;Baja;80;1;8;3;Alta;8;;0;7
37;No;Travel_Rarely;Research & Development;5;Universitaria;Medical;1;460;Muy_Alta;F;Alta;2;Manufacturing Director;Alta;Divorced;6347;7;Y;No;16;Alta;Alta;80;2;8;2;Alta;6;;0;4
38;No;Travel_Rarely;Research & Development;15;Secundaria;Life Sciences;1;461;Alta;F;Media;3;Research Director;Media;Divorced;11510;0;Y;Yes;14;Alta;Media;80;1;12;3;Media;11;;2;9
31;No;Travel_Rarely;Research & Development;7;Universitaria;Medical;1;462;Alta;M;Alta;3;Manufacturing Director;Alta;Single;7143;1;Y;Yes;14;Alta;Alta;80;0;11;2;Alta;11;;4;10
29;No;Travel_Rarely;Sales;10;Secundaria;Marketing;1;463;Muy_Alta;F;Media;2;Sales Executive;Media;Divorced;8268;1;Y;Yes;14;Alta;Baja;80;2;7;2;#N/D;7;;1;7
35;No;Travel_Rarely;Research & Development;5;Universitaria;Technical Degree;1;464;Alta;M;Alta;3;Manufacturing Director;Alta;Single;8095;0;Y;No;13;Alta;Muy_Alta;80;0;17;5;Alta;16;;0;13
23;No;Travel_Rarely;Research & Development;26;Universitaria;Life Sciences;1;465;Alta;M;Alta;1;Research Scientist;Alta;Divorced;2904;1;Y;No;12;Alta;Alta;80;2;4;2;Alta;4;;0;2
41;No;Travel_Rarely;Research & Development;6;Secundaria;Medical;1;466;Muy_Alta;F;Media;2;Manufacturing Director;Media;Single;6032;6;Y;Yes;15;Alta;Muy_Alta;80;0;8;3;Media;5;2.0;1;2
47;No;Travel_Frequently;Sales;4;Universitaria;Medical;1;467;Media;M;Alta;2;Sales Representative;Alta;Single;2976;3;Y;No;19;Alta;Baja;80;0;5;3;#N/D;0;;0;0
42;No;Travel_Rarely;Research & Development;23;Universitaria;Life Sciences;1;468;Baja;M;Alta;4;Research Director;Alta;Single;15992;2;Y;No;14;Alta;Media;80;0;16;2;#N/D;1;;0;0
29;No;Non-Travel;Sales;2;Universitaria;Life Sciences;1;469;Muy_Alta;M;Alta;2;Sales Executive;Alta;Married;4649;1;Y;No;14;Alta;Baja;80;1;4;3;#N/D;4;;0;2
42;No;Travel_Rarely;Human Resources;2;Universitaria;Technical Degree;1;470;Alta;M;Alta;1;Human Resources;Alta;Divorced;2696;0;Y;Yes;11;Alta;Alta;80;1;4;5;#N/D;3;;1;0
32;No;Travel_Rarely;Research & Development;2;Universitaria;Medical;1;471;Alta;M;Alta;1;Laboratory Technician;Alta;Married;2370;1;Y;No;13;Alta;Alta;80;1;8;4;#N/D;8;3.0;0;7
48;No;Travel_Rarely;Sales;29;Universitaria;Medical;1;473;Baja;M;Alta;3;Manager;Alta;Married;12504;3;Y;No;21;Muy_Alta;Media;80;1;15;3;Alta;0;;0;0
37;No;Travel_Rarely;Research & Development;6;Master;Medical;1;474;Alta;F;Muy_Alta;2;Research Scientist;Muy_Alta;Divorced;5974;4;Y;Yes;13;Alta;Baja;80;2;13;2;#N/D;7;;6;7
30;No;Non-Travel;Sales;25;Universitaria;Technical Degree;1;475;Muy_Alta;M;Alta;2;Sales Executive;Alta;Married;4736;7;Y;Yes;12;Alta;Media;80;1;4;2;Alta;2;;2;2
26;No;Travel_Rarely;Sales;1;Universitaria;Life Sciences;1;476;Alta;M;Alta;2;Sales Executive;Alta;Married;5296;1;Y;No;17;Alta;Media;80;1;8;3;Alta;8;;7;7
42;No;Travel_Rarely;Research & Development;2;Secundaria;Other;1;477;Baja;F;Media;2;Healthcare Representative;Media;Single;6781;3;Y;No;23;Muy_Alta;Media;80;0;14;6;Media;1;;0;0
21;Yes;Travel_Frequently;Sales;1;Secundaria;Technical Degree;1;478;Baja;F;Media;1;Sales Representative;Media;Single;2174;1;Y;Yes;11;Alta;Alta;80;0;3;3;Media;3;;1;2
36;No;Non-Travel;Sales;1;Universitaria;Medical;1;479;Muy_Alta;M;Alta;2;Sales Executive;Alta;Single;6653;4;Y;No;15;Alta;Media;80;0;7;6;Alta;1;3.0;0;0
36;No;Travel_Frequently;Sales;3;Secundaria;Medical;1;481;Baja;F;Media;3;Sales Executive;Media;Married;9699;4;Y;No;11;Alta;Baja;80;1;16;2;#N/D;13;;1;12
57;No;Travel_Rarely;Research & Development;1;Universitaria;Medical;1;482;Muy_Alta;M;Alta;2;Healthcare Representative;Alta;Married;6755;2;Y;No;11;Alta;Alta;80;0;15;2;#N/D;3;;1;2
40;No;Travel_Rarely;Research & Development;10;Master;Life Sciences;1;483;Muy_Alta;F;Muy_Alta;1;Laboratory Technician;Muy_Alta;Married;2213;3;Y;Yes;13;Alta;Alta;80;1;10;3;Muy_Alta;7;;1;7
21;No;Non-Travel;Sales;9;Universitaria;Medical;1;484;Baja;M;Alta;1;Sales Representative;Alta;Single;2610;1;Y;No;24;Muy_Alta;Alta;80;0;3;3;#N/D;3;;2;2
33;Yes;Travel_Rarely;Sales;5;Universitaria;Marketing;1;485;Muy_Alta;M;Alta;1;Sales Representative;Alta;Single;2851;1;Y;Yes;13;Alta;Media;80;0;1;2;#N/D;1;3.0;0;0
37;No;Travel_Rarely;Research & Development;10;Universitaria;Medical;1;486;Alta;M;Alta;1;Laboratory Technician;Alta;Married;3452;6;Y;No;20;Muy_Alta;Media;80;1;17;3;Alta;5;;0;3
46;No;Non-Travel;Research & Development;7;Universitaria;Medical;1;487;Alta;M;Alta;2;Manufacturing Director;Alta;Married;5258;2;Y;No;14;Alta;Alta;80;0;7;2;Alta;1;;0;0
41;Yes;Travel_Frequently;Sales;4;Universitaria;Marketing;1;488;Baja;M;Alta;2;Sales Executive;Alta;Single;9355;1;Y;No;18;Alta;Alta;80;0;8;5;#N/D;8;;7;7
50;No;Travel_Rarely;Research & Development;10;Secundaria;Technical Degree;1;491;Muy_Alta;F;Media;3;Healthcare Representative;Media;Single;10496;6;Y;No;15;Alta;Muy_Alta;80;0;20;2;#N/D;4;;1;3
40;Yes;Travel_Rarely;Sales;22;Secundaria;Marketing;1;492;Alta;M;Media;2;Sales Executive;Media;Married;6380;2;Y;Yes;12;Alta;Baja;80;2;8;6;#N/D;6;;1;0
31;No;Travel_Rarely;Research & Development;9;Secundaria;Life Sciences;1;493;Alta;F;Media;1;Research Scientist;Media;Single;2657;0;Y;Yes;16;Alta;Muy_Alta;80;0;3;5;#N/D;2;;2;2
21;Yes;Travel_Rarely;Sales;12;Master;Life Sciences;1;494;Alta;F;Muy_Alta;1;Sales Representative;#N/D;Single;2716;1;Y;No;15;Alta;Muy_Alta;80;0;1;0;#N/D;1;4.0;0;0
29;No;Travel_Rarely;Research & Development;23;Universitaria;Life Sciences;1;495;Muy_Alta;M;Alta;1;Research Scientist;Alta;Single;2201;9;Y;No;16;Alta;Muy_Alta;80;0;6;4;#N/D;3;;1;2
35;No;Travel_Rarely;Research & Development;9;Secundaria;Life Sciences;1;496;Alta;F;Media;2;Healthcare Representative;Media;Single;6540;9;Y;No;19;Alta;Alta;80;0;10;5;#N/D;1;;0;0
27;No;Travel_Rarely;Research & Development;1;Universitaria;Medical;1;497;Muy_Alta;M;Alta;1;Laboratory Technician;Alta;Divorced;3816;1;Y;No;11;Alta;Media;80;1;5;2;#N/D;5;;0;4
28;No;Travel_Rarely;Sales;9;Universitaria;Life Sciences;1;498;Media;M;Alta;2;Sales Executive;Alta;Single;5253;1;Y;No;16;Alta;Muy_Alta;80;0;7;1;#N/D;7;;0;7
49;No;Travel_Rarely;Research & Development;7;Secundaria;Other;1;499;Media;F;Media;3;Healthcare Representative;Media;Single;10965;8;Y;No;24;Muy_Alta;Alta;80;0;26;2;#N/D;5;;0;0
51;No;Travel_Rarely;Sales;14;Universitaria;Life Sciences;1;500;Alta;M;Alta;2;Sales Executive;Alta;Married;4936;4;Y;No;11;Alta;Alta;80;1;18;2;#N/D;7;;0;7
36;No;Travel_Rarely;Research & Development;2;Universitaria;Life Sciences;1;501;Muy_Alta;M;Alta;1;Research Scientist;Alta;Married;2543;4;Y;No;13;Alta;Media;80;1;6;3;Alta;2;;2;2
34;Yes;Non-Travel;Sales;19;Master;Marketing;1;502;Baja;F;Muy_Alta;2;Sales Executive;Muy_Alta;Single;5304;8;Y;Yes;13;Alta;Media;80;0;9;3;#N/D;5;;0;4
55;No;Travel_Rarely;Research & Development;2;Universitaria;Life Sciences;1;505;Alta;M;Alta;4;Manager;Alta;Single;16659;2;Y;Yes;13;Alta;Alta;80;0;30;2;#N/D;5;;1;2
24;No;Travel_Rarely;Sales;10;Universitaria;Marketing;1;507;Muy_Alta;M;Alta;2;Sales Executive;Alta;Divorced;4260;1;Y;Yes;12;Alta;Muy_Alta;80;1;5;2;#N/D;5;;0;3
30;No;Travel_Rarely;Sales;2;Universitaria;Technical Degree;1;508;Alta;M;Alta;1;Sales Representative;Alta;Married;2476;1;Y;No;18;Alta;Baja;80;1;1;3;Alta;1;3.0;0;0
26;Yes;Travel_Frequently;Research & Development;3;Universitaria;Technical Degree;1;510;Alta;M;Alta;1;Research Scientist;Alta;Single;3102;0;Y;No;22;Muy_Alta;Alta;80;0;7;2;#N/D;6;;0;4
22;No;Travel_Rarely;Research & Development;11;Universitaria;Medical;1;511;Baja;M;Alta;1;Research Scientist;Alta;Married;2244;1;Y;No;13;Alta;Muy_Alta;80;1;2;1;#N/D;2;;1;2
36;No;Travel_Rarely;Sales;2;#N/D;Medical;1;513;Media;F;Media;3;Sales Executive;Media;Married;7596;1;Y;No;13;Alta;Media;80;2;10;2;#N/D;10;;9;0
30;Yes;Travel_Frequently;Research & Development;4;Universitaria;Technical Degree;1;514;Alta;M;Alta;1;Research Scientist;Alta;Single;2285;9;Y;Yes;23;Muy_Alta;Alta;80;0;3;4;#N/D;1;;0;0
37;No;Travel_Rarely;Research & Development;14;Universitaria;Life Sciences;1;515;Muy_Alta;F;Alta;1;Laboratory Technician;#N/D;Divorced;3034;1;Y;No;12;Alta;Alta;80;1;18;2;#N/D;18;3.0;12;17
40;No;Travel_Rarely;Sales;2;Universitaria;Marketing;1;516;Muy_Alta;M;Alta;2;Sales Executive;Alta;Divorced;5715;7;Y;No;12;Alta;Alta;80;2;8;5;Alta;5;;1;3
42;No;Travel_Rarely;Research & Development;1;Universitaria;Life Sciences;1;517;Media;M;Alta;1;Laboratory Technician;Alta;Divorced;2576;3;Y;No;16;Alta;Media;80;1;8;5;Alta;5;;1;2
37;No;Travel_Rarely;Research & Development;10;#N/D;Life Sciences;1;518;Alta;M;Alta;2;Manufacturing Director;Alta;Single;4197;2;Y;Yes;12;Alta;Muy_Alta;80;0;18;2;#N/D;1;;0;1
43;No;Travel_Rarely;Research & Development;12;Secundaria;Life Sciences;1;520;Baja;F;Media;4;Research Director;Media;Divorced;14336;1;Y;No;11;Alta;Alta;80;1;25;3;#N/D;25;;3;9
40;No;Travel_Rarely;Research & Development;2;Secundaria;Medical;1;521;Media;F;Media;2;Laboratory Technician;#N/D;Married;3448;6;Y;No;22;Muy_Alta;Media;80;1;20;3;Media;1;;0;0
54;No;Travel_Rarely;Research & Development;5;Universitaria;Medical;1;522;Baja;F;Alta;5;Research Director;Alta;Married;19406;4;Y;No;11;Alta;Alta;80;1;24;4;Alta;4;;1;2
34;No;Non-Travel;Sales;4;Universitaria;Marketing;1;523;Alta;M;Alta;2;Sales Executive;Alta;Married;6538;9;Y;No;15;Alta;Baja;80;1;6;3;#N/D;3;;1;2
31;No;Travel_Rarely;Research & Development;7;Universitaria;Medical;1;524;Media;M;Alta;2;Manufacturing Director;Alta;Married;4306;1;Y;No;12;Alta;Media;80;1;13;5;#N/D;13;;3;12
43;No;Travel_Frequently;Research & Development;21;Universitaria;Medical;1;525;Muy_Alta;M;Alta;1;Laboratory Technician;Alta;Married;2258;7;Y;No;20;Muy_Alta;Baja;80;1;8;1;Alta;3;;1;2
43;No;Travel_Rarely;Research & Development;8;Universitaria;Other;1;526;Alta;M;Alta;2;Healthcare Representative;Alta;Divorced;4522;4;Y;Yes;14;Alta;Muy_Alta;80;0;8;3;#N/D;5;;0;2
25;No;Travel_Rarely;Sales;4;Secundaria;Life Sciences;1;527;Media;F;Media;2;Sales Executive;Media;Single;4487;1;Y;Yes;11;Alta;Media;80;0;5;3;#N/D;5;;1;3
37;No;Non-Travel;Research & Development;25;Universitaria;Medical;1;529;Media;M;Alta;2;Research Scientist;Alta;Married;4449;3;Y;Yes;15;Alta;Baja;80;2;15;2;#N/D;13;;10;7
31;No;Travel_Rarely;Research & Development;1;Secundaria;Life Sciences;1;530;Muy_Alta;F;Media;1;Laboratory Technician;Media;Married;2218;1;Y;No;12;Alta;Alta;80;1;4;3;#N/D;4;;3;2
39;No;Travel_Frequently;Research & Development;1;Universitaria;Life Sciences;1;531;Media;M;Alta;5;Manager;Alta;Divorced;19197;1;Y;Yes;14;Alta;Alta;80;1;21;3;#N/D;21;;1;6
56;No;Travel_Frequently;Sales;6;Master;Life Sciences;1;532;Alta;F;Muy_Alta;4;Sales Executive;Muy_Alta;Married;13212;9;Y;No;11;Alta;Muy_Alta;80;3;36;0;#N/D;7;;7;7
30;No;Travel_Rarely;Sales;12;Universitaria;Technical Degree;1;533;Media;M;Alta;2;Sales Executive;Alta;Single;6577;0;Y;No;11;Alta;Media;80;0;6;6;Alta;5;3.0;4;4
41;No;Travel_Rarely;Sales;1;Master;Marketing;1;534;Media;F;Muy_Alta;3;Sales Executive;#N/D;Married;8392;1;Y;No;16;Alta;Alta;80;1;10;2;#N/D;10;;0;7
28;No;Travel_Rarely;Research & Development;17;Universitaria;Medical;1;536;Alta;M;Alta;2;Laboratory Technician;Alta;Divorced;4558;1;Y;No;12;Alta;Muy_Alta;80;1;10;2;#N/D;10;;1;8
25;Yes;Travel_Rarely;Research & Development;3;Universitaria;Medical;1;538;Baja;M;Alta;1;Laboratory Technician;Alta;Married;4031;5;Y;No;13;Alta;Alta;80;1;6;5;Alta;2;3.0;0;2
52;No;Travel_Rarely;Research & Development;3;Secundaria;Medical;1;543;Muy_Alta;F;Media;3;Manufacturing Director;Media;Married;7969;2;Y;Yes;14;Alta;Alta;80;0;28;4;#N/D;5;;0;4
45;No;Travel_Rarely;Research & Development;10;Universitaria;Life Sciences;1;544;Baja;M;Alta;1;Research Scientist;Alta;Married;2654;3;Y;No;21;Muy_Alta;Muy_Alta;80;2;8;3;#N/D;2;;0;2
52;No;Travel_Rarely;Research & Development;4;Universitaria;Life Sciences;1;546;Muy_Alta;M;Alta;4;Manager;Alta;Married;16555;2;Y;No;13;Alta;Muy_Alta;80;0;31;2;#N/D;5;;1;4
42;No;Travel_Frequently;Research & Development;29;Universitaria;Life Sciences;1;547;Baja;M;Alta;2;Research Scientist;Alta;Divorced;4556;2;Y;No;11;Alta;Media;80;1;19;3;#N/D;5;;0;2
30;No;Travel_Rarely;Research & Development;2;Primaria;Life Sciences;1;548;Alta;M;Baja;2;Manufacturing Director;Baja;Single;6091;2;Y;No;20;Muy_Alta;Alta;80;0;11;2;Baja;5;;0;2
60;No;Travel_Rarely;Research & Development;7;Universitaria;Life Sciences;1;549;Baja;M;Alta;5;Manager;Alta;Married;19566;5;Y;No;11;Alta;Muy_Alta;80;0;33;5;Alta;29;3.0;11;10
46;No;Travel_Rarely;Research & Development;18;Universitaria;Medical;1;550;Alta;M;Alta;2;Manufacturing Director;Alta;Divorced;4810;2;Y;No;14;Alta;Alta;80;1;19;5;#N/D;10;;0;8
42;No;Travel_Frequently;Research & Development;28;#N/D;Technical Degree;1;551;Muy_Alta;F;#N/D;2;Healthcare Representative;#N/D;Married;4523;0;Y;No;11;Alta;Muy_Alta;80;3;7;4;#N/D;6;;0;4
24;Yes;Travel_Rarely;Sales;1;Universitaria;Technical Degree;1;554;Baja;M;Alta;1;Sales Representative;Alta;Single;3202;1;Y;Yes;16;Alta;Media;80;0;6;4;#N/D;5;;1;4
34;Yes;Travel_Frequently;Sales;6;Primaria;Marketing;1;555;Muy_Alta;M;Baja;1;Sales Representative;Baja;Divorced;2351;0;Y;No;16;Alta;Muy_Alta;80;1;3;3;Baja;2;;1;0
38;No;Travel_Frequently;Research & Development;2;#N/D;Life Sciences;1;556;Muy_Alta;M;Alta;1;Laboratory Technician;Alta;Married;1702;1;Y;Yes;23;Muy_Alta;Alta;80;1;1;3;#N/D;1;;0;0
40;No;Travel_Rarely;Sales;2;Universitaria;Life Sciences;1;558;Alta;M;Alta;5;Manager;Alta;Married;18041;0;Y;No;14;Alta;Muy_Alta;80;0;21;2;#N/D;20;3.0;1;12
26;No;Travel_Rarely;Research & Development;23;Universitaria;Life Sciences;1;560;Baja;M;Alta;1;Research Scientist;Alta;Divorced;2886;1;Y;No;22;Muy_Alta;Media;80;2;3;3;Alta;3;;0;2
30;No;Non-Travel;Research & Development;3;Universitaria;Life Sciences;1;562;Alta;M;Alta;1;Laboratory Technician;Alta;Married;2097;4;Y;No;15;Alta;Alta;80;1;9;3;#N/D;5;;1;4
29;No;Travel_Rarely;Research & Development;3;Secundaria;Medical;1;564;Media;F;Media;3;Research Director;Media;Married;11935;1;Y;No;18;Alta;Alta;80;0;10;2;#N/D;10;;0;7
29;Yes;Travel_Rarely;Research & Development;25;Secundaria;Technical Degree;1;565;Alta;F;Media;1;Research Scientist;Media;Married;2546;5;Y;No;16;Alta;Media;80;0;6;2;#N/D;2;2.0;1;1
19;Yes;Travel_Rarely;Human Resources;2;Secundaria;Technical Degree;1;566;Baja;F;Media;1;Human Resources;Media;Single;2564;1;Y;No;12;Alta;Alta;80;0;1;3;Media;1;;0;0
30;No;Non-Travel;Sales;22;Universitaria;Other;1;567;Alta;M;Alta;3;Sales Executive;Alta;Married;8412;0;Y;No;11;Alta;Alta;80;0;10;3;#N/D;9;;7;8
57;No;Travel_Rarely;Sales;29;Secundaria;Marketing;1;568;Baja;F;Media;4;Manager;Media;Divorced;14118;3;Y;No;12;Alta;Alta;80;1;32;3;#N/D;1;;0;0
50;No;Travel_Rarely;Research & Development;29;Secundaria;Life Sciences;1;569;Media;F;Media;4;Manager;Media;Married;17046;0;Y;No;15;Alta;Media;80;1;28;2;#N/D;27;;15;7
30;No;Non-Travel;Research & Development;2;Universitaria;Medical;1;571;Alta;M;Alta;1;Laboratory Technician;Alta;Single;2564;0;Y;No;14;Alta;Alta;80;0;12;2;#N/D;11;;6;7
60;No;Travel_Frequently;Sales;28;Secundaria;Marketing;1;573;Alta;F;Media;3;Sales Executive;Media;Married;10266;4;Y;No;19;Alta;Muy_Alta;80;0;22;5;Media;18;;13;11
47;No;Travel_Rarely;Research & Development;2;#N/D;Medical;1;574;Baja;M;Alta;2;Manufacturing Director;Alta;Divorced;5070;5;Y;No;13;Alta;Alta;80;3;20;2;#N/D;5;;0;4
46;No;Travel_Rarely;Research & Development;2;Universitaria;Life Sciences;1;575;Baja;M;Alta;4;Research Director;Alta;Married;17861;6;Y;No;13;Alta;Alta;80;0;26;2;#N/D;3;;0;1
35;No;Travel_Rarely;Research & Development;22;Primaria;Life Sciences;1;577;Muy_Alta;M;Baja;1;Laboratory Technician;#N/D;Single;4230;0;Y;No;15;Alta;Alta;80;0;6;2;Baja;5;1.0;4;3
54;No;Travel_Rarely;Research & Development;8;Universitaria;Life Sciences;1;578;Alta;M;Alta;2;Laboratory Technician;Alta;Single;3780;7;Y;No;11;Alta;Alta;80;0;19;3;#N/D;1;;0;0
34;No;Travel_Rarely;Research & Development;2;Secundaria;Life Sciences;1;579;Muy_Alta;F;Media;1;Research Scientist;Media;Divorced;2768;3;Y;No;12;Alta;Alta;80;1;14;3;#N/D;7;;5;7
46;No;Travel_Rarely;Sales;10;Secundaria;Marketing;1;580;Alta;F;Media;3;Sales Executive;Media;Married;9071;2;Y;Yes;19;Alta;Alta;80;1;15;3;Media;3;;1;2
31;No;Travel_Rarely;Research & Development;9;Universitaria;Life Sciences;1;581;Alta;M;Alta;3;Manufacturing Director;Alta;Divorced;10648;1;Y;No;25;Muy_Alta;Muy_Alta;80;1;13;6;#N/D;13;3.0;0;8
33;Yes;Travel_Rarely;Research & Development;15;Universitaria;Medical;1;582;Media;M;Alta;3;Manager;Alta;Married;13610;7;Y;Yes;12;Alta;Muy_Alta;80;0;15;2;#N/D;7;;7;7
33;Yes;Travel_Rarely;Research & Development;10;Primaria;Medical;1;584;Baja;M;Baja;1;Laboratory Technician;Baja;Divorced;3408;7;Y;No;13;Alta;Baja;80;3;8;2;Baja;4;;1;3
30;No;Travel_Rarely;Sales;7;Universitaria;Marketing;1;585;Muy_Alta;M;Alta;1;Sales Representative;Alta;Single;2983;0;Y;No;14;Alta;Baja;80;0;4;3;#N/D;3;;1;2
35;No;Travel_Rarely;Research & Development;16;Universitaria;Life Sciences;1;586;Muy_Alta;M;Alta;3;Healthcare Representative;Alta;Married;7632;4;Y;Yes;12;Alta;Alta;80;0;10;2;Alta;8;;0;0
31;Yes;Travel_Frequently;Research & Development;20;Universitaria;Life Sciences;1;587;Baja;M;Alta;3;Healthcare Representative;Alta;Married;9824;3;Y;No;12;Alta;Baja;80;0;12;2;#N/D;1;;0;0
34;Yes;Travel_Frequently;Human Resources;23;Universitaria;Human Resources;1;590;Media;M;Alta;3;Human Resources;Alta;Divorced;9950;9;Y;Yes;15;Alta;Alta;80;3;11;2;Alta;3;;0;2
42;No;Travel_Frequently;Research & Development;5;Universitaria;Other;1;591;Media;M;Alta;1;Laboratory Technician;Alta;Married;2093;4;Y;No;17;Alta;Muy_Alta;80;1;8;4;Alta;2;;2;0
36;No;Non-Travel;Sales;10;Universitaria;Medical;1;592;Media;M;Alta;3;Sales Executive;Alta;Single;9980;1;Y;No;14;Alta;Muy_Alta;80;0;10;3;#N/D;10;;9;7
22;Yes;Travel_Frequently;Research & Development;4;Secundaria;Technical Degree;1;593;Alta;M;Media;1;Laboratory Technician;Media;Single;3894;5;Y;No;16;Alta;Alta;80;0;4;3;#N/D;2;;1;2
48;No;Travel_Rarely;Sales;2;Universitaria;Marketing;1;595;Media;M;Alta;2;Sales Executive;Alta;Married;4051;2;Y;No;14;Alta;Baja;80;1;14;2;#N/D;9;;6;7
55;No;Travel_Rarely;Sales;18;Universitaria;Life Sciences;1;597;Baja;M;Alta;4;Manager;Alta;Single;16835;3;Y;No;23;Muy_Alta;Muy_Alta;80;0;37;2;#N/D;10;;7;7
41;No;Non-Travel;Sales;10;Universitaria;Life Sciences;1;599;Muy_Alta;M;Alta;2;Sales Executive;Alta;Single;6230;7;Y;No;14;Alta;Muy_Alta;80;0;16;3;#N/D;14;;1;10
35;No;Travel_Rarely;Sales;1;Universitaria;Marketing;1;600;Media;M;Alta;2;Sales Executive;Alta;Married;4717;9;Y;No;11;Alta;Alta;80;0;15;2;#N/D;11;;6;9
40;No;Travel_Rarely;Research & Development;6;Universitaria;Life Sciences;1;601;Media;M;Alta;4;Manufacturing Director;Alta;Single;13237;7;Y;No;15;Alta;Alta;80;0;22;3;Alta;20;;5;13
39;No;Travel_Frequently;Research & Development;8;Universitaria;Life Sciences;1;602;Alta;M;Alta;1;Laboratory Technician;Alta;Married;3755;1;Y;No;11;Alta;Baja;80;1;8;3;Alta;8;;0;7
31;No;Travel_Rarely;Sales;2;Universitaria;Life Sciences;1;604;Media;M;Alta;2;Sales Executive;Alta;Single;6582;4;Y;Yes;13;Alta;Alta;80;0;10;2;#N/D;6;3.0;0;5
42;No;Travel_Rarely;Research & Development;24;#N/D;Medical;1;605;Muy_Alta;M;Alta;3;Manufacturing Director;Alta;Married;7406;1;Y;Yes;21;Muy_Alta;Muy_Alta;80;1;10;5;#N/D;10;;5;8
45;No;Travel_Rarely;Sales;2;Universitaria;Other;1;606;Muy_Alta;M;Alta;2;Sales Executive;Alta;Married;4805;0;Y;No;19;Alta;Media;80;1;9;3;Alta;8;;3;7
26;Yes;Travel_Frequently;Human Resources;17;Universitaria;Life Sciences;1;608;Media;F;Alta;1;Human Resources;Alta;Divorced;2741;0;Y;Yes;11;Alta;Media;80;1;8;2;Alta;7;;1;0
29;No;Travel_Rarely;Research & Development;19;Universitaria;Technical Degree;1;611;Muy_Alta;M;Alta;2;Manufacturing Director;Alta;Divorced;4262;4;Y;No;12;Alta;Media;80;2;8;2;#N/D;3;3.0;1;2
33;No;Travel_Rarely;Research & Development;1;Master;Medical;1;612;Baja;F;Muy_Alta;4;Research Director;Muy_Alta;Divorced;16184;4;Y;No;19;Alta;Alta;80;1;10;2;#N/D;6;;0;5
31;No;Travel_Rarely;Sales;7;Secundaria;Life Sciences;1;613;Alta;F;Media;3;Manager;Media;Divorced;11557;9;Y;No;21;Muy_Alta;Alta;80;1;10;3;#N/D;5;2.0;0;1
18;Yes;Travel_Frequently;Sales;5;Universitaria;Marketing;1;614;Media;M;Alta;1;Sales Representative;Alta;Single;1878;1;Y;Yes;14;Alta;Muy_Alta;80;0;0;3;#N/D;0;;0;0
40;No;Non-Travel;Sales;28;#N/D;Other;1;615;Alta;M;Baja;3;Sales Executive;Baja;Divorced;10932;3;Y;No;15;Alta;Alta;80;1;20;2;#N/D;1;;0;1
41;No;Non-Travel;Research & Development;2;Secundaria;Other;1;616;Baja;F;Media;2;Healthcare Representative;Media;Single;6811;2;Y;Yes;17;Alta;Baja;80;0;10;3;#N/D;8;;0;7
26;No;Travel_Rarely;Sales;29;Universitaria;Medical;1;618;Baja;M;Alta;2;Sales Executive;Alta;Divorced;4306;5;Y;No;12;Alta;Baja;80;2;8;5;#N/D;0;;0;0
35;No;Travel_Rarely;Sales;1;Universitaria;Medical;1;620;Baja;M;Alta;2;Sales Executive;Alta;Single;4859;1;Y;No;16;Alta;Muy_Alta;80;0;5;3;Alta;5;3.0;0;3
34;No;Travel_Rarely;Sales;21;Master;Life Sciences;1;621;Muy_Alta;F;Muy_Alta;2;Sales Executive;Muy_Alta;Single;5337;1;Y;No;12;Alta;Muy_Alta;80;0;10;3;Muy_Alta;10;;5;7
26;Yes;Travel_Rarely;Research & Development;24;Primaria;Technical Degree;1;622;Alta;M;Baja;1;Laboratory Technician;Baja;Single;2340;1;Y;Yes;18;Alta;Media;80;0;1;3;#N/D;1;;0;0
37;No;Travel_Rarely;Research & Development;1;Universitaria;Technical Degree;1;623;Media;M;Alta;3;Manufacturing Director;Alta;Single;7491;4;Y;No;17;Alta;Muy_Alta;80;0;12;3;Alta;6;;1;2
46;No;Travel_Frequently;Research & Development;18;Universitaria;Medical;1;624;Baja;M;Alta;3;Healthcare Representative;#N/D;Married;10527;5;Y;No;11;Alta;Muy_Alta;80;0;28;3;#N/D;2;;1;2
41;No;Travel_Rarely;Sales;2;#N/D;Life Sciences;1;625;Media;M;Alta;4;Manager;Alta;Married;16595;7;Y;No;16;Alta;Media;80;1;22;2;#N/D;18;;11;8
37;No;Non-Travel;Sales;9;Universitaria;Medical;1;626;Baja;M;Alta;3;Sales Executive;Alta;Divorced;8834;1;Y;No;13;Alta;Muy_Alta;80;1;9;6;#N/D;9;;7;7
52;No;Travel_Rarely;Research & Development;6;Universitaria;Technical Degree;1;630;Muy_Alta;F;Alta;2;Research Scientist;Alta;Divorced;5577;3;Y;Yes;12;Alta;Media;80;2;18;3;Alta;10;;6;9
32;Yes;Non-Travel;Sales;11;Master;Other;1;631;Muy_Alta;F;Muy_Alta;2;Sales Executive;Muy_Alta;Married;4707;8;Y;No;12;Alta;Muy_Alta;80;0;6;2;#N/D;4;;1;2
24;No;Travel_Frequently;Sales;24;#N/D;Medical;1;632;Muy_Alta;M;Alta;1;Sales Representative;Alta;Married;2400;0;Y;No;13;Alta;Alta;80;2;3;3;#N/D;2;;2;1
38;No;Travel_Rarely;Research & Development;10;Universitaria;Medical;1;634;Alta;M;Alta;2;Healthcare Representative;#N/D;Married;9824;3;Y;No;19;Alta;Alta;80;1;18;4;Alta;1;3.0;0;0
37;No;Travel_Rarely;Research & Development;1;Universitaria;Life Sciences;1;635;Media;M;Alta;2;Manufacturing Director;Alta;Married;6447;6;Y;No;12;Alta;Media;80;1;8;2;#N/D;6;;4;3
49;No;Travel_Rarely;Research & Development;18;Secundaria;Life Sciences;1;638;Muy_Alta;F;Media;5;Research Director;Media;Divorced;19502;1;Y;Yes;17;Alta;Alta;80;1;31;5;Media;31;;0;9
24;No;Travel_Rarely;Research & Development;23;Master;Medical;1;639;Media;F;Muy_Alta;1;Research Scientist;Muy_Alta;Married;2725;1;Y;Yes;11;Alta;Media;80;2;6;3;Muy_Alta;6;4.0;1;4
26;No;Travel_Rarely;Sales;28;Universitaria;Marketing;1;641;Baja;M;Alta;2;Sales Executive;#N/D;Married;6272;1;Y;No;20;Muy_Alta;Muy_Alta;80;2;6;5;#N/D;5;;1;4
24;No;Travel_Rarely;Research & Development;17;Secundaria;Other;1;643;Muy_Alta;F;Media;1;Laboratory Technician;Media;Married;2127;1;Y;No;21;Muy_Alta;Muy_Alta;80;1;1;2;#N/D;1;;0;0
50;No;Travel_Frequently;Human Resources;3;Universitaria;Medical;1;644;Baja;M;Alta;5;Manager;#N/D;Married;18200;1;Y;No;11;Alta;Alta;80;1;32;2;Alta;32;3.0;10;7
25;No;Travel_Rarely;Sales;13;Universitaria;Medical;1;645;Media;M;Alta;1;Sales Representative;Alta;Married;2096;1;Y;No;11;Alta;Alta;80;0;7;1;Alta;7;;0;6
24;Yes;Travel_Frequently;Research & Development;7;Universitaria;Life Sciences;1;647;Baja;M;Alta;1;Laboratory Technician;Alta;Married;2886;1;Y;Yes;16;Alta;Muy_Alta;80;1;6;4;#N/D;6;;1;2
30;Yes;Travel_Frequently;Sales;12;Secundaria;Life Sciences;1;648;Media;F;Media;1;Sales Representative;Media;Married;2033;1;Y;No;18;Alta;Alta;80;1;1;2;Media;1;;0;0
34;No;Travel_Rarely;Research & Development;1;Secundaria;Life Sciences;1;649;Media;F;Media;1;Research Scientist;#N/D;Married;3622;1;Y;Yes;13;Alta;Muy_Alta;80;1;6;3;#N/D;6;;1;3
31;Yes;Travel_Rarely;Sales;13;Universitaria;Medical;1;650;Media;M;Alta;2;Sales Executive;Alta;Divorced;4233;2;Y;No;17;Alta;Alta;80;0;9;2;#N/D;3;3.0;1;2
35;No;Travel_Rarely;Research & Development;25;#N/D;Other;1;652;Baja;F;Media;2;Laboratory Technician;Media;Single;3681;4;Y;No;14;Alta;Muy_Alta;80;0;9;3;#N/D;3;;0;2
31;No;Travel_Rarely;Sales;6;Master;Medical;1;653;Baja;F;Muy_Alta;2;Sales Executive;Muy_Alta;Divorced;5460;4;Y;No;22;Muy_Alta;Muy_Alta;80;2;13;4;Muy_Alta;7;;5;7
27;No;Travel_Rarely;Research & Development;6;Secundaria;Medical;1;655;Baja;F;Media;1;Research Scientist;Media;Divorced;2187;0;Y;No;12;Alta;Alta;80;2;6;5;#N/D;5;;0;3
37;No;Travel_Rarely;Sales;2;Universitaria;Marketing;1;656;Muy_Alta;M;Alta;2;Sales Executive;Alta;Married;9602;4;Y;Yes;11;Alta;Alta;80;1;17;3;Alta;3;;1;0
20;No;Travel_Rarely;Research & Development;1;Secundaria;Life Sciences;1;657;Muy_Alta;F;Media;1;Research Scientist;Media;Single;2836;1;Y;No;13;Alta;Muy_Alta;80;0;1;0;Media;1;;0;0
42;No;Travel_Rarely;Research & Development;2;Universitaria;Life Sciences;1;659;Alta;M;Alta;2;Healthcare Representative;Alta;Married;4089;1;Y;No;13;Alta;Media;80;2;10;4;#N/D;10;3.0;2;2
43;No;Travel_Rarely;Research & Development;6;Secundaria;Other;1;661;Media;F;Media;4;Research Director;Media;Divorced;16627;4;Y;Yes;14;Alta;Alta;80;1;21;3;#N/D;1;2.0;0;0
38;No;Travel_Rarely;Research & Development;1;Universitaria;Life Sciences;1;662;Alta;M;Alta;1;Research Scientist;Alta;Single;2619;3;Y;No;17;Alta;Muy_Alta;80;0;8;3;#N/D;0;;0;0
43;No;Travel_Frequently;Research & Development;9;Universitaria;Medical;1;663;Muy_Alta;M;Alta;2;Laboratory Technician;Alta;Divorced;5679;3;Y;Yes;13;Alta;Media;80;1;10;3;#N/D;8;;4;7
48;No;Travel_Rarely;Research & Development;1;Secundaria;Life Sciences;1;664;Muy_Alta;F;Media;4;Manager;Media;Married;15402;7;Y;No;11;Alta;Baja;80;1;21;3;#N/D;3;;0;2
44;No;Travel_Rarely;Human Resources;1;Secundaria;Life Sciences;1;665;Baja;F;Media;2;Human Resources;Media;Single;5985;4;Y;No;11;Alta;Media;80;0;10;1;#N/D;2;;0;2
34;No;Travel_Rarely;Sales;14;Universitaria;Technical Degree;1;666;Alta;M;Alta;1;Sales Representative;Alta;Divorced;2579;1;Y;Yes;18;Alta;Muy_Alta;80;2;8;3;Alta;8;;0;6
27;Yes;Travel_Rarely;Sales;2;Universitaria;Marketing;1;667;Alta;M;Alta;1;Sales Representative;Alta;Divorced;3041;0;Y;No;11;Alta;Media;80;1;5;3;#N/D;4;;0;2
21;No;Travel_Rarely;Sales;22;Universitaria;Technical Degree;1;669;Alta;M;Alta;1;Sales Representative;Alta;Single;3447;1;Y;No;11;Alta;Alta;80;0;3;2;#N/D;3;;1;2
44;No;Travel_Rarely;Research & Development;3;Universitaria;Other;1;671;Muy_Alta;M;Alta;5;Manager;Alta;Married;19513;4;Y;Yes;12;Alta;Baja;80;1;26;2;#N/D;2;;0;1
22;No;Travel_Rarely;Research & Development;6;Universitaria;Medical;1;675;Baja;M;Alta;1;Research Scientist;Alta;Married;2773;0;Y;No;20;Muy_Alta;Muy_Alta;80;0;3;3;#N/D;2;;2;2
33;No;Travel_Rarely;Sales;8;Universitaria;Marketing;1;677;Alta;M;Alta;2;Sales Executive;Alta;Divorced;7104;0;Y;No;12;Alta;Muy_Alta;80;0;6;3;#N/D;5;;1;2
32;No;Travel_Rarely;Research & Development;9;Universitaria;Life Sciences;1;679;Baja;M;Alta;2;Research Scientist;Alta;Married;6322;1;Y;Yes;12;Alta;Muy_Alta;80;1;6;2;#N/D;6;;0;5
30;No;Travel_Frequently;Research & Development;3;Universitaria;Medical;1;680;Alta;M;Alta;1;Research Scientist;Alta;Divorced;2083;1;Y;No;20;Muy_Alta;Alta;80;1;1;2;Alta;1;;0;0
53;No;Travel_Rarely;Sales;1;Universitaria;Medical;1;682;Muy_Alta;M;Alta;2;Sales Executive;Alta;Single;8381;7;Y;No;20;Muy_Alta;Muy_Alta;80;0;18;2;#N/D;14;;8;10
34;No;Travel_Rarely;Research & Development;1;Universitaria;Life Sciences;1;683;Media;M;Alta;1;Research Scientist;#N/D;Married;2691;1;Y;No;12;Alta;Muy_Alta;80;1;10;4;#N/D;10;;8;8
45;Yes;Travel_Frequently;Sales;26;Universitaria;Life Sciences;1;684;Baja;F;Alta;2;Sales Executive;Alta;Married;4286;2;Y;No;14;Alta;Muy_Alta;80;2;5;4;Alta;1;;0;0
26;No;Travel_Rarely;Research & Development;6;Universitaria;Life Sciences;1;686;Alta;M;Alta;1;Laboratory Technician;Alta;Married;2659;1;Y;Yes;13;Alta;Alta;80;1;3;2;#N/D;3;;0;2
37;No;Travel_Rarely;Research & Development;3;#N/D;Other;1;689;Alta;F;#N/D;3;Manufacturing Director;#N/D;Married;9434;1;Y;No;15;Alta;Alta;80;1;10;2;#N/D;10;;7;8
29;No;Travel_Rarely;Sales;3;Universitaria;Medical;1;690;Media;M;Alta;2;Sales Executive;Alta;Married;5561;1;Y;No;14;Alta;Baja;80;1;6;5;#N/D;6;3.0;1;2
35;No;Travel_Rarely;Research & Development;6;Primaria;Life Sciences;1;691;Media;M;Baja;2;Research Scientist;Baja;Single;6646;1;Y;No;13;Alta;Media;80;0;17;3;#N/D;17;;11;8
33;No;Travel_Frequently;Research & Development;6;#N/D;Life Sciences;1;692;Alta;M;Alta;2;Healthcare Representative;Alta;Divorced;7725;3;Y;No;23;Muy_Alta;Alta;80;1;15;2;#N/D;13;;4;7
54;No;Travel_Rarely;Human Resources;19;Universitaria;Medical;1;698;Alta;F;Alta;3;Human Resources;Alta;Married;10725;2;Y;No;15;Alta;Alta;80;1;16;1;#N/D;9;;7;1
36;No;Travel_Rarely;Research & Development;9;Secundaria;Medical;1;699;Media;M;Media;2;Manufacturing Director;Media;Divorced;8847;2;Y;Yes;11;Alta;Alta;80;1;13;2;#N/D;3;;0;2
27;No;Travel_Rarely;Research & Development;3;Secundaria;Medical;1;700;Baja;F;Media;1;Research Scientist;Media;Single;2045;0;Y;No;13;Alta;Muy_Alta;80;0;5;0;#N/D;4;;1;1
20;Yes;Travel_Rarely;Research & Development;10;Universitaria;Medical;1;701;Muy_Alta;M;Alta;1;Research Scientist;Alta;Single;1009;1;Y;Yes;11;Alta;Muy_Alta;80;0;1;5;Alta;1;;1;1
33;Yes;Travel_Frequently;Research & Development;3;Universitaria;Life Sciences;1;702;Baja;M;Alta;1;Research Scientist;Alta;Single;3348;1;Y;Yes;11;Alta;Baja;80;0;10;3;#N/D;10;;9;7
35;No;Non-Travel;Research & Development;3;Secundaria;Life Sciences;1;704;Alta;F;Media;1;Laboratory Technician;Media;Married;1281;1;Y;No;18;Alta;Alta;80;2;1;3;#N/D;1;;0;0
23;No;Travel_Rarely;Research & Development;4;Master;Medical;1;705;Baja;F;Muy_Alta;1;Research Scientist;#N/D;Married;2819;2;Y;No;16;Alta;Baja;80;1;5;3;#N/D;3;4.0;0;2
25;No;Travel_Rarely;Sales;8;Master;Life Sciences;1;707;Muy_Alta;F;Muy_Alta;2;Sales Executive;Muy_Alta;Married;4851;0;Y;No;22;Muy_Alta;Alta;80;1;4;4;#N/D;3;;1;2
38;No;Travel_Rarely;Sales;7;Secundaria;Marketing;1;709;Muy_Alta;F;Media;2;Sales Executive;Media;Single;4028;0;Y;No;20;Muy_Alta;Baja;80;0;8;2;#N/D;7;2.0;0;5
29;No;Travel_Frequently;Research & Development;1;Primaria;Life Sciences;1;710;Media;M;Baja;1;Research Scientist;Baja;Divorced;2720;1;Y;No;18;Alta;Muy_Alta;80;1;10;5;#N/D;10;1.0;2;8
48;No;Travel_Rarely;Sales;2;Master;Marketing;1;712;Media;F;Muy_Alta;2;Sales Executive;Muy_Alta;Married;8120;3;Y;No;12;Alta;Muy_Alta;80;0;12;3;#N/D;2;;2;2
27;No;Travel_Frequently;Sales;3;Master;Medical;1;714;Muy_Alta;F;Muy_Alta;2;Sales Executive;#N/D;Divorced;4647;1;Y;Yes;20;Muy_Alta;Media;80;2;6;3;#N/D;6;;0;4
37;No;Travel_Rarely;Research & Development;10;Master;Life Sciences;1;715;Muy_Alta;F;Muy_Alta;1;Research Scientist;Muy_Alta;Single;4680;3;Y;No;17;Alta;Baja;80;0;4;2;#N/D;1;4.0;0;0
50;No;Travel_Rarely;Research & Development;28;Master;Medical;1;716;Muy_Alta;F;Muy_Alta;1;Laboratory Technician;Muy_Alta;Married;3221;1;Y;Yes;11;Alta;Alta;80;3;20;3;Muy_Alta;20;;3;8
34;No;Travel_Rarely;Research & Development;9;Secundaria;Medical;1;717;Muy_Alta;F;Media;3;Healthcare Representative;Media;Single;8621;1;Y;No;14;Alta;Media;80;0;9;3;#N/D;8;;7;7
24;Yes;Travel_Rarely;Sales;3;#N/D;Life Sciences;1;720;Baja;M;Alta;2;Sales Executive;Alta;Single;4577;9;Y;No;14;Alta;Baja;80;0;4;3;#N/D;2;;2;0
39;No;Travel_Rarely;Research & Development;2;Secundaria;Technical Degree;1;721;Muy_Alta;F;Media;2;Healthcare Representative;Media;Single;4553;1;Y;No;11;Alta;Baja;80;0;20;4;Media;20;2.0;11;10
32;No;Travel_Rarely;Sales;10;Universitaria;Marketing;1;722;Muy_Alta;M;Alta;2;Sales Executive;Alta;Single;5396;1;Y;No;12;Alta;Muy_Alta;80;0;10;2;#N/D;10;;0;8
50;Yes;Travel_Frequently;Sales;8;Universitaria;Technical Degree;1;723;Media;M;Alta;2;Sales Executive;Alta;Married;6796;3;Y;Yes;14;Alta;Baja;80;1;18;4;Alta;4;;1;3
38;No;Travel_Rarely;Research & Development;1;Master;Life Sciences;1;724;Media;F;Muy_Alta;2;Healthcare Representative;Muy_Alta;Single;7625;0;Y;No;13;Alta;Alta;80;0;10;4;Muy_Alta;9;;1;8
27;No;Travel_Rarely;Research & Development;1;#N/D;Life Sciences;1;725;Alta;M;#N/D;3;Manufacturing Director;#N/D;Married;7412;1;Y;No;11;Alta;Muy_Alta;80;0;9;3;#N/D;9;;0;7
32;No;Travel_Rarely;Research & Development;3;Universitaria;Life Sciences;1;727;Alta;M;Alta;3;Research Director;Alta;Single;11159;3;Y;No;15;Alta;Muy_Alta;80;0;10;6;Alta;7;;7;7
47;No;Travel_Rarely;Sales;14;Universitaria;Marketing;1;728;Muy_Alta;M;Alta;2;Sales Executive;Alta;Single;4960;2;Y;No;12;Alta;Muy_Alta;80;0;20;2;#N/D;7;;1;7
40;No;Travel_Frequently;Sales;5;Secundaria;Life Sciences;1;729;Muy_Alta;F;Media;3;Sales Executive;#N/D;Married;10475;5;Y;Yes;21;Muy_Alta;Alta;80;1;20;2;Media;18;;1;12
53;No;Travel_Rarely;Research & Development;7;Master;Life Sciences;1;730;Alta;F;Muy_Alta;4;Research Director;Muy_Alta;Married;14814;3;Y;No;19;Alta;Alta;80;0;32;3;Muy_Alta;5;;1;3
41;No;Travel_Rarely;Human Resources;10;Secundaria;Human Resources;1;731;Media;F;Media;5;Manager;Media;Divorced;19141;3;Y;No;15;Alta;Media;80;3;23;2;#N/D;21;;12;6
60;No;Travel_Rarely;Sales;16;Universitaria;Marketing;1;732;Baja;M;Alta;2;Sales Executive;Alta;Single;5405;8;Y;No;14;Alta;Muy_Alta;80;0;10;1;Alta;2;;2;2
27;No;Travel_Frequently;Research & Development;10;Universitaria;Life Sciences;1;733;Muy_Alta;M;Alta;3;Manufacturing Director;Alta;Divorced;8793;1;Y;No;21;Muy_Alta;Alta;80;2;9;4;#N/D;9;;1;7
41;No;Travel_Rarely;Human Resources;1;Secundaria;Human Resources;1;734;Muy_Alta;F;Media;5;Manager;Media;Married;19189;1;Y;No;12;Alta;Media;80;1;22;3;#N/D;22;;2;10
50;No;Travel_Rarely;Sales;8;#N/D;Marketing;1;738;Muy_Alta;M;Alta;1;Sales Representative;Alta;Married;3875;7;Y;No;15;Alta;Muy_Alta;80;1;4;2;#N/D;2;;2;2
28;Yes;Travel_Rarely;Research & Development;1;Primaria;Life Sciences;1;741;Baja;M;Baja;1;Research Scientist;#N/D;Single;2216;7;Y;Yes;13;Alta;Muy_Alta;80;0;10;4;Baja;7;;3;7
36;No;Non-Travel;Research & Development;8;Master;Life Sciences;1;742;Baja;F;Muy_Alta;3;Research Director;Muy_Alta;Married;11713;9;Y;No;14;Alta;Baja;80;1;10;2;#N/D;8;4.0;0;5
38;No;Travel_Rarely;Research & Development;1;Universitaria;Life Sciences;1;743;Alta;M;Alta;3;Manufacturing Director;Alta;Single;7861;4;Y;Yes;14;Alta;Muy_Alta;80;0;10;4;#N/D;1;3.0;0;0
44;No;Non-Travel;Research & Development;24;Primaria;Medical;1;744;Baja;M;Baja;1;Laboratory Technician;Baja;Single;3708;2;Y;No;14;Alta;Alta;80;0;9;5;#N/D;5;;1;4
47;No;Travel_Frequently;Sales;3;#N/D;Medical;1;746;Muy_Alta;F;#N/D;4;Sales Executive;#N/D;Divorced;13770;9;Y;Yes;12;Alta;Muy_Alta;80;2;28;2;#N/D;22;;11;13
30;No;Travel_Rarely;Sales;27;Universitaria;Marketing;1;747;Alta;M;Alta;2;Sales Executive;Alta;Divorced;5304;7;Y;No;23;Muy_Alta;Muy_Alta;80;1;10;2;Alta;8;3.0;7;7
29;No;Travel_Rarely;Sales;10;#N/D;Life Sciences;1;749;Alta;M;Alta;1;Sales Representative;Alta;Single;2642;1;Y;No;11;Alta;Alta;80;0;1;6;#N/D;1;;0;0
42;Yes;Travel_Frequently;Research & Development;19;#N/D;Medical;1;752;Alta;F;Muy_Alta;1;Research Scientist;Muy_Alta;Divorced;2759;6;Y;Yes;12;Alta;Muy_Alta;80;0;7;2;#N/D;2;;2;2
43;No;Travel_Frequently;Sales;15;Secundaria;Life Sciences;1;754;Muy_Alta;F;Media;2;Sales Executive;Media;Married;6804;3;Y;No;18;Alta;Alta;80;1;7;5;#N/D;2;;2;2
34;No;Travel_Rarely;Research & Development;8;Universitaria;Medical;1;757;Media;M;Alta;2;Healthcare Representative;Alta;Single;6142;3;Y;No;11;Alta;Muy_Alta;80;0;10;2;#N/D;5;;4;3
23;No;Travel_Rarely;Research & Development;9;Universitaria;Medical;1;758;Media;M;Alta;1;Laboratory Technician;Alta;Married;2500;1;Y;No;14;Alta;Muy_Alta;80;1;5;2;#N/D;4;3.0;0;2
39;No;Travel_Rarely;Human Resources;3;Master;Human Resources;1;760;Alta;F;Muy_Alta;2;Human Resources;Muy_Alta;Married;6389;9;Y;No;15;Alta;Alta;80;1;12;3;#N/D;8;;3;6
56;No;Travel_Rarely;Research & Development;9;Universitaria;Medical;1;762;Alta;M;Alta;4;Healthcare Representative;Alta;Married;11103;7;Y;No;11;Alta;Alta;80;0;30;1;#N/D;10;;1;1
40;No;Travel_Rarely;Research & Development;2;Secundaria;Medical;1;763;Muy_Alta;F;Media;1;Research Scientist;Media;Single;2342;0;Y;Yes;20;Muy_Alta;Muy_Alta;80;0;5;2;#N/D;4;;2;3
27;No;Travel_Rarely;Research & Development;7;#N/D;Medical;1;764;Muy_Alta;F;Media;2;Healthcare Representative;Media;Single;6811;8;Y;No;19;Alta;Baja;80;0;9;2;Media;7;;0;7
29;No;Travel_Rarely;Sales;10;#N/D;Marketing;1;766;Muy_Alta;M;Alta;1;Sales Representative;Alta;Divorced;2297;1;Y;No;14;Alta;Muy_Alta;80;2;2;2;Alta;2;;2;2
53;No;Travel_Rarely;Research & Development;6;Universitaria;Life Sciences;1;769;Muy_Alta;M;Alta;2;Laboratory Technician;Alta;Single;2450;2;Y;No;17;Alta;Muy_Alta;80;0;19;4;Alta;2;;2;2
35;No;Non-Travel;Research & Development;2;Universitaria;Life Sciences;1;771;Muy_Alta;M;Alta;2;Healthcare Representative;Alta;Divorced;5093;2;Y;No;11;Alta;Baja;80;1;16;2;Alta;1;;0;0
32;No;Travel_Frequently;Research & Development;24;Universitaria;Life Sciences;1;772;Baja;M;Alta;2;Laboratory Technician;Alta;Married;5309;1;Y;No;15;Alta;Muy_Alta;80;2;10;2;Alta;10;;4;7
38;No;Travel_Rarely;Research & Development;2;Universitaria;Medical;1;773;Muy_Alta;M;Alta;1;Research Scientist;Alta;Married;3057;6;Y;Yes;13;Alta;Media;80;1;6;0;#N/D;1;;0;1
34;No;Travel_Rarely;Research & Development;8;Universitaria;Life Sciences;1;775;Media;M;Alta;2;Manufacturing Director;Alta;Divorced;5121;3;Y;No;14;Alta;Alta;80;1;7;3;#N/D;0;3.0;0;0
52;No;Travel_Rarely;Sales;3;Secundaria;Marketing;1;776;Alta;F;Media;4;Manager;Media;Married;16856;1;Y;No;11;Alta;Baja;80;0;34;3;#N/D;34;;1;16
33;Yes;Travel_Rarely;Research & Development;1;Universitaria;Other;1;780;Muy_Alta;M;Alta;1;Research Scientist;Alta;Single;2686;1;Y;Yes;13;Alta;Alta;80;0;10;2;#N/D;10;;7;8
25;No;Travel_Rarely;Sales;26;Universitaria;Medical;1;781;Alta;M;Alta;2;Sales Executive;Alta;Single;6180;1;Y;No;23;Muy_Alta;Media;80;0;6;5;#N/D;6;3.0;1;4
45;No;Travel_Rarely;Sales;2;Primaria;Technical Degree;1;783;Media;M;Baja;2;Sales Representative;Baja;Single;6632;0;Y;No;13;Alta;Baja;80;0;9;3;#N/D;8;;3;1
23;No;Travel_Rarely;Research & Development;10;Master;Medical;1;784;Baja;F;Muy_Alta;1;Research Scientist;Muy_Alta;Single;3505;1;Y;No;18;Alta;Muy_Alta;80;0;2;3;Muy_Alta;2;;0;2
47;Yes;Travel_Frequently;Sales;27;Master;Life Sciences;1;785;Media;F;Muy_Alta;2;Sales Executive;Muy_Alta;Single;6397;4;Y;Yes;12;Alta;Muy_Alta;80;0;8;2;Muy_Alta;5;;1;3
34;No;Travel_Rarely;Sales;2;Universitaria;Other;1;786;Muy_Alta;M;Alta;2;Sales Executive;Alta;Single;6274;1;Y;No;22;Muy_Alta;Alta;80;0;6;5;#N/D;6;;1;4
55;Yes;Travel_Rarely;Research & Development;2;#N/D;Medical;1;787;Muy_Alta;M;Alta;5;Manager;Alta;Married;19859;5;Y;Yes;13;Alta;Muy_Alta;80;1;24;2;#N/D;5;;1;4
36;No;Non-Travel;Sales;8;Secundaria;Life Sciences;1;789;Baja;F;Media;3;Sales Executive;Media;Single;7587;1;Y;No;15;Alta;Media;80;0;10;1;Media;10;2.0;0;9
52;No;Non-Travel;Research & Development;19;Universitaria;Medical;1;791;Muy_Alta;M;Alta;1;Research Scientist;Alta;Married;4258;0;Y;No;18;Alta;Baja;80;1;5;3;Alta;4;;1;2
26;No;Travel_Frequently;Research & Development;1;Primaria;Life Sciences;1;792;Baja;M;Baja;1;Laboratory Technician;Baja;Divorced;4364;3;Y;No;14;Alta;Baja;80;1;5;2;Baja;2;;2;0
29;No;Travel_Rarely;Research & Development;27;Universitaria;Medical;1;793;Media;M;Alta;2;Healthcare Representative;Alta;Married;4335;4;Y;No;12;Alta;Baja;80;1;11;3;#N/D;8;;1;1
26;Yes;Travel_Rarely;Sales;8;Secundaria;Technical Degree;1;796;Muy_Alta;M;Media;2;Sales Executive;Media;Single;5326;6;Y;No;17;Alta;Alta;80;0;6;2;Media;4;2.0;1;2
34;No;Travel_Rarely;Research & Development;1;Master;Life Sciences;1;797;Media;F;Muy_Alta;1;Research Scientist;Muy_Alta;Single;3280;2;Y;No;16;Alta;Alta;80;0;10;2;Muy_Alta;4;;1;3
54;No;Travel_Rarely;Research & Development;19;#N/D;Medical;1;799;Muy_Alta;F;#N/D;2;Manufacturing Director;#N/D;Divorced;5485;9;Y;Yes;11;Alta;Media;80;2;9;4;#N/D;5;;1;4
27;No;Travel_Frequently;Sales;8;#N/D;Marketing;1;800;Alta;M;Alta;2;Sales Executive;Alta;Married;4342;0;Y;No;19;Alta;Media;80;1;5;3;#N/D;4;;1;1
37;No;Travel_Rarely;Research & Development;10;Universitaria;Life Sciences;1;802;Muy_Alta;M;Alta;1;Research Scientist;Alta;Divorced;2782;0;Y;Yes;13;Alta;Media;80;2;6;3;Alta;5;;4;3
38;No;Travel_Frequently;Research & Development;2;Master;Life Sciences;1;803;Baja;F;Muy_Alta;2;Manufacturing Director;Muy_Alta;Single;5980;6;Y;Yes;12;Alta;Muy_Alta;80;0;17;2;#N/D;15;;4;12
34;No;Travel_Rarely;Research & Development;2;Secundaria;Medical;1;804;Alta;F;Media;1;Research Scientist;Media;Single;4381;1;Y;No;11;Alta;Alta;80;0;6;3;#N/D;6;;1;3
35;No;Travel_Rarely;Sales;8;Universitaria;Life Sciences;1;805;Baja;M;Alta;1;Sales Representative;Alta;Married;2572;1;Y;No;16;Alta;Media;80;1;3;1;#N/D;3;;0;2
30;No;Travel_Rarely;Research & Development;1;Primaria;Life Sciences;1;806;Muy_Alta;M;Baja;1;Laboratory Technician;Baja;Married;3833;3;Y;No;21;Muy_Alta;Alta;80;2;7;2;Baja;2;;0;2
40;No;Travel_Frequently;Research & Development;2;Master;Medical;1;807;Alta;F;Muy_Alta;2;Healthcare Representative;Muy_Alta;Married;4244;1;Y;No;24;Muy_Alta;Muy_Alta;80;1;8;2;Muy_Alta;8;;3;7
34;No;Travel_Rarely;Sales;8;Universitaria;Life Sciences;1;808;Alta;M;Alta;2;Sales Executive;Alta;Married;6500;5;Y;No;17;Alta;Media;80;1;6;1;#N/D;3;;1;2
42;No;Travel_Frequently;Research & Development;8;Universitaria;Life Sciences;1;809;Media;M;Alta;5;Manager;Alta;Divorced;18430;1;Y;No;13;Alta;Media;80;1;24;4;#N/D;24;3.0;14;9
23;Yes;Travel_Rarely;Research & Development;6;Master;Life Sciences;1;811;Alta;F;Muy_Alta;1;Laboratory Technician;Muy_Alta;Married;1601;1;Y;Yes;21;Muy_Alta;Alta;80;2;1;2;Muy_Alta;0;4.0;0;0
24;No;Non-Travel;Research & Development;9;Secundaria;Life Sciences;1;812;Alta;F;Media;1;Laboratory Technician;Media;Divorced;2694;1;Y;No;11;Alta;Alta;80;3;1;4;#N/D;1;;0;0
52;No;Travel_Rarely;Research & Development;11;Universitaria;Life Sciences;1;813;Muy_Alta;M;Alta;2;Laboratory Technician;Alta;Married;3149;8;Y;No;20;Muy_Alta;Media;80;1;9;3;Alta;5;3.0;1;4
50;No;Travel_Rarely;Research & Development;2;Universitaria;Medical;1;815;Alta;F;Alta;4;Research Director;Alta;Married;17639;5;Y;No;16;Alta;Muy_Alta;80;0;30;3;#N/D;4;;0;3
29;Yes;Travel_Rarely;Research & Development;1;Secundaria;Life Sciences;1;816;Media;F;Media;1;Laboratory Technician;Media;Married;2319;1;Y;Yes;11;Alta;Muy_Alta;80;1;1;1;#N/D;1;;0;0
33;No;Travel_Rarely;Research & Development;7;Universitaria;Medical;1;817;Alta;M;Alta;3;Research Director;Alta;Married;11691;0;Y;No;11;Alta;Muy_Alta;80;0;14;3;Alta;13;;3;7
33;Yes;Travel_Rarely;Sales;16;Universitaria;Marketing;1;819;Baja;M;Alta;2;Sales Executive;Alta;Single;5324;5;Y;No;15;Alta;Alta;80;0;6;3;Alta;3;;0;2
47;No;Travel_Rarely;Research & Development;2;Universitaria;Other;1;820;Alta;M;Alta;4;Manager;Alta;Married;16752;1;Y;Yes;11;Alta;Alta;80;1;26;3;#N/D;26;;3;0
36;No;Travel_Rarely;Research & Development;1;Universitaria;Other;1;823;Alta;M;Alta;2;Manufacturing Director;Alta;Married;5228;0;Y;No;15;Alta;Baja;80;1;10;2;Alta;9;3.0;0;5
29;No;Travel_Rarely;Research & Development;23;Master;Life Sciences;1;824;Alta;F;Muy_Alta;1;Research Scientist;Muy_Alta;Married;2700;1;Y;No;24;Muy_Alta;Alta;80;1;10;3;#N/D;10;;0;7
58;Yes;Travel_Rarely;Research & Development;2;Universitaria;Life Sciences;1;825;Muy_Alta;M;Alta;5;Research Director;#N/D;Single;19246;7;Y;Yes;12;Alta;Muy_Alta;80;0;40;2;#N/D;31;;13;8
35;No;Travel_Rarely;Research & Development;1;Master;Life Sciences;1;826;Muy_Alta;F;Muy_Alta;1;Research Scientist;Muy_Alta;Single;2506;3;Y;No;13;Alta;Alta;80;0;7;0;#N/D;2;;2;2
42;No;Travel_Rarely;Research & Development;1;Secundaria;Life Sciences;1;827;Muy_Alta;F;Media;2;Manufacturing Director;Media;Married;6062;9;Y;Yes;13;Alta;Muy_Alta;80;1;8;4;Media;4;;0;2
28;Yes;Travel_Rarely;Research & Development;2;Universitaria;Medical;1;828;Alta;M;Alta;1;Research Scientist;Alta;Single;4382;6;Y;No;17;Alta;Muy_Alta;80;0;5;3;#N/D;2;;2;1
36;No;Travel_Rarely;Human Resources;13;Universitaria;Human Resources;1;829;Alta;M;Alta;1;Human Resources;Alta;Married;2143;4;Y;No;13;Alta;Media;80;1;8;2;#N/D;5;;0;4
32;No;Travel_Rarely;Research & Development;4;Secundaria;Life Sciences;1;830;Alta;F;Media;2;Manufacturing Director;Media;Married;6162;1;Y;No;12;Alta;Alta;80;1;14;3;Media;14;;6;8
40;No;Travel_Frequently;Research & Development;16;Secundaria;Medical;1;832;Baja;F;Media;2;Laboratory Technician;Media;Single;5094;6;Y;No;14;Alta;Muy_Alta;80;0;10;6;Media;1;;0;0
30;No;Travel_Rarely;Research & Development;2;#N/D;Medical;1;833;Alta;M;#N/D;2;Manufacturing Director;#N/D;Single;6877;5;Y;Yes;24;Muy_Alta;Media;80;0;12;4;#N/D;0;;0;0
45;No;Travel_Rarely;Research & Development;2;Secundaria;Life Sciences;1;834;Media;F;Media;1;Research Scientist;Media;Single;2274;1;Y;No;14;Alta;Muy_Alta;80;0;1;3;#N/D;1;;0;0
42;No;Travel_Rarely;Research & Development;29;Universitaria;Life Sciences;1;836;Media;M;Alta;2;Manufacturing Director;Alta;Married;4434;1;Y;No;13;Alta;Muy_Alta;80;1;10;3;#N/D;9;3.0;7;8
38;No;Travel_Frequently;Research & Development;12;Secundaria;Life Sciences;1;837;Baja;F;Media;2;Healthcare Representative;Media;Divorced;6288;2;Y;No;15;Alta;Alta;80;1;13;3;#N/D;4;;1;2
34;No;Travel_Frequently;Research & Development;16;Secundaria;Life Sciences;1;838;Alta;F;Media;1;Research Scientist;Media;Single;2553;1;Y;No;16;Alta;Alta;80;0;6;3;#N/D;5;;1;3
49;Yes;Travel_Rarely;Sales;11;Universitaria;Marketing;1;840;Alta;M;Alta;3;Sales Executive;Alta;Married;7654;1;Y;No;18;Alta;Baja;80;2;9;3;Alta;9;;7;7
55;Yes;Travel_Rarely;Sales;2;Universitaria;Medical;1;842;Alta;M;Alta;2;Sales Executive;Alta;Single;5160;4;Y;No;16;Alta;Alta;80;0;12;3;#N/D;9;;7;3
43;No;Travel_Rarely;Research & Development;14;Universitaria;Life Sciences;1;843;Media;M;Alta;4;Research Director;Alta;Married;17159;6;Y;No;24;Muy_Alta;Alta;80;1;22;3;#N/D;4;;1;0
27;No;Travel_Rarely;Research & Development;5;Secundaria;Technical Degree;1;844;Alta;F;Media;3;Research Director;Media;Divorced;12808;1;Y;Yes;16;Alta;Media;80;1;9;3;Media;9;;0;8
35;No;Travel_Rarely;Research & Development;7;Universitaria;Other;1;845;Alta;M;Alta;3;Manufacturing Director;Alta;Single;10221;3;Y;No;21;Muy_Alta;Media;80;0;17;3;Alta;8;;1;6
28;No;Travel_Rarely;Sales;2;Universitaria;Marketing;1;846;Media;M;Alta;2;Sales Executive;Alta;Married;4779;1;Y;Yes;20;Muy_Alta;Baja;80;0;8;2;Alta;8;;7;5
34;No;Travel_Rarely;Human Resources;3;Universitaria;Human Resources;1;847;Alta;M;Alta;1;Human Resources;Alta;Married;3737;0;Y;No;19;Alta;Alta;80;1;4;1;#N/D;3;;0;2
26;Yes;Travel_Frequently;Research & Development;5;#N/D;Medical;1;848;Alta;F;Media;1;Research Scientist;Media;Married;2366;1;Y;Yes;14;Alta;Baja;80;1;8;2;#N/D;8;2.0;1;7
27;No;Non-Travel;Research & Development;3;Universitaria;Medical;1;850;Muy_Alta;M;Alta;1;Research Scientist;Alta;Married;1706;1;Y;No;11;Alta;Alta;80;3;0;6;#N/D;0;;0;0
51;No;Travel_Rarely;Sales;26;Universitaria;Marketing;1;851;Baja;M;Alta;4;Manager;Alta;Married;16307;2;Y;No;14;Alta;Alta;80;1;29;2;#N/D;20;3.0;4;17
44;No;Travel_Rarely;Research & Development;4;Universitaria;Medical;1;852;Muy_Alta;M;Alta;2;Healthcare Representative;Alta;Single;5933;9;Y;No;12;Alta;Muy_Alta;80;0;10;2;Alta;5;;2;3
25;No;Travel_Rarely;Research & Development;2;Master;Medical;1;854;Baja;F;Muy_Alta;1;Research Scientist;Muy_Alta;Single;3424;7;Y;No;13;Alta;Alta;80;0;6;3;#N/D;4;;0;1
33;No;Travel_Rarely;Sales;1;Master;Medical;1;855;Baja;F;Muy_Alta;2;Sales Executive;Muy_Alta;Divorced;4037;1;Y;No;22;Muy_Alta;Baja;80;1;9;5;#N/D;9;4.0;0;8
35;No;Travel_Rarely;Research & Development;27;Secundaria;Medical;1;856;Alta;F;Media;1;Research Scientist;Media;Single;2559;1;Y;No;11;Alta;Muy_Alta;80;0;6;3;#N/D;6;;1;1
36;No;Travel_Rarely;Sales;1;Universitaria;Life Sciences;1;857;Media;M;Alta;2;Sales Executive;Alta;Married;6201;1;Y;Yes;14;Alta;Muy_Alta;80;1;18;1;Alta;18;;4;11
32;No;Travel_Rarely;Sales;13;Universitaria;Life Sciences;1;859;Media;M;Alta;2;Sales Executive;Alta;Divorced;4403;2;Y;No;11;Alta;Alta;80;1;8;3;#N/D;5;;0;3
30;No;Travel_Frequently;Research & Development;5;Secundaria;Life Sciences;1;861;Media;F;Media;1;Research Scientist;Media;Divorced;3761;9;Y;No;12;Alta;Media;80;1;10;3;#N/D;5;;0;3
53;No;Travel_Rarely;Sales;7;Secundaria;Marketing;1;862;Baja;F;Media;3;Sales Executive;Media;Married;10934;7;Y;Yes;18;Alta;Muy_Alta;80;1;35;3;#N/D;5;;0;4
45;No;Travel_Rarely;Sales;9;Universitaria;Marketing;1;864;Muy_Alta;M;Alta;3;Sales Executive;Alta;Divorced;10761;4;Y;Yes;12;Alta;Alta;80;1;18;2;#N/D;5;;0;2
32;No;Travel_Rarely;Research & Development;8;Master;Medical;1;865;Alta;F;Muy_Alta;2;Research Scientist;Muy_Alta;Married;5175;5;Y;No;12;Alta;Alta;80;1;9;3;#N/D;5;;1;3
52;No;Travel_Frequently;Research & Development;25;Secundaria;Medical;1;867;Alta;F;Media;4;Manufacturing Director;Media;Married;13826;3;Y;No;22;Muy_Alta;Alta;80;0;31;3;Media;9;;0;0
37;No;Travel_Rarely;Sales;16;Secundaria;Marketing;1;868;Muy_Alta;F;Media;2;Sales Executive;Media;Divorced;6334;4;Y;No;19;Alta;Muy_Alta;80;2;9;2;Media;1;;0;0
28;No;Travel_Rarely;Human Resources;8;Secundaria;Medical;1;869;Media;F;Media;1;Human Resources;Media;Divorced;4936;1;Y;No;13;Alta;Muy_Alta;80;1;6;6;#N/D;5;;0;4
22;No;Travel_Rarely;Research & Development;1;#N/D;Life Sciences;1;872;Muy_Alta;M;#N/D;2;Manufacturing Director;#N/D;Married;4775;6;Y;No;22;Muy_Alta;Baja;80;2;4;2;#N/D;2;;2;2
44;No;Travel_Rarely;Research & Development;8;Master;Life Sciences;1;874;Baja;F;Muy_Alta;1;Laboratory Technician;#N/D;Married;2818;2;Y;Yes;24;Muy_Alta;Alta;80;1;10;2;Muy_Alta;3;;0;2
42;No;Travel_Frequently;Research & Development;2;Universitaria;Medical;1;875;Media;F;Alta;1;Research Scientist;Alta;Single;2515;5;Y;Yes;14;Alta;Muy_Alta;80;0;8;2;#N/D;2;;2;2
36;No;Travel_Rarely;Human Resources;8;Secundaria;Life Sciences;1;878;Baja;F;Media;1;Human Resources;Media;Married;2342;0;Y;No;21;Muy_Alta;Alta;80;0;6;3;#N/D;5;;0;3
25;No;Travel_Rarely;Sales;3;Universitaria;Other;1;879;Alta;M;Alta;2;Sales Executive;Alta;Married;4194;1;Y;Yes;18;Alta;Muy_Alta;80;0;5;3;#N/D;5;;0;3
35;No;Travel_Rarely;Research & Development;9;Secundaria;Life Sciences;1;880;Muy_Alta;F;Media;3;Manufacturing Director;#N/D;Married;10685;1;Y;Yes;20;Muy_Alta;Media;80;1;17;2;#N/D;17;2.0;5;15
35;Yes;Travel_Frequently;Research & Development;25;Universitaria;Life Sciences;1;881;Muy_Alta;M;Alta;1;Research Scientist;Alta;Divorced;2022;1;Y;Yes;19;Alta;Baja;80;1;10;3;#N/D;10;;7;8
32;No;Non-Travel;Research & Development;1;Universitaria;Life Sciences;1;882;Muy_Alta;M;Alta;1;Laboratory Technician;Alta;Divorced;2314;0;Y;No;12;Alta;Media;80;1;4;2;#N/D;3;;0;2
25;No;Travel_Rarely;Sales;4;Secundaria;Marketing;1;885;Alta;F;Media;2;Sales Executive;Media;Married;4256;1;Y;No;12;Alta;Baja;80;0;5;1;Media;5;;0;3
49;No;Travel_Rarely;Research & Development;1;Universitaria;Technical Degree;1;887;Alta;M;Alta;1;Research Scientist;Alta;Married;3580;2;Y;No;16;Alta;Media;80;1;7;2;#N/D;4;;0;2
24;No;Non-Travel;Research & Development;4;Secundaria;Life Sciences;1;888;Baja;F;Media;1;Laboratory Technician;Media;Married;3162;0;Y;No;17;Alta;Muy_Alta;80;0;6;2;#N/D;5;;3;4
32;No;Travel_Frequently;Sales;5;Universitaria;Life Sciences;1;889;Media;M;Alta;2;Sales Executive;Alta;Married;6524;1;Y;No;14;Alta;Muy_Alta;80;1;10;3;Alta;10;3.0;5;3
38;No;Travel_Rarely;Sales;9;Secundaria;Marketing;1;893;Media;F;Media;1;Sales Representative;Media;Married;2899;0;Y;No;19;Alta;Muy_Alta;80;1;3;3;#N/D;2;;1;2
42;No;Travel_Rarely;Research & Development;3;#N/D;Life Sciences;1;894;Alta;M;Muy_Alta;2;Laboratory Technician;Muy_Alta;Married;5231;2;Y;Yes;13;Alta;Media;80;1;17;1;#N/D;5;;1;3
31;No;Travel_Rarely;Research & Development;11;Universitaria;Life Sciences;1;895;Muy_Alta;F;Alta;1;Research Scientist;Alta;Married;2356;3;Y;Yes;19;Alta;Media;80;1;8;2;#N/D;6;;0;2
29;Yes;Travel_Rarely;Sales;1;Secundaria;Medical;1;896;Media;F;Media;1;Sales Representative;Media;Divorced;2800;6;Y;Yes;19;Alta;Alta;80;3;5;3;#N/D;3;2.0;0;2
53;No;Travel_Rarely;Sales;8;Universitaria;Marketing;1;897;Baja;M;Alta;4;Sales Executive;Alta;Married;11836;5;Y;No;14;Alta;Alta;80;1;28;3;#N/D;2;;2;2
35;No;Travel_Rarely;Research & Development;25;Secundaria;Technical Degree;1;899;Muy_Alta;F;Media;3;Manufacturing Director;Media;Married;10903;3;Y;No;16;Alta;Baja;80;0;16;2;Media;13;;4;8
37;No;Travel_Frequently;Sales;21;Universitaria;Medical;1;900;Alta;M;Alta;1;Sales Representative;Alta;Married;2973;5;Y;No;15;Alta;Media;80;1;10;3;#N/D;5;;0;0
53;No;Travel_Rarely;Research & Development;23;Universitaria;Life Sciences;1;901;Muy_Alta;M;Alta;4;Research Director;Alta;Single;14275;6;Y;No;18;Alta;Alta;80;0;33;0;Alta;12;;3;8
43;No;Travel_Frequently;Research & Development;1;Universitaria;Life Sciences;1;902;Muy_Alta;M;Alta;2;Healthcare Representative;Alta;Married;5562;4;Y;No;13;Alta;Media;80;1;12;2;#N/D;5;;2;2
47;No;Travel_Rarely;Sales;2;Universitaria;Marketing;1;903;Alta;M;Alta;2;Sales Executive;Alta;Married;4537;0;Y;Yes;22;Muy_Alta;Baja;80;1;8;2;Alta;7;3.0;7;7
37;No;Non-Travel;Sales;19;Universitaria;Medical;1;904;Baja;M;Alta;3;Sales Executive;Alta;Single;7642;1;Y;Yes;13;Alta;Muy_Alta;80;0;10;2;#N/D;10;;0;9
50;No;Non-Travel;Research & Development;2;Universitaria;Life Sciences;1;905;Baja;M;Alta;4;Manager;Alta;Divorced;17924;1;Y;No;11;Alta;Muy_Alta;80;1;31;3;#N/D;31;3.0;14;7
39;No;Travel_Rarely;Human Resources;2;Secundaria;Life Sciences;1;909;Muy_Alta;F;Media;2;Human Resources;Media;Married;5204;8;Y;No;11;Alta;Alta;80;2;13;2;#N/D;5;;0;4
33;No;Travel_Rarely;Human Resources;3;Universitaria;Human Resources;1;910;Muy_Alta;M;Alta;1;Human Resources;Alta;Divorced;2277;3;Y;Yes;11;Alta;Alta;80;1;7;4;#N/D;4;;0;3
32;Yes;Travel_Rarely;Research & Development;25;Universitaria;Life Sciences;1;911;Baja;M;Alta;1;Laboratory Technician;#N/D;Single;2795;1;Y;Yes;24;Muy_Alta;Alta;80;0;1;2;Alta;1;;0;1
29;No;Travel_Rarely;Research & Development;7;Secundaria;Medical;1;912;Baja;F;Media;1;Laboratory Technician;Media;Divorced;2532;6;Y;No;14;Alta;Alta;80;3;8;5;#N/D;4;;0;3
44;No;Travel_Rarely;Research & Development;9;Universitaria;Life Sciences;1;913;Media;M;Alta;1;Research Scientist;Alta;Married;2559;1;Y;Yes;13;Alta;Muy_Alta;80;0;8;0;#N/D;8;;7;1
28;No;Travel_Rarely;Sales;5;Universitaria;Medical;1;916;Baja;M;Alta;2;Sales Executive;Alta;Single;4908;1;Y;No;14;Alta;Media;80;0;4;3;#N/D;4;;0;2
58;Yes;Travel_Frequently;Research & Development;2;Secundaria;Life Sciences;1;918;Muy_Alta;F;Media;1;Laboratory Technician;Media;Divorced;2380;9;Y;Yes;14;Alta;Muy_Alta;80;1;3;3;Media;1;;0;0
43;No;Travel_Rarely;Research & Development;8;Universitaria;Life Sciences;1;920;Baja;M;Alta;2;Manufacturing Director;Alta;Divorced;4765;4;Y;No;21;Muy_Alta;Alta;80;1;4;2;#N/D;1;;0;0
20;Yes;Travel_Rarely;Sales;2;Secundaria;Medical;1;922;Alta;F;Media;1;Sales Representative;Media;Single;2044;1;Y;No;13;Alta;Muy_Alta;80;0;2;3;#N/D;2;2.0;0;2
21;Yes;Travel_Rarely;Research & Development;18;Universitaria;Other;1;923;Muy_Alta;M;Alta;1;Research Scientist;Alta;Single;2693;1;Y;No;19;Alta;Baja;80;0;1;3;Alta;1;;0;0
36;No;Travel_Rarely;Research & Development;14;Universitaria;Life Sciences;1;924;Alta;M;Alta;2;Healthcare Representative;Alta;Married;6586;0;Y;Yes;17;Alta;Baja;80;1;17;2;#N/D;16;;4;11
47;No;Travel_Rarely;Sales;2;Secundaria;Life Sciences;1;925;Muy_Alta;F;Media;1;Sales Representative;Media;Single;3294;1;Y;Yes;18;Alta;Baja;80;0;3;3;Media;3;;1;2
22;Yes;Travel_Rarely;Research & Development;3;Universitaria;Life Sciences;1;926;Media;M;Alta;2;Manufacturing Director;Alta;Married;4171;0;Y;Yes;19;Alta;Baja;80;1;4;3;Alta;3;;0;2
41;Yes;Travel_Rarely;Research & Development;2;Primaria;Life Sciences;1;927;Media;M;Baja;1;Laboratory Technician;Baja;Divorced;2778;4;Y;Yes;13;Alta;Alta;80;1;10;1;#N/D;7;;1;0
28;No;Travel_Rarely;Research & Development;9;Universitaria;Medical;1;930;Alta;M;Alta;1;Research Scientist;Alta;Divorced;2377;5;Y;No;18;Alta;Media;80;1;6;2;Alta;2;;2;2
39;Yes;Travel_Rarely;Research & Development;6;Universitaria;Medical;1;932;Muy_Alta;M;Alta;1;Laboratory Technician;Alta;Married;2404;7;Y;Yes;21;Muy_Alta;Muy_Alta;80;0;8;2;#N/D;2;;2;2
27;No;Travel_Rarely;Research & Development;4;Universitaria;Life Sciences;1;933;Media;M;Alta;1;Research Scientist;Alta;Single;2318;1;Y;No;19;Alta;Alta;80;0;1;2;Alta;1;;0;0
34;No;Travel_Rarely;Research & Development;10;Universitaria;Life Sciences;1;934;Media;M;Alta;1;Laboratory Technician;Alta;Divorced;2008;1;Y;No;14;Alta;Media;80;2;1;3;#N/D;1;;1;0
42;No;Travel_Rarely;Sales;14;Secundaria;Medical;1;936;Alta;F;Media;2;Sales Executive;Media;Single;6244;7;Y;No;17;Alta;Baja;80;0;10;6;Media;5;2.0;0;3
33;No;Travel_Rarely;Research & Development;1;Secundaria;Other;1;939;Alta;F;Media;1;Research Scientist;Media;Single;2799;3;Y;Yes;11;Alta;Media;80;0;6;1;#N/D;3;;0;2
58;No;Travel_Rarely;Research & Development;5;Secundaria;Technical Degree;1;940;Alta;F;Media;3;Healthcare Representative;Media;Divorced;10552;2;Y;Yes;13;Alta;Muy_Alta;80;1;24;3;#N/D;6;;0;4
31;No;Travel_Rarely;Sales;7;Secundaria;Life Sciences;1;941;Media;F;Media;1;Sales Representative;Media;Married;2329;3;Y;No;15;Alta;Media;80;0;13;2;Media;7;;5;2
35;No;Travel_Rarely;Research & Development;21;Universitaria;Life Sciences;1;942;Muy_Alta;M;Alta;2;Healthcare Representative;Alta;Married;4014;1;Y;Yes;25;Muy_Alta;Muy_Alta;80;1;10;2;Alta;10;;0;7
49;No;Travel_Rarely;Research & Development;8;#N/D;Other;1;944;Baja;M;Alta;3;Laboratory Technician;Alta;Married;7403;4;Y;No;11;Alta;Alta;80;1;29;3;#N/D;26;;1;7
48;No;Travel_Rarely;Research & Development;20;Universitaria;Medical;1;945;Muy_Alta;M;Alta;1;Research Scientist;Alta;Married;2259;4;Y;No;17;Alta;Baja;80;2;13;2;#N/D;0;;0;0
31;No;Non-Travel;Sales;20;Universitaria;Marketing;1;947;Muy_Alta;M;Alta;2;Sales Executive;Alta;Married;6932;1;Y;No;13;Alta;Muy_Alta;80;1;9;2;#N/D;9;;0;0
36;No;Travel_Rarely;Research & Development;7;Universitaria;Other;1;949;Media;M;Alta;1;Research Scientist;Alta;Single;4678;2;Y;No;18;Alta;Alta;80;0;8;6;#N/D;6;;0;1
38;No;Travel_Rarely;Research & Development;1;Universitaria;Technical Degree;1;950;Muy_Alta;M;Alta;3;Research Director;Alta;Married;13582;1;Y;No;13;Alta;Media;80;1;15;3;Alta;15;3.0;5;11
32;No;Non-Travel;Research & Development;1;Secundaria;Life Sciences;1;951;Alta;F;Media;1;Laboratory Technician;Media;Married;2332;6;Y;No;20;Muy_Alta;Alta;80;0;5;3;#N/D;3;;0;2
25;Yes;Travel_Rarely;Sales;19;Secundaria;Marketing;1;952;Alta;F;Media;1;Sales Representative;Media;Married;2413;1;Y;Yes;18;Alta;Alta;80;3;1;2;Media;1;;0;0
40;No;Travel_Rarely;Sales;10;Secundaria;Marketing;1;954;Baja;F;Media;3;Sales Executive;Media;Divorced;9705;2;Y;No;12;Alta;Media;80;1;11;2;#N/D;1;;0;0
26;No;Travel_Frequently;Sales;1;Secundaria;Medical;1;956;Alta;F;Media;2;Sales Executive;Media;Single;4294;1;Y;No;12;Alta;Media;80;0;7;2;Media;7;2.0;0;7
41;No;Travel_Rarely;Research & Development;6;Universitaria;Medical;1;957;Muy_Alta;M;Alta;1;Laboratory Technician;Alta;Single;4721;2;Y;Yes;13;Alta;Alta;80;0;20;3;Alta;18;;2;17
36;No;Travel_Rarely;Research & Development;2;Universitaria;Medical;1;958;Alta;M;Alta;1;Laboratory Technician;Alta;Single;2519;4;Y;No;21;Muy_Alta;Alta;80;0;16;6;Alta;11;3.0;3;9
19;Yes;Travel_Rarely;Sales;21;Secundaria;Other;1;959;Muy_Alta;M;Media;1;Sales Representative;Media;Single;2121;1;Y;Yes;13;Alta;Media;80;0;1;3;Media;1;;0;0
20;Yes;Travel_Rarely;Research & Development;4;Universitaria;Technical Degree;1;960;Baja;M;Alta;1;Laboratory Technician;Alta;Single;2973;1;Y;No;19;Alta;Media;80;0;1;2;#N/D;1;;0;0
31;No;Travel_Rarely;Research & Development;12;Universitaria;Medical;1;961;Muy_Alta;M;Alta;2;Healthcare Representative;Alta;Married;5855;0;Y;Yes;11;Alta;Alta;80;2;10;2;#N/D;9;;8;5
40;No;Travel_Frequently;Research & Development;9;#N/D;Medical;1;964;Muy_Alta;M;Alta;1;Research Scientist;Alta;Divorced;3617;8;Y;Yes;14;Alta;Muy_Alta;80;1;3;2;Alta;1;;0;0
32;No;Travel_Rarely;Research & Development;3;Universitaria;Medical;1;966;Alta;M;Alta;2;Manufacturing Director;Alta;Married;6725;1;Y;No;12;Alta;Alta;80;1;8;2;Alta;8;;6;3
36;Yes;Travel_Rarely;Sales;3;Secundaria;Life Sciences;1;967;Alta;F;Media;3;Sales Executive;Media;Married;10325;1;Y;Yes;11;Alta;Baja;80;1;16;6;Media;16;;3;7
33;No;Travel_Rarely;Research & Development;1;Secundaria;Life Sciences;1;969;Media;F;Media;2;Healthcare Representative;Media;Single;6949;0;Y;No;14;Alta;Baja;80;0;6;3;#N/D;5;;1;4
37;Yes;Travel_Rarely;Sales;1;Secundaria;Life Sciences;1;970;Baja;F;Media;3;Sales Executive;Media;Married;10609;5;Y;No;11;Alta;Alta;80;0;17;2;#N/D;14;2.0;11;7
45;No;Non-Travel;Research & Development;4;Universitaria;Life Sciences;1;972;Alta;M;Alta;2;Laboratory Technician;Alta;Married;4447;1;Y;No;12;Alta;Media;80;0;9;5;#N/D;9;;0;8
29;No;Travel_Frequently;Sales;20;Universitaria;Technical Degree;1;974;Alta;M;Alta;1;Sales Representative;Alta;Married;2157;1;Y;No;15;Alta;Media;80;1;3;5;Alta;3;;0;2
35;No;Travel_Rarely;Sales;18;Universitaria;Medical;1;975;Alta;M;Alta;2;Sales Executive;Alta;Married;4601;1;Y;No;16;Alta;Media;80;0;5;3;Alta;5;;1;0
52;No;Travel_Rarely;Research & Development;1;Universitaria;Life Sciences;1;976;Muy_Alta;M;Alta;4;Manager;Alta;Married;17099;2;Y;No;15;Alta;Media;80;1;26;2;Alta;9;;7;8
58;Yes;Travel_Rarely;Research & Development;2;Universitaria;Technical Degree;1;977;Muy_Alta;M;Alta;1;Research Scientist;Alta;Single;2479;4;Y;No;24;Muy_Alta;Baja;80;0;7;4;Alta;1;;0;0
53;No;Travel_Rarely;Sales;2;Universitaria;Medical;1;981;Alta;M;Alta;4;Manager;Alta;Divorced;14852;6;Y;No;13;Alta;Alta;80;1;22;3;#N/D;17;;15;2
30;No;Travel_Rarely;Sales;8;Universitaria;Other;1;982;Alta;M;Alta;3;Sales Executive;Alta;Divorced;7264;5;Y;No;11;Alta;Baja;80;1;10;2;#N/D;8;;7;7
38;No;Non-Travel;Sales;10;#N/D;Technical Degree;1;983;Alta;M;#N/D;2;Sales Executive;#N/D;Single;5666;1;Y;Yes;13;Alta;Media;80;0;6;1;#N/D;5;;1;3
35;No;Travel_Rarely;Sales;3;Universitaria;Life Sciences;1;984;Muy_Alta;M;Alta;3;Sales Executive;Alta;Divorced;7823;6;Y;No;13;Alta;Media;80;1;12;2;#N/D;10;;0;8
39;No;Travel_Rarely;Sales;2;#N/D;Life Sciences;1;985;Baja;F;Muy_Alta;3;Sales Executive;Muy_Alta;Single;7880;0;Y;No;18;Alta;Muy_Alta;80;0;9;3;#N/D;8;;0;7
40;Yes;Non-Travel;Sales;24;Master;Life Sciences;1;986;Media;F;Muy_Alta;4;Sales Executive;Muy_Alta;Single;13194;4;Y;Yes;16;Alta;Muy_Alta;80;0;22;2;#N/D;1;4.0;0;0
47;No;Travel_Frequently;Research & Development;16;Master;Medical;1;987;Alta;F;Muy_Alta;2;Manufacturing Director;Muy_Alta;Divorced;5067;1;Y;Yes;19;Alta;Alta;80;0;20;3;#N/D;19;4.0;2;7
36;No;Non-Travel;Sales;8;Universitaria;Technical Degree;1;990;Baja;M;Alta;2;Sales Executive;Alta;Divorced;5079;4;Y;No;13;Alta;Muy_Alta;80;2;12;3;#N/D;7;3.0;0;7
31;Yes;Non-Travel;Research & Development;9;Secundaria;Medical;1;991;Alta;F;Media;1;Research Scientist;Media;Single;2321;0;Y;Yes;22;Muy_Alta;Baja;80;0;4;0;#N/D;3;2.0;1;2
33;No;Non-Travel;Sales;17;Universitaria;Life Sciences;1;992;Muy_Alta;M;Alta;4;Manager;Alta;Single;17444;1;Y;No;11;Alta;Muy_Alta;80;0;10;2;Alta;10;;6;0
29;Yes;Travel_Rarely;Research & Development;10;Secundaria;Life Sciences;1;994;Muy_Alta;F;Media;1;Research Scientist;Media;Single;2404;6;Y;Yes;20;Muy_Alta;Alta;80;0;3;5;#N/D;0;;0;0
33;No;Travel_Rarely;Research & Development;13;Universitaria;Life Sciences;1;995;Media;F;Alta;1;Research Scientist;Alta;Single;3452;3;Y;No;18;Alta;Baja;80;0;5;4;#N/D;3;;0;2
45;No;Travel_Rarely;Research & Development;1;Universitaria;Medical;1;996;Muy_Alta;M;Alta;1;Laboratory Technician;Alta;Divorced;2270;3;Y;No;14;Alta;Muy_Alta;80;2;8;2;#N/D;5;;0;2
50;No;Travel_Rarely;Research & Development;1;Universitaria;Medical;1;997;Muy_Alta;M;Alta;4;Research Director;Alta;Divorced;17399;9;Y;No;22;Muy_Alta;Alta;80;1;32;1;Alta;5;;1;3
33;No;Travel_Frequently;Research & Development;1;Master;Other;1;998;Alta;F;Muy_Alta;2;Healthcare Representative;Muy_Alta;Married;5488;1;Y;Yes;13;Alta;Baja;80;1;6;2;#N/D;6;;1;2
41;No;Travel_Frequently;Research & Development;9;Universitaria;Medical;1;999;Baja;M;Alta;5;Research Director;#N/D;Divorced;19419;2;Y;No;17;Alta;Media;80;1;21;2;#N/D;18;;0;11
27;No;Travel_Rarely;Research & Development;16;Universitaria;Technical Degree;1;1001;Alta;M;Alta;1;Laboratory Technician;#N/D;Married;2811;9;Y;No;14;Alta;Media;80;1;4;2;#N/D;2;3.0;2;2
45;No;Non-Travel;Research & Development;23;Universitaria;Life Sciences;1;1002;Muy_Alta;M;Alta;2;Laboratory Technician;Alta;Married;3633;1;Y;Yes;15;Alta;Alta;80;1;9;2;Alta;9;;0;8
47;No;Travel_Rarely;Sales;4;Universitaria;Life Sciences;1;1003;Muy_Alta;M;Alta;2;Sales Executive;Alta;Single;4163;1;Y;Yes;17;Alta;Alta;80;0;9;0;#N/D;9;;0;7
30;Yes;Travel_Rarely;Research & Development;22;Universitaria;Life Sciences;1;1004;Baja;M;Alta;1;Research Scientist;Alta;Married;2132;4;Y;Yes;11;Alta;Media;80;0;7;2;#N/D;5;;0;1
50;No;Travel_Rarely;Research & Development;24;Universitaria;Life Sciences;1;1005;Muy_Alta;M;Alta;4;Manufacturing Director;Alta;Married;13973;3;Y;Yes;18;Alta;Muy_Alta;80;1;22;2;#N/D;12;;1;5
38;No;Travel_Frequently;Research & Development;10;Universitaria;Medical;1;1006;Alta;M;Alta;1;Research Scientist;Alta;Married;2684;0;Y;No;17;Alta;Media;80;1;3;0;#N/D;2;;0;2
46;No;Travel_Rarely;Research & Development;7;Universitaria;Medical;1;1007;Muy_Alta;M;Alta;3;Manufacturing Director;Alta;Divorced;10845;6;Y;No;13;Alta;Media;80;1;13;3;#N/D;8;;0;7
24;No;Travel_Rarely;Research & Development;17;Secundaria;Medical;1;1009;Muy_Alta;F;Media;2;Manufacturing Director;Media;Divorced;4377;1;Y;No;15;Alta;Media;80;2;5;6;#N/D;4;;3;2
35;Yes;Travel_Rarely;Research & Development;14;#N/D;Other;1;1010;Alta;M;Media;1;Laboratory Technician;Media;Divorced;3743;1;Y;Yes;24;Muy_Alta;Muy_Alta;80;1;5;2;#N/D;4;;0;2
31;No;Travel_Frequently;Research & Development;1;Universitaria;Life Sciences;1;1011;Alta;M;Alta;2;Manufacturing Director;Alta;Married;4148;1;Y;No;12;Alta;Alta;80;1;4;1;#N/D;4;3.0;0;3
18;No;Non-Travel;Research & Development;5;Universitaria;Life Sciences;1;1012;Media;M;Alta;1;Research Scientist;Alta;Single;1051;1;Y;No;15;Alta;Muy_Alta;80;0;0;2;#N/D;0;;0;0
54;No;Travel_Rarely;Research & Development;17;Universitaria;Technical Degree;1;1013;Alta;M;Alta;3;Manufacturing Director;Alta;Married;10739;8;Y;No;11;Alta;Alta;80;1;22;2;#N/D;10;3.0;0;8
35;No;Travel_Rarely;Research & Development;25;Universitaria;Medical;1;1014;Alta;M;Alta;3;Healthcare Representative;Alta;Divorced;10388;1;Y;Yes;11;Alta;Alta;80;1;16;3;#N/D;16;;10;1
30;No;Travel_Rarely;Research & Development;8;Master;Life Sciences;1;1015;Media;F;Muy_Alta;3;Research Director;Muy_Alta;Married;11416;0;Y;Yes;12;Alta;Alta;80;3;9;4;#N/D;8;4.0;1;7
20;Yes;Travel_Rarely;Research & Development;11;Secundaria;Medical;1;1016;Muy_Alta;M;Media;1;Research Scientist;Media;Single;2600;1;Y;Yes;15;Alta;Baja;80;0;1;2;#N/D;1;;0;0
30;Yes;Travel_Frequently;Research & Development;5;Universitaria;Medical;1;1017;Media;M;Alta;1;Laboratory Technician;Alta;Single;2422;0;Y;No;17;Alta;Baja;80;0;4;3;#N/D;3;;1;2
26;No;Travel_Rarely;Research & Development;2;Master;Medical;1;1018;Muy_Alta;F;Muy_Alta;2;Manufacturing Director;Muy_Alta;Married;5472;1;Y;No;12;Alta;Media;80;0;8;2;#N/D;8;;1;3
22;No;Travel_Rarely;Research & Development;8;Primaria;Life Sciences;1;1019;Media;M;Baja;1;Laboratory Technician;Baja;Married;2451;1;Y;No;15;Alta;Baja;80;1;4;3;#N/D;4;;1;1
48;No;Travel_Rarely;Research & Development;6;Secundaria;Life Sciences;1;1022;Baja;F;Media;2;Healthcare Representative;Media;Single;4240;2;Y;No;13;Alta;Muy_Alta;80;0;19;0;#N/D;2;2.0;2;2
48;No;Travel_Rarely;Research & Development;4;Secundaria;Life Sciences;1;1024;Alta;F;Media;3;Healthcare Representative;Media;Single;10999;7;Y;No;14;Alta;Media;80;0;27;3;#N/D;15;;4;8
41;No;Travel_Rarely;Research & Development;7;Universitaria;Medical;1;1025;Muy_Alta;M;Alta;2;Manufacturing Director;Alta;Single;5003;6;Y;No;14;Alta;Media;80;0;8;6;#N/D;2;;2;1
39;No;Travel_Rarely;Research & Development;1;Secundaria;Life Sciences;1;1026;Muy_Alta;F;Media;4;Manufacturing Director;#N/D;Married;12742;1;Y;No;16;Alta;Alta;80;1;21;3;#N/D;21;;11;8
27;No;Travel_Rarely;Research & Development;2;Universitaria;Life Sciences;1;1027;Baja;M;Alta;2;Manufacturing Director;Alta;Married;4227;0;Y;No;18;Alta;Media;80;1;4;2;Alta;3;;2;2
35;No;Travel_Rarely;Research & Development;10;Universitaria;Other;1;1028;Media;M;Alta;1;Laboratory Technician;Alta;Divorced;3917;1;Y;No;20;Muy_Alta;Baja;80;1;3;4;#N/D;3;;1;2
42;No;Travel_Rarely;Sales;5;Universitaria;Marketing;1;1029;Muy_Alta;M;Alta;5;Manager;Alta;Married;18303;6;Y;No;13;Alta;Media;80;0;21;3;#N/D;1;;0;0
50;No;Travel_Rarely;Research & Development;9;Universitaria;Life Sciences;1;1030;Baja;M;Alta;1;Laboratory Technician;Alta;Married;2380;4;Y;No;18;Alta;Media;80;0;8;5;Alta;1;;0;0
59;No;Travel_Rarely;Research & Development;2;Secundaria;Life Sciences;1;1032;Alta;M;Media;4;Manufacturing Director;Media;Single;13726;3;Y;Yes;13;Alta;Baja;80;0;30;4;#N/D;5;;4;3
37;Yes;Travel_Rarely;Research & Development;11;#N/D;Medical;1;1033;Baja;M;Baja;2;Healthcare Representative;Baja;Married;4777;5;Y;No;15;Alta;Baja;80;0;15;2;#N/D;1;1.0;0;0
55;No;Travel_Frequently;Research & Development;18;Universitaria;Medical;1;1034;Alta;M;Alta;2;Healthcare Representative;Alta;Married;6385;3;Y;Yes;14;Alta;Muy_Alta;80;2;17;3;#N/D;8;;6;7
41;No;Non-Travel;Research & Development;7;Primaria;Life Sciences;1;1035;Media;M;Baja;5;Research Director;Baja;Divorced;19973;1;Y;No;22;Muy_Alta;Media;80;2;21;3;#N/D;21;;5;10
38;No;Travel_Rarely;Sales;3;Universitaria;Life Sciences;1;1036;Media;M;Alta;2;Sales Executive;Alta;Single;6861;8;Y;Yes;12;Alta;Alta;80;0;19;1;#N/D;1;;0;0
26;Yes;Non-Travel;Sales;29;#N/D;Medical;1;1037;Media;M;Baja;2;Sales Executive;Baja;Single;4969;8;Y;No;18;Alta;Muy_Alta;80;0;7;6;#N/D;2;;2;2
52;Yes;Travel_Rarely;Sales;2;Primaria;Marketing;1;1038;Baja;M;Baja;5;Manager;Baja;Married;19845;1;Y;No;15;Alta;Muy_Alta;80;1;33;3;Baja;32;;6;9
44;No;Travel_Rarely;Sales;28;Master;Medical;1;1039;Muy_Alta;F;Muy_Alta;4;Sales Executive;Muy_Alta;Married;13320;3;Y;Yes;18;Alta;Alta;80;1;23;2;#N/D;12;;11;11
50;No;Non-Travel;Sales;1;Universitaria;Life Sciences;1;1040;Muy_Alta;M;Alta;2;Sales Executive;Alta;Married;6347;0;Y;No;12;Alta;Baja;80;1;19;3;#N/D;18;;0;13
36;Yes;Travel_Rarely;Research & Development;16;Master;Life Sciences;1;1042;Alta;M;Muy_Alta;1;Laboratory Technician;Muy_Alta;Single;2743;1;Y;No;16;Alta;Alta;80;0;18;1;#N/D;17;;15;14
39;No;Travel_Frequently;Research & Development;22;Universitaria;Medical;1;1043;Muy_Alta;M;Alta;3;Manufacturing Director;Alta;Single;10880;1;Y;Yes;13;Alta;Alta;80;0;21;2;#N/D;21;;2;8
33;No;Non-Travel;Sales;8;Secundaria;Life Sciences;1;1044;Media;F;Media;1;Sales Representative;Media;Single;2342;0;Y;No;19;Alta;Muy_Alta;80;0;3;2;#N/D;2;;2;2
45;No;Travel_Rarely;Sales;11;Universitaria;Life Sciences;1;1045;Muy_Alta;F;Alta;4;Manager;Alta;Married;17650;3;Y;No;13;Alta;Media;80;1;26;4;#N/D;9;;1;1
32;No;Non-Travel;Research & Development;29;#N/D;Medical;1;1046;Muy_Alta;M;Alta;1;Laboratory Technician;Alta;Single;4025;9;Y;No;12;Alta;Media;80;0;10;2;#N/D;8;3.0;7;7
34;No;Travel_Rarely;Sales;1;Master;Marketing;1;1047;Media;F;Muy_Alta;2;Sales Executive;Muy_Alta;Divorced;9725;0;Y;No;11;Alta;Muy_Alta;80;1;16;2;#N/D;15;;0;9
59;No;Travel_Rarely;Sales;1;Universitaria;Technical Degree;1;1048;Media;M;Alta;3;Manager;Alta;Married;11904;3;Y;Yes;14;Alta;Alta;80;1;14;1;#N/D;6;;0;4
45;No;Travel_Rarely;Human Resources;24;Universitaria;Medical;1;1049;Media;M;Alta;1;Human Resources;Alta;Single;2177;1;Y;No;16;Alta;Baja;80;0;6;3;#N/D;6;;0;4
53;No;Travel_Frequently;Sales;2;#N/D;Marketing;1;1050;Alta;F;Media;3;Sales Executive;Media;Married;7525;2;Y;No;12;Alta;Baja;80;1;30;2;#N/D;15;;6;12
36;Yes;Travel_Rarely;Research & Development;15;Universitaria;Other;1;1052;Baja;M;Alta;2;Laboratory Technician;Alta;Divorced;4834;7;Y;No;14;Alta;Media;80;1;9;3;Alta;1;;0;0
26;Yes;Travel_Frequently;Research & Development;2;Universitaria;Life Sciences;1;1053;Baja;M;Alta;1;Research Scientist;Alta;Married;2042;6;Y;Yes;14;Alta;Media;80;1;6;2;#N/D;3;;1;2
34;No;Travel_Rarely;Sales;10;Universitaria;Life Sciences;1;1055;Alta;M;Alta;1;Sales Representative;Alta;Married;2220;1;Y;Yes;19;Alta;Muy_Alta;80;1;1;2;#N/D;1;;0;0
28;No;Travel_Rarely;Sales;10;Universitaria;Medical;1;1056;Muy_Alta;M;Alta;1;Sales Representative;Alta;Married;1052;1;Y;No;22;Muy_Alta;Media;80;0;1;5;#N/D;1;3.0;0;0
38;No;Travel_Frequently;Research & Development;3;Universitaria;Other;1;1060;Alta;M;Alta;1;Research Scientist;Alta;Married;2821;3;Y;No;16;Alta;Baja;80;1;8;2;#N/D;2;;2;2
50;No;Travel_Rarely;Research & Development;2;Universitaria;Medical;1;1061;Media;M;Alta;5;Research Director;Alta;Married;19237;2;Y;Yes;11;Alta;Muy_Alta;80;1;29;2;#N/D;8;;7;7
37;No;Travel_Rarely;Research & Development;3;Universitaria;Other;1;1062;Muy_Alta;M;Alta;2;Healthcare Representative;Alta;Single;4107;3;Y;No;15;Alta;Baja;80;0;8;3;#N/D;4;;0;1
40;No;Travel_Rarely;Sales;26;Universitaria;Marketing;1;1066;Alta;F;Alta;2;Sales Executive;Alta;Married;8396;1;Y;No;14;Alta;Media;80;1;8;3;Alta;7;;7;5
26;No;Travel_Frequently;Research & Development;1;Secundaria;Medical;1;1068;Baja;F;Media;1;Research Scientist;Media;Divorced;2007;1;Y;No;13;Alta;Alta;80;2;5;5;#N/D;5;;1;3
46;No;Travel_Rarely;Research & Development;1;Universitaria;Medical;1;1069;Muy_Alta;F;Alta;5;Research Director;Alta;Divorced;19627;9;Y;No;17;Alta;Muy_Alta;80;2;23;0;#N/D;2;;2;2
54;No;Travel_Rarely;Sales;2;Secundaria;Life Sciences;1;1070;Alta;F;Media;3;Sales Executive;Media;Married;10686;6;Y;No;11;Alta;Media;80;1;13;4;#N/D;9;;7;0
56;No;Travel_Frequently;Research & Development;9;Universitaria;Medical;1;1071;Baja;M;Alta;1;Research Scientist;Alta;Married;2942;2;Y;No;19;Alta;Media;80;1;18;4;#N/D;5;;0;3
36;No;Travel_Rarely;Research & Development;12;Secundaria;Medical;1;1073;Muy_Alta;F;Media;3;Manufacturing Director;Media;Single;8858;0;Y;No;11;Alta;Media;80;0;15;2;#N/D;14;;7;8
55;No;Non-Travel;Research & Development;2;Secundaria;Medical;1;1074;Alta;M;Media;4;Manager;Media;Single;16756;7;Y;No;15;Alta;Media;80;0;31;3;#N/D;9;2.0;6;2
43;No;Travel_Rarely;Sales;25;Secundaria;Medical;1;1076;Alta;M;Media;3;Sales Executive;Media;Divorced;10798;5;Y;No;13;Alta;Alta;80;1;18;5;#N/D;1;;0;0
20;Yes;Travel_Frequently;Sales;9;Universitaria;Marketing;1;1077;Muy_Alta;M;Alta;1;Sales Representative;Alta;Single;2323;1;Y;Yes;14;Alta;Media;80;0;2;3;Alta;2;;0;2
21;Yes;Travel_Rarely;Research & Development;10;Secundaria;Life Sciences;1;1079;Alta;F;Media;1;Laboratory Technician;#N/D;Single;1416;1;Y;No;13;Alta;Baja;80;0;1;6;#N/D;1;;1;0
46;No;Travel_Rarely;Research & Development;8;Secundaria;Life Sciences;1;1080;Muy_Alta;F;Media;2;Research Scientist;Media;Divorced;4615;8;Y;Yes;23;Muy_Alta;Baja;80;3;19;2;#N/D;16;;1;7
51;Yes;Travel_Rarely;Research & Development;4;Universitaria;Life Sciences;1;1081;Baja;M;Alta;1;Research Scientist;Alta;Married;2461;9;Y;Yes;12;Alta;Alta;80;3;18;2;#N/D;10;;2;7
28;Yes;Non-Travel;Research & Development;24;Secundaria;Technical Degree;1;1082;Media;F;Media;3;Healthcare Representative;Media;Single;8722;1;Y;No;12;Alta;Baja;80;0;10;2;#N/D;10;;1;9
26;No;Travel_Rarely;Research & Development;1;Secundaria;Medical;1;1083;Baja;F;Media;1;Laboratory Technician;Media;Married;3955;1;Y;No;16;Alta;Baja;80;2;6;2;#N/D;5;2.0;1;3
30;No;Travel_Rarely;Research & Development;20;Universitaria;Other;1;1084;Alta;M;Alta;2;Manufacturing Director;Alta;Married;9957;0;Y;No;15;Alta;Alta;80;1;7;1;Alta;6;3.0;0;2
41;No;Travel_Rarely;Research & Development;7;Master;Technical Degree;1;1085;Media;F;Muy_Alta;1;Research Scientist;Muy_Alta;Married;3376;1;Y;No;13;Alta;Alta;80;0;10;3;#N/D;10;;0;8
38;No;Travel_Rarely;Research & Development;17;Secundaria;Life Sciences;1;1088;Alta;M;Media;3;Healthcare Representative;Media;Married;8823;0;Y;No;18;Alta;Baja;80;1;20;4;Media;19;;1;9
40;No;Travel_Rarely;Research & Development;20;Universitaria;Technical Degree;1;1092;Baja;M;Alta;3;Healthcare Representative;Alta;Married;10322;4;Y;No;20;Muy_Alta;Muy_Alta;80;1;14;6;#N/D;11;;11;1
27;No;Non-Travel;Research & Development;8;Primaria;Life Sciences;1;1094;Baja;M;Baja;1;Laboratory Technician;Baja;Married;4621;1;Y;No;19;Alta;Muy_Alta;80;3;3;4;Baja;3;;1;2
55;No;Travel_Frequently;Research & Development;2;Universitaria;Life Sciences;1;1096;Muy_Alta;M;Alta;3;Manufacturing Director;Alta;Married;10976;3;Y;No;18;Alta;Media;80;1;23;4;#N/D;3;;1;2
28;No;Travel_Rarely;Research & Development;10;Universitaria;Other;1;1097;Alta;M;Alta;2;Research Scientist;Alta;Single;3660;3;Y;No;13;Alta;Muy_Alta;80;0;10;4;Alta;8;;1;7
44;Yes;Travel_Rarely;Human Resources;1;Secundaria;Medical;1;1098;Media;F;Media;3;Human Resources;Media;Married;10482;9;Y;No;14;Alta;Muy_Alta;80;1;24;1;Media;20;;3;6
33;No;Travel_Rarely;Research & Development;5;#N/D;Life Sciences;1;1099;Muy_Alta;F;Media;3;Healthcare Representative;Media;Divorced;7119;4;Y;No;15;Alta;Alta;80;1;9;2;#N/D;3;;1;2
35;Yes;Travel_Rarely;Sales;4;Universitaria;Technical Degree;1;1100;Muy_Alta;M;Alta;3;Sales Executive;Alta;Single;9582;0;Y;Yes;22;Muy_Alta;Baja;80;0;9;2;#N/D;8;;4;7
33;Yes;Travel_Frequently;Research & Development;29;Secundaria;Medical;1;1101;Baja;F;Media;2;Research Scientist;Media;Single;4508;1;Y;No;22;Muy_Alta;Media;80;0;14;4;#N/D;13;;3;8
28;No;Travel_Rarely;Research & Development;15;Universitaria;Life Sciences;1;1102;Baja;M;Alta;1;Laboratory Technician;Alta;Divorced;2207;1;Y;No;16;Alta;Muy_Alta;80;1;4;5;#N/D;4;;2;2
34;No;Travel_Frequently;Research & Development;3;Universitaria;Life Sciences;1;1103;Baja;M;Alta;2;Healthcare Representative;Alta;Single;7756;0;Y;No;17;Alta;Alta;80;0;7;1;#N/D;6;;0;4
37;No;Travel_Rarely;Sales;10;Secundaria;Life Sciences;1;1105;Muy_Alta;M;Media;2;Sales Executive;Media;Divorced;6694;2;Y;Yes;14;Alta;Alta;80;3;8;5;#N/D;1;;0;0
25;Yes;Travel_Rarely;Research & Development;4;#N/D;Technical Degree;1;1106;Muy_Alta;M;Alta;1;Laboratory Technician;Alta;Married;3691;1;Y;Yes;15;Alta;Media;80;1;7;3;#N/D;7;;5;6
26;Yes;Travel_Rarely;Research & Development;21;Universitaria;Medical;1;1107;Baja;M;Alta;1;Laboratory Technician;Alta;Divorced;2377;1;Y;No;20;Muy_Alta;Alta;80;1;1;0;#N/D;1;;0;0
33;Yes;Travel_Rarely;Research & Development;25;Secundaria;Medical;1;1108;Baja;F;Media;1;Research Scientist;Media;Single;2313;4;Y;Yes;20;Muy_Alta;Media;80;0;5;0;#N/D;2;;2;2
42;No;Travel_Rarely;Research & Development;2;Universitaria;Medical;1;1109;Muy_Alta;M;Alta;4;Manager;Alta;Married;17665;0;Y;No;17;Alta;Muy_Alta;80;1;23;3;#N/D;22;;13;7
28;Yes;Travel_Frequently;Research & Development;1;Secundaria;Medical;1;1111;Baja;F;Media;1;Laboratory Technician;Media;Divorced;2596;1;Y;No;15;Alta;Baja;80;2;1;2;#N/D;1;;0;0
50;Yes;Travel_Frequently;Sales;1;Universitaria;Other;1;1113;Muy_Alta;M;Alta;2;Sales Executive;Alta;Single;4728;3;Y;Yes;14;Alta;Muy_Alta;80;0;5;4;#N/D;0;;0;0
33;No;Travel_Frequently;Sales;7;Universitaria;Life Sciences;1;1114;Muy_Alta;M;Alta;2;Sales Executive;Alta;Married;4302;0;Y;No;17;Alta;Alta;80;1;4;3;#N/D;3;;0;2
34;No;Non-Travel;Research & Development;3;Secundaria;Life Sciences;1;1115;Alta;F;Media;1;Research Scientist;Media;Married;2979;3;Y;No;17;Alta;Muy_Alta;80;3;6;2;#N/D;0;;0;0
48;No;Non-Travel;Research & Development;1;Master;Medical;1;1116;Baja;F;Muy_Alta;4;Manager;#N/D;Single;16885;2;Y;No;22;Muy_Alta;Alta;80;0;27;3;#N/D;5;;2;1
45;No;Non-Travel;Sales;9;Secundaria;Life Sciences;1;1117;Media;F;Media;2;Sales Executive;Media;Married;5593;1;Y;No;13;Alta;Muy_Alta;80;1;15;2;#N/D;15;;4;12
52;No;Travel_Rarely;Research & Development;7;#N/D;Life Sciences;1;1118;Media;M;#N/D;3;Healthcare Representative;#N/D;Single;10445;7;Y;No;19;Alta;Muy_Alta;80;0;18;4;#N/D;8;;4;0
38;No;Travel_Rarely;Sales;10;#N/D;Marketing;1;1119;Alta;F;Media;3;Sales Executive;Media;Divorced;8740;0;Y;Yes;14;Alta;Media;80;2;9;2;#N/D;8;;2;7
29;No;Travel_Rarely;Research & Development;28;Universitaria;Life Sciences;1;1120;Alta;M;Alta;1;Research Scientist;Alta;Divorced;2514;4;Y;No;22;Muy_Alta;Baja;80;1;11;1;Alta;7;;1;7
28;No;Travel_Rarely;Research & Development;3;Universitaria;Medical;1;1121;Muy_Alta;M;Alta;3;Manufacturing Director;Alta;Divorced;7655;0;Y;No;17;Alta;Media;80;3;10;3;#N/D;9;;1;7
46;No;Travel_Rarely;Sales;3;Universitaria;Marketing;1;1124;Baja;M;Alta;4;Manager;Alta;Married;17465;3;Y;No;12;Alta;Muy_Alta;80;1;23;3;#N/D;12;;4;9
38;No;Travel_Rarely;Sales;2;Universitaria;Marketing;1;1125;Muy_Alta;M;Alta;3;Sales Executive;Alta;Single;7351;7;Y;No;16;Alta;Alta;80;0;10;2;Alta;1;;0;0
43;No;Travel_Frequently;Research & Development;27;Universitaria;Life Sciences;1;1126;Alta;M;Alta;3;Manufacturing Director;Alta;Married;10820;8;Y;No;11;Alta;Alta;80;1;18;1;#N/D;8;;0;1
39;Yes;Travel_Frequently;Research & Development;2;Universitaria;Life Sciences;1;1127;Baja;M;Alta;4;Healthcare Representative;Alta;Divorced;12169;7;Y;No;11;Alta;Muy_Alta;80;3;21;4;#N/D;18;;11;5
40;No;Travel_Rarely;Research & Development;14;Secundaria;Medical;1;1128;Alta;F;Media;5;Research Director;Media;Single;19626;1;Y;No;14;Alta;Baja;80;0;21;2;#N/D;20;;4;9
21;No;Travel_Rarely;Research & Development;1;Secundaria;Technical Degree;1;1131;Muy_Alta;F;Media;1;Research Scientist;Media;Single;2070;1;Y;Yes;11;Alta;Alta;80;0;2;6;#N/D;2;;2;2
39;No;Non-Travel;Research & Development;9;Universitaria;Life Sciences;1;1132;Alta;M;Alta;2;Laboratory Technician;Alta;Single;6782;9;Y;No;15;Alta;Alta;80;0;9;2;#N/D;5;3.0;0;3
36;No;Non-Travel;Research & Development;18;Universitaria;Life Sciences;1;1133;Baja;M;Alta;2;Manufacturing Director;Alta;Single;7779;2;Y;No;20;Muy_Alta;Baja;80;0;18;0;Alta;11;3.0;0;9
31;No;Travel_Frequently;Sales;20;Master;Life Sciences;1;1135;Alta;F;Muy_Alta;1;Sales Representative;#N/D;Married;2791;0;Y;No;12;Alta;Baja;80;1;3;4;Muy_Alta;2;;2;2
28;No;Travel_Rarely;Research & Development;2;Secundaria;Life Sciences;1;1136;Baja;F;Media;1;Research Scientist;Media;Married;3201;0;Y;No;17;Alta;Baja;80;0;6;2;#N/D;5;2.0;0;4
35;No;Travel_Frequently;Sales;11;Universitaria;Marketing;1;1137;Muy_Alta;M;Alta;2;Sales Executive;Alta;Divorced;4968;1;Y;No;11;Alta;Muy_Alta;80;1;5;3;#N/D;5;3.0;0;2
49;No;Travel_Rarely;Sales;8;Secundaria;Technical Degree;1;1138;Muy_Alta;F;Media;4;Sales Executive;Media;Married;13120;6;Y;No;17;Alta;Media;80;1;22;3;#N/D;9;;2;3
34;No;Travel_Frequently;Research & Development;2;Universitaria;Life Sciences;1;1140;Muy_Alta;M;Alta;2;Manufacturing Director;Alta;Single;4033;2;Y;No;11;Alta;Muy_Alta;80;0;5;3;Alta;3;;0;2
29;No;Travel_Frequently;Research & Development;10;Universitaria;Life Sciences;1;1143;Muy_Alta;M;Alta;1;Research Scientist;Alta;Divorced;3291;0;Y;No;14;Alta;Muy_Alta;80;2;8;2;Alta;7;;1;1
42;No;Travel_Rarely;Research & Development;29;Primaria;Medical;1;1148;Media;M;Baja;2;Laboratory Technician;Baja;Single;4272;4;Y;No;19;Alta;Baja;80;0;16;3;#N/D;1;;0;0
29;No;Travel_Rarely;Research & Development;8;Secundaria;Medical;1;1150;Media;F;Media;2;Manufacturing Director;Media;Married;5056;1;Y;Yes;15;Alta;Alta;80;1;10;2;#N/D;10;2.0;1;2
38;No;Travel_Rarely;Human Resources;1;#N/D;Human Resources;1;1152;Alta;F;Muy_Alta;1;Human Resources;Muy_Alta;Married;2844;1;Y;No;13;Alta;Muy_Alta;80;1;7;2;Muy_Alta;7;4.0;5;0
28;No;Travel_Frequently;Research & Development;6;Secundaria;Life Sciences;1;1154;Alta;F;Media;1;Research Scientist;#N/D;Divorced;2703;1;Y;Yes;14;Alta;Muy_Alta;80;1;3;2;Media;3;;0;2
18;Yes;Non-Travel;Research & Development;8;Universitaria;Medical;1;1156;Alta;M;Alta;1;Laboratory Technician;Alta;Single;1904;1;Y;No;12;Alta;Muy_Alta;80;0;0;0;Alta;0;;0;0
33;Yes;Travel_Rarely;Sales;9;Universitaria;Marketing;1;1157;Baja;M;Alta;2;Sales Executive;Alta;Single;8224;0;Y;Yes;17;Alta;Baja;80;0;6;3;#N/D;5;;0;3
41;No;Travel_Rarely;Research & Development;12;Universitaria;Life Sciences;1;1158;Media;M;Alta;1;Laboratory Technician;Alta;Married;4766;3;Y;Yes;11;Alta;Baja;80;1;6;4;Alta;1;;0;0
31;Yes;Travel_Frequently;Research & Development;15;Universitaria;Medical;1;1160;Alta;M;Alta;1;Laboratory Technician;Alta;Married;2610;1;Y;No;12;Alta;Alta;80;1;2;5;#N/D;2;;2;2
37;No;Travel_Rarely;Research & Development;25;Secundaria;Medical;1;1161;Alta;F;Media;2;Healthcare Representative;Media;Divorced;5731;7;Y;No;13;Alta;Alta;80;2;9;2;#N/D;6;;1;3
27;No;Travel_Rarely;Research & Development;6;#N/D;Life Sciences;1;1162;Muy_Alta;F;Media;1;Research Scientist;Media;Married;2539;1;Y;No;13;Alta;Alta;80;1;4;0;Media;4;;2;2
34;No;Travel_Rarely;Sales;9;#N/D;Life Sciences;1;1163;Media;M;Alta;2;Sales Executive;Alta;Married;5714;1;Y;No;20;Muy_Alta;Baja;80;0;6;3;#N/D;6;;1;3
35;No;Travel_Rarely;Human Resources;8;Universitaria;Technical Degree;1;1164;Alta;M;Alta;1;Human Resources;Alta;Single;4323;1;Y;No;17;Alta;Media;80;0;6;2;#N/D;5;;1;4
29;Yes;Travel_Rarely;Sales;23;Secundaria;Life Sciences;1;1165;Muy_Alta;F;Media;3;Sales Executive;Media;Married;7336;1;Y;No;13;Alta;Baja;80;1;11;3;#N/D;11;;3;10
40;No;Travel_Frequently;Research & Development;9;Universitaria;Medical;1;1166;Media;F;Alta;3;Research Director;Alta;Single;13499;9;Y;No;17;Alta;Alta;80;0;20;3;#N/D;18;;2;13
42;Yes;Travel_Frequently;Sales;12;Universitaria;Life Sciences;1;1167;Alta;M;Alta;4;Sales Executive;Alta;Single;13758;0;Y;Yes;12;Alta;Media;80;0;22;2;#N/D;21;;13;14
42;No;Travel_Rarely;Sales;4;Universitaria;Marketing;1;1171;Media;M;Alta;2;Sales Executive;Alta;Single;5155;7;Y;No;13;Alta;Muy_Alta;80;0;9;3;#N/D;6;;1;5
35;No;Travel_Rarely;Research & Development;1;Secundaria;Medical;1;1172;Muy_Alta;F;Media;1;Laboratory Technician;Media;Married;2258;6;Y;No;12;Alta;Media;80;1;10;2;#N/D;8;;1;7
24;No;Travel_Rarely;Research & Development;24;Universitaria;Medical;1;1173;Muy_Alta;M;Alta;1;Laboratory Technician;Alta;Single;3597;8;Y;No;22;Muy_Alta;Muy_Alta;80;0;6;2;#N/D;4;;1;2
28;Yes;Travel_Rarely;Research & Development;12;Universitaria;Life Sciences;1;1175;Alta;M;Alta;1;Laboratory Technician;Alta;Married;2515;1;Y;Yes;11;Alta;Muy_Alta;80;0;1;4;#N/D;1;;0;0
26;No;Travel_Rarely;Research & Development;3;Master;Medical;1;1177;Baja;F;Muy_Alta;1;Laboratory Technician;Muy_Alta;Married;4420;1;Y;No;22;Muy_Alta;Media;80;1;8;2;Muy_Alta;8;;0;7
30;No;Travel_Rarely;Sales;10;Secundaria;Marketing;1;1179;Alta;F;Media;2;Sales Executive;Media;Married;6578;1;Y;No;18;Alta;Baja;80;1;10;3;#N/D;10;;1;4
40;No;Travel_Frequently;Research & Development;26;Secundaria;Medical;1;1180;Alta;F;Media;2;Research Scientist;Media;Married;4422;3;Y;Yes;13;Alta;Muy_Alta;80;1;16;3;Media;1;;0;0
35;No;Travel_Rarely;Research & Development;2;Secundaria;Life Sciences;1;1182;Alta;F;Media;3;Manufacturing Director;Media;Divorced;10274;2;Y;No;18;Alta;Media;80;1;15;2;Media;7;;6;4
34;No;Travel_Frequently;Research & Development;1;Secundaria;Medical;1;1184;Muy_Alta;F;Media;2;Healthcare Representative;Media;Single;5343;0;Y;No;20;Muy_Alta;Alta;80;0;14;3;#N/D;13;;4;9
35;No;Travel_Frequently;Research & Development;4;Secundaria;Other;1;1185;Muy_Alta;F;Media;1;Laboratory Technician;Media;Married;2376;1;Y;No;13;Alta;Media;80;1;2;2;Media;2;;2;2
43;Yes;Travel_Rarely;Sales;9;Primaria;Marketing;1;1188;Baja;M;Baja;2;Sales Executive;Baja;Single;5346;8;Y;No;13;Alta;Media;80;0;7;2;#N/D;4;1.0;1;3
32;No;Non-Travel;Sales;2;Universitaria;Life Sciences;1;1190;Alta;M;Alta;1;Sales Representative;Alta;Divorced;2827;1;Y;No;12;Alta;Alta;80;3;1;3;Alta;1;3.0;0;0
56;No;Travel_Rarely;Research & Development;4;Universitaria;Technical Degree;1;1191;Muy_Alta;M;Alta;5;Manager;Alta;Divorced;19943;4;Y;No;13;Alta;Muy_Alta;80;1;28;2;#N/D;5;;4;2
29;No;Travel_Rarely;Research & Development;6;Universitaria;Medical;1;1192;Media;M;Alta;1;Laboratory Technician;Alta;Married;3131;1;Y;No;13;Alta;Baja;80;1;10;5;#N/D;10;;0;8
19;No;Travel_Rarely;Research & Development;9;Universitaria;Life Sciences;1;1193;Alta;M;Alta;1;Research Scientist;Alta;Single;2552;1;Y;No;25;Muy_Alta;Alta;80;0;1;4;#N/D;1;;0;0
45;No;Travel_Rarely;Research & Development;7;Universitaria;Medical;1;1195;Baja;M;Alta;1;Research Scientist;Alta;Married;4477;4;Y;Yes;19;Alta;Alta;80;1;7;2;#N/D;3;;0;2
37;No;Travel_Rarely;Research & Development;1;Secundaria;Life Sciences;1;1196;Muy_Alta;M;Media;2;Manufacturing Director;Media;Married;6474;1;Y;No;13;Alta;Media;80;1;14;2;#N/D;14;;3;11
20;No;Travel_Rarely;Research & Development;3;Secundaria;Life Sciences;1;1198;Baja;F;Media;1;Laboratory Technician;Media;Single;3033;1;Y;No;12;Alta;Baja;80;0;2;2;#N/D;2;;1;2
44;Yes;Travel_Rarely;Research & Development;10;Universitaria;Life Sciences;1;1200;Alta;M;Alta;1;Research Scientist;Alta;Single;2936;1;Y;Yes;11;Alta;Alta;80;0;6;4;#N/D;6;;0;2
53;No;Travel_Rarely;Research & Development;7;Universitaria;Medical;1;1201;Muy_Alta;M;Alta;5;Manager;Alta;Divorced;18606;3;Y;No;18;Alta;Media;80;1;26;6;#N/D;7;3.0;4;7
29;No;Travel_Rarely;Research & Development;15;#N/D;Life Sciences;1;1202;Media;M;Baja;1;Research Scientist;Baja;Married;2168;0;Y;Yes;18;Alta;Baja;80;1;6;2;#N/D;5;;1;3
22;Yes;Travel_Frequently;Research & Development;3;Secundaria;Life Sciences;1;1203;Alta;F;Media;1;Research Scientist;Media;Married;2853;0;Y;Yes;11;Alta;Media;80;1;1;5;Media;0;;0;0
46;No;Travel_Rarely;Sales;2;Universitaria;Marketing;1;1204;Alta;M;Alta;4;Manager;Alta;Married;17048;8;Y;No;23;Muy_Alta;Baja;80;0;28;2;Alta;26;3.0;15;9
44;No;Non-Travel;Research & Development;17;Primaria;Life Sciences;1;1206;Muy_Alta;M;Baja;1;Research Scientist;Baja;Single;2290;2;Y;No;13;Alta;Muy_Alta;80;0;6;3;#N/D;0;1.0;0;0
33;No;Travel_Rarely;Human Resources;2;Universitaria;Human Resources;1;1207;Media;M;Alta;1;Human Resources;Alta;Married;3600;1;Y;No;13;Alta;Muy_Alta;80;1;5;2;Alta;5;;1;4
41;Yes;Non-Travel;Research & Development;5;Secundaria;Life Sciences;1;1210;Baja;F;Media;1;Research Scientist;Media;Divorced;2107;6;Y;No;17;Alta;Baja;80;1;5;2;#N/D;1;;0;0
30;No;Travel_Rarely;Sales;29;Universitaria;Life Sciences;1;1211;Alta;M;Alta;2;Sales Executive;Alta;Divorced;4115;8;Y;No;19;Alta;Alta;80;3;8;3;Alta;4;;0;3
40;No;Travel_Frequently;Sales;2;Universitaria;Medical;1;1212;Media;M;Alta;2;Sales Executive;Alta;Married;4327;5;Y;No;12;Alta;Muy_Alta;80;3;5;2;Alta;0;;0;0
50;No;Travel_Frequently;Research & Development;2;Universitaria;Medical;1;1215;Muy_Alta;M;Alta;4;Manager;Alta;Married;17856;2;Y;No;22;Muy_Alta;Alta;80;1;32;3;#N/D;2;;2;2
28;No;Travel_Rarely;Research & Development;19;Secundaria;Medical;1;1216;Muy_Alta;F;Media;1;Laboratory Technician;Media;Married;3196;1;Y;No;12;Alta;Alta;80;3;6;2;Media;6;;3;3
46;No;Travel_Rarely;Research & Development;15;#N/D;Life Sciences;1;1217;Muy_Alta;M;Alta;5;Research Director;Alta;Married;19081;5;Y;No;11;Alta;Baja;80;1;25;2;#N/D;4;;0;3
35;No;Travel_Rarely;Sales;17;Universitaria;Life Sciences;1;1218;Alta;M;Alta;2;Sales Executive;Alta;Married;8966;3;Y;Yes;15;Alta;Muy_Alta;80;3;15;2;Alta;7;;1;7
24;Yes;Travel_Rarely;Research & Development;17;Universitaria;Life Sciences;1;1219;Muy_Alta;M;Alta;1;Laboratory Technician;Alta;Married;2210;1;Y;No;13;Alta;Baja;80;1;1;3;Alta;1;;0;0
33;No;Travel_Frequently;Sales;25;Universitaria;Medical;1;1220;Media;M;Alta;2;Sales Executive;Alta;Married;4539;1;Y;No;12;Alta;Baja;80;1;10;3;#N/D;10;;0;1
36;No;Travel_Rarely;Research & Development;6;Primaria;Life Sciences;1;1221;Alta;M;Baja;1;Laboratory Technician;Baja;Divorced;2741;1;Y;No;14;Alta;Alta;80;1;7;4;#N/D;7;1.0;1;7
30;No;Travel_Rarely;Research & Development;7;Universitaria;Life Sciences;1;1224;Alta;M;Alta;2;Laboratory Technician;Alta;Divorced;3491;1;Y;No;13;Alta;Baja;80;3;10;4;#N/D;10;3.0;8;9
44;No;Travel_Rarely;Research & Development;29;Universitaria;Other;1;1225;Muy_Alta;M;Alta;2;Research Scientist;Alta;Single;4541;1;Y;No;25;Muy_Alta;Media;80;0;20;3;#N/D;20;;13;17
20;No;Travel_Rarely;Sales;21;Master;Marketing;1;1226;Alta;M;Muy_Alta;1;Sales Representative;Muy_Alta;Single;2678;1;Y;No;17;Alta;Muy_Alta;80;0;2;2;Muy_Alta;2;;2;2
46;No;Travel_Rarely;Research & Development;2;Universitaria;Technical Degree;1;1228;Muy_Alta;M;Alta;2;Manufacturing Director;#N/D;Divorced;7379;2;Y;No;11;Alta;Alta;80;1;12;3;#N/D;6;;1;4
42;No;Non-Travel;Human Resources;2;Master;Medical;1;1231;Muy_Alta;F;Muy_Alta;2;Human Resources;Muy_Alta;Married;6272;7;Y;No;16;Alta;Baja;80;1;10;3;#N/D;4;;0;3
60;No;Travel_Rarely;Sales;7;Master;Marketing;1;1233;Media;F;Muy_Alta;2;Sales Executive;Muy_Alta;Divorced;5220;0;Y;Yes;18;Alta;Media;80;1;12;3;#N/D;11;;1;9
32;No;Travel_Frequently;Research & Development;13;Secundaria;Other;1;1234;Alta;F;Media;1;Laboratory Technician;Media;Married;2743;1;Y;No;20;Muy_Alta;Alta;80;1;2;2;#N/D;2;;2;2
32;No;Travel_Frequently;Research & Development;2;Universitaria;Life Sciences;1;1235;Muy_Alta;M;Alta;2;Research Scientist;Alta;Single;4998;4;Y;Yes;14;Alta;Muy_Alta;80;0;10;2;#N/D;8;3.0;0;7
36;No;Travel_Rarely;Research & Development;1;Primaria;Technical Degree;1;1237;Alta;M;Baja;3;Manufacturing Director;Baja;Divorced;10252;2;Y;Yes;21;Muy_Alta;Alta;80;1;17;2;#N/D;7;;7;7
33;No;Travel_Rarely;Research & Development;9;Universitaria;Medical;1;1238;Baja;M;Alta;1;Research Scientist;Alta;Married;2781;0;Y;No;13;Alta;Media;80;1;15;5;#N/D;14;3.0;4;10
40;No;Travel_Rarely;Sales;10;Secundaria;Technical Degree;1;1239;Media;M;Media;2;Sales Executive;Media;Divorced;6852;7;Y;No;12;Alta;Media;80;1;7;2;#N/D;5;2.0;1;3
25;No;Travel_Rarely;Sales;10;Universitaria;Life Sciences;1;1240;Alta;M;Alta;2;Sales Executive;Alta;Single;4950;0;Y;No;14;Alta;Media;80;0;5;4;Alta;4;;1;1
30;No;Travel_Rarely;Research & Development;1;Universitaria;Medical;1;1241;Muy_Alta;M;Alta;1;Research Scientist;Alta;Married;3579;0;Y;Yes;21;Muy_Alta;Baja;80;1;12;2;#N/D;11;3.0;5;7
42;No;Travel_Frequently;Research & Development;26;Universitaria;Medical;1;1242;Baja;M;Alta;3;Research Director;Alta;Married;13191;3;Y;Yes;17;Alta;Alta;80;0;20;6;Alta;1;;0;0
35;No;Non-Travel;Sales;8;Secundaria;Marketing;1;1243;Alta;F;Media;3;Sales Executive;Media;Married;10377;4;Y;Yes;11;Alta;Media;80;1;16;6;#N/D;13;;4;12
27;No;Travel_Rarely;Research & Development;14;Universitaria;Life Sciences;1;1244;Baja;M;Alta;1;Research Scientist;Alta;Married;2235;1;Y;Yes;14;Alta;Muy_Alta;80;2;9;3;#N/D;9;;6;8
54;No;Travel_Frequently;Research & Development;1;Universitaria;Life Sciences;1;1245;Muy_Alta;M;Alta;3;Manufacturing Director;Alta;Divorced;10502;7;Y;No;17;Alta;Baja;80;1;33;2;#N/D;5;3.0;1;4
44;No;Travel_Rarely;Research & Development;2;Master;Life Sciences;1;1246;Baja;F;Muy_Alta;1;Research Scientist;Muy_Alta;Married;2011;1;Y;No;13;Alta;Muy_Alta;80;1;10;5;Muy_Alta;10;4.0;7;7
19;Yes;Non-Travel;Research & Development;10;Secundaria;Medical;1;1248;Baja;F;Media;1;Research Scientist;Media;Single;1859;1;Y;Yes;25;Muy_Alta;Media;80;0;1;2;#N/D;1;;0;0
29;No;Travel_Rarely;Research & Development;1;#N/D;Life Sciences;1;1249;Baja;F;Alta;1;Research Scientist;Alta;Divorced;3760;1;Y;No;15;Alta;Baja;80;3;3;5;#N/D;3;;1;2
54;No;Travel_Rarely;Research & Development;3;Universitaria;Life Sciences;1;1250;Muy_Alta;M;Alta;4;Research Director;Alta;Married;17779;3;Y;No;14;Alta;Baja;80;0;36;2;#N/D;10;;0;9
31;No;Travel_Rarely;Research & Development;11;Universitaria;Medical;1;1251;Alta;M;Alta;2;Healthcare Representative;Alta;Married;6833;1;Y;Yes;12;Alta;Muy_Alta;80;0;6;2;#N/D;6;;0;1
31;No;Travel_Rarely;Research & Development;24;Secundaria;Medical;1;1252;Alta;F;Media;2;Healthcare Representative;Media;Single;6812;1;Y;No;19;Alta;Media;80;0;10;2;#N/D;10;;1;8
59;No;Travel_Rarely;Sales;3;Secundaria;Life Sciences;1;1254;Alta;F;Media;2;Sales Executive;Media;Single;5171;5;Y;No;17;Alta;Muy_Alta;80;0;13;2;#N/D;6;;0;5
43;No;Travel_Rarely;Research & Development;3;Primaria;Life Sciences;1;1255;Alta;M;Baja;5;Research Director;Baja;Married;19740;3;Y;No;14;Alta;Media;80;1;25;2;#N/D;8;;0;7
49;No;Travel_Rarely;Research & Development;4;Secundaria;Medical;1;1256;Baja;F;Media;5;Manager;Media;Married;18711;2;Y;No;13;Alta;Alta;80;1;23;2;#N/D;1;;0;0
36;No;Travel_Frequently;Research & Development;3;Universitaria;Technical Degree;1;1257;Alta;M;Alta;1;Research Scientist;Alta;Married;3692;1;Y;No;12;Alta;Alta;80;0;12;2;#N/D;11;;0;7
48;No;Travel_Rarely;Research & Development;2;Master;Technical Degree;1;1258;Muy_Alta;F;Muy_Alta;1;Laboratory Technician;Muy_Alta;Single;2559;5;Y;No;11;Alta;Alta;80;0;7;4;#N/D;1;;0;0
27;No;Travel_Rarely;Research & Development;4;Universitaria;Life Sciences;1;1259;Baja;M;Alta;1;Research Scientist;Alta;Divorced;2517;1;Y;No;11;Alta;Media;80;3;5;2;#N/D;5;;0;3
29;No;Travel_Rarely;Research & Development;7;Universitaria;Life Sciences;1;1260;Alta;M;Alta;2;Healthcare Representative;Alta;Divorced;6623;1;Y;Yes;11;Alta;Media;80;2;6;2;#N/D;6;;1;0
48;No;Travel_Rarely;Research & Development;1;Secundaria;Life Sciences;1;1263;Muy_Alta;F;Media;5;Research Director;Media;Single;18265;6;Y;No;12;Alta;Alta;80;0;25;3;Media;1;;0;0
29;No;Travel_Rarely;Research & Development;1;#N/D;Life Sciences;1;1264;Muy_Alta;F;Media;4;Research Director;Media;Divorced;16124;3;Y;No;14;Alta;Media;80;2;9;2;#N/D;7;;1;7
34;No;Travel_Rarely;Research & Development;20;Master;Technical Degree;1;1265;Alta;F;Muy_Alta;1;Research Scientist;Muy_Alta;Married;2585;0;Y;No;17;Alta;Muy_Alta;80;0;2;5;Muy_Alta;1;;0;0
44;No;Travel_Rarely;Sales;5;Universitaria;Marketing;1;1267;Media;M;Alta;5;Manager;Alta;Married;18213;7;Y;No;11;Alta;Alta;80;1;26;5;#N/D;22;;3;10
33;No;Travel_Rarely;Sales;10;Master;Marketing;1;1268;Muy_Alta;F;Muy_Alta;3;Sales Executive;Muy_Alta;Divorced;8380;0;Y;Yes;14;Alta;Muy_Alta;80;2;10;3;Muy_Alta;9;;0;8
19;No;Travel_Rarely;Research & Development;25;#N/D;Life Sciences;1;1269;Media;F;Muy_Alta;1;Research Scientist;Muy_Alta;Single;2994;1;Y;Yes;12;Alta;Muy_Alta;80;0;1;2;Muy_Alta;1;;0;1
23;No;Travel_Rarely;Research & Development;1;Universitaria;Life Sciences;1;1270;Muy_Alta;M;Alta;1;Research Scientist;Alta;Married;1223;1;Y;No;22;Muy_Alta;Muy_Alta;80;1;1;2;#N/D;1;3.0;0;1
25;Yes;Travel_Frequently;Sales;24;Primaria;Life Sciences;1;1273;Alta;M;Baja;1;Sales Representative;Baja;Single;1118;1;Y;Yes;14;Alta;Muy_Alta;80;0;1;4;Baja;1;;1;0
26;No;Travel_Rarely;Research & Development;4;Universitaria;Life Sciences;1;1275;Alta;M;Alta;1;Research Scientist;Alta;Single;2875;1;Y;Yes;20;Muy_Alta;Media;80;0;8;2;#N/D;8;;2;2
45;Yes;Travel_Rarely;Sales;2;Primaria;Marketing;1;1277;Baja;M;Baja;5;Manager;Baja;Single;18824;2;Y;Yes;16;Alta;Baja;80;0;26;2;#N/D;24;;1;11
55;No;Non-Travel;Research & Development;8;Secundaria;Medical;1;1278;Muy_Alta;F;Media;4;Healthcare Representative;Media;Divorced;13577;1;Y;Yes;15;Alta;Muy_Alta;80;1;34;3;#N/D;33;;15;0
21;Yes;Travel_Frequently;Research & Development;10;Secundaria;Life Sciences;1;1279;Baja;F;Media;1;Laboratory Technician;#N/D;Single;2625;1;Y;No;20;Muy_Alta;Alta;80;0;2;2;#N/D;2;2.0;2;2
46;No;Travel_Rarely;Sales;4;Secundaria;Marketing;1;1280;Muy_Alta;F;Media;5;Manager;Media;Married;18789;2;Y;No;14;Alta;Alta;80;1;26;2;#N/D;11;;0;8
34;No;Travel_Rarely;Sales;2;Universitaria;Marketing;1;1281;Alta;M;Alta;2;Sales Executive;Alta;Single;4538;0;Y;Yes;12;Alta;Muy_Alta;80;0;4;3;#N/D;3;;0;2
51;No;Travel_Frequently;Sales;9;#N/D;Life Sciences;1;1282;Muy_Alta;M;Alta;5;Manager;Alta;Divorced;19847;4;Y;Yes;24;Muy_Alta;Baja;80;1;31;5;#N/D;29;;11;10
59;No;Travel_Rarely;Research & Development;18;#N/D;Medical;1;1283;Muy_Alta;F;#N/D;3;Manufacturing Director;#N/D;Single;10512;6;Y;No;12;Alta;Muy_Alta;80;0;25;6;#N/D;9;;5;4
34;No;Travel_Frequently;Research & Development;19;Universitaria;Medical;1;1285;Alta;M;Alta;2;Laboratory Technician;Alta;Divorced;4444;4;Y;No;13;Alta;Alta;80;2;15;2;Alta;11;;5;10
28;No;Travel_Frequently;Research & Development;1;Universitaria;Medical;1;1286;Muy_Alta;M;Alta;1;Laboratory Technician;Alta;Single;2154;0;Y;Yes;11;Alta;Alta;80;0;5;2;#N/D;4;;0;2
44;No;Travel_Rarely;Research & Development;4;Master;Life Sciences;1;1288;Alta;F;Muy_Alta;5;Manager;Muy_Alta;Divorced;19190;1;Y;No;14;Alta;Muy_Alta;80;2;26;4;#N/D;25;;14;13
34;No;Travel_Frequently;Human Resources;11;Secundaria;Life Sciences;1;1289;Alta;F;Media;2;Human Resources;Media;Married;4490;4;Y;No;11;Alta;Muy_Alta;80;2;14;5;#N/D;10;;1;8
35;No;Travel_Rarely;Research & Development;6;Universitaria;Life Sciences;1;1291;Alta;M;Alta;1;Research Scientist;Alta;Married;3506;0;Y;Yes;14;Alta;Muy_Alta;80;0;4;3;#N/D;3;3.0;2;2
42;No;Travel_Rarely;Research & Development;7;#N/D;Medical;1;1292;Media;F;Muy_Alta;2;Research Scientist;Muy_Alta;Married;2372;6;Y;Yes;16;Alta;Muy_Alta;80;0;18;2;Muy_Alta;1;;0;0
43;No;Travel_Rarely;Sales;4;Secundaria;Marketing;1;1293;Muy_Alta;F;Media;3;Sales Executive;Media;Single;10231;3;Y;No;14;Alta;Muy_Alta;80;0;23;3;#N/D;21;;15;17
36;No;Travel_Rarely;Research & Development;2;#N/D;Life Sciences;1;1294;Alta;M;Alta;2;Manufacturing Director;Alta;Single;5410;9;Y;Yes;11;Alta;Muy_Alta;80;0;18;2;Alta;16;;5;12
44;Yes;Travel_Rarely;Research & Development;15;Universitaria;Medical;1;1295;Baja;M;Alta;3;Healthcare Representative;Alta;Married;7978;1;Y;No;11;Alta;Muy_Alta;80;1;10;2;Alta;10;;0;5
28;No;Travel_Frequently;Research & Development;2;Secundaria;Life Sciences;1;1296;Muy_Alta;F;Media;1;Laboratory Technician;Media;Married;3867;1;Y;Yes;12;Alta;Media;80;1;2;2;#N/D;2;;2;2
51;No;Travel_Frequently;Research & Development;6;Secundaria;Medical;1;1297;Media;F;Media;1;Laboratory Technician;Media;Single;2838;0;Y;No;14;Alta;Media;80;0;8;6;Media;7;;7;7
30;No;Non-Travel;Research & Development;9;Universitaria;Medical;1;1298;Alta;M;Alta;2;Manufacturing Director;Alta;Single;4695;7;Y;Yes;18;Alta;Alta;80;0;10;3;#N/D;8;;1;7
29;Yes;Travel_Rarely;Research & Development;7;Universitaria;Technical Degree;1;1299;Media;M;Alta;1;Laboratory Technician;Alta;Divorced;3339;3;Y;Yes;13;Alta;Baja;80;2;10;2;#N/D;7;;7;7
28;No;Travel_Rarely;Research & Development;1;Universitaria;Technical Degree;1;1301;Muy_Alta;M;Alta;1;Research Scientist;Alta;Single;2080;2;Y;No;11;Alta;Media;80;0;5;2;#N/D;3;;1;2
25;No;Travel_Rarely;Research & Development;1;Universitaria;Medical;1;1303;Muy_Alta;M;Alta;1;Research Scientist;Alta;Single;2096;1;Y;No;18;Alta;Muy_Alta;80;0;2;3;#N/D;2;;2;1
32;No;Travel_Rarely;Sales;8;#N/D;Medical;1;1304;Alta;F;Muy_Alta;2;Sales Executive;Muy_Alta;Married;6209;1;Y;No;15;Alta;Alta;80;2;10;4;#N/D;10;;0;8
45;No;Travel_Frequently;Research & Development;25;Universitaria;Medical;1;1306;Media;M;Alta;5;Manager;Alta;Single;18061;3;Y;No;22;Muy_Alta;Alta;80;0;22;4;#N/D;0;;0;0
39;No;Travel_Rarely;Research & Development;13;Secundaria;Medical;1;1307;Alta;F;Media;4;Manager;Media;Divorced;17123;6;Y;Yes;13;Alta;Muy_Alta;80;2;21;4;Media;19;;15;2
58;No;Travel_Rarely;Research & Development;23;Universitaria;Life Sciences;1;1308;Baja;M;Alta;1;Research Scientist;Alta;Divorced;2372;1;Y;No;12;Alta;Muy_Alta;80;2;2;3;#N/D;2;;2;2
32;Yes;Travel_Rarely;Research & Development;7;Universitaria;Life Sciences;1;1309;Muy_Alta;M;Alta;2;Laboratory Technician;Alta;Married;4883;1;Y;No;18;Alta;Baja;80;1;10;3;#N/D;10;;1;1
39;Yes;Travel_Rarely;Research & Development;23;Universitaria;Medical;1;1310;Alta;M;Alta;1;Research Scientist;Alta;Single;3904;0;Y;No;13;Alta;Baja;80;0;6;2;Alta;5;;0;3
30;No;Travel_Rarely;Research & Development;6;Secundaria;Technical Degree;1;1311;Baja;F;Media;2;Laboratory Technician;Media;Married;4627;0;Y;No;12;Alta;Baja;80;1;10;6;Media;9;;6;7
36;No;Travel_Rarely;Research & Development;10;Universitaria;Technical Degree;1;1312;Muy_Alta;M;Alta;3;Healthcare Representative;Alta;Married;7094;3;Y;No;12;Alta;Baja;80;0;10;0;#N/D;7;;1;7
46;No;Travel_Rarely;Human Resources;1;Universitaria;Life Sciences;1;1314;Muy_Alta;M;Alta;1;Human Resources;Alta;Single;3423;6;Y;No;12;Alta;Alta;80;0;10;3;#N/D;7;;5;7
28;No;Non-Travel;Research & Development;1;Primaria;Life Sciences;1;1315;Alta;M;Baja;2;Laboratory Technician;Baja;Married;6674;0;Y;No;11;Alta;Baja;80;3;10;6;#N/D;9;;7;5
50;No;Travel_Rarely;Research & Development;28;Universitaria;Life Sciences;1;1317;Muy_Alta;M;Alta;4;Research Director;Alta;Married;16880;4;Y;Yes;11;Alta;Media;80;0;25;2;#N/D;3;;1;2
40;Yes;Travel_Rarely;Sales;25;Secundaria;Marketing;1;1318;Muy_Alta;F;Media;3;Sales Executive;Media;Single;9094;2;Y;Yes;12;Alta;Alta;80;0;9;2;#N/D;5;;1;0
52;Yes;Travel_Rarely;Sales;5;Universitaria;Life Sciences;1;1319;Media;M;Alta;3;Sales Executive;Alta;Single;8446;9;Y;Yes;19;Alta;Alta;80;0;10;2;#N/D;8;3.0;7;7
30;No;Travel_Rarely;Research & Development;17;Universitaria;Medical;1;1321;Media;M;Alta;3;Manager;Alta;Married;11916;1;Y;Yes;23;Muy_Alta;Muy_Alta;80;2;9;2;Alta;9;;0;8
39;No;Travel_Rarely;Research & Development;18;Universitaria;Life Sciences;1;1322;Baja;M;Alta;2;Manufacturing Director;Alta;Single;4534;0;Y;No;11;Alta;Baja;80;0;9;6;#N/D;8;;1;7
31;No;Non-Travel;Sales;2;Universitaria;Life Sciences;1;1324;Muy_Alta;M;Alta;3;Sales Executive;Alta;Divorced;9852;1;Y;Yes;19;Alta;Baja;80;1;10;5;#N/D;10;;9;6
41;No;Non-Travel;Sales;10;Primaria;Medical;1;1329;Alta;M;Baja;2;Sales Executive;Baja;Single;6151;1;Y;No;13;Alta;Baja;80;0;19;4;Baja;19;;11;9
31;Yes;Travel_Frequently;Sales;1;Universitaria;Life Sciences;1;1331;Muy_Alta;M;Alta;1;Sales Representative;Alta;Single;2302;1;Y;Yes;11;Alta;Baja;80;0;3;2;#N/D;3;;2;2
44;Yes;Travel_Rarely;Research & Development;3;Universitaria;Life Sciences;1;1333;Baja;M;Alta;1;Laboratory Technician;Alta;Married;2362;4;Y;No;12;Alta;Alta;80;0;10;4;#N/D;3;;1;2
42;No;Non-Travel;Research & Development;2;Universitaria;Life Sciences;1;1334;Alta;M;Alta;4;Manager;Alta;Married;17861;0;Y;Yes;13;Alta;Muy_Alta;80;0;21;3;#N/D;20;3.0;2;10
55;No;Travel_Rarely;Research & Development;2;Primaria;Medical;1;1336;Muy_Alta;M;Baja;5;Manager;Baja;Married;19187;4;Y;No;14;Alta;Muy_Alta;80;1;23;5;Baja;19;;9;11
56;No;Travel_Rarely;Human Resources;8;Universitaria;Life Sciences;1;1338;Muy_Alta;M;Alta;5;Manager;Alta;Single;19717;6;Y;No;14;Alta;Baja;80;0;36;4;#N/D;7;;7;7
40;No;Non-Travel;Research & Development;16;Universitaria;Life Sciences;1;1340;Alta;M;Alta;1;Research Scientist;Alta;Divorced;3544;9;Y;No;16;Alta;Media;80;1;6;0;#N/D;4;;0;0
34;No;Travel_Rarely;Research & Development;9;Universitaria;Life Sciences;1;1344;Muy_Alta;M;Alta;3;Healthcare Representative;Alta;Divorced;8500;0;Y;No;11;Alta;Muy_Alta;80;1;10;0;Alta;9;3.0;1;6
40;No;Travel_Rarely;Research & Development;2;Universitaria;Life Sciences;1;1346;Alta;M;Alta;2;Research Scientist;Alta;Single;4661;1;Y;No;13;Alta;Alta;80;0;9;4;Alta;9;;8;8
41;No;Travel_Frequently;Sales;1;Universitaria;Marketing;1;1349;Alta;M;Alta;2;Sales Executive;Alta;Divorced;4103;0;Y;No;17;Alta;Muy_Alta;80;1;10;2;Alta;9;3.0;1;7
35;No;Travel_Frequently;Research & Development;4;#N/D;Life Sciences;1;1350;Alta;M;Alta;2;Research Scientist;#N/D;Single;4249;1;Y;Yes;11;Alta;Media;80;0;9;3;#N/D;9;3.0;1;1
51;No;Travel_Rarely;Human Resources;5;Universitaria;Life Sciences;1;1352;Alta;M;Alta;4;Manager;Alta;Divorced;14026;1;Y;Yes;11;Alta;Media;80;1;33;2;#N/D;33;;0;10
38;No;Travel_Rarely;Sales;2;Universitaria;Life Sciences;1;1355;Media;M;Alta;2;Sales Executive;Alta;Divorced;6893;3;Y;No;15;Alta;Muy_Alta;80;1;11;3;Alta;7;3.0;1;7
34;No;Travel_Rarely;Sales;15;Universitaria;Medical;1;1356;Alta;F;Alta;2;Sales Executive;Alta;Single;6125;1;Y;No;12;Alta;Muy_Alta;80;0;10;6;#N/D;10;;9;6
25;No;Travel_Rarely;Research & Development;19;Universitaria;Medical;1;1358;Muy_Alta;M;Alta;1;Laboratory Technician;Alta;Married;3669;3;Y;No;11;Alta;Alta;80;3;7;6;#N/D;3;;1;2
58;Yes;Travel_Rarely;Research & Development;7;Secundaria;Medical;1;1360;Alta;F;Media;3;Manufacturing Director;Media;Married;10008;7;Y;Yes;14;Alta;Muy_Alta;80;0;31;0;Media;10;;5;9
40;No;Travel_Rarely;Research & Development;1;Universitaria;Life Sciences;1;1361;Media;M;Alta;1;Laboratory Technician;Alta;Married;2387;3;Y;No;22;Muy_Alta;Alta;80;1;7;3;Alta;4;;0;3
36;No;Travel_Frequently;Sales;7;Master;Marketing;1;1362;Baja;F;Muy_Alta;2;Sales Executive;Muy_Alta;Married;4639;2;Y;No;16;Alta;Muy_Alta;80;1;17;2;#N/D;15;;6;13
48;No;Travel_Rarely;Research & Development;4;Universitaria;Life Sciences;1;1363;Muy_Alta;M;Alta;3;Manufacturing Director;Alta;Single;7898;1;Y;No;11;Alta;Alta;80;0;11;2;#N/D;10;;0;8
27;No;Travel_Rarely;Sales;11;#N/D;Medical;1;1364;Alta;F;Muy_Alta;1;Sales Representative;Muy_Alta;Married;2534;8;Y;No;14;Alta;Media;80;1;5;4;#N/D;1;;0;0
51;No;Travel_Rarely;Research & Development;11;Secundaria;Technical Degree;1;1367;Muy_Alta;M;Media;4;Manufacturing Director;Media;Single;13142;3;Y;No;16;Alta;Media;80;0;29;1;Media;5;;0;3
18;No;Non-Travel;Research & Development;1;Universitaria;Life Sciences;1;1368;Muy_Alta;M;Alta;1;Laboratory Technician;Alta;Single;1611;1;Y;No;15;Alta;Alta;80;0;0;5;#N/D;0;;0;0
35;No;Travel_Rarely;Research & Development;1;Secundaria;Medical;1;1369;Muy_Alta;F;Media;2;Laboratory Technician;Media;Married;5363;0;Y;No;12;Alta;Media;80;1;10;0;#N/D;9;;0;0
27;No;Travel_Frequently;Sales;2;Primaria;Life Sciences;1;1371;Muy_Alta;M;Baja;2;Sales Executive;Baja;Single;5071;3;Y;No;20;Muy_Alta;Media;80;0;8;3;#N/D;6;;0;0
55;Yes;Travel_Rarely;Sales;13;Master;Marketing;1;1372;Baja;F;Muy_Alta;4;Sales Executive;Muy_Alta;Single;13695;6;Y;Yes;17;Alta;Alta;80;0;24;2;Muy_Alta;19;;3;8
56;No;Travel_Rarely;Research & Development;23;Universitaria;Life Sciences;1;1373;Muy_Alta;M;Alta;4;Manufacturing Director;Alta;Married;13402;4;Y;Yes;12;Alta;Baja;80;1;33;0;#N/D;19;;15;9
34;No;Non-Travel;Research & Development;26;Secundaria;Technical Degree;1;1374;Baja;F;Media;1;Research Scientist;Media;Divorced;2029;1;Y;No;20;Muy_Alta;Alta;80;3;5;2;Media;5;;0;0
40;No;Travel_Rarely;Research & Development;2;Master;Medical;1;1375;Media;F;Muy_Alta;2;Healthcare Representative;Muy_Alta;Divorced;6377;5;Y;No;20;Muy_Alta;Media;80;3;15;0;Muy_Alta;12;4.0;11;8
34;No;Travel_Rarely;Research & Development;29;Universitaria;Medical;1;1377;Media;M;Alta;2;Laboratory Technician;Alta;Married;5429;4;Y;No;13;Alta;Baja;80;2;10;1;#N/D;8;3.0;7;7
31;Yes;Travel_Frequently;Sales;2;Secundaria;Life Sciences;1;1379;Alta;F;Media;1;Sales Representative;Media;Single;2785;7;Y;No;14;Alta;Alta;80;0;3;3;#N/D;1;;0;0
35;Yes;Travel_Frequently;Sales;18;Universitaria;Marketing;1;1380;Muy_Alta;M;Alta;2;Sales Executive;Alta;Married;4614;0;Y;Yes;18;Alta;Alta;80;1;5;0;#N/D;4;;3;2
38;No;Travel_Frequently;Research & Development;7;Master;Life Sciences;1;1382;Muy_Alta;F;Muy_Alta;1;Research Scientist;Muy_Alta;Divorced;2610;1;Y;No;11;Alta;Muy_Alta;80;3;4;2;Muy_Alta;4;;0;3
34;No;Travel_Rarely;Research & Development;2;Universitaria;Technical Degree;1;1383;Alta;M;Alta;2;Healthcare Representative;Alta;Single;6687;1;Y;No;11;Alta;Muy_Alta;80;0;14;2;Alta;14;;4;11
28;No;Travel_Rarely;Sales;26;Secundaria;Life Sciences;1;1387;Alta;F;Media;2;Sales Executive;Media;Married;4724;1;Y;No;11;Alta;Alta;80;1;5;0;#N/D;5;;0;4
31;Yes;Travel_Rarely;Research & Development;22;#N/D;Medical;1;1389;Muy_Alta;M;Alta;2;Manufacturing Director;Alta;Married;6179;1;Y;Yes;15;Alta;Muy_Alta;80;2;10;3;#N/D;10;;6;7
39;No;Travel_Rarely;Sales;21;Secundaria;Life Sciences;1;1390;Baja;F;Media;2;Sales Executive;Media;Married;6120;3;Y;Yes;12;Alta;Muy_Alta;80;2;8;2;Media;5;;1;4
51;No;Travel_Frequently;Sales;2;Universitaria;Marketing;1;1391;Media;M;Alta;3;Sales Executive;Alta;Married;10596;2;Y;No;11;Alta;Media;80;0;14;5;#N/D;4;;3;2
41;No;Travel_Frequently;Research & Development;22;Universitaria;Life Sciences;1;1392;Muy_Alta;M;Alta;2;Research Scientist;Alta;Divorced;5467;3;Y;Yes;14;Alta;Baja;80;2;12;4;#N/D;6;;3;3
37;No;Travel_Rarely;Research & Development;4;Universitaria;Life Sciences;1;1394;Alta;M;Alta;1;Research Scientist;Alta;Married;2996;7;Y;Yes;15;Alta;Muy_Alta;80;0;8;2;Alta;6;;1;3
33;No;Travel_Frequently;Sales;5;Universitaria;Life Sciences;1;1395;Media;M;Alta;2;Sales Executive;Alta;Married;9998;6;Y;No;13;Alta;Baja;80;0;8;2;#N/D;5;;1;2
32;No;Travel_Rarely;Sales;2;Universitaria;Marketing;1;1396;Alta;M;Alta;2;Sales Executive;Alta;Married;4078;0;Y;Yes;13;Alta;Baja;80;3;4;3;#N/D;3;;1;2
39;No;Non-Travel;Research & Development;25;Universitaria;Life Sciences;1;1397;Alta;M;Alta;3;Healthcare Representative;Alta;Married;10920;3;Y;No;21;Muy_Alta;Media;80;1;13;2;#N/D;6;;0;5
25;No;Travel_Rarely;Sales;18;Master;Life Sciences;1;1399;Baja;F;Muy_Alta;2;Sales Executive;Muy_Alta;Married;6232;2;Y;No;11;Alta;Media;80;0;6;3;#N/D;3;;1;2
52;No;Travel_Frequently;Research & Development;28;Master;Medical;1;1401;Muy_Alta;F;Muy_Alta;4;Manufacturing Director;Muy_Alta;Married;13247;2;Y;Yes;11;Alta;Media;80;1;24;3;#N/D;5;;0;2
43;No;Travel_Rarely;Research & Development;6;Secundaria;Medical;1;1402;Baja;M;Media;2;Research Scientist;Media;Single;4081;1;Y;Yes;14;Alta;Baja;80;0;20;3;#N/D;20;;1;8
27;No;Travel_Rarely;Sales;10;Secundaria;Marketing;1;1403;Muy_Alta;F;Media;2;Sales Executive;Media;Married;5769;1;Y;Yes;11;Alta;Muy_Alta;80;0;6;3;#N/D;6;;4;4
27;Yes;Travel_Rarely;Research & Development;17;Universitaria;Life Sciences;1;1405;Muy_Alta;M;Alta;1;Research Scientist;Alta;Single;2394;1;Y;Yes;13;Alta;Muy_Alta;80;0;8;2;#N/D;8;;7;7
26;No;Travel_Rarely;Research & Development;2;Secundaria;Medical;1;1407;Baja;F;Media;1;Research Scientist;Media;Single;3904;0;Y;No;12;Alta;Muy_Alta;80;0;5;2;#N/D;4;;1;1
42;No;Travel_Rarely;Human Resources;10;Universitaria;Human Resources;1;1408;Alta;M;Alta;4;Manager;Alta;Married;16799;0;Y;No;14;Alta;Alta;80;1;21;5;Alta;20;;0;9
52;No;Travel_Rarely;Research & Development;8;Universitaria;Other;1;1409;Alta;M;Alta;1;Laboratory Technician;Alta;Married;2950;9;Y;No;13;Alta;Alta;80;0;12;2;#N/D;5;;0;4
37;No;Travel_Rarely;Research & Development;11;Universitaria;Medical;1;1411;Baja;M;Alta;1;Laboratory Technician;Alta;Single;3629;4;Y;No;18;Alta;Baja;80;0;8;6;#N/D;3;;0;2
35;No;Travel_Frequently;Research & Development;18;Universitaria;Life Sciences;1;1412;Alta;M;Alta;3;Manufacturing Director;Alta;Single;9362;2;Y;No;11;Alta;Alta;80;0;10;2;#N/D;2;;2;2
25;No;Travel_Rarely;Research & Development;1;Universitaria;Technical Degree;1;1415;Baja;M;Alta;1;Laboratory Technician;Alta;Married;3229;4;Y;No;11;Alta;Media;80;1;7;2;Alta;3;;0;2
26;No;Travel_Rarely;Research & Development;7;Master;Other;1;1417;Alta;M;Muy_Alta;1;Laboratory Technician;Muy_Alta;Single;3578;0;Y;No;12;Alta;Muy_Alta;80;0;8;2;Muy_Alta;7;4.0;0;7
29;No;Travel_Rarely;Human Resources;17;Secundaria;Other;1;1419;Media;F;Media;3;Human Resources;Media;Single;7988;1;Y;No;13;Alta;Baja;80;0;10;3;#N/D;10;;0;9
49;Yes;Travel_Frequently;Research & Development;28;Secundaria;Life Sciences;1;1420;Baja;F;Media;2;Laboratory Technician;Media;Single;4284;3;Y;No;20;Muy_Alta;Baja;80;0;20;2;#N/D;4;;1;3
29;Yes;Travel_Frequently;Research & Development;14;Universitaria;Other;1;1421;Alta;M;Alta;3;Healthcare Representative;Alta;Single;7553;0;Y;Yes;12;Alta;Baja;80;0;9;1;Alta;8;;7;7
54;No;Travel_Rarely;Research & Development;1;Universitaria;Medical;1;1422;Muy_Alta;M;Alta;4;Research Director;Alta;Single;17328;6;Y;No;19;Alta;Muy_Alta;80;0;29;3;#N/D;20;;12;7
58;No;Travel_Rarely;Research & Development;1;Universitaria;Medical;1;1423;Muy_Alta;M;Alta;5;Research Director;Alta;Married;19701;3;Y;Yes;21;Muy_Alta;Alta;80;1;32;3;Alta;9;;1;5
55;No;Travel_Rarely;Research & Development;1;Master;Medical;1;1424;Media;F;Muy_Alta;4;Research Director;Muy_Alta;Divorced;14732;2;Y;No;13;Alta;Muy_Alta;80;2;31;4;Muy_Alta;7;;0;0
36;No;Travel_Rarely;Sales;3;Universitaria;Marketing;1;1425;Baja;M;Alta;2;Sales Executive;Alta;Single;9278;3;Y;Yes;16;Alta;Muy_Alta;80;0;15;3;#N/D;5;;0;1
31;Yes;Travel_Frequently;Sales;1;Primaria;Life Sciences;1;1427;Media;M;Baja;1;Sales Representative;Baja;Single;1359;1;Y;No;12;Alta;Media;80;0;1;3;#N/D;1;1.0;0;0
30;No;Travel_Rarely;Sales;7;Universitaria;Marketing;1;1428;Muy_Alta;M;Alta;2;Sales Executive;Alta;Divorced;4779;7;Y;No;14;Alta;Media;80;2;8;3;#N/D;3;;0;2
31;No;Travel_Rarely;Research & Development;8;Universitaria;Life Sciences;1;1430;Baja;M;Alta;4;Research Director;Alta;Single;16422;3;Y;No;11;Alta;Alta;80;0;9;3;#N/D;3;;1;0
34;No;Travel_Frequently;Research & Development;1;#N/D;Other;1;1431;Muy_Alta;M;Alta;1;Research Scientist;Alta;Divorced;2996;5;Y;No;14;Alta;Alta;80;2;10;2;Alta;4;;1;3
31;Yes;Travel_Rarely;Research & Development;8;Secundaria;Life Sciences;1;1433;Baja;F;Media;1;Research Scientist;Media;Single;1261;1;Y;No;12;Alta;Alta;80;0;1;3;Media;1;;0;0
27;No;Travel_Rarely;Research & Development;11;Universitaria;Life Sciences;1;1434;Media;M;Alta;1;Laboratory Technician;Alta;Married;2099;0;Y;No;14;Alta;Media;80;0;6;3;#N/D;5;3.0;1;4
36;No;Travel_Rarely;Research & Development;4;Secundaria;Life Sciences;1;1435;Baja;F;Media;2;Laboratory Technician;Media;Single;5810;1;Y;No;16;Alta;Alta;80;0;10;2;#N/D;10;;1;8
36;No;Travel_Rarely;Sales;16;Secundaria;Marketing;1;1436;Alta;F;Media;2;Sales Executive;Media;Married;5647;4;Y;No;13;Alta;Baja;80;2;11;3;#N/D;3;;0;2
47;No;Travel_Rarely;Research & Development;1;Universitaria;Technical Degree;1;1438;Baja;M;Alta;1;Research Scientist;Alta;Married;3420;7;Y;No;12;Alta;Alta;80;1;17;2;Alta;6;;1;2
25;Yes;Travel_Rarely;Sales;9;Secundaria;Life Sciences;1;1439;Baja;F;Media;1;Sales Representative;Media;Married;4400;3;Y;No;12;Alta;Baja;80;0;6;2;Media;3;;2;2
37;No;Non-Travel;Research & Development;5;Master;Technical Degree;1;1440;Alta;F;Muy_Alta;1;Laboratory Technician;Muy_Alta;Single;3500;0;Y;No;14;Alta;Baja;80;0;7;2;Muy_Alta;6;4.0;1;3
56;No;Travel_Rarely;Research & Development;1;Universitaria;Life Sciences;1;1441;Baja;M;Alta;1;Research Scientist;Alta;Married;2066;2;Y;No;22;Muy_Alta;Muy_Alta;80;1;5;3;#N/D;3;;1;0
47;No;Travel_Rarely;Research & Development;2;Universitaria;Medical;1;1443;Baja;M;Alta;4;Research Director;Alta;Married;17169;3;Y;No;19;Alta;Media;80;2;26;2;Alta;20;;5;6
24;No;Travel_Rarely;Sales;4;Universitaria;Medical;1;1445;Muy_Alta;M;Alta;2;Sales Executive;Alta;Married;4162;1;Y;Yes;12;Alta;Alta;80;2;5;3;#N/D;5;3.0;0;3
32;No;Travel_Rarely;Sales;7;Universitaria;Marketing;1;1446;Muy_Alta;M;Alta;2;Sales Executive;Alta;Married;9204;4;Y;No;12;Alta;Alta;80;1;7;3;#N/D;4;;0;3
34;No;Travel_Rarely;Research & Development;1;Secundaria;Life Sciences;1;1447;Muy_Alta;F;Media;1;Laboratory Technician;Media;Married;3294;5;Y;No;17;Alta;Baja;80;1;7;2;#N/D;5;;0;2
41;No;Travel_Rarely;Research & Development;5;Master;Medical;1;1448;Media;F;Muy_Alta;1;Research Scientist;Muy_Alta;Married;2127;2;Y;Yes;12;Alta;Baja;80;0;7;5;Muy_Alta;4;;0;3
40;No;Non-Travel;Research & Development;9;#N/D;Other;1;1449;Alta;M;Alta;2;Laboratory Technician;Alta;Divorced;3975;3;Y;No;11;Alta;Alta;80;2;11;2;Alta;8;;0;7
31;No;Travel_Rarely;Sales;8;Universitaria;Life Sciences;1;1453;Baja;M;Alta;3;Sales Executive;Alta;Divorced;10793;1;Y;No;18;Alta;Baja;80;1;13;5;#N/D;13;;9;9
46;Yes;Travel_Rarely;Sales;9;Universitaria;Marketing;1;1457;Baja;M;Alta;3;Sales Executive;Alta;Divorced;10096;4;Y;No;11;Alta;Baja;80;1;28;1;#N/D;7;3.0;4;3
39;Yes;Non-Travel;Research & Development;2;Secundaria;Life Sciences;1;1458;Baja;F;Media;1;Laboratory Technician;Media;Single;3646;2;Y;Yes;23;Muy_Alta;Media;80;0;11;2;#N/D;1;;0;0
31;Yes;Travel_Frequently;Research & Development;1;Master;Life Sciences;1;1459;Alta;F;Muy_Alta;3;Manufacturing Director;Muy_Alta;Single;7446;1;Y;No;11;Alta;Baja;80;0;10;2;#N/D;10;;4;7
45;No;Travel_Rarely;Research & Development;20;Primaria;Medical;1;1460;Media;M;Baja;3;Healthcare Representative;Baja;Divorced;10851;2;Y;Yes;18;Alta;Media;80;1;24;2;#N/D;7;;0;7
31;No;Travel_Rarely;Human Resources;8;Master;Medical;1;1461;Muy_Alta;F;Muy_Alta;1;Human Resources;Muy_Alta;Single;2109;9;Y;No;18;Alta;Muy_Alta;80;0;8;3;Muy_Alta;3;;0;2
31;Yes;Travel_Frequently;Research & Development;2;Universitaria;Life Sciences;1;1464;Media;M;Alta;1;Laboratory Technician;Alta;Married;3722;6;Y;Yes;13;Alta;Alta;80;1;7;2;#N/D;2;3.0;2;2
45;No;Travel_Rarely;Research & Development;29;Universitaria;Technical Degree;1;1465;Media;M;Alta;3;Manufacturing Director;Alta;Married;9380;4;Y;Yes;18;Alta;Muy_Alta;80;2;10;4;Alta;3;;1;2
48;No;Travel_Rarely;Sales;7;#N/D;Marketing;1;1466;Alta;M;Alta;2;Sales Executive;Alta;Divorced;5486;4;Y;No;11;Alta;Baja;80;3;15;3;Alta;2;;2;2
34;Yes;Travel_Rarely;Human Resources;9;Universitaria;Technical Degree;1;1467;Baja;M;Alta;1;Human Resources;Alta;Married;2742;1;Y;No;15;Alta;Muy_Alta;80;0;2;0;#N/D;2;;2;2
40;No;Non-Travel;Research & Development;8;Secundaria;Medical;1;1468;Muy_Alta;F;Media;3;Research Director;Media;Divorced;13757;2;Y;No;11;Alta;Alta;80;1;16;5;#N/D;9;;4;8
28;No;Travel_Rarely;Sales;5;Universitaria;Medical;1;1469;Muy_Alta;M;Alta;2;Sales Executive;Alta;Single;8463;0;Y;No;18;Alta;Muy_Alta;80;0;6;4;#N/D;5;;1;3
44;No;Non-Travel;Research & Development;5;Secundaria;Life Sciences;1;1471;Alta;F;Media;1;Laboratory Technician;Media;Single;3162;3;Y;No;14;Alta;Muy_Alta;80;0;7;5;#N/D;5;2.0;0;3
53;No;Travel_Rarely;Research & Development;2;#N/D;Medical;1;1472;Muy_Alta;M;Muy_Alta;4;Research Director;Muy_Alta;Single;16598;4;Y;No;12;Alta;Media;80;0;35;2;#N/D;9;;8;8
49;No;Travel_Rarely;Research & Development;5;Universitaria;Technical Degree;1;1473;Baja;M;Alta;2;Healthcare Representative;Alta;Married;6651;2;Y;No;14;Alta;Media;80;1;20;0;Alta;3;;1;2
40;No;Travel_Rarely;Research & Development;2;Universitaria;Medical;1;1474;Alta;M;Alta;1;Research Scientist;Alta;Divorced;2345;2;Y;No;14;Alta;Alta;80;1;8;3;Alta;3;;1;2
44;No;Travel_Rarely;Research & Development;20;Universitaria;Life Sciences;1;1475;Muy_Alta;M;Alta;1;Research Scientist;Alta;Single;3420;1;Y;No;13;Alta;Alta;80;0;6;3;#N/D;5;;1;3
33;No;Travel_Frequently;Sales;7;Universitaria;Medical;1;1477;Muy_Alta;F;Alta;2;Sales Executive;Alta;Married;4373;0;Y;No;14;Alta;Baja;80;2;5;2;#N/D;4;;0;3
34;No;Travel_Rarely;Sales;3;Primaria;Other;1;1478;Muy_Alta;M;Baja;2;Sales Executive;Baja;Single;4759;3;Y;No;18;Alta;Muy_Alta;80;0;15;2;#N/D;13;;3;12
30;No;Travel_Rarely;Sales;16;#N/D;Life Sciences;1;1479;Muy_Alta;M;Alta;2;Sales Executive;Alta;Married;5301;8;Y;No;15;Alta;Alta;80;2;4;2;#N/D;2;;2;2
42;No;Travel_Frequently;Research & Development;9;Universitaria;Medical;1;1480;Baja;M;Alta;1;Laboratory Technician;Alta;Single;3673;1;Y;No;13;Alta;Alta;80;0;12;3;#N/D;12;;5;8
44;No;Travel_Frequently;Sales;1;Universitaria;Marketing;1;1481;Baja;M;Alta;2;Sales Executive;Alta;Married;4768;7;Y;No;12;Alta;Alta;80;1;11;4;Alta;1;;0;0
30;No;Non-Travel;Research & Development;7;Universitaria;Technical Degree;1;1482;Alta;F;Alta;1;Research Scientist;Alta;Divorced;1274;1;Y;No;13;Alta;Media;80;2;1;2;Alta;1;;0;0
57;No;Travel_Rarely;Research & Development;1;Master;Life Sciences;1;1483;Media;M;Muy_Alta;2;Research Scientist;Muy_Alta;Married;4900;0;Y;No;24;Muy_Alta;Baja;80;1;13;2;#N/D;12;;2;8
49;No;Travel_Rarely;Research & Development;7;Universitaria;Life Sciences;1;1484;Alta;M;Alta;3;Healthcare Representative;Alta;Divorced;10466;3;Y;No;14;Alta;Media;80;2;29;3;#N/D;8;3.0;0;7
34;No;Travel_Frequently;Research & Development;15;Universitaria;Medical;1;1485;Media;M;Alta;4;Research Director;Alta;Divorced;17007;7;Y;No;14;Alta;Muy_Alta;80;2;16;3;#N/D;14;;6;9
28;Yes;Travel_Frequently;Sales;1;Universitaria;Technical Degree;1;1486;Baja;M;Alta;1;Sales Representative;Alta;Married;2909;3;Y;No;15;Alta;Muy_Alta;80;1;5;3;#N/D;3;;1;2
29;Yes;Travel_Frequently;Sales;13;Universitaria;Technical Degree;1;1487;Baja;M;Alta;2;Sales Executive;Alta;Single;5765;5;Y;No;11;Alta;Baja;80;0;7;4;#N/D;5;;0;0
34;Yes;Travel_Rarely;Sales;24;Secundaria;Medical;1;1489;Baja;F;Media;2;Sales Executive;Media;Single;4599;0;Y;Yes;23;Muy_Alta;Alta;80;0;16;2;#N/D;15;;10;10
35;No;Travel_Rarely;Sales;7;Universitaria;Life Sciences;1;1492;Muy_Alta;M;Alta;1;Sales Representative;Alta;Married;2404;1;Y;No;13;Alta;Baja;80;1;1;3;Alta;1;;0;0
24;Yes;Travel_Frequently;Research & Development;9;Universitaria;Medical;1;1494;Media;M;Alta;1;Laboratory Technician;Alta;Single;3172;2;Y;Yes;11;Alta;Alta;80;0;4;2;#N/D;0;;0;0
24;No;Non-Travel;Sales;13;Universitaria;Life Sciences;1;1495;Muy_Alta;M;Alta;1;Sales Representative;Alta;Married;2033;1;Y;No;13;Alta;Alta;80;1;1;2;#N/D;1;;0;0
44;No;Travel_Frequently;Research & Development;2;Universitaria;Medical;1;1496;Media;M;Alta;3;Manufacturing Director;Alta;Single;10209;5;Y;Yes;18;Alta;Media;80;0;16;2;#N/D;2;;2;2
29;No;Travel_Rarely;Sales;19;#N/D;Life Sciences;1;1497;Alta;F;Media;2;Sales Executive;Media;Divorced;8620;1;Y;No;14;Alta;Alta;80;2;10;3;Media;10;;0;4
30;No;Travel_Rarely;Human Resources;1;Universitaria;Life Sciences;1;1499;Alta;M;Alta;1;Human Resources;Alta;Divorced;2064;0;Y;No;21;Muy_Alta;Baja;80;1;6;3;Alta;5;;1;3
55;No;Travel_Rarely;Research & Development;4;Universitaria;Life Sciences;1;1501;Muy_Alta;M;Alta;2;Healthcare Representative;Alta;Married;4035;0;Y;Yes;16;Alta;Media;80;0;4;2;#N/D;3;;1;2
33;No;Travel_Rarely;Research & Development;4;Secundaria;Medical;1;1502;Baja;F;Media;1;Laboratory Technician;Media;Married;3838;8;Y;No;11;Alta;Muy_Alta;80;0;8;5;Media;5;;0;2
47;No;Travel_Rarely;Sales;14;Universitaria;Medical;1;1503;Alta;M;Alta;2;Sales Executive;Alta;Married;4591;3;Y;Yes;17;Alta;Alta;80;1;11;4;Alta;5;;1;2
28;Yes;Travel_Frequently;Research & Development;2;Secundaria;Medical;1;1504;Alta;F;Media;1;Laboratory Technician;Media;Single;2561;7;Y;No;11;Alta;Alta;80;0;8;2;Media;0;2.0;0;0
28;No;Travel_Rarely;Research & Development;1;Secundaria;Life Sciences;1;1506;Baja;F;Media;1;Research Scientist;Media;Divorced;1563;1;Y;No;14;Alta;Muy_Alta;80;1;1;2;#N/D;1;;0;0
28;No;Travel_Frequently;Sales;7;Universitaria;Life Sciences;1;1507;Alta;M;Alta;2;Sales Executive;Alta;Single;4898;0;Y;No;14;Alta;Muy_Alta;80;0;5;5;#N/D;4;;1;3
49;No;Travel_Rarely;Research & Development;3;Secundaria;Medical;1;1509;Alta;F;Media;2;Laboratory Technician;Media;Married;4789;4;Y;No;25;Muy_Alta;Baja;80;1;10;3;#N/D;3;;1;2
29;No;Travel_Frequently;Research & Development;2;Universitaria;Life Sciences;1;1513;Muy_Alta;M;Alta;1;Laboratory Technician;Alta;Married;3180;0;Y;No;13;Alta;Alta;80;3;4;3;#N/D;3;;0;2
28;No;Travel_Rarely;Research & Development;29;Primaria;Life Sciences;1;1514;Alta;F;Baja;2;Manufacturing Director;Baja;Married;6549;1;Y;No;14;Alta;Media;80;2;8;2;Baja;8;;1;7
33;No;Travel_Rarely;Research & Development;8;Universitaria;Life Sciences;1;1515;Muy_Alta;F;Alta;2;Healthcare Representative;Alta;Single;6388;2;Y;Yes;17;Alta;Baja;80;0;14;6;#N/D;0;;0;0
32;No;Travel_Rarely;Research & Development;10;Universitaria;Medical;1;1516;Alta;M;Alta;3;Manager;Alta;Single;11244;2;Y;No;25;Muy_Alta;Media;80;0;10;5;Alta;5;3.0;0;0
54;No;Travel_Frequently;Research & Development;11;Universitaria;Medical;1;1520;Media;M;Alta;4;Manager;Alta;Divorced;16032;3;Y;No;20;Muy_Alta;Baja;80;1;26;2;#N/D;14;;1;12
29;Yes;Travel_Rarely;Research & Development;1;Secundaria;Technical Degree;1;1522;Baja;F;Media;1;Research Scientist;Media;Single;2362;6;Y;No;13;Alta;Alta;80;0;11;2;#N/D;9;;0;7
44;No;Travel_Rarely;Research & Development;28;Universitaria;Life Sciences;1;1523;Muy_Alta;M;Alta;4;Research Director;Alta;Married;16328;3;Y;No;13;Alta;Alta;80;1;24;1;#N/D;20;;14;17
39;No;Travel_Rarely;Research & Development;6;Universitaria;Life Sciences;1;1525;Media;M;Alta;3;Manufacturing Director;Alta;Single;8376;4;Y;No;18;Alta;Muy_Alta;80;0;9;3;#N/D;2;;2;2
46;No;Travel_Rarely;Sales;3;Universitaria;Life Sciences;1;1527;Alta;M;Alta;4;Manager;Alta;Married;16606;8;Y;No;12;Alta;Muy_Alta;80;1;23;2;Alta;13;;5;1
35;No;Travel_Rarely;Research & Development;16;Secundaria;Life Sciences;1;1529;Muy_Alta;F;Media;3;Healthcare Representative;Media;Single;8606;1;Y;No;19;Alta;Muy_Alta;80;0;11;3;#N/D;11;;3;3
23;No;Travel_Rarely;Research & Development;20;Universitaria;Life Sciences;1;1533;Baja;M;Alta;2;Laboratory Technician;Alta;Single;2272;0;Y;No;14;Alta;Media;80;0;5;2;#N/D;4;3.0;1;2
40;Yes;Travel_Rarely;Research & Development;9;Universitaria;Life Sciences;1;1534;Muy_Alta;M;Alta;1;Laboratory Technician;Alta;Single;2018;3;Y;No;14;Alta;Media;80;0;15;3;#N/D;5;3.0;1;0
34;No;Travel_Rarely;Sales;1;Secundaria;Technical Degree;1;1535;Muy_Alta;F;Media;3;Sales Executive;Media;Married;7083;1;Y;Yes;14;Alta;Muy_Alta;80;0;10;3;#N/D;10;;8;6
31;Yes;Travel_Frequently;Research & Development;3;Universitaria;Life Sciences;1;1537;Muy_Alta;F;Alta;1;Research Scientist;Alta;Single;4084;1;Y;No;12;Alta;Baja;80;0;7;2;#N/D;7;;7;7
50;No;Travel_Frequently;Research & Development;22;#N/D;Medical;1;1539;Alta;M;Baja;4;Research Director;#N/D;Single;14411;1;Y;Yes;13;Alta;Muy_Alta;80;0;32;2;#N/D;32;;13;9
34;No;Travel_Rarely;Sales;7;Universitaria;Technical Degree;1;1541;Media;M;Alta;1;Sales Representative;Alta;Married;2308;0;Y;Yes;25;Muy_Alta;Media;80;1;12;4;Alta;11;;5;7
42;No;Travel_Rarely;Research & Development;2;Secundaria;Medical;1;1542;Alta;M;Media;1;Laboratory Technician;Media;Married;4841;4;Y;No;14;Alta;Media;80;1;4;3;#N/D;1;2.0;0;0
37;No;Travel_Rarely;Research & Development;13;Universitaria;Medical;1;1543;Baja;M;Alta;2;Research Scientist;Alta;Married;4285;1;Y;No;17;Alta;Baja;80;0;10;2;#N/D;10;;3;7
29;No;Travel_Rarely;Research & Development;8;Primaria;Other;1;1544;Alta;F;Baja;2;Healthcare Representative;Baja;Married;9715;3;Y;No;13;Alta;Alta;80;1;9;3;#N/D;7;;0;7
33;No;Travel_Rarely;Research & Development;25;Secundaria;Life Sciences;1;1545;Muy_Alta;F;Media;2;Manufacturing Director;Media;Single;4320;1;Y;No;13;Alta;Muy_Alta;80;0;5;2;#N/D;5;;0;2
45;No;Travel_Rarely;Research & Development;28;Universitaria;Technical Degree;1;1546;Muy_Alta;M;Alta;1;Research Scientist;Alta;Married;2132;4;Y;No;20;Muy_Alta;Muy_Alta;80;1;8;3;#N/D;5;;0;3
42;No;Travel_Frequently;Research & Development;2;Universitaria;Life Sciences;1;1547;Muy_Alta;M;Alta;3;Healthcare Representative;Alta;Married;10124;2;Y;Yes;14;Alta;Alta;80;1;24;3;Alta;20;;13;9
40;No;Travel_Rarely;Sales;9;Universitaria;Medical;1;1548;Baja;M;Alta;2;Sales Executive;Alta;Married;5473;0;Y;No;12;Alta;Muy_Alta;80;0;9;5;Alta;8;;7;1
33;No;Travel_Rarely;Research & Development;28;Universitaria;Life Sciences;1;1549;Media;M;Alta;2;Laboratory Technician;Alta;Married;5207;1;Y;Yes;12;Alta;Media;80;1;15;3;#N/D;15;3.0;5;7
40;No;Travel_Rarely;Human Resources;6;Universitaria;Medical;1;1550;Alta;M;Alta;4;Manager;Alta;Single;16437;1;Y;Yes;21;Muy_Alta;Muy_Alta;80;0;21;2;Alta;21;;7;7
24;No;Travel_Rarely;Research & Development;21;Secundaria;Technical Degree;1;1551;Alta;F;Media;1;Laboratory Technician;Media;Divorced;2296;0;Y;No;14;Alta;Media;80;3;2;3;Media;1;;0;0
40;No;Non-Travel;Research & Development;8;Universitaria;Life Sciences;1;1552;Muy_Alta;M;Alta;2;Healthcare Representative;Alta;Divorced;4069;3;Y;Yes;18;Alta;Alta;80;0;8;2;#N/D;2;;2;2
45;No;Travel_Rarely;Research & Development;1;Universitaria;Technical Degree;1;1553;Baja;M;Alta;3;Healthcare Representative;Alta;Divorced;7441;1;Y;No;12;Alta;Baja;80;3;10;4;#N/D;10;;7;7
35;No;Travel_Rarely;Sales;28;Secundaria;Life Sciences;1;1554;Media;F;Media;1;Sales Representative;Media;Married;2430;0;Y;No;23;Muy_Alta;Baja;80;2;6;5;#N/D;5;;4;2
32;No;Travel_Rarely;Research & Development;5;Secundaria;Life Sciences;1;1555;Muy_Alta;F;Media;2;Research Scientist;Media;Married;5878;3;Y;No;12;Alta;Baja;80;1;12;2;#N/D;7;2.0;2;5
36;No;Travel_Rarely;Sales;2;Universitaria;Life Sciences;1;1556;Alta;M;Alta;1;Sales Representative;Alta;Single;2644;3;Y;Yes;21;Muy_Alta;Muy_Alta;80;0;7;3;#N/D;3;3.0;1;2
48;No;Travel_Rarely;Sales;16;Universitaria;Life Sciences;1;1557;Alta;M;Alta;2;Sales Executive;Alta;Divorced;6439;8;Y;No;14;Alta;Alta;80;1;18;2;#N/D;8;;7;7
29;No;Travel_Rarely;Research & Development;9;Master;Life Sciences;1;1558;Alta;F;Muy_Alta;1;Research Scientist;Muy_Alta;Married;2451;6;Y;No;18;Alta;Baja;80;2;5;2;#N/D;1;;0;0
33;No;Travel_Rarely;Sales;8;Universitaria;Life Sciences;1;1560;Baja;M;Alta;2;Sales Executive;Alta;Married;6392;2;Y;No;13;Alta;Muy_Alta;80;1;8;6;Alta;2;;2;2
30;Yes;Travel_Rarely;Sales;1;Secundaria;Life Sciences;1;1562;Media;F;Media;2;Sales Executive;#N/D;Married;9714;1;Y;No;11;Alta;Muy_Alta;80;1;10;4;#N/D;10;;6;7
38;No;Travel_Frequently;Human Resources;10;Universitaria;Human Resources;1;1563;Alta;M;Alta;2;Human Resources;Alta;Married;6077;3;Y;No;11;Alta;Alta;80;0;10;2;#N/D;6;;1;2
35;No;Travel_Rarely;Research & Development;1;#N/D;Medical;1;1564;Muy_Alta;F;Media;1;Laboratory Technician;Media;Single;2450;1;Y;No;19;Alta;Media;80;0;3;3;Media;3;;1;2
30;No;Travel_Rarely;Sales;29;#N/D;Technical Degree;1;1568;Alta;M;Alta;3;Sales Executive;#N/D;Married;9250;3;Y;No;12;Alta;Media;80;1;9;3;#N/D;4;;1;3
35;Yes;Travel_Rarely;Research & Development;2;Universitaria;Life Sciences;1;1569;Baja;M;Alta;1;Laboratory Technician;Alta;Divorced;2074;1;Y;Yes;12;Alta;Muy_Alta;80;1;1;2;#N/D;1;3.0;0;0
53;Yes;Travel_Rarely;Research & Development;2;Secundaria;Technical Degree;1;1572;Alta;F;Media;3;Manufacturing Director;Media;Married;10169;0;Y;No;16;Alta;Media;80;1;34;4;#N/D;33;;1;9
38;Yes;Travel_Rarely;Research & Development;2;Universitaria;Medical;1;1573;Alta;M;Alta;2;Manufacturing Director;Alta;Married;4855;4;Y;No;11;Alta;Baja;80;2;7;2;#N/D;5;;1;4
32;No;Non-Travel;Research & Development;1;Universitaria;Technical Degree;1;1574;Muy_Alta;M;Alta;2;Research Scientist;Alta;Married;4087;4;Y;No;14;Alta;Media;80;1;9;3;#N/D;6;;1;2
48;No;Travel_Rarely;Research & Development;15;Universitaria;Other;1;1576;Alta;M;Alta;1;Research Scientist;Alta;Married;2367;8;Y;No;12;Alta;Muy_Alta;80;1;10;3;Alta;8;;7;6
34;No;Travel_Rarely;Research & Development;7;Universitaria;Medical;1;1577;Baja;M;Alta;1;Research Scientist;Alta;Single;2972;1;Y;No;13;Alta;Alta;80;0;1;4;Alta;1;;0;0
55;No;Travel_Rarely;Sales;26;Secundaria;Marketing;1;1578;Alta;F;Media;5;Manager;Media;Married;19586;1;Y;No;21;Muy_Alta;Alta;80;1;36;3;Media;36;2.0;2;13
34;No;Travel_Rarely;Research & Development;1;Universitaria;Life Sciences;1;1580;Media;M;Alta;2;Research Scientist;Alta;Married;5484;9;Y;No;17;Alta;Media;80;1;9;3;#N/D;2;3.0;2;1
26;No;Travel_Rarely;Research & Development;3;#N/D;Life Sciences;1;1581;Baja;M;Alta;1;Research Scientist;Alta;Married;2061;1;Y;No;21;Muy_Alta;Baja;80;0;1;5;#N/D;1;;0;0
38;No;Travel_Rarely;Sales;14;Universitaria;Life Sciences;1;1582;Alta;M;Alta;2;Sales Executive;Alta;Married;9924;0;Y;No;11;Alta;Muy_Alta;80;1;10;3;#N/D;9;;7;7
38;No;Travel_Rarely;Sales;16;Universitaria;Life Sciences;1;1583;Media;M;Alta;2;Sales Executive;Alta;Single;4198;2;Y;No;12;Alta;Media;80;0;8;5;#N/D;3;;1;2
36;No;Travel_Rarely;Sales;1;Universitaria;Life Sciences;1;1585;Media;M;Alta;2;Sales Executive;Alta;Single;6815;6;Y;No;13;Alta;Baja;80;0;15;5;#N/D;1;;0;0
29;No;Travel_Rarely;Research & Development;3;Universitaria;Medical;1;1586;Media;M;Alta;1;Laboratory Technician;Alta;Single;4723;1;Y;Yes;18;Alta;Muy_Alta;80;0;10;3;#N/D;10;;1;5
35;No;Travel_Rarely;Research & Development;10;Universitaria;Medical;1;1587;Baja;M;Alta;2;Healthcare Representative;Alta;Single;6142;3;Y;Yes;16;Alta;Alta;80;0;10;4;#N/D;5;;0;4
39;No;Travel_Rarely;Sales;6;Master;Medical;1;1588;Muy_Alta;F;Muy_Alta;3;Sales Executive;Muy_Alta;Married;8237;2;Y;No;11;Alta;Baja;80;1;11;3;#N/D;7;;7;6
29;No;Travel_Frequently;Research & Development;2;Universitaria;Life Sciences;1;1590;Baja;F;Alta;2;Healthcare Representative;Alta;Divorced;8853;1;Y;No;19;Alta;Muy_Alta;80;1;6;0;Alta;6;;1;3
50;No;Travel_Rarely;Sales;9;#N/D;Marketing;1;1591;Alta;M;#N/D;5;Manager;#N/D;Married;19331;4;Y;Yes;16;Alta;Alta;80;1;27;2;#N/D;1;;0;0
23;No;Travel_Rarely;Research & Development;10;Master;Technical Degree;1;1592;Muy_Alta;F;Muy_Alta;1;Research Scientist;Muy_Alta;Married;2073;2;Y;No;16;Alta;Muy_Alta;80;1;4;2;#N/D;2;;2;2
36;No;Travel_Frequently;Research & Development;6;Master;Life Sciences;1;1594;Baja;F;Muy_Alta;2;Laboratory Technician;Muy_Alta;Married;5562;3;Y;Yes;13;Alta;Muy_Alta;80;1;9;3;Muy_Alta;3;;0;2
42;No;Travel_Rarely;Research & Development;9;Secundaria;Other;1;1595;Muy_Alta;F;Media;5;Manager;Media;Single;19613;8;Y;No;22;Muy_Alta;Muy_Alta;80;0;24;2;#N/D;1;;0;1
35;No;Travel_Rarely;Research & Development;28;Master;Life Sciences;1;1596;Media;F;Muy_Alta;2;Laboratory Technician;Muy_Alta;Married;3407;1;Y;No;17;Alta;Muy_Alta;80;2;10;3;Muy_Alta;10;;6;8
34;No;Travel_Frequently;Research & Development;10;Secundaria;Technical Degree;1;1597;Muy_Alta;F;Media;2;Healthcare Representative;Media;Married;5063;1;Y;No;14;Alta;Media;80;1;8;3;Media;8;;7;7
40;No;Travel_Rarely;Sales;14;Universitaria;Life Sciences;1;1598;Muy_Alta;M;Alta;2;Sales Executive;Alta;Married;4639;1;Y;No;15;Alta;Alta;80;1;5;2;#N/D;5;3.0;1;2
43;No;Travel_Rarely;Research & Development;27;Master;Technical Degree;1;1599;Muy_Alta;F;Muy_Alta;1;Laboratory Technician;Muy_Alta;Divorced;4876;5;Y;No;12;Alta;Alta;80;1;8;0;Muy_Alta;6;;0;2
35;No;Travel_Rarely;Research & Development;7;Secundaria;Life Sciences;1;1601;Alta;F;Media;1;Laboratory Technician;Media;Married;2690;1;Y;No;18;Alta;Muy_Alta;80;1;1;5;#N/D;1;;0;1
46;No;Travel_Rarely;Sales;1;Master;Life Sciences;1;1602;Muy_Alta;F;Muy_Alta;4;Manager;Muy_Alta;Single;17567;1;Y;No;15;Alta;Media;80;0;27;5;Muy_Alta;26;;0;12
28;Yes;Travel_Rarely;Research & Development;24;#N/D;Medical;1;1604;Alta;M;Alta;1;Laboratory Technician;Alta;Married;2408;1;Y;Yes;17;Alta;Alta;80;3;1;3;Alta;1;3.0;0;0
22;No;Non-Travel;Research & Development;26;Secundaria;Other;1;1605;Media;F;Media;1;Research Scientist;Media;Married;2814;1;Y;Yes;14;Alta;Media;80;0;4;2;#N/D;4;;1;3
50;No;Travel_Frequently;Research & Development;20;Universitaria;Medical;1;1606;Media;M;Alta;4;Healthcare Representative;Alta;Married;11245;2;Y;Yes;15;Alta;Alta;80;1;32;3;#N/D;30;;12;13
32;No;Travel_Rarely;Research & Development;5;Master;Other;1;1607;Media;F;Muy_Alta;1;Research Scientist;Muy_Alta;Married;3312;3;Y;No;17;Alta;Muy_Alta;80;2;6;3;#N/D;3;4.0;0;2
44;No;Travel_Rarely;Research & Development;7;Universitaria;Medical;1;1608;Media;M;Alta;5;Research Director;Alta;Divorced;19049;0;Y;Yes;14;Alta;Muy_Alta;80;1;23;4;Alta;22;;1;10
30;No;Travel_Rarely;Research & Development;7;Secundaria;Medical;1;1609;Media;F;Media;1;Research Scientist;Media;Married;2141;1;Y;No;12;Alta;Media;80;1;6;3;Media;6;;1;1
45;No;Travel_Rarely;Research & Development;5;Primaria;Medical;1;1611;Alta;M;Baja;2;Laboratory Technician;Baja;Single;5769;1;Y;Yes;14;Alta;Baja;80;0;10;3;#N/D;10;;1;4
45;No;Non-Travel;Sales;26;Secundaria;Marketing;1;1612;Baja;F;Media;2;Sales Executive;Media;Married;4385;1;Y;No;15;Alta;Baja;80;1;10;2;Media;10;;4;5
31;No;Travel_Frequently;Sales;2;Universitaria;Other;1;1613;Muy_Alta;M;Alta;2;Sales Executive;Alta;Single;5332;7;Y;No;13;Alta;Muy_Alta;80;0;10;3;Alta;5;;0;3
36;No;Travel_Rarely;Research & Development;12;Universitaria;Life Sciences;1;1614;Alta;M;Alta;2;Manufacturing Director;#N/D;Married;4663;9;Y;Yes;12;Alta;Media;80;2;7;2;Alta;3;;1;1
34;No;Travel_Frequently;Research & Development;10;Master;Life Sciences;1;1615;Alta;F;Muy_Alta;2;Manufacturing Director;Muy_Alta;Divorced;4724;1;Y;No;13;Alta;Baja;80;1;9;3;Muy_Alta;9;;7;2
49;No;Travel_Rarely;Research & Development;25;Universitaria;Life Sciences;1;1617;Alta;M;Alta;1;Laboratory Technician;Alta;Married;3211;1;Y;No;14;Alta;Muy_Alta;80;1;10;3;Alta;9;;1;4
39;No;Travel_Rarely;Research & Development;10;Universitaria;Medical;1;1618;Media;M;Alta;2;Manufacturing Director;Alta;Married;5377;2;Y;No;13;Alta;Muy_Alta;80;3;10;3;Alta;7;;7;7
27;No;Travel_Rarely;Research & Development;19;Secundaria;Other;1;1619;Muy_Alta;F;Media;1;Laboratory Technician;Media;Divorced;4066;1;Y;No;11;Alta;Baja;80;2;7;3;Media;7;;0;7
35;No;Travel_Rarely;Research & Development;18;Master;Life Sciences;1;1621;Media;F;Muy_Alta;2;Research Scientist;Muy_Alta;Married;5208;1;Y;No;11;Alta;Muy_Alta;80;0;16;2;Muy_Alta;16;;1;10
28;No;Travel_Rarely;Research & Development;27;Primaria;Medical;1;1622;Media;M;Baja;2;Manufacturing Director;Baja;Divorced;4877;0;Y;No;21;Muy_Alta;Media;80;1;6;5;#N/D;5;;0;0
21;No;Travel_Rarely;Research & Development;5;Universitaria;Medical;1;1623;Alta;M;Alta;1;Research Scientist;#N/D;Single;3117;1;Y;No;18;Alta;Alta;80;0;3;2;#N/D;2;3.0;2;2
18;Yes;Travel_Frequently;Sales;3;Universitaria;Medical;1;1624;Media;M;Alta;1;Sales Representative;Alta;Single;1569;1;Y;Yes;12;Alta;Alta;80;0;0;2;#N/D;0;;0;0
47;No;Travel_Rarely;Human Resources;26;Universitaria;Life Sciences;1;1625;Muy_Alta;M;Alta;5;Manager;Alta;Married;19658;3;Y;No;11;Alta;Alta;80;1;27;2;#N/D;5;;1;0
39;No;Travel_Rarely;Research & Development;3;Secundaria;Medical;1;1627;Alta;F;Media;2;Laboratory Technician;Media;Divorced;3069;0;Y;No;15;Alta;Muy_Alta;80;1;11;3;#N/D;10;;0;7
40;No;Travel_Rarely;Research & Development;15;#N/D;Life Sciences;1;1628;Baja;F;#N/D;3;Manufacturing Director;#N/D;Married;10435;1;Y;No;13;Alta;Muy_Alta;80;2;18;2;#N/D;18;;14;12
35;No;Non-Travel;Research & Development;8;Universitaria;Life Sciences;1;1630;Alta;M;Alta;2;Healthcare Representative;Alta;Married;4148;1;Y;No;12;Alta;Muy_Alta;80;1;15;5;#N/D;14;;2;9
37;No;Travel_Rarely;Research & Development;19;Universitaria;Life Sciences;1;1631;Alta;M;Alta;2;Manufacturing Director;Alta;Married;5768;3;Y;No;17;Alta;Baja;80;3;9;2;Alta;4;;0;2
39;No;Travel_Frequently;Research & Development;4;Universitaria;Medical;1;1633;Baja;M;Alta;2;Manufacturing Director;Alta;Single;5042;0;Y;No;13;Alta;Muy_Alta;80;0;10;2;Alta;9;;3;8
45;No;Travel_Rarely;Research & Development;2;Secundaria;Other;1;1635;Muy_Alta;F;Media;2;Manufacturing Director;Media;Divorced;5770;1;Y;No;19;Alta;Baja;80;2;10;3;Media;10;;3;9
38;No;Travel_Rarely;Research & Development;2;Secundaria;Medical;1;1638;Muy_Alta;F;Media;3;Manufacturing Director;Media;Married;7756;3;Y;Yes;19;Alta;Muy_Alta;80;1;10;6;#N/D;5;;0;2
35;Yes;Travel_Rarely;Sales;10;Secundaria;Medical;1;1639;Muy_Alta;F;Media;3;Sales Executive;Media;Married;10306;9;Y;No;17;Alta;Alta;80;0;15;3;#N/D;13;;6;0
37;No;Travel_Rarely;Research & Development;10;Universitaria;Medical;1;1640;Media;M;Alta;1;Research Scientist;Alta;Married;3936;1;Y;No;11;Alta;Baja;80;1;8;2;Alta;8;;7;7
40;No;Travel_Rarely;Research & Development;16;Universitaria;Life Sciences;1;1641;Alta;M;Alta;3;Manufacturing Director;Alta;Single;7945;6;Y;Yes;15;Alta;Muy_Alta;80;0;18;2;#N/D;4;;3;3
44;No;Travel_Frequently;Human Resources;1;Universitaria;Human Resources;1;1642;Baja;M;Alta;2;Human Resources;Alta;Married;5743;4;Y;Yes;11;Alta;Alta;80;0;14;3;#N/D;10;;0;2
48;No;Travel_Frequently;Research & Development;4;Secundaria;Medical;1;1644;Alta;F;Media;4;Manager;Media;Married;15202;2;Y;No;25;Muy_Alta;Media;80;1;23;3;Media;2;;2;2
35;Yes;Travel_Rarely;Sales;15;Primaria;Medical;1;1645;Baja;M;Baja;2;Sales Executive;Baja;Divorced;5440;6;Y;Yes;14;Alta;Muy_Alta;80;2;7;2;#N/D;2;;2;2
24;No;Travel_Frequently;Research & Development;2;Universitaria;Technical Degree;1;1646;Baja;M;Alta;1;Research Scientist;Alta;Single;3760;1;Y;Yes;13;Alta;Alta;80;0;6;2;#N/D;6;;1;3
27;No;Travel_Rarely;Research & Development;8;#N/D;Medical;1;1647;Media;F;Muy_Alta;1;Research Scientist;Muy_Alta;Married;3517;7;Y;No;17;Alta;Baja;80;0;5;0;#N/D;3;;0;2
27;No;Travel_Frequently;Research & Development;2;Universitaria;Medical;1;1648;Muy_Alta;M;Alta;1;Research Scientist;Alta;Single;2580;2;Y;No;13;Alta;Alta;80;0;6;0;Alta;4;3.0;1;2
40;Yes;Travel_Rarely;Research & Development;7;Universitaria;Life Sciences;1;1649;Baja;M;Alta;1;Laboratory Technician;Alta;Single;2166;3;Y;Yes;14;Alta;Media;80;0;10;3;Alta;4;3.0;0;3
29;No;Travel_Rarely;Sales;10;Secundaria;Medical;1;1650;Alta;F;Media;2;Sales Executive;Media;Single;5869;9;Y;No;11;Alta;Alta;80;0;8;2;Media;5;;1;4
36;No;Travel_Rarely;Research & Development;5;#N/D;Life Sciences;1;1651;Media;M;Alta;3;Healthcare Representative;Alta;Married;8008;4;Y;No;12;Alta;Alta;80;2;9;6;Alta;3;;0;2
25;No;Travel_Frequently;Research & Development;2;Master;Life Sciences;1;1653;Muy_Alta;F;Muy_Alta;2;Manufacturing Director;Muy_Alta;Divorced;5206;1;Y;No;17;Alta;Alta;80;2;7;6;#N/D;7;;0;7
39;No;Travel_Rarely;Research & Development;12;Universitaria;Medical;1;1654;Muy_Alta;M;Alta;2;Manufacturing Director;Alta;Married;5295;4;Y;No;21;Muy_Alta;Alta;80;0;7;3;#N/D;5;;1;0
49;No;Travel_Rarely;Research & Development;22;Universitaria;Other;1;1655;Baja;M;Alta;4;Research Director;Alta;Married;16413;3;Y;No;16;Alta;Media;80;2;27;2;#N/D;4;3.0;1;2
50;No;Travel_Rarely;Research & Development;17;Secundaria;Life Sciences;1;1656;Muy_Alta;F;Media;3;Research Director;Media;Divorced;13269;5;Y;No;15;Alta;Alta;80;3;19;3;Media;14;;1;11
20;No;Travel_Rarely;Sales;2;Universitaria;Medical;1;1657;Alta;M;Alta;1;Sales Representative;Alta;Single;2783;1;Y;No;19;Alta;Baja;80;0;2;3;#N/D;2;3.0;2;2
34;No;Travel_Rarely;Research & Development;3;Universitaria;Life Sciences;1;1658;Muy_Alta;M;Alta;2;Research Scientist;Alta;Divorced;5433;1;Y;No;12;Alta;Alta;80;1;11;2;Alta;11;;7;9
36;No;Travel_Rarely;Research & Development;7;Universitaria;Life Sciences;1;1659;Baja;M;Alta;1;Laboratory Technician;Alta;Single;2013;2;Y;No;11;Alta;Alta;80;0;15;4;#N/D;4;;1;3
49;No;Travel_Rarely;Research & Development;6;Secundaria;Life Sciences;1;1661;Alta;F;Media;4;Healthcare Representative;Media;Married;13966;2;Y;Yes;19;Alta;Media;80;1;30;3;Media;15;;2;12
36;No;Non-Travel;Research & Development;1;Secundaria;Medical;1;1662;Muy_Alta;F;Media;2;Manufacturing Director;Media;Married;4374;0;Y;No;15;Alta;Alta;80;0;4;6;#N/D;3;;1;2
36;No;Travel_Rarely;Research & Development;3;Master;Life Sciences;1;1664;Muy_Alta;F;Muy_Alta;2;Healthcare Representative;Muy_Alta;Divorced;6842;6;Y;No;20;Muy_Alta;Baja;80;1;13;3;#N/D;5;;0;4
54;No;Travel_Rarely;Research & Development;22;Universitaria;Medical;1;1665;Media;M;Alta;4;Manager;Alta;Married;17426;3;Y;No;25;Muy_Alta;Alta;80;1;36;6;Alta;10;;4;7
43;No;Travel_Rarely;Research & Development;15;Secundaria;Life Sciences;1;1666;Alta;F;Media;4;Research Director;Media;Married;17603;1;Y;No;24;Muy_Alta;Baja;80;1;14;3;Media;14;2.0;6;11
35;Yes;Travel_Frequently;Sales;12;Universitaria;Other;1;1667;Muy_Alta;M;Alta;2;Sales Executive;Alta;Single;4581;3;Y;Yes;24;Muy_Alta;Baja;80;0;13;2;#N/D;11;;6;7
38;No;Travel_Frequently;Research & Development;1;Universitaria;Life Sciences;1;1668;Muy_Alta;M;Alta;2;Research Scientist;Alta;Married;4735;7;Y;No;15;Alta;Muy_Alta;80;2;19;4;#N/D;13;;2;9
29;No;Travel_Rarely;Sales;5;Secundaria;Medical;1;1669;Baja;F;Media;2;Sales Executive;Media;Divorced;4187;1;Y;Yes;13;Alta;Media;80;1;10;3;#N/D;10;;0;9
33;No;Travel_Rarely;Sales;2;Universitaria;Medical;1;1670;Muy_Alta;M;Alta;2;Sales Executive;Alta;Divorced;5505;1;Y;No;14;Alta;Alta;80;2;6;5;#N/D;6;3.0;0;4
32;No;Travel_Rarely;Research & Development;2;Universitaria;Medical;1;1671;Muy_Alta;M;Alta;2;Research Scientist;Alta;Divorced;5470;0;Y;No;13;Alta;Alta;80;2;10;4;#N/D;9;;1;6
31;No;Travel_Rarely;Sales;5;Universitaria;Life Sciences;1;1673;Baja;M;Alta;2;Sales Executive;Alta;Married;5476;1;Y;No;11;Alta;Baja;80;2;10;2;#N/D;10;;0;2
49;No;Travel_Rarely;Research & Development;16;Universitaria;Medical;1;1674;Muy_Alta;M;Alta;1;Laboratory Technician;Alta;Divorced;2587;4;Y;Yes;16;Alta;Media;80;1;17;2;#N/D;2;;2;2
38;No;Travel_Frequently;Research & Development;2;Secundaria;Medical;1;1675;Muy_Alta;F;Media;1;Laboratory Technician;Media;Single;2440;1;Y;No;22;Muy_Alta;Media;80;0;4;3;#N/D;4;;3;3
47;No;Travel_Rarely;Sales;2;Master;Life Sciences;1;1676;Media;F;Muy_Alta;4;Manager;Muy_Alta;Divorced;15972;6;Y;No;14;Alta;Alta;80;3;29;2;#N/D;3;;1;2
49;No;Travel_Rarely;Research & Development;1;Universitaria;Life Sciences;1;1677;Alta;M;Alta;4;Manager;Alta;Single;15379;4;Y;No;14;Alta;Baja;80;0;23;2;Alta;8;;0;0
41;No;Travel_Rarely;Sales;23;Universitaria;Life Sciences;1;1678;Muy_Alta;M;Alta;3;Sales Executive;Alta;Single;7082;3;Y;Yes;16;Alta;Muy_Alta;80;0;21;2;#N/D;2;;0;2
20;No;Travel_Rarely;Sales;9;Universitaria;Life Sciences;1;1680;Muy_Alta;M;Alta;1;Sales Representative;Alta;Single;2728;1;Y;No;11;Alta;Baja;80;0;2;3;Alta;2;;0;2
33;No;Non-Travel;Sales;16;Universitaria;Life Sciences;1;1681;Alta;M;Alta;2;Sales Executive;Alta;Divorced;5368;1;Y;Yes;25;Muy_Alta;Alta;80;1;7;2;#N/D;6;;1;2
36;No;Travel_Rarely;Research & Development;26;Universitaria;Life Sciences;1;1682;Baja;M;Alta;2;Healthcare Representative;Alta;Married;5347;6;Y;No;14;Alta;Media;80;2;10;2;Alta;3;;0;2
44;No;Travel_Rarely;Human Resources;1;Universitaria;Life Sciences;1;1683;Alta;M;Alta;1;Human Resources;Alta;Divorced;3195;4;Y;Yes;18;Alta;Baja;80;3;8;2;#N/D;2;;2;2
23;Yes;Travel_Rarely;Research & Development;8;Secundaria;Medical;1;1684;Muy_Alta;F;Media;1;Laboratory Technician;Media;Single;3989;1;Y;Yes;11;Alta;Baja;80;0;5;2;#N/D;5;;1;2
38;No;Travel_Rarely;Research & Development;4;Universitaria;Medical;1;1687;Muy_Alta;M;Alta;1;Laboratory Technician;Alta;Married;3306;7;Y;No;19;Alta;Muy_Alta;80;1;7;5;#N/D;0;;0;0
53;No;Travel_Rarely;Research & Development;24;Master;Medical;1;1689;Media;F;Muy_Alta;3;Healthcare Representative;Muy_Alta;Married;7005;3;Y;No;15;Alta;Alta;80;0;11;2;#N/D;4;;1;2
48;Yes;Travel_Frequently;Sales;7;Universitaria;Medical;1;1691;Muy_Alta;M;Alta;1;Sales Representative;Alta;Married;2655;2;Y;Yes;11;Alta;Alta;80;2;19;3;#N/D;9;3.0;7;7
32;Yes;Travel_Rarely;Research & Development;2;#N/D;Life Sciences;1;1692;Muy_Alta;M;Alta;1;Laboratory Technician;Alta;Single;1393;1;Y;No;12;Alta;Baja;80;0;1;2;#N/D;1;3.0;0;0
26;No;Non-Travel;Research & Development;7;Universitaria;Medical;1;1693;Muy_Alta;M;Alta;1;Laboratory Technician;Alta;Single;2570;1;Y;No;20;Muy_Alta;Alta;80;0;7;5;Alta;7;;5;7
55;No;Travel_Rarely;Research & Development;22;Secundaria;Technical Degree;1;1694;Baja;F;Media;1;Research Scientist;Media;Divorced;3537;5;Y;No;12;Alta;Muy_Alta;80;1;8;1;Media;4;;1;2
34;No;Travel_Rarely;Research & Development;5;Secundaria;Medical;1;1696;Media;F;Media;2;Laboratory Technician;Media;Married;3986;1;Y;No;14;Alta;Alta;80;1;15;3;#N/D;15;;4;13
60;No;Travel_Rarely;Research & Development;1;Primaria;Medical;1;1697;Alta;M;Baja;3;Healthcare Representative;Baja;Divorced;10883;3;Y;No;20;Muy_Alta;Alta;80;1;19;2;Baja;1;;0;0
33;No;Travel_Rarely;Research & Development;21;Master;Medical;1;1698;Media;F;Muy_Alta;1;Laboratory Technician;Muy_Alta;Married;2028;1;Y;No;18;Alta;Muy_Alta;80;3;14;6;#N/D;14;;2;13
37;No;Travel_Frequently;Sales;1;Primaria;Medical;1;1700;Alta;M;Baja;2;Sales Executive;Baja;Divorced;9525;1;Y;No;14;Alta;Alta;80;2;6;2;Baja;6;;1;3
34;No;Travel_Rarely;Research & Development;19;Secundaria;Life Sciences;1;1701;Media;F;Media;1;Research Scientist;Media;Married;2929;1;Y;No;12;Alta;Media;80;0;10;3;Media;10;;8;7
23;Yes;Travel_Rarely;Sales;7;Universitaria;Life Sciences;1;1702;Alta;M;Alta;1;Sales Representative;Alta;Divorced;2275;1;Y;Yes;21;Muy_Alta;Media;80;1;3;2;#N/D;3;;0;2
44;No;Travel_Rarely;Research & Development;2;Master;Life Sciences;1;1703;Alta;F;Muy_Alta;3;Healthcare Representative;Muy_Alta;Married;7879;1;Y;Yes;19;Alta;Media;80;1;9;2;Muy_Alta;8;;6;7
35;No;Travel_Frequently;Research & Development;2;Secundaria;Medical;1;1704;Baja;F;Media;1;Research Scientist;Media;Single;4930;0;Y;Yes;14;Alta;Alta;80;0;6;2;#N/D;5;;1;4
43;No;Travel_Rarely;Sales;2;Universitaria;Medical;1;1706;Muy_Alta;M;Alta;2;Sales Executive;Alta;Married;7847;1;Y;Yes;17;Alta;Baja;80;1;10;3;#N/D;10;3.0;8;8
24;No;Travel_Rarely;Research & Development;9;Master;Medical;1;1707;Alta;F;Muy_Alta;1;Research Scientist;Muy_Alta;Married;4401;1;Y;No;16;Alta;Muy_Alta;80;1;5;1;Muy_Alta;5;;0;4
41;No;Travel_Rarely;Sales;6;Universitaria;Marketing;1;1708;Muy_Alta;M;Alta;3;Sales Executive;Alta;Single;9241;1;Y;No;12;Alta;Media;80;0;10;3;Alta;10;;8;7
29;No;Travel_Rarely;Research & Development;9;Universitaria;Medical;1;1709;Muy_Alta;M;Alta;1;Laboratory Technician;Alta;Married;2974;9;Y;No;17;Alta;Alta;80;1;9;2;#N/D;5;;1;2
36;No;Travel_Rarely;Sales;2;Universitaria;Life Sciences;1;1710;Alta;M;Alta;2;Sales Representative;Alta;Single;4502;3;Y;No;15;Alta;Alta;80;0;17;2;#N/D;13;;6;7
45;No;Non-Travel;Research & Development;1;Secundaria;Life Sciences;1;1712;Alta;F;Media;3;Healthcare Representative;Media;Married;10748;3;Y;No;23;Muy_Alta;Muy_Alta;80;1;25;3;#N/D;23;;14;4
24;Yes;Travel_Rarely;Human Resources;22;Primaria;Human Resources;1;1714;Muy_Alta;M;Baja;1;Human Resources;Baja;Married;1555;1;Y;No;11;Alta;Alta;80;1;1;2;#N/D;1;;0;0
47;Yes;Travel_Frequently;Sales;9;Primaria;Life Sciences;1;1716;Alta;F;Baja;4;Sales Executive;Baja;Married;12936;7;Y;No;11;Alta;Alta;80;0;25;3;#N/D;23;;14;10
26;No;Travel_Rarely;Research & Development;17;Primaria;Medical;1;1718;Muy_Alta;M;Baja;1;Laboratory Technician;Baja;Married;2305;1;Y;No;15;Alta;Alta;80;3;3;3;Baja;3;;0;2
45;No;Travel_Rarely;Research & Development;28;Secundaria;Technical Degree;1;1719;Muy_Alta;F;Media;4;Research Director;Media;Single;16704;1;Y;No;11;Alta;Alta;80;0;21;2;Media;21;;8;6
32;No;Travel_Frequently;Research & Development;10;Universitaria;Life Sciences;1;1720;Baja;M;Alta;1;Research Scientist;Alta;Married;3433;6;Y;No;13;Alta;Baja;80;1;10;3;#N/D;5;;1;3
31;No;Travel_Rarely;Research & Development;2;Universitaria;Life Sciences;1;1721;Media;M;Alta;1;Laboratory Technician;Alta;Married;3477;1;Y;No;14;Alta;Muy_Alta;80;1;6;2;#N/D;5;3.0;0;3
41;No;Non-Travel;Human Resources;4;Primaria;Human Resources;1;1722;Alta;M;Baja;2;Human Resources;Baja;Married;6430;6;Y;No;19;Alta;Media;80;1;10;4;#N/D;3;;1;2
40;No;Travel_Rarely;Research & Development;8;Universitaria;Life Sciences;1;1724;Media;M;Alta;2;Manufacturing Director;Alta;Married;6516;2;Y;Yes;16;Alta;Media;80;1;18;3;#N/D;1;;0;0
24;No;Travel_Rarely;Research & Development;29;Universitaria;Medical;1;1725;Media;M;Alta;1;Laboratory Technician;Alta;Divorced;3907;1;Y;No;13;Alta;Media;80;3;6;2;#N/D;6;;1;2
46;No;Travel_Rarely;Research & Development;13;Universitaria;Life Sciences;1;1727;Alta;M;Alta;2;Healthcare Representative;Alta;Single;5562;6;Y;No;14;Alta;Muy_Alta;80;0;19;3;Alta;10;;0;9
35;No;Travel_Rarely;Research & Development;27;Universitaria;Life Sciences;1;1728;Muy_Alta;M;Alta;2;Manufacturing Director;Alta;Married;6883;2;Y;No;16;Alta;Media;80;1;17;3;Alta;7;;0;7
30;No;Travel_Rarely;Research & Development;16;Universitaria;Life Sciences;1;1729;Media;M;Alta;1;Research Scientist;Alta;Married;2862;1;Y;No;12;Alta;Media;80;1;10;2;#N/D;10;;0;8
47;No;Non-Travel;Sales;2;Universitaria;Marketing;1;1731;Alta;M;Alta;2;Sales Executive;Alta;Married;4978;7;Y;No;11;Alta;Muy_Alta;80;1;4;3;Alta;1;;0;0
46;No;Travel_Rarely;Sales;2;Universitaria;Life Sciences;1;1732;Alta;M;Alta;3;Sales Executive;Alta;Divorced;10368;4;Y;Yes;12;Alta;Media;80;1;13;5;Alta;10;;0;3
36;Yes;Travel_Rarely;Sales;13;Secundaria;Marketing;1;1733;Media;F;Media;2;Sales Executive;Media;Divorced;6134;5;Y;Yes;13;Alta;Media;80;3;16;3;#N/D;2;2.0;2;2
32;Yes;Travel_Rarely;Sales;1;Primaria;Life Sciences;1;1734;Baja;M;Baja;2;Sales Executive;Baja;Single;6735;6;Y;No;15;Alta;Media;80;0;10;2;Baja;0;;0;0
23;No;Travel_Rarely;Research & Development;4;Universitaria;Medical;1;1735;Alta;M;Alta;1;Laboratory Technician;Alta;Single;3295;1;Y;No;13;Alta;Alta;80;0;3;3;#N/D;3;;1;2
31;No;Travel_Frequently;Research & Development;24;Universitaria;Technical Degree;1;1736;Muy_Alta;M;Alta;2;Manufacturing Director;Alta;Single;5238;2;Y;No;20;Muy_Alta;Muy_Alta;80;0;9;3;#N/D;5;;1;4
39;No;Non-Travel;Research & Development;1;Universitaria;Life Sciences;1;1737;Muy_Alta;F;Alta;2;Laboratory Technician;Alta;Married;6472;1;Y;Yes;15;Alta;Muy_Alta;80;1;9;2;#N/D;9;3.0;5;8
32;No;Travel_Rarely;Sales;19;Primaria;Life Sciences;1;1739;Muy_Alta;F;Baja;3;Sales Executive;Baja;Married;9610;3;Y;No;13;Alta;Alta;80;1;10;2;#N/D;4;;0;2
40;No;Travel_Rarely;Sales;7;Universitaria;Medical;1;1740;Media;M;Alta;5;Manager;Alta;Single;19833;1;Y;No;14;Alta;Media;80;0;21;3;#N/D;21;3.0;12;8
45;No;Travel_Rarely;Human Resources;4;Primaria;Life Sciences;1;1744;Alta;M;Baja;3;Human Resources;Baja;Married;9756;4;Y;No;21;Muy_Alta;Alta;80;2;9;2;Baja;5;;0;3
30;No;Travel_Frequently;Research & Development;2;Secundaria;Technical Degree;1;1745;Muy_Alta;F;Media;1;Research Scientist;Media;Single;4968;0;Y;No;16;Alta;Muy_Alta;80;0;10;2;#N/D;9;;0;7
24;No;Travel_Frequently;Human Resources;10;Universitaria;Medical;1;1746;Baja;M;Alta;1;Human Resources;Alta;Married;2145;0;Y;No;14;Alta;Muy_Alta;80;1;3;2;#N/D;2;;2;1
30;Yes;Travel_Frequently;Human Resources;8;Secundaria;Human Resources;1;1747;Alta;M;Media;1;Human Resources;Media;Divorced;2180;6;Y;No;11;Alta;Alta;80;1;6;0;Media;4;;1;2
31;No;Travel_Rarely;Sales;5;Universitaria;Technical Degree;1;1749;Baja;M;Alta;2;Sales Executive;Alta;Married;8346;1;Y;No;19;Alta;Alta;80;1;6;3;#N/D;5;;0;2
27;No;Travel_Rarely;Research & Development;8;Universitaria;Medical;1;1751;Alta;M;Alta;1;Research Scientist;Alta;Single;3445;1;Y;No;11;Alta;Alta;80;0;6;5;#N/D;6;;1;4
29;Yes;Travel_Rarely;Sales;9;Primaria;Marketing;1;1752;Media;M;Baja;1;Sales Representative;Baja;Single;2760;1;Y;No;13;Alta;Alta;80;0;2;3;#N/D;2;;2;2
29;No;Travel_Frequently;Research & Development;1;Master;Life Sciences;1;1753;Muy_Alta;F;Muy_Alta;2;Healthcare Representative;Muy_Alta;Single;6294;8;Y;Yes;12;Alta;Muy_Alta;80;0;10;5;Muy_Alta;3;;0;2
30;No;Travel_Rarely;Sales;15;Secundaria;Marketing;1;1754;Alta;F;Media;3;Sales Executive;Media;Divorced;7140;2;Y;No;11;Alta;Baja;80;1;12;2;#N/D;7;;1;7
34;No;Travel_Rarely;Research & Development;2;Master;Medical;1;1755;Muy_Alta;F;Muy_Alta;1;Research Scientist;Muy_Alta;Married;2932;0;Y;Yes;14;Alta;Baja;80;3;6;3;Muy_Alta;5;;1;2
33;No;Non-Travel;Sales;2;Universitaria;Marketing;1;1756;Muy_Alta;M;Alta;2;Sales Executive;Alta;Single;5147;8;Y;No;15;Alta;Muy_Alta;80;0;13;2;Alta;11;;1;7
49;No;Travel_Rarely;Sales;11;Universitaria;Marketing;1;1757;Muy_Alta;M;Alta;2;Sales Executive;Alta;Single;4507;3;Y;No;12;Alta;Alta;80;0;8;1;#N/D;5;;0;4
33;Yes;Travel_Rarely;Sales;16;Universitaria;Life Sciences;1;1758;Baja;M;Alta;3;Sales Executive;Alta;Single;8564;2;Y;Yes;20;Muy_Alta;Alta;80;0;11;2;Alta;0;;0;0
38;No;Travel_Frequently;Research & Development;2;Secundaria;Medical;1;1760;Alta;F;Media;1;Laboratory Technician;Media;Married;2468;4;Y;No;14;Alta;Media;80;1;9;4;Media;6;2.0;0;5
31;Yes;Travel_Rarely;Sales;16;Universitaria;Marketing;1;1761;Baja;M;Alta;3;Sales Executive;Alta;Married;8161;2;Y;No;13;Alta;Baja;80;3;10;2;Alta;1;;0;0
29;No;Travel_Rarely;Research & Development;4;Secundaria;Technical Degree;1;1762;Muy_Alta;F;Media;1;Research Scientist;Media;Divorced;2109;1;Y;No;13;Alta;Alta;80;1;1;2;#N/D;1;;0;0
30;No;Travel_Rarely;Research & Development;16;Master;Life Sciences;1;1763;Alta;F;Muy_Alta;2;Healthcare Representative;Muy_Alta;Married;5294;3;Y;No;16;Alta;Alta;80;1;10;3;#N/D;7;;1;7
32;No;Non-Travel;Research & Development;5;Universitaria;Technical Degree;1;1764;Media;M;Alta;1;Research Scientist;Alta;Single;2718;2;Y;No;14;Alta;Media;80;0;12;3;#N/D;7;;0;7
38;No;Travel_Rarely;Research & Development;18;Primaria;Medical;1;1766;Media;M;Baja;2;Healthcare Representative;#N/D;Married;5811;3;Y;Yes;16;Alta;Alta;80;1;15;2;#N/D;1;;1;0
43;Yes;Travel_Frequently;Research & Development;17;#N/D;Technical Degree;1;1767;Alta;F;Media;1;Research Scientist;Media;Married;2437;9;Y;Yes;16;Alta;Muy_Alta;80;1;6;4;Media;1;;0;0
42;No;Travel_Rarely;Research & Development;12;Universitaria;Medical;1;1768;Media;M;Alta;1;Laboratory Technician;Alta;Divorced;2766;8;Y;No;22;Muy_Alta;Media;80;3;7;6;#N/D;5;;0;4
55;No;Travel_Rarely;Research & Development;2;Secundaria;Medical;1;1770;Alta;F;Media;5;Research Director;Media;Married;19038;8;Y;No;12;Alta;Media;80;3;34;2;Media;1;;0;0
33;No;Non-Travel;Research & Development;4;Universitaria;Technical Degree;1;1771;Muy_Alta;M;Alta;2;Research Scientist;Alta;Divorced;3055;5;Y;No;15;Alta;Muy_Alta;80;2;11;2;#N/D;9;3.0;1;7
41;No;Travel_Rarely;Research & Development;9;Universitaria;Life Sciences;1;1772;Alta;M;Alta;1;Laboratory Technician;Alta;Divorced;2289;1;Y;No;20;Muy_Alta;Media;80;2;5;2;#N/D;5;;0;4
34;No;Non-Travel;Sales;10;Universitaria;Life Sciences;1;1774;Muy_Alta;M;Alta;2;Sales Executive;Alta;Divorced;4001;1;Y;Yes;14;Alta;Alta;80;1;15;3;#N/D;15;;0;7
53;No;Non-Travel;Research & Development;1;Secundaria;Medical;1;1775;Baja;F;Media;4;Manufacturing Director;Media;Married;12965;4;Y;Yes;20;Muy_Alta;Muy_Alta;80;3;27;2;Media;3;;0;2
43;No;Travel_Rarely;Human Resources;2;Universitaria;Life Sciences;1;1778;Media;M;Alta;1;Human Resources;Alta;Single;3539;0;Y;No;13;Alta;Media;80;0;10;5;#N/D;9;3.0;1;8
34;No;Travel_Rarely;Sales;3;Primaria;Life Sciences;1;1779;Muy_Alta;M;Baja;2;Sales Executive;Baja;Single;6029;5;Y;No;12;Alta;Baja;80;0;6;3;#N/D;2;;2;2
21;Yes;Travel_Rarely;Sales;7;Universitaria;Marketing;1;1780;Media;M;Alta;1;Sales Representative;Alta;Single;2679;1;Y;No;13;Alta;Media;80;0;1;3;#N/D;1;;1;0
38;No;Travel_Rarely;Research & Development;6;Secundaria;Other;1;1782;Muy_Alta;F;Media;1;Laboratory Technician;Media;Married;3702;1;Y;No;11;Alta;Media;80;1;5;3;Media;5;;0;4
22;Yes;Travel_Rarely;Research & Development;8;Universitaria;Medical;1;1783;Alta;M;Alta;1;Laboratory Technician;Alta;Married;2398;1;Y;Yes;17;Alta;Alta;80;0;1;6;#N/D;1;;0;0
31;No;Travel_Rarely;Sales;29;Secundaria;Marketing;1;1784;Baja;F;Media;2;Sales Executive;Media;Married;5468;1;Y;No;14;Alta;Baja;80;2;13;3;#N/D;12;;5;7
51;No;Travel_Rarely;Research & Development;3;Universitaria;Technical Degree;1;1786;Baja;M;Alta;3;Manager;Alta;Married;13116;2;Y;No;11;Alta;Muy_Alta;80;0;15;2;Alta;2;3.0;2;2
37;No;Travel_Rarely;Sales;9;Secundaria;Marketing;1;1787;Media;F;Media;2;Sales Executive;Media;Married;4189;1;Y;No;14;Alta;Baja;80;2;5;2;#N/D;5;2.0;0;3
46;No;Travel_Rarely;Research & Development;2;Universitaria;Medical;1;1789;Alta;M;Alta;5;Research Director;Alta;Divorced;19328;7;Y;Yes;17;Alta;Alta;80;1;24;3;#N/D;2;;2;2
36;No;Travel_Rarely;Research & Development;10;Universitaria;Life Sciences;1;1790;Muy_Alta;M;Alta;3;Healthcare Representative;Alta;Married;8321;7;Y;Yes;13;Alta;Muy_Alta;80;1;15;1;#N/D;12;3.0;5;7
44;Yes;Travel_Frequently;Research & Development;1;Universitaria;Medical;1;1792;Alta;M;Alta;1;Research Scientist;Alta;Divorced;2342;1;Y;Yes;12;Alta;Alta;80;3;6;2;Alta;5;3.0;2;3
37;No;Travel_Rarely;Human Resources;8;Universitaria;Other;1;1794;Alta;M;Alta;2;Human Resources;Alta;Divorced;4071;2;Y;No;13;Alta;Alta;80;0;19;4;#N/D;10;;4;7
35;Yes;Travel_Rarely;Sales;27;Universitaria;Life Sciences;1;1797;Alta;M;Alta;2;Sales Executive;Alta;Single;5813;1;Y;Yes;18;Alta;Muy_Alta;80;0;10;2;#N/D;10;;7;7
33;No;Travel_Rarely;Research & Development;8;Master;Life Sciences;1;1798;Muy_Alta;F;Muy_Alta;1;Research Scientist;Muy_Alta;Married;3143;6;Y;No;19;Alta;Media;80;1;14;1;Muy_Alta;10;;7;6
28;No;Travel_Rarely;Research & Development;1;Universitaria;Life Sciences;1;1799;Alta;M;Alta;1;Research Scientist;Alta;Married;2044;1;Y;No;11;Alta;Alta;80;1;5;6;#N/D;5;;0;3
39;No;Travel_Rarely;Research & Development;10;Universitaria;Medical;1;1800;Alta;M;Alta;3;Research Director;Alta;Single;13464;7;Y;No;21;Muy_Alta;Alta;80;0;9;3;Alta;4;;2;2
46;No;Non-Travel;Sales;26;Secundaria;Life Sciences;1;1801;Media;F;Media;2;Sales Executive;Media;Single;7991;8;Y;No;15;Alta;Alta;80;0;6;3;Media;2;;2;2
40;No;Travel_Rarely;Research & Development;2;Universitaria;Life Sciences;1;1802;Alta;M;Alta;1;Laboratory Technician;Alta;Married;3377;4;Y;No;17;Alta;Muy_Alta;80;1;7;5;#N/D;4;;0;2
42;No;Travel_Rarely;Research & Development;13;Master;Medical;1;1803;Media;F;Muy_Alta;2;Healthcare Representative;Muy_Alta;Married;5538;5;Y;No;18;Alta;Alta;80;2;10;2;#N/D;0;;0;0
35;No;Non-Travel;Research & Development;2;Universitaria;Medical;1;1804;Media;M;Alta;2;Manufacturing Director;Alta;Divorced;5762;2;Y;No;14;Alta;Alta;80;1;15;6;Alta;7;;1;7
38;No;Non-Travel;Human Resources;2;Universitaria;Human Resources;1;1805;Baja;M;Alta;1;Human Resources;Alta;Divorced;2592;5;Y;No;13;Alta;Muy_Alta;80;3;13;3;#N/D;11;3.0;3;8
34;Yes;Travel_Frequently;Research & Development;9;Universitaria;Life Sciences;1;1807;Muy_Alta;M;Alta;2;Laboratory Technician;Alta;Married;5346;4;Y;No;17;Alta;Alta;80;1;11;3;#N/D;7;;0;7
37;Yes;Travel_Rarely;Research & Development;10;Universitaria;Medical;1;1809;Muy_Alta;M;Alta;2;Manufacturing Director;Alta;Single;4213;1;Y;No;15;Alta;Media;80;0;10;4;#N/D;10;;0;8
39;No;Travel_Frequently;Sales;20;Universitaria;Life Sciences;1;1812;Alta;M;Alta;2;Sales Executive;Alta;Divorced;4127;2;Y;No;18;Alta;Muy_Alta;80;1;7;6;#N/D;2;3.0;2;2
43;No;Non-Travel;Research & Development;9;Universitaria;Life Sciences;1;1813;Baja;M;Alta;1;Research Scientist;Alta;Single;2438;4;Y;No;13;Alta;Alta;80;0;7;2;#N/D;3;;1;2
41;No;Travel_Rarely;Research & Development;5;Master;Life Sciences;1;1814;Media;F;Muy_Alta;2;Healthcare Representative;Muy_Alta;Single;6870;3;Y;No;12;Alta;Baja;80;0;11;3;Muy_Alta;3;;1;2
41;No;Travel_Rarely;Sales;4;Universitaria;Marketing;1;1815;Alta;M;Alta;3;Sales Executive;Alta;Divorced;10447;0;Y;Yes;13;Alta;Muy_Alta;80;1;23;3;Alta;22;;13;5
30;No;Travel_Rarely;Research & Development;10;Universitaria;Medical;1;1816;Baja;M;Alta;3;Manufacturing Director;Alta;Single;9667;9;Y;No;14;Alta;Media;80;0;9;3;#N/D;7;;0;2
26;Yes;Travel_Rarely;Human Resources;20;Universitaria;Medical;1;1818;Muy_Alta;M;Alta;1;Human Resources;Alta;Married;2148;0;Y;Yes;11;Alta;Alta;80;0;6;3;Alta;5;;1;4
46;Yes;Travel_Rarely;Research & Development;21;Universitaria;Medical;1;1821;Muy_Alta;M;Alta;2;Healthcare Representative;Alta;Married;8926;4;Y;No;22;Muy_Alta;Muy_Alta;80;1;13;2;#N/D;9;;3;7
40;No;Travel_Rarely;Research & Development;1;Universitaria;Life Sciences;1;1822;Alta;M;Alta;2;Healthcare Representative;Alta;Divorced;6513;4;Y;No;17;Alta;Muy_Alta;80;1;12;3;#N/D;5;;0;3
34;No;Travel_Rarely;Sales;8;Master;Technical Degree;1;1823;Media;F;Muy_Alta;2;Sales Executive;Muy_Alta;Married;6799;1;Y;No;21;Muy_Alta;Alta;80;2;10;5;#N/D;10;;4;8
58;No;Non-Travel;Sales;2;Universitaria;Medical;1;1824;Media;F;Alta;4;Manager;Alta;Divorced;16291;4;Y;No;22;Muy_Alta;Muy_Alta;80;1;37;0;#N/D;16;;14;14
35;No;Travel_Rarely;Research & Development;23;Primaria;Medical;1;1826;Media;M;Baja;1;Laboratory Technician;Baja;Married;2705;0;Y;No;16;Alta;Media;80;1;6;2;Baja;5;1.0;0;3
47;No;Travel_Rarely;Research & Development;4;Secundaria;Life Sciences;1;1827;Alta;F;Media;3;Manufacturing Director;Media;Divorced;10333;8;Y;Yes;12;Alta;Alta;80;1;28;4;#N/D;22;;14;10
40;No;Travel_Rarely;Research & Development;12;Universitaria;Life Sciences;1;1829;Media;M;Alta;2;Healthcare Representative;Alta;Divorced;4448;2;Y;No;12;Alta;Media;80;1;15;3;#N/D;7;;7;7
54;No;Travel_Rarely;Research & Development;7;#N/D;Medical;1;1830;Muy_Alta;M;Alta;2;Research Scientist;Alta;Married;6854;4;Y;No;15;Alta;Media;80;1;14;2;#N/D;7;;1;7
31;No;Travel_Frequently;Sales;7;Universitaria;Marketing;1;1833;Baja;F;Alta;3;Sales Executive;Alta;Married;9637;2;Y;No;14;Alta;Muy_Alta;80;2;9;3;#N/D;3;;2;2
28;No;Travel_Rarely;Research & Development;1;Universitaria;Medical;1;1834;Alta;M;Alta;1;Research Scientist;Alta;Married;3591;1;Y;No;25;Muy_Alta;Alta;80;1;3;3;#N/D;3;;1;2
38;No;Travel_Rarely;Sales;2;Primaria;Marketing;1;1835;Media;M;Baja;2;Sales Representative;Baja;Married;5405;2;Y;Yes;20;Muy_Alta;Baja;80;2;20;4;Baja;4;;0;3
26;No;Travel_Rarely;Sales;10;Universitaria;Medical;1;1836;Alta;M;Alta;2;Sales Executive;Alta;Single;4684;1;Y;No;13;Alta;Baja;80;0;5;4;#N/D;5;;1;2
58;No;Travel_Frequently;Research & Development;15;Universitaria;Life Sciences;1;1837;Baja;M;Alta;4;Research Director;Alta;Married;15787;2;Y;Yes;14;Alta;Media;80;0;23;3;#N/D;2;3.0;2;2
18;No;Non-Travel;Research & Development;14;Universitaria;Medical;1;1839;Media;M;Alta;1;Research Scientist;Alta;Single;1514;1;Y;No;16;Alta;Alta;80;0;0;4;#N/D;0;;0;0
31;Yes;Travel_Rarely;Human Resources;18;Master;Human Resources;1;1842;Muy_Alta;F;Muy_Alta;1;Human Resources;Muy_Alta;Married;2956;0;Y;No;17;Alta;Alta;80;0;2;4;#N/D;1;;0;0
29;Yes;Travel_Rarely;Human Resources;13;Secundaria;Human Resources;1;1844;Baja;F;Media;1;Human Resources;Media;Divorced;2335;4;Y;Yes;15;Alta;Muy_Alta;80;3;4;3;#N/D;2;;2;0
45;No;Non-Travel;Sales;2;Universitaria;Life Sciences;1;1845;Alta;M;Alta;2;Sales Executive;Alta;Married;5154;4;Y;No;22;Muy_Alta;Media;80;2;10;3;#N/D;8;;5;7
36;No;Travel_Rarely;Research & Development;2;Universitaria;Other;1;1847;Muy_Alta;M;Alta;2;Research Scientist;Alta;Married;6962;4;Y;Yes;22;Muy_Alta;Muy_Alta;80;1;15;2;#N/D;1;;0;0
43;No;Travel_Frequently;Sales;2;Universitaria;Life Sciences;1;1849;Baja;M;Alta;2;Sales Executive;#N/D;Married;5675;1;Y;No;20;Muy_Alta;Alta;80;1;7;5;#N/D;7;;7;7
27;No;Travel_Frequently;Research & Development;5;Universitaria;Life Sciences;1;1850;Muy_Alta;M;Alta;1;Laboratory Technician;Alta;Single;2379;0;Y;Yes;14;Alta;Alta;80;0;6;3;Alta;5;;0;2
29;No;Travel_Frequently;Research & Development;20;Universitaria;Medical;1;1852;Muy_Alta;M;Alta;1;Laboratory Technician;Alta;Married;3812;1;Y;No;13;Alta;Media;80;0;11;3;Alta;11;;3;10
32;No;Travel_Frequently;Sales;10;Universitaria;Marketing;1;1853;Muy_Alta;M;Alta;2;Sales Executive;Alta;Single;4648;8;Y;No;13;Alta;Alta;80;0;4;2;#N/D;0;;0;0
42;No;Non-Travel;Research & Development;10;Universitaria;Technical Degree;1;1854;Alta;M;Alta;1;Research Scientist;Alta;Married;2936;3;Y;No;22;Muy_Alta;Media;80;2;10;1;#N/D;6;3.0;3;3
47;No;Travel_Rarely;Research & Development;9;Universitaria;Life Sciences;1;1856;Media;M;Alta;1;Laboratory Technician;Alta;Single;2105;4;Y;No;12;Alta;Alta;80;0;7;2;Alta;2;3.0;2;0
46;No;Travel_Rarely;Research & Development;2;Universitaria;Life Sciences;1;1857;Muy_Alta;M;Alta;3;Manufacturing Director;Alta;Divorced;8578;3;Y;No;14;Alta;Alta;80;1;12;4;#N/D;9;;4;7
28;No;Non-Travel;Human Resources;1;Universitaria;Life Sciences;1;1858;Alta;M;Alta;1;Human Resources;Alta;Divorced;2706;1;Y;No;15;Alta;Media;80;1;3;2;#N/D;3;;2;2
29;No;Travel_Rarely;Research & Development;29;Primaria;Life Sciences;1;1859;Muy_Alta;M;Baja;2;Healthcare Representative;Baja;Divorced;6384;8;Y;No;17;Alta;Muy_Alta;80;2;11;3;Baja;7;;1;6
42;No;Travel_Rarely;Research & Development;8;Universitaria;Life Sciences;1;1860;Muy_Alta;M;Alta;1;Laboratory Technician;Alta;Single;3968;4;Y;No;13;Alta;Muy_Alta;80;0;8;3;#N/D;0;;0;0
32;Yes;Travel_Rarely;Sales;2;Secundaria;Marketing;1;1862;Alta;F;Media;2;Sales Executive;Media;Single;9907;7;Y;Yes;12;Alta;Alta;80;0;7;3;#N/D;2;;2;2
46;No;Travel_Rarely;Sales;3;Master;Technical Degree;1;1863;Baja;F;Muy_Alta;4;Sales Executive;Muy_Alta;Divorced;13225;2;Y;No;12;Alta;Muy_Alta;80;1;25;5;Muy_Alta;19;4.0;2;8
27;No;Travel_Rarely;Sales;23;#N/D;Medical;1;1864;Media;F;Media;2;Sales Representative;Media;Married;3540;1;Y;No;21;Muy_Alta;Muy_Alta;80;1;9;5;Media;9;;5;8
29;No;Travel_Rarely;Human Resources;6;Secundaria;Medical;1;1865;Muy_Alta;F;Media;1;Human Resources;Media;Married;2804;1;Y;No;11;Alta;Muy_Alta;80;0;1;3;#N/D;1;;0;0
43;No;Travel_Rarely;Research & Development;6;Secundaria;Medical;1;1866;Baja;F;Media;5;Manager;Media;Married;19392;7;Y;No;13;Alta;Muy_Alta;80;0;21;2;#N/D;16;2.0;6;14
48;No;Travel_Rarely;Research & Development;10;Secundaria;Life Sciences;1;1867;Muy_Alta;F;Media;5;Research Director;Media;Married;19665;4;Y;No;12;Alta;Muy_Alta;80;0;29;3;#N/D;22;2.0;12;9
29;Yes;Travel_Frequently;Research & Development;24;Secundaria;Life Sciences;1;1868;Muy_Alta;F;Media;1;Research Scientist;Media;Single;2439;1;Y;Yes;24;Muy_Alta;Media;80;0;1;3;Media;1;;1;0
46;Yes;Travel_Rarely;Sales;10;Universitaria;Life Sciences;1;1869;Alta;M;Alta;3;Sales Executive;Alta;Married;7314;5;Y;No;21;Muy_Alta;Alta;80;3;14;2;#N/D;8;;0;7
27;No;Travel_Frequently;Research & Development;15;Secundaria;Life Sciences;1;1870;Muy_Alta;F;Media;1;Research Scientist;Media;Married;4774;0;Y;No;19;Alta;Muy_Alta;80;1;8;2;Media;7;;7;3
39;No;Travel_Rarely;Research & Development;19;Universitaria;Other;1;1871;Muy_Alta;M;Alta;2;Research Scientist;Alta;Divorced;3902;8;Y;No;14;Alta;Media;80;3;7;2;#N/D;2;;2;2
55;No;Travel_Rarely;Research & Development;2;Secundaria;Technical Degree;1;1873;Media;F;Media;1;Research Scientist;Media;Married;2662;8;Y;No;20;Muy_Alta;Media;80;1;19;2;#N/D;5;;0;4
28;No;Travel_Rarely;Sales;3;#N/D;Medical;1;1875;Media;M;Alta;1;Sales Representative;Alta;Married;2856;1;Y;No;19;Alta;Muy_Alta;80;1;1;3;#N/D;1;;0;0
30;Yes;Travel_Rarely;Sales;9;Universitaria;Medical;1;1876;Media;M;Alta;1;Sales Representative;Alta;Single;1081;1;Y;No;13;Alta;Alta;80;0;1;3;#N/D;1;;0;0
22;Yes;Travel_Rarely;Research & Development;7;Universitaria;Life Sciences;1;1878;Muy_Alta;M;Alta;1;Research Scientist;Alta;Single;2472;1;Y;Yes;23;Muy_Alta;Baja;80;0;1;2;#N/D;1;;0;0
36;No;Travel_Rarely;Sales;10;Secundaria;Technical Degree;1;1880;Media;F;Media;2;Sales Executive;Media;Married;5673;1;Y;Yes;13;Alta;Baja;80;1;10;4;Media;10;;1;7
31;No;Travel_Rarely;Research & Development;20;Universitaria;Life Sciences;1;1881;Media;M;Alta;2;Laboratory Technician;Alta;Divorced;4197;1;Y;No;11;Alta;Baja;80;1;10;2;#N/D;10;;0;2
34;No;Travel_Rarely;Sales;4;Universitaria;Life Sciences;1;1882;Alta;M;Alta;3;Sales Executive;Alta;Married;9713;2;Y;Yes;13;Alta;Muy_Alta;80;3;9;3;#N/D;5;;1;0
29;No;Travel_Rarely;Research & Development;7;Universitaria;Life Sciences;1;1883;Muy_Alta;M;Alta;1;Laboratory Technician;Alta;Single;2062;3;Y;No;14;Alta;Media;80;0;11;2;Alta;3;;1;2
37;No;Travel_Rarely;Research & Development;7;Universitaria;Medical;1;1885;Muy_Alta;M;Alta;2;Research Scientist;Alta;Married;4284;5;Y;Yes;22;Muy_Alta;Alta;80;1;16;2;Alta;5;;0;4
35;No;Travel_Rarely;Research & Development;16;Secundaria;Other;1;1886;Muy_Alta;F;Media;2;Manufacturing Director;Media;Married;4788;0;Y;Yes;11;Alta;Muy_Alta;80;0;4;2;#N/D;3;;0;2
45;No;Travel_Rarely;Research & Development;25;Secundaria;Life Sciences;1;1888;Media;F;Media;2;Manufacturing Director;Media;Married;5906;0;Y;No;13;Alta;Muy_Alta;80;2;10;2;Media;9;;3;8
36;No;Travel_Frequently;Human Resources;2;#N/D;Human Resources;1;1890;Media;F;Media;2;Human Resources;Media;Single;3886;1;Y;No;21;Muy_Alta;Muy_Alta;80;0;10;2;#N/D;10;;0;8
40;No;Travel_Rarely;Research & Development;1;Universitaria;Life Sciences;1;1892;Baja;M;Alta;4;Manager;Alta;Divorced;16823;2;Y;No;11;Alta;Baja;80;1;22;3;Alta;19;;11;16
26;No;Travel_Rarely;Research & Development;1;Secundaria;Life Sciences;1;1893;Media;F;Media;1;Research Scientist;Media;Married;2933;1;Y;Yes;13;Alta;Alta;80;1;1;3;#N/D;1;;1;0
27;No;Travel_Rarely;Sales;2;Master;Medical;1;1898;Baja;M;Muy_Alta;2;Sales Executive;#N/D;Single;6500;0;Y;No;14;Alta;Media;80;0;9;5;Muy_Alta;8;;0;7
48;No;Travel_Frequently;Research & Development;22;Universitaria;Medical;1;1900;Muy_Alta;M;Alta;4;Manager;Alta;Divorced;17174;3;Y;No;11;Alta;Media;80;1;24;3;#N/D;22;;4;7
44;No;Travel_Rarely;Research & Development;1;Master;Life Sciences;1;1903;Media;F;Muy_Alta;2;Healthcare Representative;Muy_Alta;Married;5033;2;Y;No;15;Alta;Muy_Alta;80;1;10;5;#N/D;2;4.0;2;2
34;Yes;Non-Travel;Research & Development;16;Primaria;Technical Degree;1;1905;Muy_Alta;M;Baja;1;Research Scientist;Baja;Married;2307;1;Y;Yes;23;Muy_Alta;Media;80;1;5;2;#N/D;5;1.0;3;0
56;Yes;Travel_Rarely;Research & Development;24;#N/D;Life Sciences;1;1907;Baja;M;#N/D;1;Laboratory Technician;#N/D;Single;2587;1;Y;No;16;Alta;Muy_Alta;80;0;5;3;#N/D;4;;1;0
36;No;Travel_Rarely;Sales;17;Secundaria;Marketing;1;1908;Alta;F;Media;2;Sales Executive;Media;Married;5507;2;Y;No;16;Alta;Alta;80;2;12;1;#N/D;4;;1;3
41;No;Travel_Rarely;Sales;8;Universitaria;Marketing;1;1909;Alta;M;Alta;2;Sales Executive;Alta;Married;4393;5;Y;No;21;Muy_Alta;Alta;80;1;14;3;#N/D;5;;1;4
42;No;Travel_Rarely;Research & Development;6;Universitaria;Medical;1;1911;Alta;M;Alta;3;Research Director;Alta;Married;13348;9;Y;No;13;Alta;Media;80;1;18;3;Alta;13;;5;7
31;No;Travel_Rarely;Sales;10;Universitaria;Medical;1;1912;Alta;M;Alta;2;Sales Executive;Alta;Divorced;6583;2;Y;Yes;11;Alta;Muy_Alta;80;1;8;2;#N/D;5;;1;4
34;No;Travel_Rarely;Sales;3;Secundaria;Medical;1;1915;Muy_Alta;F;Media;2;Sales Executive;Media;Married;8103;3;Y;Yes;12;Alta;Alta;80;0;9;3;Media;4;;0;1
31;No;Travel_Rarely;Research & Development;4;Master;Medical;1;1916;Baja;M;Muy_Alta;1;Laboratory Technician;Muy_Alta;Divorced;3978;8;Y;No;12;Alta;Media;80;1;4;0;#N/D;2;;2;2
26;No;Travel_Frequently;Research & Development;6;Master;Other;1;1918;Alta;F;Muy_Alta;1;Laboratory Technician;Muy_Alta;Married;2544;0;Y;No;18;Alta;Baja;80;1;8;3;#N/D;7;;7;7
45;No;Travel_Frequently;Research & Development;1;Universitaria;Medical;1;1922;Media;M;Alta;2;Healthcare Representative;Alta;Single;5399;4;Y;No;12;Alta;Alta;80;0;12;3;#N/D;4;;0;3
33;No;Travel_Rarely;Sales;10;Universitaria;Marketing;1;1924;Media;M;Alta;2;Sales Executive;Alta;Single;5487;1;Y;No;14;Alta;Media;80;0;10;2;Alta;10;;0;9
28;No;Travel_Frequently;Sales;1;Secundaria;Life Sciences;1;1927;Alta;M;Media;2;Sales Executive;Media;Married;6834;1;Y;Yes;12;Alta;Alta;80;1;7;2;#N/D;7;;0;7
29;Yes;Travel_Frequently;Sales;24;#N/D;Technical Degree;1;1928;Alta;M;Muy_Alta;1;Sales Representative;Muy_Alta;Single;1091;1;Y;No;17;Alta;Muy_Alta;80;0;1;3;#N/D;1;;0;0
39;No;Non-Travel;Sales;21;Primaria;Life Sciences;1;1929;Baja;M;Baja;2;Sales Executive;Baja;Married;5736;6;Y;No;19;Alta;Alta;80;1;10;1;#N/D;3;;1;2
27;No;Travel_Rarely;Research & Development;2;Universitaria;Technical Degree;1;1931;Media;M;Alta;1;Research Scientist;Alta;Married;2226;1;Y;No;11;Alta;Alta;80;1;6;3;#N/D;5;;1;2
34;No;Travel_Frequently;Research & Development;22;Secundaria;Other;1;1932;Alta;F;Media;2;Research Scientist;Media;Married;5747;1;Y;Yes;15;Alta;Media;80;0;16;3;Media;15;;6;11
28;Yes;Travel_Rarely;Sales;13;Universitaria;Marketing;1;1933;Muy_Alta;M;Alta;2;Sales Executive;Alta;Single;9854;3;Y;Yes;11;Alta;Muy_Alta;80;0;6;0;#N/D;2;;2;2
47;No;Non-Travel;Research & Development;14;Universitaria;Technical Degree;1;1934;Alta;M;Alta;2;Research Scientist;Alta;Married;5467;8;Y;No;18;Alta;Alta;80;1;16;4;#N/D;8;3.0;1;7
56;No;Travel_Rarely;Sales;11;Secundaria;Marketing;1;1935;Muy_Alta;F;Media;2;Sales Executive;Media;Married;5380;4;Y;No;16;Alta;Alta;80;1;6;3;#N/D;0;2.0;0;0
39;No;Travel_Rarely;Research & Development;9;Universitaria;Medical;1;1936;Baja;M;Alta;2;Manufacturing Director;Alta;Married;5151;1;Y;No;25;Muy_Alta;Muy_Alta;80;1;10;3;#N/D;10;;7;9
38;No;Travel_Frequently;Research & Development;8;Secundaria;Medical;1;1937;Muy_Alta;F;Media;2;Research Scientist;#N/D;Divorced;2133;1;Y;Yes;16;Alta;Alta;80;1;20;3;#N/D;20;2.0;0;7
58;No;Travel_Rarely;Sales;21;Universitaria;Life Sciences;1;1938;Muy_Alta;M;Alta;4;Manager;Alta;Married;17875;4;Y;Yes;13;Alta;Alta;80;1;29;2;#N/D;1;;0;0
32;Yes;Travel_Frequently;Research & Development;5;Master;Life Sciences;1;1939;Baja;F;Muy_Alta;1;Research Scientist;Muy_Alta;Single;2432;3;Y;Yes;14;Alta;Baja;80;0;8;2;Muy_Alta;4;;0;3
38;No;Travel_Rarely;Research & Development;9;Universitaria;Life Sciences;1;1940;Media;M;Alta;1;Research Scientist;Alta;Divorced;4771;2;Y;No;19;Alta;Muy_Alta;80;2;10;0;#N/D;5;3.0;0;3
49;No;Travel_Frequently;Research & Development;2;Universitaria;Life Sciences;1;1941;Media;M;Alta;5;Research Director;Alta;Married;19161;3;Y;No;15;Alta;Muy_Alta;80;0;28;3;#N/D;5;;4;3
42;No;Travel_Rarely;Sales;12;Universitaria;Marketing;1;1943;Media;M;Alta;2;Sales Executive;Alta;Divorced;5087;3;Y;Yes;12;Alta;Alta;80;2;14;4;#N/D;0;;0;0
27;Yes;Travel_Frequently;Human Resources;22;Secundaria;Human Resources;1;1944;Baja;F;Media;1;Human Resources;Media;Married;2863;1;Y;No;12;Alta;Baja;80;0;1;2;#N/D;1;;0;0
35;No;Travel_Rarely;Sales;18;Universitaria;Medical;1;1945;Media;M;Alta;2;Sales Executive;Alta;Married;5561;0;Y;No;16;Alta;Muy_Alta;80;1;6;2;Alta;5;;0;4
28;No;Non-Travel;Research & Development;16;Universitaria;Medical;1;1947;Alta;M;Alta;1;Research Scientist;Alta;Single;2144;1;Y;No;14;Alta;Alta;80;0;5;3;#N/D;5;;1;4
31;No;Non-Travel;Research & Development;3;Universitaria;Medical;1;1948;Alta;M;Alta;1;Research Scientist;Alta;Divorced;3065;1;Y;Yes;13;Alta;Muy_Alta;80;1;4;3;Alta;4;;2;3
36;No;Non-Travel;Research & Development;9;#N/D;Life Sciences;1;1949;Baja;F;Muy_Alta;1;Laboratory Technician;Muy_Alta;Married;2810;1;Y;No;22;Muy_Alta;Media;80;0;5;3;#N/D;5;;0;2
34;No;Travel_Rarely;Sales;1;Universitaria;Marketing;1;1950;Baja;M;Alta;3;Sales Executive;Alta;Single;9888;1;Y;No;21;Muy_Alta;Baja;80;0;14;3;#N/D;14;;2;1
34;No;Travel_Rarely;Sales;13;Universitaria;Medical;1;1951;Muy_Alta;M;Alta;3;Sales Executive;Alta;Divorced;8628;1;Y;No;18;Alta;Alta;80;1;9;2;#N/D;8;;1;1
26;No;Travel_Rarely;Research & Development;1;Universitaria;Medical;1;1952;Alta;M;Alta;1;Laboratory Technician;Alta;Single;2867;0;Y;No;13;Alta;Muy_Alta;80;0;8;6;#N/D;7;;7;6
29;No;Travel_Rarely;Research & Development;1;Universitaria;Life Sciences;1;1954;Baja;M;Alta;2;Healthcare Representative;Alta;Married;5373;0;Y;No;12;Alta;Baja;80;1;6;5;#N/D;5;;0;2
32;No;Non-Travel;Research & Development;15;Universitaria;Medical;1;1955;Alta;M;Alta;2;Healthcare Representative;Alta;Divorced;6667;5;Y;No;18;Alta;Media;80;1;9;6;#N/D;5;3.0;1;2
31;No;Travel_Frequently;Research & Development;1;Primaria;Life Sciences;1;1956;Muy_Alta;F;Baja;2;Research Scientist;#N/D;Married;5003;1;Y;No;21;Muy_Alta;Media;80;0;10;6;#N/D;10;1.0;8;7
28;Yes;Travel_Rarely;Research & Development;17;Secundaria;Technical Degree;1;1960;Alta;F;Media;1;Laboratory Technician;Media;Divorced;2367;5;Y;No;12;Alta;Baja;80;1;6;2;#N/D;4;;0;3
38;No;Travel_Rarely;Sales;1;Secundaria;Life Sciences;1;1961;Baja;F;Media;1;Sales Representative;Media;Single;2858;4;Y;No;14;Alta;Baja;80;0;20;3;#N/D;1;;0;0
35;No;Travel_Rarely;Sales;7;Universitaria;Life Sciences;1;1962;Alta;M;Alta;2;Sales Executive;Alta;Married;5204;1;Y;Yes;11;Alta;Muy_Alta;80;0;10;2;#N/D;10;;0;9
27;No;Travel_Rarely;Sales;9;Universitaria;Marketing;1;1965;Muy_Alta;M;Alta;2;Sales Executive;Alta;Single;4105;1;Y;No;14;Alta;Baja;80;0;7;5;#N/D;7;;0;7
32;No;Travel_Rarely;Research & Development;5;Secundaria;Life Sciences;1;1966;Muy_Alta;F;Media;2;Manufacturing Director;Media;Single;9679;8;Y;No;24;Muy_Alta;Media;80;0;8;1;Media;1;;0;0
31;Yes;Travel_Frequently;Sales;26;Universitaria;Marketing;1;1967;Baja;M;Alta;2;Sales Executive;Alta;Married;5617;1;Y;Yes;11;Alta;Alta;80;0;10;4;#N/D;10;;0;8
53;Yes;Travel_Rarely;Sales;24;Universitaria;Life Sciences;1;1968;Baja;M;Alta;3;Sales Executive;Alta;Single;10448;6;Y;Yes;13;Alta;Media;80;0;15;2;#N/D;2;;2;2
54;No;Travel_Rarely;Research & Development;9;#N/D;Life Sciences;1;1969;Baja;M;Alta;2;Research Scientist;Alta;Married;2897;3;Y;No;11;Alta;Alta;80;2;9;6;Alta;4;3.0;2;3
33;No;Travel_Frequently;Research & Development;7;Universitaria;Life Sciences;1;1970;Muy_Alta;M;Alta;2;Healthcare Representative;Alta;Divorced;5968;1;Y;No;20;Muy_Alta;Alta;80;3;9;2;#N/D;9;3.0;2;8
43;No;Travel_Rarely;Research & Development;11;Universitaria;Life Sciences;1;1971;Baja;M;Alta;3;Healthcare Representative;Alta;Married;7510;1;Y;No;17;Alta;Media;80;1;10;1;Alta;10;;0;9
38;No;Travel_Frequently;Human Resources;1;Universitaria;Other;1;1972;Muy_Alta;M;Alta;1;Human Resources;Alta;Married;2991;0;Y;Yes;11;Alta;Media;80;1;7;2;Alta;6;;1;2
55;No;Travel_Rarely;Human Resources;26;Master;Human Resources;1;1973;Alta;F;Muy_Alta;5;Manager;Muy_Alta;Married;19636;4;Y;Yes;18;Alta;Baja;80;1;35;0;Muy_Alta;10;;1;4
31;No;Travel_Rarely;Research & Development;2;Primaria;Medical;1;1974;Muy_Alta;M;Baja;1;Laboratory Technician;Baja;Divorced;1129;1;Y;Yes;11;Alta;Alta;80;3;1;4;#N/D;1;;0;0
39;No;Travel_Rarely;Sales;15;#N/D;Marketing;1;1975;Media;M;Alta;4;Sales Executive;Alta;Single;13341;0;Y;No;12;Alta;Baja;80;0;21;3;#N/D;20;;11;10
42;No;Non-Travel;Research & Development;23;Secundaria;Life Sciences;1;1976;Muy_Alta;F;Media;2;Research Scientist;Media;Single;4332;1;Y;No;12;Alta;Muy_Alta;80;0;20;2;Media;20;;3;7
31;No;Non-Travel;Research & Development;10;Universitaria;Medical;1;1979;Alta;M;Alta;3;Research Director;Alta;Married;11031;4;Y;No;20;Muy_Alta;Alta;80;1;13;2;#N/D;11;3.0;4;8
54;No;Travel_Rarely;Research & Development;10;Universitaria;Medical;1;1980;Alta;M;Alta;2;Manufacturing Director;#N/D;Single;4440;6;Y;Yes;19;Alta;Muy_Alta;80;0;9;3;#N/D;5;;1;4
24;No;Travel_Rarely;Research & Development;1;Secundaria;Life Sciences;1;1981;Media;F;Media;2;Healthcare Representative;Media;Single;4617;1;Y;No;12;Alta;Media;80;0;4;2;#N/D;4;2.0;1;2
23;No;Travel_Rarely;Research & Development;12;Universitaria;Other;1;1982;Muy_Alta;M;Alta;1;Laboratory Technician;Alta;Single;2647;1;Y;No;13;Alta;Alta;80;0;5;6;Alta;5;;1;4
40;No;Travel_Frequently;Research & Development;11;Universitaria;Technical Degree;1;1985;Muy_Alta;M;Alta;2;Laboratory Technician;Alta;Married;6323;1;Y;No;11;Alta;Baja;80;1;10;2;Alta;10;;9;4
40;No;Travel_Rarely;Sales;2;#N/D;Marketing;1;1986;Media;M;#N/D;2;Sales Executive;#N/D;Married;5677;3;Y;No;14;Alta;Alta;80;1;15;4;#N/D;11;;5;10
25;No;Travel_Rarely;Human Resources;2;Universitaria;Human Resources;1;1987;Alta;M;Alta;1;Human Resources;#N/D;Married;2187;4;Y;No;14;Alta;Alta;80;0;6;3;#N/D;2;;1;2
30;No;Travel_Rarely;Research & Development;1;Universitaria;Medical;1;1989;Muy_Alta;M;Alta;1;Laboratory Technician;Alta;Married;3748;1;Y;No;13;Alta;Alta;80;0;12;6;Alta;12;;1;7
25;No;Travel_Rarely;Research & Development;2;Universitaria;Other;1;1992;Muy_Alta;M;Alta;1;Laboratory Technician;Alta;Divorced;3977;6;Y;Yes;19;Alta;Alta;80;1;7;2;#N/D;2;;0;2
47;No;Travel_Rarely;Research & Development;25;Universitaria;Medical;1;1993;Baja;M;Alta;3;Healthcare Representative;Alta;Single;8633;2;Y;No;23;Muy_Alta;Media;80;0;25;3;#N/D;17;;12;11
33;No;Non-Travel;Research & Development;1;Secundaria;Medical;1;1994;Media;F;Media;1;Laboratory Technician;Media;Divorced;2008;1;Y;No;12;Alta;Alta;80;3;1;2;#N/D;1;;0;0
38;No;Travel_Rarely;Sales;1;#N/D;Life Sciences;1;1995;Muy_Alta;M;Alta;2;Sales Executive;Alta;Married;4440;0;Y;No;15;Alta;Baja;80;2;16;3;#N/D;15;;5;8
31;No;Travel_Rarely;Sales;2;Universitaria;Life Sciences;1;1996;Baja;M;Alta;1;Sales Representative;Alta;Married;3067;0;Y;No;19;Alta;Alta;80;1;3;1;Alta;2;;1;2
38;No;Travel_Frequently;Research & Development;6;Secundaria;Life Sciences;1;1997;Baja;F;Media;2;Manufacturing Director;Media;Married;5321;2;Y;No;11;Alta;Muy_Alta;80;1;10;1;#N/D;8;;7;7
42;No;Travel_Rarely;Research & Development;18;Universitaria;Life Sciences;1;1998;Muy_Alta;M;Alta;2;Research Scientist;Alta;Divorced;5410;6;Y;Yes;17;Alta;Alta;80;1;9;3;#N/D;4;;1;2
41;No;Travel_Rarely;Research & Development;1;Universitaria;Life Sciences;1;1999;Muy_Alta;M;Alta;1;Research Scientist;Alta;Married;2782;3;Y;No;22;Muy_Alta;Baja;80;1;12;3;#N/D;5;;1;0
47;No;Non-Travel;Research & Development;1;Universitaria;Medical;1;2000;Alta;M;Alta;3;Research Director;#N/D;Married;11957;0;Y;No;18;Alta;Baja;80;2;14;3;#N/D;13;;5;12
35;No;Travel_Rarely;Research & Development;11;Universitaria;Medical;1;2003;Muy_Alta;M;Alta;1;Laboratory Technician;Alta;Married;2660;7;Y;Yes;11;Alta;Alta;80;1;5;3;#N/D;2;;2;2
22;No;Travel_Rarely;Research & Development;1;Universitaria;Life Sciences;1;2007;Muy_Alta;M;Alta;1;Research Scientist;Alta;Single;3375;0;Y;No;12;Alta;Muy_Alta;80;0;4;2;Alta;3;;1;2
35;No;Travel_Rarely;Research & Development;9;Universitaria;Medical;1;2008;Media;M;Alta;2;Research Scientist;Alta;Single;5098;1;Y;No;19;Alta;Media;80;0;10;5;#N/D;10;;0;8
33;No;Travel_Rarely;Research & Development;15;Universitaria;Medical;1;2009;Media;M;Alta;2;Healthcare Representative;Alta;Married;4878;0;Y;Yes;13;Alta;Baja;80;1;10;6;#N/D;9;;8;1
32;No;Travel_Rarely;Research & Development;29;Secundaria;Life Sciences;1;2010;Alta;F;Media;1;Laboratory Technician;Media;Single;2837;1;Y;No;13;Alta;Alta;80;0;6;3;#N/D;6;;4;1
40;No;Travel_Rarely;Research & Development;1;Universitaria;Life Sciences;1;2012;Baja;M;Alta;1;Laboratory Technician;Alta;Married;2406;8;Y;No;19;Alta;Alta;80;2;8;3;#N/D;1;;0;0
32;No;Travel_Rarely;Sales;1;Secundaria;Medical;1;2013;Media;F;Media;1;Sales Representative;Media;Married;2269;0;Y;No;14;Alta;Media;80;1;3;2;#N/D;2;;2;2
39;No;Travel_Rarely;Research & Development;24;Universitaria;Life Sciences;1;2014;Baja;M;Alta;2;Research Scientist;Alta;Single;4108;7;Y;No;13;Alta;Baja;80;0;18;2;#N/D;7;;1;7
38;No;Travel_Rarely;Research & Development;10;Primaria;Medical;1;2015;Media;M;Baja;3;Research Director;Baja;Married;13206;3;Y;No;12;Alta;Baja;80;1;20;3;#N/D;18;;1;11
32;No;Travel_Rarely;Sales;1;#N/D;Marketing;1;2016;Alta;M;Alta;3;Sales Executive;#N/D;Married;10422;1;Y;No;19;Alta;Alta;80;2;14;3;#N/D;14;;5;7
37;No;Travel_Rarely;Research & Development;10;Master;Life Sciences;1;2017;Alta;F;Muy_Alta;3;Research Director;Muy_Alta;Married;13744;1;Y;Yes;25;Muy_Alta;Baja;80;1;16;2;Muy_Alta;16;4.0;6;8
25;No;Travel_Rarely;Sales;8;Universitaria;Other;1;2018;Baja;M;Alta;2;Sales Executive;Alta;Divorced;4907;0;Y;Yes;22;Muy_Alta;Media;80;1;6;3;#N/D;5;3.0;0;4
52;No;Non-Travel;Sales;29;Universitaria;Life Sciences;1;2019;Baja;M;Alta;1;Sales Representative;Alta;Divorced;3482;2;Y;No;15;Alta;Media;80;2;16;3;#N/D;9;3.0;0;0
44;No;Travel_Rarely;Research & Development;1;Universitaria;Medical;1;2020;Media;M;Alta;1;Research Scientist;Alta;Single;2436;6;Y;Yes;12;Alta;Alta;80;0;6;2;#N/D;4;;1;2
21;No;Travel_Rarely;Sales;5;Universitaria;Medical;1;2021;Alta;M;Alta;1;Sales Representative;Alta;Single;2380;1;Y;Yes;11;Alta;Muy_Alta;80;0;2;6;#N/D;2;3.0;1;2
39;No;Non-Travel;Research & Development;9;Universitaria;Life Sciences;1;2022;Muy_Alta;M;Alta;5;Manager;Alta;Single;19431;2;Y;No;13;Alta;Alta;80;0;21;3;#N/D;6;;1;3
23;Yes;Travel_Frequently;Sales;9;Universitaria;Marketing;1;2023;Muy_Alta;M;Alta;1;Sales Representative;Alta;Married;1790;1;Y;No;19;Alta;Baja;80;1;1;3;#N/D;1;3.0;1;0
36;No;Travel_Rarely;Sales;3;Secundaria;Medical;1;2024;Baja;M;Media;3;Sales Executive;Media;Married;7644;0;Y;No;19;Alta;Alta;80;2;10;2;#N/D;9;;3;4
36;No;Travel_Frequently;Research & Development;4;Universitaria;Life Sciences;1;2025;Muy_Alta;M;Alta;2;Manufacturing Director;Alta;Divorced;5131;7;Y;No;13;Alta;Media;80;3;18;3;Alta;4;;0;2
56;No;Non-Travel;Research & Development;1;Universitaria;Life Sciences;1;2026;Alta;M;Alta;2;Healthcare Representative;Alta;Divorced;6306;1;Y;No;21;Muy_Alta;Baja;80;1;13;2;Alta;13;;1;9
29;Yes;Travel_Rarely;Research & Development;1;Universitaria;Medical;1;2027;Baja;M;Alta;1;Research Scientist;Alta;Married;4787;9;Y;Yes;14;Alta;Media;80;3;4;3;Alta;2;;2;2
42;No;Travel_Rarely;Research & Development;2;Universitaria;Life Sciences;1;2031;Baja;M;Alta;5;Manager;Alta;Married;18880;5;Y;No;11;Alta;Baja;80;0;24;2;#N/D;22;;4;14
56;Yes;Travel_Rarely;Research & Development;7;Universitaria;Technical Degree;1;2032;Muy_Alta;M;Alta;1;Laboratory Technician;Alta;Married;2339;8;Y;No;11;Alta;Muy_Alta;80;1;14;4;#N/D;10;3.0;9;8
41;No;Travel_Rarely;Research & Development;28;Secundaria;Life Sciences;1;2034;Baja;F;Media;4;Manufacturing Director;#N/D;Married;13570;0;Y;No;23;Muy_Alta;Alta;80;1;21;3;Media;20;;0;10
34;No;Travel_Rarely;Sales;28;Secundaria;Marketing;1;2035;Muy_Alta;F;Media;2;Sales Executive;Media;Married;6712;1;Y;No;21;Muy_Alta;Muy_Alta;80;2;8;2;Media;8;;1;7
36;No;Non-Travel;Sales;15;Primaria;Marketing;1;2036;Muy_Alta;M;Baja;2;Sales Executive;#N/D;Divorced;5406;1;Y;No;24;Muy_Alta;Baja;80;1;15;4;#N/D;15;;11;11
41;No;Travel_Rarely;Sales;3;Secundaria;Life Sciences;1;2037;Alta;F;Media;2;Sales Executive;Media;Divorced;8938;2;Y;No;11;Alta;Alta;80;1;14;5;Media;5;;0;4
32;No;Travel_Rarely;Research & Development;2;Universitaria;Technical Degree;1;2038;Muy_Alta;M;Alta;1;Research Scientist;Alta;Single;2439;1;Y;No;14;Alta;Muy_Alta;80;0;4;4;#N/D;4;;1;2
35;No;Travel_Rarely;Human Resources;26;Universitaria;Life Sciences;1;2040;Alta;M;Alta;3;Human Resources;Alta;Single;8837;1;Y;Yes;16;Alta;Alta;80;0;9;2;#N/D;9;;1;7
38;No;Travel_Rarely;Sales;10;Universitaria;Life Sciences;1;2041;Baja;M;Alta;2;Sales Executive;Alta;Married;5343;1;Y;No;11;Alta;Alta;80;1;10;1;#N/D;10;;1;9
50;Yes;Travel_Frequently;Sales;1;Universitaria;Life Sciences;1;2044;Media;M;Alta;2;Sales Executive;Alta;Divorced;6728;7;Y;No;12;Alta;Muy_Alta;80;2;12;3;#N/D;6;;0;1
36;No;Travel_Rarely;Sales;11;Secundaria;Marketing;1;2045;Media;F;Media;2;Sales Executive;Media;Married;6652;4;Y;No;13;Alta;Baja;80;1;8;2;Media;6;;0;0
45;No;Travel_Rarely;Sales;20;Universitaria;Life Sciences;1;2046;Muy_Alta;M;Alta;2;Sales Executive;Alta;Single;4850;8;Y;No;15;Alta;Alta;80;0;8;3;#N/D;5;;0;1
40;No;Travel_Rarely;Research & Development;2;Secundaria;Life Sciences;1;2048;Alta;M;Media;1;Research Scientist;Media;Single;2809;2;Y;No;14;Alta;Muy_Alta;80;0;8;2;#N/D;2;;2;2
35;No;Travel_Frequently;Research & Development;18;Universitaria;Life Sciences;1;2049;Alta;F;Alta;2;Healthcare Representative;#N/D;Married;5689;1;Y;Yes;14;Alta;Muy_Alta;80;2;10;2;#N/D;10;;0;2
40;No;Travel_Rarely;Research & Development;2;Universitaria;Medical;1;2051;Alta;M;Alta;1;Research Scientist;Alta;Married;2001;2;Y;No;14;Alta;Media;80;3;20;2;#N/D;5;3.0;0;2
35;No;Travel_Rarely;Research & Development;1;Primaria;Life Sciences;1;2052;Alta;M;Baja;1;Research Scientist;Baja;Married;2977;1;Y;No;12;Alta;Muy_Alta;80;1;4;5;Baja;4;;1;1
29;No;Travel_Rarely;Research & Development;13;Secundaria;Other;1;2053;Muy_Alta;F;Media;2;Laboratory Technician;Media;Married;4025;4;Y;Yes;13;Alta;Baja;80;1;10;2;Media;4;;0;3
29;No;Travel_Rarely;Research & Development;28;Secundaria;Medical;1;2054;Muy_Alta;F;Media;1;Research Scientist;Media;Single;3785;1;Y;No;14;Alta;Media;80;0;5;3;#N/D;5;;0;4
50;Yes;Travel_Rarely;Sales;28;Secundaria;Marketing;1;2055;Muy_Alta;F;Media;3;Sales Executive;Media;Divorced;10854;4;Y;Yes;13;Alta;Media;80;1;20;3;#N/D;3;;2;0
39;No;Travel_Rarely;Sales;24;Secundaria;Marketing;1;2056;Media;F;Media;4;Sales Executive;#N/D;Married;12031;0;Y;No;11;Alta;Baja;80;1;21;2;#N/D;20;;9;6
31;No;Non-Travel;Research & Development;5;Universitaria;Medical;1;2057;Media;M;Alta;2;Manufacturing Director;Alta;Single;9936;0;Y;No;19;Alta;Media;80;0;10;2;#N/D;9;3.0;1;7
26;No;Travel_Rarely;Sales;5;Secundaria;Other;1;2060;Muy_Alta;F;Media;1;Sales Representative;Media;Single;2966;0;Y;No;18;Alta;Muy_Alta;80;0;5;2;Media;4;;0;0
36;No;Travel_Frequently;Research & Development;23;Master;Medical;1;2061;Alta;F;Muy_Alta;2;Laboratory Technician;Muy_Alta;Married;2571;4;Y;No;17;Alta;Alta;80;1;17;3;#N/D;5;4.0;0;3
39;No;Travel_Rarely;Research & Development;6;Secundaria;Medical;1;2062;Muy_Alta;F;Media;3;Healthcare Representative;Media;Married;9991;4;Y;No;15;Alta;Baja;80;1;9;5;#N/D;7;;1;7
27;No;Travel_Rarely;Research & Development;4;Master;Life Sciences;1;2064;Media;F;Muy_Alta;2;Manufacturing Director;Muy_Alta;Married;6142;1;Y;Yes;20;Muy_Alta;Media;80;1;6;0;#N/D;6;;0;3
49;No;Travel_Frequently;Sales;2;Secundaria;Medical;1;2065;Muy_Alta;M;Media;2;Sales Executive;Media;Married;5390;2;Y;No;14;Alta;Muy_Alta;80;0;17;3;#N/D;9;;0;8
34;No;Travel_Rarely;Research & Development;8;#N/D;Medical;1;2068;Media;F;Muy_Alta;2;Laboratory Technician;Muy_Alta;Married;4404;2;Y;No;12;Alta;Baja;80;0;6;3;Muy_Alta;4;;1;2
41;No;Travel_Frequently;Research & Development;10;Universitaria;Technical Degree;1;2069;Muy_Alta;M;Alta;2;Laboratory Technician;Alta;Married;7546;1;Y;No;12;Alta;Baja;80;1;10;2;Alta;10;2.0;10;3
35;No;Travel_Rarely;Research & Development;15;Universitaria;Life Sciences;1;2070;Muy_Alta;M;Alta;3;Healthcare Representative;Alta;Married;7700;4;Y;Yes;12;Alta;Alta;80;0;12;2;Alta;7;3.0;0;0
56;No;Travel_Rarely;Research & Development;18;Universitaria;Technical Degree;1;2071;Alta;M;Alta;3;Manufacturing Director;Alta;Married;9620;8;Y;No;11;Alta;Alta;80;1;20;2;Alta;10;3.0;0;7
49;No;Travel_Rarely;Human Resources;29;Universitaria;Life Sciences;1;2072;Muy_Alta;M;Alta;5;Manager;Alta;Married;19999;3;Y;No;11;Alta;Alta;80;1;26;2;Alta;4;3.0;1;1
26;Yes;Travel_Frequently;Research & Development;1;Secundaria;Medical;1;2073;Baja;F;Media;1;Laboratory Technician;Media;Divorced;2545;2;Y;No;15;Alta;Baja;80;2;0;2;Alta;0;0.0;0;2
38;No;Travel_Rarely;Sales;1;Universitaria;Life Sciences;1;2074;Alta;M;Alta;2;Sales Representative;Alta;Single;4864;3;Y;No;15;Alta;Alta;80;0;18;2;Media;12;2.0;5;7
32;No;Travel_Rarely;Sales;19;Primaria;Life Sciences;1;2075;Muy_Alta;F;Baja;3;Sales Executive;Baja;Married;9817;3;Y;No;14;Alta;Alta;80;1;12;2;Media;3;3.0;0;3
45;No;Non-Travel;Research & Development;1;Secundaria;Life Sciences;1;2076;Alta;F;Media;3;Healthcare Representative;Media;Married;9706;3;Y;No;23;Muy_Alta;Muy_Alta;80;1;25;3;Alta;23;3.0;15;4
22;No;Travel_Rarely;Research & Development;1;Universitaria;Life Sciences;1;2077;Muy_Alta;M;Alta;1;Research Scientist;Alta;Single;2548;0;Y;No;13;Alta;Muy_Alta;80;0;4;2;Alta;3;2.0;2;2
40;No;Travel_Rarely;Research & Development;5;Universitaria;Life Sciences;1;2078;Media;M;Alta;4;Manufacturing Director;Alta;Single;13465;7;Y;No;14;Alta;Alta;80;0;22;4;Alta;22;3.0;4;13
24;No;Travel_Rarely;Sales;5;Secundaria;Marketing;1;2079;Alta;F;Media;2;Sales Executive;Media;Married;3569;1;Y;No;11;Alta;Baja;80;0;3;1;Media;4;2.0;0;2
47;No;Travel_Rarely;Research & Development;10;Secundaria;Life Sciences;1;2080;Baja;F;Media;4;Research Director;Media;Divorced;16066;2;Y;No;11;Alta;Alta;80;1;26;3;Alta;24;1.0;3;10
42;No;Travel_Rarely;Sales;16;Universitaria;Marketing;1;2081;Muy_Alta;M;Alta;4;Manager;Alta;Married;15840;5;Y;Yes;22;Muy_Alta;Alta;80;1;23;3;Media;17;3.0;1;9
34;Yes;Travel_Rarely;Sales;28;Universitaria;Life Sciences;1;2082;Alta;M;Alta;2;Sales Executive;Alta;Single;7784;2;Y;Yes;18;Alta;Muy_Alta;80;0;8;2;Alta;10;2.0;7;6
34;No;Travel_Rarely;Research & Development;6;Universitaria;Life Sciences;1;2083;Baja;M;Alta;1;Laboratory Technician;Alta;Single;2062;2;Y;No;11;Alta;Alta;80;0;15;4;Baja;1;1.0;1;3
35;No;Travel_Rarely;Research & Development;1;Universitaria;Life Sciences;1;2084;Muy_Alta;M;Alta;1;Research Scientist;Alta;Married;4170;3;Y;No;14;Alta;Media;80;1;6;3;Alta;2;2.0;3;2
38;No;Non-Travel;Sales;9;Universitaria;Technical Degree;1;2085;Baja;M;Alta;2;Sales Executive;Alta;Divorced;5492;4;Y;No;13;Alta;Muy_Alta;80;2;11;3;Alta;6;3.0;0;7
45;No;Travel_Rarely;Sales;8;Universitaria;Marketing;1;2086;Media;M;Alta;5;Manager;Alta;Married;16733;7;Y;No;11;Alta;Alta;80;1;28;5;Alta;21;3.0;2;10
32;No;Travel_Rarely;Research & Development;10;Universitaria;Life Sciences;1;2087;Alta;M;Alta;2;Manufacturing Director;Alta;Single;2266;1;Y;No;23;Muy_Alta;Muy_Alta;80;0;14;1;Alta;10;3.0;1;7
31;No;Travel_Rarely;Human Resources;2;Universitaria;Life Sciences;1;2088;Alta;M;Alta;1;Human Resources;Alta;Divorced;2830;1;Y;No;21;Muy_Alta;Baja;80;1;6;3;Alta;5;3.0;1;3
18;Yes;Travel_Rarely;Sales;22;Universitaria;Marketing;1;2089;Muy_Alta;M;Alta;1;Sales Representative;Alta;Single;1009;1;Y;Yes;19;Alta;Muy_Alta;80;0;0;2;Alta;1;1.0;1;0
31;No;Travel_Rarely;Sales;2;Universitaria;Technical Degree;1;2090;Baja;M;Alta;2;Sales Executive;Alta;Married;7915;1;Y;No;20;Alta;Alta;80;1;4;3;Alta;4;3.0;0;2
30;No;Non-Travel;Research & Development;3;Secundaria;Life Sciences;1;2091;Alta;F;Media;1;Research Scientist;Media;Married;3412;3;Y;No;17;Alta;Muy_Alta;80;3;6;2;Muy_Alta;0;0.0;0;0
25;No;Travel_Frequently;Research & Development;12;Universitaria;Medical;1;2092;Baja;M;Alta;2;Healthcare Representative;Alta;Married;4630;1;Y;Yes;12;Alta;Alta;80;1;3;2;Muy_Alta;4;3.0;3;3
52;No;Travel_Frequently;Research & Development;22;Universitaria;Medical;1;2093;Media;M;Alta;4;Healthcare Representative;Alta;Married;12520;2;Y;Yes;14;Alta;Alta;80;1;30;3;Alta;30;3.0;13;14
48;No;Non-Travel;Sales;2;Universitaria;Life Sciences;1;2094;Muy_Alta;M;Alta;2;Sales Executive;Alta;Married;4623;0;Y;No;12;Alta;Baja;80;1;17;3;Alta;19;3.0;0;13
38;No;Travel_Frequently;Research & Development;17;Universitaria;Medical;1;2095;Media;M;Alta;1;Laboratory Technician;Alta;Single;3158;1;Y;No;14;Alta;Baja;80;0;8;2;Alta;10;3.0;2;7
49;Yes;Travel_Frequently;Research & Development;9;Primaria;Life Sciences;1;2096;Baja;M;Baja;3;Manufacturing Director;Baja;Single;10946;2;Y;No;14;Alta;Muy_Alta;80;0;16;2;Alta;4;1.0;1;4
35;No;Travel_Frequently;Research & Development;1;Secundaria;Medical;1;2097;Muy_Alta;F;Media;2;Healthcare Representative;Media;Single;5518;0;Y;No;20;Muy_Alta;Alta;80;0;12;3;Muy_Alta;16;3.0;4;10
33;No;Travel_Rarely;Research & Development;14;Universitaria;Medical;1;2098;Muy_Alta;M;Alta;1;Research Scientist;Alta;Married;3161;1;Y;No;13;Alta;Muy_Alta;80;1;9;5;Media;9;3.0;1;7
57;No;Travel_Rarely;Sales;7;Universitaria;Medical;1;2099;Muy_Alta;F;Alta;4;Sales Executive;Alta;Single;15156;0;Y;No;12;Alta;Alta;80;0;33;1;Alta;40;3.0;1;8
43;No;Travel_Rarely;Sales;1;Master;Life Sciences;1;2100;Muy_Alta;F;Muy_Alta;4;Manager;Muy_Alta;Single;17486;1;Y;No;15;Alta;Media;80;0;26;5;Muy_Alta;28;1.0;0;11
36;No;Non-Travel;Research & Development;3;Secundaria;Medical;1;2101;Muy_Alta;F;Media;2;Manufacturing Director;Media;Married;5744;0;Y;No;15;Alta;Alta;80;0;3;6;Media;2;2.0;1;1
25;No;Travel_Rarely;Research & Development;25;Universitaria;Life Sciences;1;2102;Baja;M;Alta;1;Research Scientist;Alta;Divorced;2145;0;Y;No;21;Muy_Alta;Media;80;2;3;3;Alta;3;3.0;0;1
38;No;Travel_Rarely;Sales;11;Secundaria;Life Sciences;1;2103;Muy_Alta;M;Media;2;Sales Executive;Media;Divorced;6973;3;Y;Yes;14;Alta;Alta;80;3;7;5;Muy_Alta;0;0.0;0;0
27;No;Travel_Rarely;Research & Development;2;Universitaria;Technical Degree;1;2104;Muy_Alta;M;Alta;1;Research Scientist;Alta;Single;1930;2;Y;No;11;Alta;Media;80;0;3;2;Alta;3;2.0;0;2
58;No;Non-Travel;Research & Development;3;Universitaria;Life Sciences;1;2105;Alta;M;Alta;2;Healthcare Representative;Alta;Divorced;6648;0;Y;No;20;Muy_Alta;Baja;80;1;11;2;Alta;15;4.0;0;8
39;No;Travel_Frequently;Sales;5;Master;Marketing;1;2106;Baja;F;Muy_Alta;2;Sales Executive;Muy_Alta;Married;6354;1;Y;No;15;Alta;Muy_Alta;80;1;16;2;Baja;15;3.0;5;13
50;No;Travel_Rarely;Human Resources;4;Universitaria;Life Sciences;1;2107;Alta;M;Alta;4;Manager;Alta;Divorced;14744;1;Y;Yes;11;Alta;Media;80;1;31;2;Alta;31;2.0;0;9
38;No;Travel_Rarely;Research & Development;13;Universitaria;Medical;1;2108;Baja;M;Alta;2;Research Scientist;Alta;Married;5652;1;Y;No;17;Alta;Baja;80;0;9;2;Muy_Alta;9;1.0;3;8
38;No;Travel_Rarely;Research & Development;11;Universitaria;Other;1;2109;Alta;M;Alta;3;Manufacturing Director;Alta;Single;8397;3;Y;No;21;Muy_Alta;Media;80;0;15;3;Alta;9;3.0;0;6
27;No;Non-Travel;Research & Development;7;Primaria;Life Sciences;1;2110;Baja;M;Baja;1;Laboratory Technician;Baja;Married;5200;0;Y;No;19;Alta;Muy_Alta;80;3;6;4;Baja;5;4.0;0;2
33;No;Travel_Frequently;Sales;11;Universitaria;Marketing;1;2111;Muy_Alta;M;Alta;2;Sales Executive;Alta;Divorced;4663;0;Y;No;11;Alta;Muy_Alta;80;1;4;3;Alta;3;3.0;0;2
30;No;Travel_Rarely;Research & Development;17;Universitaria;Life Sciences;1;2112;Muy_Alta;M;Alta;3;Healthcare Representative;Alta;Married;6960;3;Y;Yes;13;Alta;Alta;80;0;14;2;Alta;8;1.0;0;1
44;No;Travel_Rarely;Research & Development;11;Universitaria;Medical;1;2113;Media;M;Alta;1;Laboratory Technician;Alta;Divorced;2315;8;Y;No;23;Muy_Alta;Media;80;3;6;6;Alta;5;2.0;1;2
18;No;Travel_Rarely;Research & Development;1;Universitaria;Medical;1;2114;Media;M;Alta;1;Laboratory Technician;Alta;Single;1009;1;Y;No;15;Alta;Muy_Alta;80;0;0;3;Alta;2;2.0;0;0
47;No;Travel_Rarely;Research & Development;7;Universitaria;Medical;1;2115;Muy_Alta;M;Alta;3;Manufacturing Director;Alta;Divorced;9870;6;Y;No;13;Alta;Media;80;1;11;3;Baja;8;2.0;0;7
30;No;Travel_Rarely;Sales;19;Master;Life Sciences;1;2116;Muy_Alta;F;Muy_Alta;2;Sales Executive;Muy_Alta;Single;6713;1;Y;No;13;Alta;Muy_Alta;80;0;8;3;Muy_Alta;10;2.0;5;7
29;No;Travel_Rarely;Research & Development;8;Universitaria;Life Sciences;1;2117;Muy_Alta;M;Alta;1;Laboratory Technician;Alta;Single;1009;2;Y;No;15;Alta;Media;80;0;9;2;Alta;3;3.0;2;3
58;No;Travel_Rarely;Human Resources;5;Universitaria;Medical;1;2118;Media;M;Alta;1;Human Resources;Alta;Married;1985;7;Y;No;18;Alta;Muy_Alta;80;0;9;2;Alta;3;1.0;2;2
59;No;Non-Travel;Research & Development;2;Primaria;Life Sciences;1;2119;Muy_Alta;F;Baja;2;Healthcare Representative;Baja;Divorced;5981;1;Y;Yes;13;Alta;Muy_Alta;80;1;10;2;Baja;7;2.0;2;2
42;No;Non-Travel;Human Resources;2;Master;Medical;1;2120;Muy_Alta;F;Muy_Alta;2;Human Resources;Muy_Alta;Married;6646;7;Y;No;15;Alta;Baja;80;1;10;3;Media;5;1.0;0;3
33;No;Travel_Rarely;Research & Development;7;Universitaria;Other;1;2121;Alta;M;Alta;3;Manufacturing Director;Alta;Single;9044;3;Y;No;21;Muy_Alta;Media;80;0;17;3;Alta;9;3.0;2;6
44;No;Travel_Rarely;Sales;5;Secundaria;Marketing;1;2122;Muy_Alta;F;Media;5;Manager;Media;Married;19999;3;Y;No;14;Alta;Alta;80;1;26;2;Alta;11;2.0;0;8
39;No;Travel_Frequently;Research & Development;17;Secundaria;Medical;1;2123;Baja;F;Media;2;Laboratory Technician;Media;Single;5324;6;Y;No;13;Alta;Muy_Alta;80;0;12;6;Media;0;0.0;0;0
38;No;Travel_Rarely;Research & Development;4;Universitaria;Medical;1;2124;Muy_Alta;M;Alta;1;Research Scientist;Alta;Married;3430;7;Y;Yes;12;Alta;Media;80;1;5;0;Media;1;1.0;1;2
41;No;Travel_Rarely;Sales;5;Universitaria;Life Sciences;1;2125;Muy_Alta;M;Alta;4;Manager;Alta;Single;16138;1;Y;No;21;Alta;Media;80;0;21;2;Alta;22;3.0;0;5
36;No;Non-Travel;Research & Development;2;Universitaria;Life Sciences;1;2126;Muy_Alta;M;Alta;2;Healthcare Representative;Alta;Divorced;5493;1;Y;No;11;Alta;Baja;80;1;14;2;Alta;1;1.0;0;1
28;No;Travel_Rarely;Sales;1;Secundaria;Medical;1;2127;Baja;F;Media;2;Sales Executive;Media;Married;6907;1;Y;No;20;Alta;Media;80;2;7;1;Alta;0;0.0;0;0
34;No;Travel_Rarely;Research & Development;3;Master;Other;1;2128;Media;F;Muy_Alta;1;Research Scientist;Muy_Alta;Married;2282;3;Y;No;18;Alta;Muy_Alta;80;2;2;3;Baja;2;2.0;0;2
32;No;Non-Travel;Sales;24;Universitaria;Marketing;1;2129;Alta;F;Alta;2;Sales Executive;Alta;Married;5334;0;Y;No;12;Alta;Baja;80;1;8;2;Alta;9;3.0;0;8
52;No;Travel_Frequently;Research & Development;20;Universitaria;Life Sciences;1;2130;Muy_Alta;M;Alta;2;Research Scientist;Alta;Single;4161;3;Y;No;12;Alta;Muy_Alta;80;0;22;4;Alta;6;3.0;0;4
46;No;Travel_Frequently;Sales;3;Universitaria;Medical;1;2131;Media;M;Alta;2;Sales Representative;Alta;Single;2438;3;Y;No;20;Alta;Baja;80;0;6;3;Media;0;0.0;0;0
33;No;Travel_Frequently;Research & Development;11;Universitaria;Life Sciences;1;2132;Baja;M;Alta;1;Research Scientist;Alta;Married;3350;6;Y;No;14;Alta;Baja;80;1;11;3;Alta;6;3.0;1;3
20;No;Non-Travel;Research & Development;6;Master;Life Sciences;1;2133;Media;F;Muy_Alta;1;Healthcare Representative;Muy_Alta;Divorced;2377;1;Y;No;12;Alta;Muy_Alta;80;2;5;2;Alta;5;4.0;2;5
30;No;Travel_Frequently;Research & Development;2;Universitaria;Medical;1;2134;Muy_Alta;M;Alta;1;Research Scientist;Alta;Single;2477;2;Y;No;12;Alta;Alta;80;0;5;0;Alta;4;3.0;1;2
31;Yes;Travel_Frequently;Research & Development;3;Universitaria;Medical;1;2135;Media;M;Alta;1;Laboratory Technician;Alta;Single;3462;0;Y;No;16;Alta;Baja;80;0;5;3;Baja;3;3.0;1;2
29;No;Travel_Rarely;Research & Development;2;Universitaria;Medical;1;2136;Baja;M;Alta;2;Manufacturing Director;Alta;Married;5707;1;Y;Yes;23;Muy_Alta;Media;80;1;11;3;Alta;9;2.0;7;8
25;No;Travel_Rarely;Sales;12;Universitaria;Medical;1;2137;Media;M;Alta;1;Sales Representative;Alta;Married;2693;1;Y;No;11;Alta;Alta;80;0;6;1;Alta;7;3.0;0;7
49;No;Travel_Rarely;Research & Development;1;Secundaria;Life Sciences;1;2138;Alta;F;Media;1;Laboratory Technician;Media;Single;3261;7;Y;No;15;Alta;Media;80;0;7;3;Media;2;2.0;2;1
39;No;Travel_Rarely;Research & Development;27;Master;Technical Degree;1;2139;Muy_Alta;F;Muy_Alta;1;Laboratory Technician;Muy_Alta;Divorced;5861;6;Y;No;12;Alta;Alta;80;1;9;0;Muy_Alta;6;3.0;1;2
30;No;Travel_Rarely;Research & Development;13;Universitaria;Life Sciences;1;2140;Alta;M;Alta;1;Research Scientist;Alta;Single;2998;1;Y;No;18;Alta;Baja;80;0;5;1;Alta;5;4.0;1;4
23;No;Travel_Rarely;Research & Development;14;Master;Technical Degree;1;2141;Muy_Alta;F;Muy_Alta;1;Research Scientist;Muy_Alta;Married;3459;2;Y;No;16;Alta;Muy_Alta;80;1;5;2;Alta;4;3.0;2;3
39;No;Travel_Rarely;Human Resources;11;Secundaria;Human Resources;1;2142;Media;F;Media;5;Manager;Media;Divorced;19068;3;Y;No;14;Alta;Media;80;3;21;2;Alta;21;3.0;13;8
31;No;Travel_Frequently;Sales;1;Secundaria;Life Sciences;1;2143;Alta;M;Media;2;Sales Executive;Media;Married;7241;1;Y;Yes;12;Alta;Alta;80;1;5;2;Alta;8;2.0;0;7
19;Yes;Travel_Rarely;Human Resources;1;Secundaria;Technical Degree;1;2144;Baja;F;Media;1;Human Resources;Media;Single;4051;1;Y;No;13;Alta;Alta;80;0;3;3;Media;2;1.0;0;0
24;Yes;Travel_Rarely;Research & Development;23;Primaria;Technical Degree;1;2145;Alta;M;Baja;1;Laboratory Technician;Baja;Single;3131;2;Y;Yes;18;Alta;Media;80;0;1;3;Alta;1;1.0;1;0
25;No;Non-Travel;Research & Development;9;Primaria;Life Sciences;1;2146;Baja;M;Baja;1;Laboratory Technician;Baja;Married;3915;1;Y;No;19;Alta;Muy_Alta;80;3;6;4;Baja;3;3.0;0;1
33;No;Travel_Frequently;Research & Development;5;Universitaria;Life Sciences;1;2147;Baja;M;Alta;2;Healthcare Representative;Alta;Single;8969;0;Y;No;17;Alta;Alta;80;0;7;1;Media;3;3.0;0;4
41;No;Travel_Frequently;Research & Development;10;Universitaria;Technical Degree;1;2148;Muy_Alta;M;Alta;2;Laboratory Technician;Alta;Married;7293;1;Y;No;12;Alta;Baja;80;1;9;2;Alta;10;3.0;9;5
40;No;Travel_Rarely;Research & Development;9;Universitaria;Life Sciences;1;2149;Baja;M;Alta;3;Healthcare Representative;Alta;Married;7270;0;Y;No;16;Alta;Media;80;1;14;1;Alta;10;3.0;0;8
43;No;Travel_Frequently;Sales;13;Secundaria;Life Sciences;1;2150;Muy_Alta;F;Media;2;Sales Executive;Media;Married;5297;3;Y;No;18;Alta;Alta;80;1;8;5;Media;3;3.0;1;2
46;No;Travel_Frequently;Research & Development;7;Secundaria;Life Sciences;1;2151;Alta;F;Media;2;Research Scientist;Media;Married;5707;1;Y;No;24;Muy_Alta;Muy_Alta;80;1;10;3;Alta;12;3.0;2;6
33;No;Travel_Rarely;Research & Development;2;Universitaria;Other;1;2152;Alta;M;Alta;1;Laboratory Technician;Alta;Divorced;2347;1;Y;No;12;Alta;Alta;80;1;0;3;Media;4;3.0;0;1
37;No;Travel_Frequently;Research & Development;8;Universitaria;Medical;1;2153;Media;M;Alta;1;Research Scientist;Alta;Married;1028;0;Y;Yes;11;Alta;Alta;80;3;6;3;Media;6;3.0;1;3
42;No;Travel_Rarely;Sales;1;Universitaria;Life Sciences;1;2154;Muy_Alta;M;Alta;4;Manager;Alta;Single;16548;1;Y;No;18;Alta;Media;80;0;22;2;Baja;21;4.0;0;4
38;No;Travel_Rarely;Research & Development;24;Master;Life Sciences;1;2155;Media;F;Muy_Alta;3;Manager;Muy_Alta;Divorced;13581;7;Y;No;19;Alta;Media;80;1;9;6;Alta;7;4.0;5;3
23;No;Travel_Rarely;Research & Development;24;Universitaria;Medical;1;2156;Muy_Alta;M;Alta;1;Laboratory Technician;Alta;Single;3005;8;Y;No;22;Muy_Alta;Muy_Alta;80;0;5;2;Muy_Alta;4;3.0;2;2
38;No;Travel_Rarely;Research & Development;21;Universitaria;Technical Degree;1;2157;Baja;M;Alta;3;Healthcare Representative;Alta;Married;10881;5;Y;No;21;Muy_Alta;Muy_Alta;80;1;15;6;Alta;11;4.0;11;2
37;No;Travel_Rarely;Research & Development;27;Secundaria;Medical;1;2158;Alta;F;Media;2;Healthcare Representative;Media;Divorced;3834;7;Y;No;13;Alta;Alta;80;2;7;2;Muy_Alta;8;3.0;2;3
28;No;Travel_Frequently;Sales;5;Universitaria;Life Sciences;1;2159;Media;M;Alta;2;Sales Executive;Alta;Married;5040;1;Y;No;13;Alta;Muy_Alta;80;1;10;2;Alta;11;3.0;5;3
40;No;Travel_Rarely;Research & Development;3;Primaria;Medical;1;2160;Alta;M;Baja;2;Laboratory Technician;Baja;Single;3153;1;Y;Yes;13;Alta;Baja;80;0;9;3;Alta;11;4.0;2;4
40;No;Travel_Rarely;Sales;2;Universitaria;Life Sciences;1;2161;Media;M;Alta;2;Sales Executive;Alta;Single;6840;7;Y;Yes;12;Alta;Alta;80;0;19;1;Alta;1;1.0;0;0
47;No;Travel_Rarely;Research & Development;29;Universitaria;Medical;1;2162;Alta;M;Alta;1;Research Scientist;Alta;Single;5203;5;Y;No;13;Alta;Media;80;0;9;2;Baja;7;3.0;0;3
36;No;Travel_Rarely;Sales;2;Universitaria;Life Sciences;1;2163;Muy_Alta;M;Alta;3;Sales Executive;Alta;Divorced;7720;6;Y;No;13;Alta;Media;80;1;13;2;Muy_Alta;11;3.0;0;8
24;No;Travel_Rarely;Research & Development;23;Universitaria;Medical;1;2164;Muy_Alta;M;Alta;1;Laboratory Technician;Alta;Single;1965;8;Y;No;22;Muy_Alta;Muy_Alta;80;0;4;2;Alta;6;3.0;2;1
43;No;Travel_Rarely;Sales;4;Secundaria;Marketing;1;2165;Muy_Alta;F;Media;5;Manager;Media;Married;19313;2;Y;No;14;Alta;Alta;80;1;28;1;Media;11;4.0;0;7
40;No;Travel_Frequently;Research & Development;1;Master;Life Sciences;1;2166;Baja;F;Muy_Alta;2;Manufacturing Director;Muy_Alta;Single;5118;6;Y;Yes;13;Alta;Muy_Alta;80;0;18;2;Alta;17;3.0;4;12
39;No;Travel_Rarely;Sales;8;Secundaria;Marketing;1;2167;Media;F;Media;2;Sales Executive;Media;Married;3726;1;Y;No;15;Alta;Baja;80;2;6;2;Alta;6;2.0;0;5
27;No;Travel_Rarely;Research & Development;21;Universitaria;Medical;1;2168;Muy_Alta;M;Alta;1;Laboratory Technician;Alta;Married;5768;3;Y;No;12;Alta;Alta;80;3;7;6;Alta;3;2.0;2;2
54;No;Travel_Frequently;Research & Development;29;Master;Medical;1;2169;Muy_Alta;F;Muy_Alta;4;Manufacturing Director;Muy_Alta;Married;13949;2;Y;Yes;11;Alta;Media;80;1;21;3;Alta;5;2.0;0;0
33;No;Travel_Rarely;Sales;2;Master;Marketing;1;2170;Media;F;Muy_Alta;2;Sales Executive;Muy_Alta;Divorced;11080;0;Y;No;11;Alta;Muy_Alta;80;1;18;2;Media;14;3.0;0;9
39;No;Travel_Rarely;Research & Development;4;Universitaria;Life Sciences;1;2171;Alta;M;Alta;2;Research Scientist;Alta;Single;6826;1;Y;No;14;Alta;Alta;80;0;10;4;Alta;8;2.0;8;9
39;No;Non-Travel;Research & Development;5;Primaria;Life Sciences;1;2172;Media;M;Baja;5;Research Director;Baja;Divorced;18308;1;Y;No;23;Muy_Alta;Media;80;2;18;3;Alta;21;2.0;6;9
31;No;Travel_Rarely;Sales;13;Universitaria;Technical Degree;1;2173;Media;M;Alta;2;Sales Executive;Alta;Single;6888;0;Y;No;11;Alta;Media;80;0;4;6;Alta;5;3.0;4;4
54;No;Travel_Rarely;Research & Development;18;Universitaria;Technical Degree;1;2174;Media;M;Alta;2;Laboratory Technician;Alta;Married;4375;3;Y;Yes;18;Alta;Muy_Alta;80;1;10;4;Alta;9;2.0;1;8
40;No;Travel_Rarely;Research & Development;3;Universitaria;Other;1;2175;Muy_Alta;M;Alta;5;Manager;Alta;Married;19638;4;Y;Yes;12;Alta;Baja;80;1;23;2;Alta;2;2.0;0;2
27;Yes;Travel_Frequently;Sales;1;Universitaria;Life Sciences;1;2176;Muy_Alta;M;Alta;1;Sales Representative;Alta;Single;2082;1;Y;Yes;11;Alta;Baja;80;0;5;2;Alta;0;0.0;2;2
37;No;Travel_Rarely;Sales;9;Master;Medical;1;2177;Muy_Alta;F;Muy_Alta;3;Sales Executive;Muy_Alta;Married;8943;1;Y;No;11;Alta;Baja;80;1;11;3;Alta;7;3.0;7;7
55;No;Travel_Rarely;Sales;20;Universitaria;Life Sciences;1;2178;Muy_Alta;M;Alta;4;Manager;Alta;Married;18247;3;Y;Yes;12;Alta;Alta;80;1;28;2;Alta;0;0.0;0;1
38;No;Non-Travel;Research & Development;9;Universitaria;Life Sciences;1;2179;Muy_Alta;M;Alta;5;Manager;Alta;Single;18351;2;Y;No;13;Alta;Alta;80;0;21;3;Alta;4;3.0;1;3
22;No;Non-Travel;Research & Development;24;Secundaria;Other;1;2180;Media;F;Media;1;Research Scientist;Media;Married;2842;2;Y;Yes;12;Alta;Media;80;0;6;2;Alta;5;2.0;1;3
39;No;Travel_Frequently;Research & Development;9;Universitaria;Other;1;2181;Media;M;Alta;3;Research Director;Alta;Divorced;10879;0;Y;Yes;14;Alta;Alta;80;3;11;1;Alta;10;3.0;0;8
32;No;Travel_Rarely;Research & Development;12;Universitaria;Medical;1;2182;Alta;M;Alta;3;Manager;Alta;Single;9905;2;Y;No;25;Muy_Alta;Media;80;0;10;5;Alta;5;3.0;0;0
19;Yes;Travel_Frequently;Sales;1;Primaria;Technical Degree;1;2183;Alta;M;Baja;1;Sales Representative;Baja;Single;5069;0;Y;No;21;Muy_Alta;Baja;80;0;2;5;Muy_Alta;1;1.0;1;0
23;No;Travel_Rarely;Research & Development;11;Universitaria;Medical;1;2184;Alta;M;Alta;1;Research Scientist;Alta;Single;4460;0;Y;No;11;Alta;Alta;80;0;6;5;Media;7;3.0;0;5
22;No;Non-Travel;Research & Development;6;Master;Life Sciences;1;2185;Media;F;Muy_Alta;1;Healthcare Representative;Muy_Alta;Divorced;4611;0;Y;No;12;Alta;Muy_Alta;80;2;8;2;Baja;5;4.0;1;6
29;No;Travel_Rarely;Research & Development;7;Secundaria;Medical;1;2186;Media;F;Media;1;Research Scientist;Media;Married;2507;0;Y;No;13;Alta;Media;80;1;10;3;Media;6;3.0;2;2
49;No;Travel_Rarely;Research & Development;1;Secundaria;Technical Degree;1;2187;Alta;M;Media;4;Healthcare Representative;Media;Single;13306;7;Y;Yes;11;Alta;Muy_Alta;80;0;26;2;Alta;5;3.0;1;7
28;No;Travel_Rarely;Research & Development;7;Universitaria;Medical;1;2188;Muy_Alta;M;Alta;1;Laboratory Technician;Alta;Married;2468;9;Y;No;17;Alta;Alta;80;1;8;2;Alta;5;2.0;2;2
31;No;Travel_Frequently;Research & Development;2;Universitaria;Life Sciences;1;2189;Baja;M;Alta;2;Healthcare Representative;Alta;Single;8142;0;Y;No;19;Alta;Alta;80;0;7;1;Alta;5;2.0;0;2
41;No;Travel_Rarely;Research & Development;16;Secundaria;Life Sciences;1;2190;Alta;M;Media;3;Healthcare Representative;Media;Married;9788;0;Y;No;18;Alta;Baja;80;1;21;4;Media;18;3.0;1;9
31;Yes;Travel_Frequently;Sales;10;Secundaria;Life Sciences;1;2191;Media;F;Media;1;Sales Representative;Media;Married;1009;1;Y;No;19;Alta;Alta;80;1;1;2;Media;0;0.0;0;0
37;Yes;Travel_Rarely;Research & Development;10;Universitaria;Medical;1;2192;Muy_Alta;M;Alta;2;Manufacturing Director;Alta;Single;3727;1;Y;No;14;Alta;Media;80;0;9;4;Alta;10;3.0;1;8
30;Yes;Travel_Frequently;Sales;25;Universitaria;Marketing;1;2193;Baja;M;Alta;2;Sales Executive;Alta;Married;5154;1;Y;Yes;11;Alta;Alta;80;0;9;4;Alta;11;3.0;0;9
46;No;Travel_Rarely;Research & Development;2;Master;Technical Degree;1;2194;Muy_Alta;F;Muy_Alta;1;Laboratory Technician;Muy_Alta;Single;1827;5;Y;No;11;Alta;Alta;80;0;7;4;Alta;2;2.0;0;2
38;No;Non-Travel;Research & Development;1;Universitaria;Life Sciences;1;2195;Muy_Alta;F;Alta;2;Laboratory Technician;Alta;Married;8079;2;Y;Yes;15;Alta;Muy_Alta;80;1;9;2;Baja;11;3.0;6;8
35;No;Travel_Rarely;Research & Development;5;Universitaria;Life Sciences;1;2196;Alta;M;Alta;1;Research Scientist;Alta;Married;4040;6;Y;Yes;15;Alta;Muy_Alta;80;0;5;2;Alta;6;3.0;1;2
43;No;Travel_Rarely;Research & Development;20;Universitaria;Life Sciences;1;2197;Muy_Alta;M;Alta;1;Research Scientist;Alta;Single;3003;1;Y;No;13;Alta;Alta;80;0;5;3;Alta;3;3.0;1;3
50;No;Travel_Rarely;Research & Development;12;Universitaria;Other;1;2198;Alta;M;Alta;1;Research Scientist;Alta;Married;2625;8;Y;No;12;Alta;Muy_Alta;80;1;11;3;Alta;9;2.0;7;5
30;No;Travel_Frequently;Sales;2;Secundaria;Life Sciences;1;2199;Alta;M;Media;2;Sales Executive;Media;Married;7468;1;Y;Yes;13;Alta;Alta;80;1;7;2;Alta;7;2.0;0;7
37;No;Travel_Rarely;Research & Development;1;Secundaria;Medical;1;2200;Alta;F;Media;1;Research Scientist;Media;Married;3072;2;Y;No;14;Alta;Baja;80;1;15;2;Alta;1;1.0;0;1
30;No;Travel_Rarely;Research & Development;14;Universitaria;Life Sciences;1;2201;Alta;M;Alta;1;Research Scientist;Alta;Single;2058;1;Y;No;19;Alta;Baja;80;0;6;1;Alta;6;4.0;0;5
53;No;Non-Travel;Research & Development;4;Universitaria;Life Sciences;1;2202;Baja;M;Alta;4;Manager;Alta;Divorced;18072;1;Y;No;11;Alta;Muy_Alta;80;1;31;3;Muy_Alta;30;3.0;14;6
28;Yes;Travel_Frequently;Sales;27;Universitaria;Marketing;1;2203;Baja;M;Alta;2;Sales Executive;Alta;Married;6959;0;Y;Yes;12;Alta;Alta;80;0;9;4;Alta;8;4.0;0;7
47;No;Travel_Rarely;Research & Development;3;Universitaria;Medical;1;2204;Muy_Alta;F;Alta;5;Research Director;Alta;Divorced;18556;8;Y;No;17;Alta;Muy_Alta;80;2;21;0;Alta;1;1.0;1;2
27;Yes;Travel_Rarely;Research & Development;16;Universitaria;Medical;1;2205;Baja;M;Alta;1;Laboratory Technician;Alta;Divorced;1280;2;Y;Yes;13;Alta;Muy_Alta;80;1;6;2;Alta;4;3.0;0;0
38;No;Travel_Rarely;Research & Development;11;Universitaria;Medical;1;2206;Baja;M;Alta;2;Manufacturing Director;Alta;Married;3770;0;Y;No;25;Muy_Alta;Muy_Alta;80;1;12;3;Media;9;3.0;7;8
37;No;Non-Travel;Research & Development;5;Master;Life Sciences;1;2207;Baja;F;Muy_Alta;3;Research Director;Muy_Alta;Married;10900;9;Y;No;13;Alta;Baja;80;1;10;2;Alta;7;4.0;0;4
44;No;Non-Travel;Research & Development;3;Universitaria;Medical;1;2208;Alta;M;Alta;2;Manufacturing Director;Alta;Married;3560;2;Y;No;13;Alta;Alta;80;0;10;2;Alta;1;1.0;0;0
35;No;Travel_Rarely;Research & Development;4;Universitaria;Other;1;2209;Muy_Alta;M;Alta;2;Healthcare Representative;Alta;Single;3837;3;Y;No;15;Alta;Baja;80;0;8;3;Alta;3;3.0;0;1
42;No;Travel_Rarely;Sales;2;Universitaria;Life Sciences;1;2210;Muy_Alta;M;Alta;4;Manager;Alta;Single;16114;2;Y;No;18;Alta;Media;80;0;19;2;Muy_Alta;24;3.0;0;4
38;No;Travel_Frequently;Research & Development;2;Secundaria;Medical;1;2211;Muy_Alta;F;Media;1;Laboratory Technician;Media;Single;2167;1;Y;No;21;Muy_Alta;Media;80;0;2;3;Media;5;3.0;3;4
48;No;Travel_Rarely;Research & Development;9;Universitaria;Life Sciences;1;2212;Media;M;Alta;1;Laboratory Technician;Alta;Single;4190;4;Y;No;12;Alta;Alta;80;0;7;2;Alta;3;3.0;2;0
54;No;Travel_Rarely;Research & Development;4;Secundaria;Medical;1;2213;Muy_Alta;F;Media;3;Manufacturing Director;Media;Married;9643;2;Y;Yes;14;Alta;Alta;80;0;28;4;Alta;4;2.0;0;4
32;No;Travel_Rarely;Research & Development;2;Universitaria;Technical Degree;1;2214;Muy_Alta;M;Alta;1;Research Scientist;Alta;Single;1053;1;Y;No;12;Alta;Muy_Alta;80;0;3;4;Alta;3;2.0;1;2
35;No;Travel_Rarely;Research & Development;1;Secundaria;Medical;1;2215;Alta;F;Media;1;Research Scientist;Media;Single;3445;1;Y;No;12;Alta;Alta;80;0;9;3;Alta;4;3.0;0;3
57;No;Travel_Rarely;Sales;26;Universitaria;Life Sciences;1;2216;Baja;M;Alta;3;Sales Executive;Alta;Single;8728;8;Y;No;11;Alta;Muy_Alta;80;0;27;3;Alta;20;4.0;6;8
30;Yes;Travel_Rarely;Research & Development;23;Universitaria;Life Sciences;1;2217;Baja;M;Alta;1;Research Scientist;Alta;Married;1969;4;Y;Yes;11;Alta;Media;80;0;7;2;Media;3;3.0;0;1
34;No;Travel_Rarely;Research & Development;6;Master;Life Sciences;1;2218;Muy_Alta;F;Muy_Alta;1;Laboratory Technician;Muy_Alta;Married;2320;0;Y;No;18;Alta;Muy_Alta;80;0;2;2;Muy_Alta;1;1.0;1;2
35;Yes;Travel_Rarely;Research & Development;8;Secundaria;Medical;1;2219;Muy_Alta;F;Media;1;Research Scientist;Media;Married;3572;0;Y;Yes;17;Alta;Baja;80;1;2;0;Alta;2;2.0;0;0
29;No;Travel_Rarely;Research & Development;25;Secundaria;Medical;1;2220;Muy_Alta;F;Media;1;Research Scientist;Media;Single;4512;1;Y;No;14;Alta;Media;80;0;3;3;Alta;5;3.0;0;4
39;No;Travel_Rarely;Research & Development;1;Universitaria;Technical Degree;1;2221;Muy_Alta;M;Alta;3;Research Director;Alta;Married;13683;1;Y;No;14;Alta;Media;80;1;15;3;Alta;15;3.0;5;11
53;No;Travel_Rarely;Research & Development;6;Secundaria;Other;1;2222;Media;F;Media;3;Healthcare Representative;Media;Single;11971;8;Y;No;25;Muy_Alta;Alta;80;0;27;2;Alta;5;3.0;0;1
31;No;Travel_Rarely;Research & Development;8;Universitaria;Life Sciences;1;2223;Alta;M;Alta;4;Manufacturing Director;Alta;Divorced;11019;1;Y;No;24;Muy_Alta;Muy_Alta;80;1;14;6;Alta;13;3.0;0;9
36;No;Travel_Rarely;Research & Development;2;Universitaria;Medical;1;2224;Muy_Alta;M;Alta;1;Research Scientist;Alta;Married;3370;6;Y;Yes;13;Alta;Media;80;1;5;0;Alta;3;3.0;0;1
54;No;Travel_Rarely;Research & Development;17;Universitaria;Medical;1;2225;Alta;M;Alta;2;Manufacturing Director;Alta;Married;5987;1;Y;No;13;Alta;Alta;80;0;14;2;Alta;15;3.0;5;11
34;No;Travel_Rarely;Research & Development;26;Universitaria;Medical;1;2226;Alta;F;Alta;1;Laboratory Technician;Alta;Married;2260;3;Y;Yes;14;Alta;Alta;80;1;4;3;Muy_Alta;4;2.0;2;3
20;Yes;Travel_Rarely;Research & Development;4;Universitaria;Technical Degree;1;2227;Baja;M;Alta;1;Laboratory Technician;Alta;Single;2803;1;Y;No;19;Alta;Media;80;0;0;2;Baja;1;1.0;0;1
45;No;Travel_Rarely;Research & Development;2;Universitaria;Medical;1;2228;Muy_Alta;F;Alta;5;Research Director;Alta;Divorced;19218;9;Y;No;18;Alta;Muy_Alta;80;2;26;0;Alta;2;2.0;2;2
45;No;Travel_Rarely;Research & Development;27;Secundaria;Technical Degree;1;2229;Muy_Alta;F;Media;4;Research Director;Media;Single;15956;0;Y;No;11;Alta;Alta;80;0;22;3;Media;21;3.0;8;5
21;No;Non-Travel;Research & Development;13;Universitaria;Medical;1;2230;Media;M;Alta;1;Research Scientist;Alta;Single;1477;1;Y;No;15;Alta;Alta;80;0;2;4;Alta;0;0.0;1;0
28;No;Travel_Rarely;Research & Development;6;Universitaria;Life Sciences;1;2231;Muy_Alta;M;Alta;2;Laboratory Technician;Alta;Divorced;7013;2;Y;No;22;Muy_Alta;Muy_Alta;80;1;6;3;Baja;6;1.0;1;7
28;Yes;Travel_Rarely;Research & Development;6;Universitaria;Life Sciences;1;2232;Muy_Alta;M;Alta;2;Laboratory Technician;Alta;Married;4699;1;Y;No;19;Alta;Baja;80;1;10;3;Alta;9;2.0;1;0
31;No;Travel_Rarely;Research & Development;23;Master;Life Sciences;1;2233;Alta;F;Muy_Alta;1;Research Scientist;Muy_Alta;Married;1496;2;Y;No;24;Muy_Alta;Alta;80;1;12;3;Alta;11;3.0;0;7
45;No;Travel_Rarely;Sales;4;Universitaria;Life Sciences;1;2234;Muy_Alta;M;Alta;4;Manager;Alta;Single;16436;2;Y;No;20;Alta;Media;80;0;24;2;Media;25;3.0;0;4
49;Yes;Travel_Rarely;Sales;2;Secundaria;Marketing;1;2235;Baja;F;Media;1;Sales Representative;Media;Married;2274;1;Y;Yes;14;Alta;Alta;80;0;3;2;Media;3;2.0;1;2
30;No;Travel_Rarely;Sales;9;Universitaria;Other;1;2236;Alta;M;Alta;3;Sales Executive;Alta;Divorced;6993;5;Y;No;13;Alta;Baja;80;1;11;2;Media;9;2.0;7;5
32;No;Travel_Rarely;Sales;5;Secundaria;Medical;1;2237;Baja;F;Media;2;Sales Executive;Media;Divorced;3338;0;Y;Yes;13;Alta;Media;80;1;9;3;Media;13;3.0;1;10
28;Yes;Travel_Rarely;Sales;5;Secundaria;Marketing;1;2238;Alta;F;Media;2;Sales Executive;Media;Single;5566;1;Y;Yes;11;Alta;Muy_Alta;80;0;5;1;Muy_Alta;7;2.0;0;3
35;Yes;Travel_Rarely;Research & Development;1;Universitaria;Life Sciences;1;2239;Baja;M;Alta;1;Laboratory Technician;Alta;Divorced;2215;1;Y;Yes;13;Alta;Muy_Alta;80;1;3;2;Alta;1;1.0;0;2
31;No;Non-Travel;Research & Development;1;Universitaria;Technical Degree;1;2240;Muy_Alta;M;Alta;2;Manufacturing Director;Alta;Married;5062;0;Y;No;13;Alta;Baja;80;1;12;1;Alta;7;4.0;0;9
28;No;Travel_Rarely;Research & Development;24;Universitaria;Life Sciences;1;2241;Muy_Alta;M;Alta;1;Research Scientist;Alta;Single;1714;9;Y;No;16;Alta;Muy_Alta;80;0;7;4;Muy_Alta;3;3.0;0;2
50;No;Travel_Frequently;Research & Development;9;Universitaria;Life Sciences;1;2242;Alta;M;Alta;5;Research Director;Alta;Single;18249;9;Y;Yes;11;Alta;Muy_Alta;80;0;21;4;Alta;3;3.0;1;1
42;No;Travel_Frequently;Research & Development;9;Secundaria;Life Sciences;1;2243;Muy_Alta;F;Media;3;Manager;Media;Divorced;16677;4;Y;No;14;Alta;Media;80;1;19;2;Alta;9;2.0;7;7
40;No;Travel_Rarely;Research & Development;6;Universitaria;Life Sciences;1;2244;Media;M;Alta;1;Research Scientist;Alta;Married;4018;1;Y;Yes;13;Alta;Muy_Alta;80;0;11;0;Alta;8;3.0;8;0
33;No;Travel_Frequently;Research & Development;1;Universitaria;Life Sciences;1;2245;Baja;M;Alta;3;Research Director;Alta;Single;12532;1;Y;Yes;13;Alta;Alta;80;0;15;1;Alta;14;3.0;8;13
21;No;Travel_Rarely;Research & Development;7;Primaria;Life Sciences;1;2246;Media;M;Baja;1;Laboratory Technician;Baja;Married;3222;1;Y;No;15;Alta;Baja;80;1;3;3;Media;4;3.0;2;1
55;No;Travel_Rarely;Research & Development;1;Universitaria;Medical;1;2247;Muy_Alta;M;Alta;2;Healthcare Representative;Alta;Married;5635;2;Y;No;11;Alta;Alta;80;0;17;2;Alta;3;3.0;1;2
40;No;Travel_Rarely;Research & Development;18;Universitaria;Other;1;2248;Muy_Alta;M;Alta;2;Research Scientist;Alta;Divorced;1989;8;Y;No;15;Alta;Media;80;3;10;2;Alta;2;2.0;2;2
47;No;Travel_Rarely;Sales;4;Universitaria;Other;1;2249;Muy_Alta;M;Alta;2;Sales Executive;Alta;Married;5573;0;Y;No;20;Alta;Media;80;1;11;4;Alta;8;3.0;2;7
39;No;Travel_Rarely;Sales;2;Universitaria;Marketing;1;2250;Muy_Alta;M;Alta;3;Sales Executive;Alta;Single;7807;8;Y;No;17;Alta;Alta;80;0;11;2;Alta;1;1.0;0;1
32;No;Travel_Rarely;Sales;7;Secundaria;Life Sciences;1;2251;Media;F;Media;1;Sales Representative;Media;Married;2339;4;Y;No;15;Alta;Media;80;0;13;2;Media;7;3.0;4;3
55;No;Travel_Rarely;Research & Development;3;Universitaria;Life Sciences;1;2252;Muy_Alta;M;Alta;2;Healthcare Representative;Alta;Married;3525;1;Y;Yes;16;Alta;Media;80;0;4;2;Baja;4;2.0;0;1
33;No;Travel_Rarely;Research & Development;5;Secundaria;Life Sciences;1;2253;Alta;F;Media;2;Manufacturing Director;Media;Married;5860;1;Y;No;12;Alta;Alta;80;1;14;4;Media;12;3.0;6;7
29;No;Travel_Rarely;Research & Development;7;Universitaria;Medical;1;2254;Baja;M;Alta;3;Manufacturing Director;Alta;Single;9309;8;Y;No;15;Alta;Media;80;0;11;3;Alta;7;3.0;1;3
27;No;Travel_Frequently;Research & Development;6;Universitaria;Life Sciences;1;2255;Muy_Alta;M;Alta;1;Laboratory Technician;Alta;Single;2821;1;Y;Yes;14;Alta;Alta;80;0;6;3;Alta;5;2.0;0;1
36;No;Travel_Rarely;Sales;8;Master;Marketing;1;2256;Muy_Alta;F;Muy_Alta;3;Sales Executive;Muy_Alta;Divorced;8298;0;Y;Yes;14;Alta;Muy_Alta;80;2;10;3;Muy_Alta;9;3.0;0;7
45;No;Non-Travel;Research & Development;24;Universitaria;Medical;1;2257;Media;M;Alta;2;Laboratory Technician;Alta;Married;1267;5;Y;No;12;Alta;Alta;80;1;19;3;Alta;5;3.0;1;2
37;No;Travel_Rarely;Research & Development;1;Primaria;Life Sciences;1;2258;Alta;M;Baja;1;Research Scientist;Baja;Married;2792;1;Y;No;11;Alta;Muy_Alta;80;1;5;5;Baja;4;3.0;0;1
43;No;Travel_Rarely;Research & Development;6;Universitaria;Medical;1;2259;Muy_Alta;M;Alta;2;Manufacturing Director;Alta;Single;4358;6;Y;No;15;Alta;Media;80;0;7;6;Alta;4;3.0;3;0
31;No;Travel_Frequently;Research & Development;1;Master;Other;1;2260;Alta;F;Muy_Alta;2;Healthcare Representative;Muy_Alta;Married;6562;2;Y;Yes;13;Alta;Baja;80;1;7;2;Alta;7;3.0;1;1
36;No;Travel_Frequently;Sales;7;Universitaria;Medical;1;2261;Muy_Alta;F;Alta;2;Sales Executive;Alta;Married;3889;0;Y;No;16;Alta;Baja;80;2;2;2;Muy_Alta;3;2.0;0;3
32;No;Travel_Rarely;Sales;14;Universitaria;Life Sciences;1;2262;Media;M;Alta;2;Sales Executive;Alta;Divorced;3744;2;Y;No;11;Alta;Alta;80;1;8;3;Media;5;4.0;0;3
38;No;Travel_Frequently;Sales;10;Universitaria;Marketing;1;2263;Muy_Alta;M;Alta;2;Sales Executive;Alta;Divorced;4742;1;Y;No;12;Alta;Muy_Alta;80;1;2;3;Alta;6;3.0;0;3
44;No;Travel_Rarely;Human Resources;26;Universitaria;Life Sciences;1;2264;Muy_Alta;M;Alta;5;Manager;Alta;Married;19432;4;Y;No;11;Alta;Alta;80;1;25;2;Media;5;4.0;2;1
36;No;Travel_Rarely;Research & Development;1;Secundaria;Medical;1;2265;Muy_Alta;F;Media;1;Laboratory Technician;Media;Married;1211;6;Y;No;13;Alta;Media;80;1;10;2;Media;5;4.0;1;7
27;Yes;Travel_Rarely;Human Resources;20;Universitaria;Medical;1;2266;Muy_Alta;M;Alta;1;Human Resources;Alta;Married;2015;0;Y;Yes;11;Alta;Alta;80;0;8;3;Alta;5;2.0;2;3
46;No;Travel_Rarely;Research & Development;1;Universitaria;Technical Degree;1;2267;Baja;M;Alta;1;Research Scientist;Alta;Married;3260;8;Y;No;11;Alta;Alta;80;1;15;2;Alta;5;3.0;1;2
25;No;Travel_Rarely;Research & Development;5;Universitaria;Technical Degree;1;2268;Baja;M;Alta;1;Laboratory Technician;Alta;Married;2426;4;Y;No;11;Alta;Media;80;1;9;2;Alta;4;4.0;0;2
42;Yes;Travel_Frequently;Research & Development;2;Universitaria;Medical;1;2269;Alta;M;Alta;1;Research Scientist;Alta;Divorced;1009;1;Y;Yes;13;Alta;Alta;80;3;7;2;Alta;6;3.0;3;3
38;No;Travel_Rarely;Research & Development;25;Universitaria;Life Sciences;1;2270;Baja;M;Alta;2;Research Scientist;Alta;Single;3454;6;Y;No;14;Alta;Baja;80;0;19;2;Alta;8;4.0;1;7
31;Yes;Travel_Frequently;Research & Development;4;Universitaria;Technical Degree;1;2271;Alta;M;Alta;1;Research Scientist;Alta;Single;3540;0;Y;No;23;Muy_Alta;Alta;80;0;8;2;Media;6;3.0;0;4
42;No;Travel_Frequently;Research & Development;23;Universitaria;Medical;1;2272;Muy_Alta;M;Alta;1;Laboratory Technician;Alta;Married;1518;7;Y;No;21;Muy_Alta;Baja;80;1;9;1;Alta;4;3.0;1;2
34;No;Travel_Frequently;Research & Development;8;Universitaria;Life Sciences;1;2273;Baja;M;Alta;1;Research Scientist;Alta;Married;3535;7;Y;No;12;Alta;Baja;80;1;8;3;Alta;5;3.0;1;3
48;No;Travel_Frequently;Research & Development;6;Secundaria;Life Sciences;1;2274;Alta;F;Media;2;Research Scientist;Media;Married;5839;1;Y;No;22;Muy_Alta;Muy_Alta;80;1;11;3;Media;10;2.0;1;8
60;No;Travel_Rarely;Research & Development;1;Primaria;Medical;1;2275;Muy_Alta;M;Baja;5;Manager;Baja;Married;19999;4;Y;No;14;Alta;Muy_Alta;80;1;24;5;Baja;20;3.0;9;11
60;No;Travel_Frequently;Sales;29;Secundaria;Marketing;1;2276;Alta;F;Media;3;Sales Executive;Media;Married;9282;4;Y;No;19;Alta;Muy_Alta;80;0;24;5;Media;20;3.0;14;11
46;No;Travel_Rarely;Research & Development;8;Universitaria;Other;1;2277;Alta;M;Alta;2;Healthcare Representative;Alta;Divorced;4202;4;Y;Yes;13;Alta;Muy_Alta;80;0;7;4;Media;4;4.0;0;2
35;No;Travel_Rarely;Human Resources;9;Universitaria;Technical Degree;1;2278;Alta;M;Alta;1;Human Resources;Alta;Single;3685;0;Y;No;16;Alta;Media;80;0;3;2;Alta;4;3.0;0;4
35;No;Travel_Rarely;Research & Development;29;Universitaria;Medical;1;2279;Muy_Alta;M;Alta;1;Research Scientist;Alta;Single;2597;2;Y;No;15;Alta;Muy_Alta;80;0;8;3;Alta;4;3.0;1;2
33;No;Travel_Rarely;Research & Development;11;Universitaria;Medical;1;2280;Media;M;Alta;2;Research Scientist;Alta;Single;4286;1;Y;No;19;Alta;Media;80;0;12;5;Alta;10;3.0;0;9
34;No;Travel_Rarely;Research & Development;6;Universitaria;Medical;1;2281;Alta;M;Alta;3;Research Director;Alta;Married;11690;0;Y;No;11;Alta;Muy_Alta;80;0;16;3;Alta;12;3.0;4;6
31;No;Travel_Rarely;Sales;9;Universitaria;Marketing;1;2282;Media;M;Alta;2;Sales Executive;Alta;Single;6333;1;Y;No;14;Alta;Media;80;0;10;2;Alta;11;3.0;1;10
25;No;Travel_Rarely;Research & Development;14;Universitaria;Medical;1;2283;Media;M;Alta;3;Manager;Alta;Married;11538;1;Y;Yes;24;Muy_Alta;Muy_Alta;80;2;9;2;Alta;9;3.0;0;9
52;Yes;Travel_Rarely;Research & Development;6;Universitaria;Life Sciences;1;2284;Baja;M;Alta;1;Research Scientist;Alta;Married;3172;9;Y;Yes;11;Alta;Alta;80;3;16;2;Alta;10;3.0;2;8
54;No;Travel_Frequently;Research & Development;1;Universitaria;Life Sciences;1;2285;Muy_Alta;M;Alta;3;Manufacturing Director;Alta;Divorced;10529;6;Y;No;18;Alta;Baja;80;1;36;2;Alta;6;3.0;1;4
44;No;Travel_Rarely;Research & Development;2;Master;Life Sciences;1;2286;Media;F;Muy_Alta;2;Healthcare Representative;Muy_Alta;Married;4915;2;Y;No;17;Alta;Muy_Alta;80;1;12;5;Muy_Alta;2;2.0;1;2
33;Yes;Travel_Frequently;Sales;26;Secundaria;Marketing;1;2287;Alta;F;Media;2;Sales Executive;Media;Single;7299;6;Y;No;15;Alta;Alta;80;0;8;5;Media;5;2.0;1;2
28;Yes;Travel_Frequently;Human Resources;18;Universitaria;Life Sciences;1;2288;Media;F;Alta;1;Human Resources;Alta;Divorced;1283;0;Y;Yes;11;Alta;Media;80;1;10;2;Alta;8;3.0;2;0
46;No;Travel_Rarely;Sales;12;Secundaria;Marketing;1;2289;Alta;F;Media;3;Sales Executive;Media;Married;8477;3;Y;Yes;19;Alta;Alta;80;1;13;3;Media;3;3.0;1;2
54;No;Non-Travel;Research & Development;9;Secundaria;Medical;1;2290;Muy_Alta;F;Media;4;Healthcare Representative;Media;Divorced;12785;1;Y;Yes;15;Alta;Muy_Alta;80;1;32;3;Alta;34;4.0;15;0
38;No;Travel_Rarely;Research & Development;10;Master;Life Sciences;1;2291;Muy_Alta;F;Muy_Alta;1;Laboratory Technician;Muy_Alta;Married;2101;3;Y;Yes;13;Alta;Alta;80;1;9;3;Muy_Alta;8;2.0;2;8
45;Yes;Non-Travel;Research & Development;28;Universitaria;Life Sciences;1;2292;Baja;M;Alta;3;Manager;Alta;Married;11424;0;Y;Yes;12;Alta;Muy_Alta;80;1;9;2;Alta;11;2.0;9;11
33;No;Travel_Rarely;Research & Development;1;Universitaria;Medical;1;2293;Baja;M;Alta;2;Manufacturing Director;Alta;Married;4735;2;Y;No;14;Alta;Alta;80;0;5;2;Muy_Alta;6;2.0;2;2
41;No;Travel_Rarely;Sales;18;Universitaria;Marketing;1;2294;Muy_Alta;M;Alta;4;Manager;Alta;Married;15020;5;Y;Yes;22;Muy_Alta;Alta;80;1;23;3;Muy_Alta;16;3.0;1;10
33;No;Travel_Rarely;Research & Development;7;Secundaria;Medical;1;2295;Alta;F;Media;3;Manager;Media;Single;13351;1;Y;No;13;Alta;Muy_Alta;80;0;17;6;Muy_Alta;10;2.0;5;9
47;No;Travel_Rarely;Sales;14;Universitaria;Marketing;1;2296;Muy_Alta;M;Alta;2;Sales Executive;Alta;Single;5084;1;Y;No;11;Alta;Muy_Alta;80;0;22;2;Media;8;4.0;1;8
41;No;Travel_Rarely;Research & Development;1;Primaria;Life Sciences;1;2297;Alta;M;Baja;5;Research Director;Baja;Married;19915;3;Y;No;14;Alta;Media;80;1;26;2;Alta;8;2.0;0;7
30;No;Travel_Rarely;Sales;10;Universitaria;Medical;1;2298;Alta;M;Alta;2;Sales Executive;Alta;Divorced;6087;1;Y;Yes;12;Alta;Muy_Alta;80;1;9;3;Alta;5;3.0;3;4
55;No;Non-Travel;Human Resources;27;Master;Human Resources;1;2299;Muy_Alta;F;Muy_Alta;4;Manager;Muy_Alta;Single;19001;2;Y;Yes;12;Alta;Alta;80;0;24;3;Alta;4;3.0;4;6
35;No;Travel_Frequently;Research & Development;2;Universitaria;Other;1;2300;Alta;M;Alta;1;Research Scientist;Alta;Married;3336;3;Y;No;16;Alta;Baja;80;1;9;2;Alta;1;1.0;1;1
32;No;Non-Travel;Sales;22;Universitaria;Other;1;2301;Alta;M;Alta;3;Sales Executive;Alta;Married;6753;0;Y;No;11;Alta;Alta;80;0;11;3;Alta;7;4.0;7;8
33;No;Travel_Rarely;Research & Development;6;Universitaria;Technical Degree;1;2302;Alta;M;Alta;3;Healthcare Representative;Alta;Divorced;9760;0;Y;No;12;Alta;Media;80;3;17;2;Alta;17;2.0;13;7
35;No;Travel_Rarely;Research & Development;3;Secundaria;Life Sciences;1;2303;Baja;F;Media;2;Laboratory Technician;Media;Single;5522;2;Y;No;16;Alta;Alta;80;0;11;2;Media;11;3.0;1;8
30;Yes;Travel_Rarely;Research & Development;5;Universitaria;Technical Degree;1;2304;Media;M;Alta;1;Laboratory Technician;Alta;Divorced;3778;2;Y;Yes;14;Alta;Baja;80;2;12;2;Alta;7;2.0;6;6
35;No;Travel_Rarely;Research & Development;21;Master;Life Sciences;1;2305;Media;F;Muy_Alta;1;Research Scientist;Muy_Alta;Married;2196;1;Y;Yes;13;Alta;Baja;80;1;9;3;Muy_Alta;9;1.0;2;8
48;No;Travel_Rarely;Research & Development;3;Universitaria;Medical;1;2306;Muy_Alta;M;Alta;4;Research Director;Alta;Divorced;17643;9;Y;No;22;Muy_Alta;Alta;80;1;31;1;Alta;6;2.0;1;4
23;Yes;Travel_Rarely;Human Resources;22;Universitaria;Medical;1;2307;Muy_Alta;M;Alta;1;Human Resources;Alta;Married;2470;0;Y;Yes;12;Alta;Alta;80;0;5;3;Alta;4;3.0;1;5
46;No;Travel_Rarely;Research & Development;24;Universitaria;Technical Degree;1;2308;Muy_Alta;M;Alta;1;Research Scientist;Alta;Married;1837;4;Y;No;21;Muy_Alta;Muy_Alta;80;1;8;3;Alta;3;3.0;0;4
29;No;Travel_Rarely;Research & Development;7;Master;Life Sciences;1;2309;Media;F;Muy_Alta;3;Research Director;Muy_Alta;Married;12140;0;Y;Yes;13;Alta;Alta;80;3;11;4;Alta;9;4.0;1;6
35;No;Travel_Rarely;Research & Development;8;Universitaria;Life Sciences;1;2310;Muy_Alta;M;Alta;3;Healthcare Representative;Alta;Divorced;7951;0;Y;No;11;Alta;Muy_Alta;80;1;9;0;Alta;10;3.0;2;7
41;No;Travel_Rarely;Research & Development;9;Master;Life Sciences;1;2311;Muy_Alta;F;Muy_Alta;1;Laboratory Technician;Muy_Alta;Married;2932;0;Y;No;19;Alta;Muy_Alta;80;0;2;2;Muy_Alta;1;1.0;1;2
42;No;Travel_Frequently;Research & Development;28;Universitaria;Life Sciences;1;2312;Baja;M;Alta;2;Research Scientist;Alta;Divorced;5285;1;Y;No;11;Alta;Media;80;1;20;3;Alta;5;3.0;0;2
55;Yes;Travel_Rarely;Sales;2;Universitaria;Medical;1;2313;Alta;M;Alta;2;Sales Executive;Alta;Single;4786;4;Y;No;16;Alta;Alta;80;0;13;3;Baja;7;3.0;7;4
32;No;Travel_Rarely;Sales;3;Universitaria;Technical Degree;1;2314;Baja;M;Alta;2;Sales Executive;Alta;Married;8588;1;Y;No;19;Alta;Alta;80;1;6;3;Baja;6;3.0;0;2
45;No;Travel_Rarely;Research & Development;7;Universitaria;Life Sciences;1;2315;Baja;M;Alta;2;Manufacturing Director;Alta;Divorced;4921;4;Y;No;19;Muy_Alta;Alta;80;1;3;2;Media;0;0.0;0;0
35;No;Travel_Frequently;Research & Development;18;Universitaria;Life Sciences;1;2316;Alta;M;Alta;3;Manufacturing Director;Alta;Single;7971;2;Y;No;11;Alta;Alta;80;0;11;2;Alta;1;1.0;2;2
36;No;Travel_Rarely;Research & Development;10;Universitaria;Medical;1;2317;Alta;M;Alta;1;Laboratory Technician;Alta;Married;3430;6;Y;No;19;Muy_Alta;Media;80;1;15;3;Alta;4;2.0;0;3
18;Yes;Travel_Rarely;Sales;21;Secundaria;Other;1;2318;Muy_Alta;M;Media;1;Sales Representative;Media;Single;1655;1;Y;Yes;14;Alta;Media;80;0;3;3;Media;0;0.0;0;1
48;No;Travel_Frequently;Research & Development;1;Secundaria;Medical;1;2319;Alta;F;Media;4;Manager;Media;Married;15324;2;Y;No;24;Muy_Alta;Media;80;1;23;3;Media;2;2.0;3;2
29;No;Travel_Rarely;Research & Development;2;Universitaria;Life Sciences;1;2320;Baja;M;Alta;2;Research Scientist;Alta;Divorced;2870;1;Y;No;11;Alta;Media;80;3;6;2;Media;7;1.0;0;3
37;No;Travel_Frequently;Research & Development;2;Universitaria;Technical Degree;1;2321;Alta;M;Alta;1;Research Scientist;Alta;Married;3424;2;Y;No;13;Alta;Alta;80;0;12;2;Alta;12;2.0;0;7
45;No;Travel_Rarely;Research & Development;1;Universitaria;Medical;1;2322;Muy_Alta;M;Alta;1;Laboratory Technician;Alta;Divorced;4098;3;Y;No;15;Alta;Muy_Alta;80;2;8;2;Alta;5;3.0;0;2
30;No;Travel_Rarely;Research & Development;1;Master;Medical;1;2323;Baja;F;Muy_Alta;2;Research Scientist;Muy_Alta;Single;6999;8;Y;No;15;Alta;Alta;80;0;11;0;Alta;7;3.0;1;7
40;Yes;Travel_Rarely;Human Resources;1;Secundaria;Medical;1;2324;Media;F;Media;3;Human Resources;Media;Married;10499;9;Y;No;15;Alta;Muy_Alta;80;1;26;1;Media;21;2.0;3;6
42;No;Travel_Rarely;Research & Development;1;Secundaria;Medical;1;2325;Muy_Alta;F;Media;1;Laboratory Technician;Media;Divorced;2327;0;Y;Yes;12;Alta;Alta;80;1;12;4;Media;9;2.0;7;8
31;No;Travel_Rarely;Research & Development;4;Universitaria;Medical;1;2326;Media;M;Alta;1;Laboratory Technician;Alta;Single;4875;2;Y;Yes;18;Alta;Muy_Alta;80;0;11;3;Alta;11;4.0;0;5
35;No;Travel_Rarely;Research & Development;2;Secundaria;Medical;1;2327;Muy_Alta;F;Media;1;Laboratory Technician;Media;Married;2678;6;Y;No;12;Alta;Media;80;1;9;2;Alta;8;3.0;0;6
33;No;Travel_Rarely;Research & Development;1;Master;Medical;1;2328;Baja;F;Muy_Alta;2;Research Scientist;Muy_Alta;Single;4949;8;Y;No;16;Alta;Alta;80;0;11;0;Alta;5;2.0;1;7
30;No;Non-Travel;Research & Development;2;Secundaria;Life Sciences;1;2329;Alta;F;Media;3;Manufacturing Director;Media;Single;8855;1;Y;No;22;Muy_Alta;Alta;80;0;14;2;Media;12;3.0;5;7
21;No;Travel_Rarely;Research & Development;25;Universitaria;Medical;1;2330;Muy_Alta;M;Alta;1;Laboratory Technician;Alta;Single;3398;8;Y;No;22;Muy_Alta;Muy_Alta;80;0;7;2;Alta;2;2.0;1;3
30;No;Travel_Rarely;Research & Development;2;Secundaria;Technical Degree;1;2331;Muy_Alta;F;Media;1;Research Scientist;Media;Divorced;2910;1;Y;No;14;Alta;Alta;80;1;1;2;Alta;0;0.0;0;0
35;No;Travel_Rarely;Research & Development;5;Secundaria;Medical;1;2332;Alta;F;Media;1;Research Scientist;Media;Single;4323;1;Y;No;12;Alta;Alta;80;0;6;3;Alta;5;2.0;1;4
36;No;Travel_Rarely;Research & Development;1;Secundaria;Life Sciences;1;2333;Alta;F;Media;4;Manufacturing Director;Media;Divorced;9871;2;Y;No;17;Alta;Media;80;1;16;3;Media;5;1.0;7;4
28;No;Travel_Rarely;Research & Development;9;Universitaria;Life Sciences;1;2334;Muy_Alta;M;Alta;2;Laboratory Technician;Alta;Divorced;5878;3;Y;No;21;Muy_Alta;Muy_Alta;80;1;9;3;Alta;8;2.0;2;7
35;No;Non-Travel;Research & Development;25;Secundaria;Technical Degree;1;2335;Baja;F;Media;1;Research Scientist;Media;Divorced;3020;1;Y;No;21;Muy_Alta;Alta;80;3;4;2;Media;6;3.0;0;1
35;No;Travel_Rarely;Sales;17;Universitaria;Life Sciences;1;2336;Alta;M;Alta;2;Sales Executive;Alta;Married;8718;4;Y;Yes;15;Alta;Muy_Alta;80;3;13;2;Alta;7;2.0;1;7
46;No;Travel_Rarely;Research & Development;7;Universitaria;Life Sciences;1;2337;Baja;M;Alta;2;Manufacturing Director;Alta;Divorced;4814;5;Y;No;21;Muy_Alta;Alta;80;1;5;2;Alta;1;1.0;0;1
29;Yes;Travel_Frequently;Sales;13;Universitaria;Technical Degree;1;2338;Baja;M;Alta;2;Sales Executive;Alta;Single;5361;5;Y;No;11;Alta;Baja;80;0;7;4;Muy_Alta;3;2.0;0;0
25;No;Travel_Rarely;Research & Development;7;Secundaria;Other;1;2339;Media;F;Media;1;Laboratory Technician;Media;Single;2997;0;Y;No;17;Alta;Alta;80;0;3;2;Media;3;3.0;2;1
31;No;Travel_Rarely;Research & Development;8;Universitaria;Medical;1;2340;Alta;M;Alta;4;Research Director;Alta;Married;12962;0;Y;No;11;Alta;Muy_Alta;80;0;12;3;Alta;12;3.0;3;7
29;No;Travel_Rarely;Research & Development;8;Universitaria;Life Sciences;1;2341;Baja;M;Alta;4;Research Director;Alta;Single;15724;3;Y;No;11;Alta;Alta;80;0;9;3;Alta;3;3.0;1;0
28;No;Travel_Rarely;Sales;2;Universitaria;Marketing;1;2342;Media;M;Alta;2;Sales Executive;Alta;Married;3969;1;Y;Yes;20;Muy_Alta;Baja;80;0;8;2;Alta;9;2.0;8;6
45;No;Non-Travel;Research & Development;21;Universitaria;Medical;1;2343;Alta;M;Alta;2;Manufacturing Director;Alta;Divorced;5531;2;Y;No;15;Alta;Media;80;1;15;5;Muy_Alta;5;2.0;0;2
26;No;Travel_Frequently;Research & Development;7;Universitaria;Life Sciences;1;2344;Muy_Alta;M;Alta;3;Manufacturing Director;Alta;Divorced;7184;1;Y;No;23;Muy_Alta;Alta;80;2;6;4;Alta;8;2.0;2;7
29;No;Travel_Rarely;Sales;11;Secundaria;Medical;1;2345;Alta;F;Media;2;Sales Executive;Media;Single;5401;9;Y;No;11;Alta;Alta;80;0;5;2;Media;6;3.0;1;4
40;No;Travel_Frequently;Research & Development;3;Master;Life Sciences;1;2346;Baja;F;Muy_Alta;2;Manufacturing Director;Muy_Alta;Single;6853;6;Y;Yes;12;Alta;Muy_Alta;80;0;18;2;Alta;16;2.0;3;11
56;No;Travel_Rarely;Research & Development;4;Master;Medical;1;2347;Alta;F;Muy_Alta;1;Laboratory Technician;Muy_Alta;Married;1780;5;Y;Yes;21;Muy_Alta;Baja;80;3;11;3;Muy_Alta;3;3.0;0;0
28;No;Travel_Frequently;Research & Development;2;Primaria;Life Sciences;1;2348;Media;M;Baja;1;Research Scientist;Baja;Divorced;2559;0;Y;No;17;Alta;Muy_Alta;80;1;10;5;Media;9;1.0;2;8
25;No;Travel_Rarely;Research & Development;15;Universitaria;Life Sciences;1;2349;Media;M;Alta;1;Research Scientist;Alta;Married;2769;1;Y;No;12;Alta;Media;80;1;9;2;Alta;11;1.0;0;8
31;No;Travel_Rarely;Research & Development;3;Universitaria;Medical;1;2350;Muy_Alta;M;Alta;3;Manufacturing Director;Alta;Divorced;8815;0;Y;No;17;Alta;Media;80;3;10;3;Alta;9;3.0;1;6
45;No;Travel_Frequently;Research & Development;6;Master;Life Sciences;1;2351;Baja;F;Muy_Alta;2;Manufacturing Director;Muy_Alta;Married;6699;4;Y;No;17;Alta;Muy_Alta;80;1;9;1;Muy_Alta;3;3.0;0;3
30;No;Travel_Rarely;Research & Development;6;Universitaria;Other;1;2352;Baja;M;Alta;3;Research Scientist;Alta;Single;5625;1;Y;No;14;Alta;Alta;80;0;14;3;Alta;16;3.0;1;9
20;Yes;Travel_Rarely;Sales;8;Universitaria;Marketing;1;2353;Media;M;Alta;1;Sales Representative;Alta;Single;3351;0;Y;No;14;Alta;Media;80;0;0;3;Media;3;1.0;1;0
53;No;Travel_Rarely;Research & Development;13;Master;Medical;1;2354;Alta;F;Muy_Alta;5;Research Director;Muy_Alta;Single;17518;8;Y;No;11;Alta;Muy_Alta;80;0;34;3;Baja;23;4.0;3;15
43;No;Travel_Rarely;Research & Development;4;Secundaria;Medical;1;2355;Baja;F;Media;5;Manager;Media;Married;19145;7;Y;No;12;Alta;Muy_Alta;80;0;17;2;Alta;17;2.0;5;13
35;Yes;Travel_Rarely;Sales;4;Secundaria;Life Sciences;1;2356;Alta;F;Media;3;Sales Executive;Media;Married;10949;0;Y;Yes;11;Alta;Baja;80;1;20;6;Media;15;4.0;2;6
35;No;Non-Travel;Research & Development;2;Universitaria;Medical;1;2357;Alta;M;Alta;1;Research Scientist;Alta;Divorced;1009;1;Y;Yes;13;Alta;Muy_Alta;80;1;4;3;Alta;4;3.0;2;2
36;No;Non-Travel;Sales;2;Universitaria;Medical;1;2358;Muy_Alta;M;Alta;2;Sales Executive;Alta;Single;5314;3;Y;No;14;Alta;Media;80;0;8;6;Alta;2;2.0;0;0
48;No;Travel_Rarely;Sales;4;Universitaria;Marketing;1;2359;Baja;M;Alta;4;Manager;Alta;Married;18859;3;Y;No;12;Alta;Muy_Alta;80;1;24;3;Alta;12;3.0;5;8
23;No;Travel_Rarely;Sales;8;Universitaria;Medical;1;2360;Muy_Alta;M;Alta;2;Sales Executive;Alta;Married;3778;1;Y;Yes;11;Alta;Alta;80;2;7;3;Alta;4;3.0;1;4
27;Yes;Travel_Rarely;Research & Development;2;Universitaria;Life Sciences;1;2361;Baja;M;Alta;1;Laboratory Technician;Alta;Single;2548;1;Y;No;11;Alta;Alta;80;0;3;5;Baja;0;0.0;1;0
32;Yes;Travel_Frequently;Research & Development;29;Secundaria;Medical;1;2362;Alta;F;Media;1;Laboratory Technician;Media;Single;4209;0;Y;No;11;Alta;Media;80;0;4;2;Baja;4;3.0;0;4
33;No;Travel_Frequently;Sales;6;Universitaria;Marketing;1;2363;Media;F;Alta;3;Sales Executive;Alta;Single;8348;1;Y;No;14;Alta;Muy_Alta;80;0;9;2;Alta;7;3.0;3;8
34;No;Travel_Rarely;Research & Development;9;Universitaria;Life Sciences;1;2364;Alta;M;Alta;2;Laboratory Technician;Alta;Divorced;3192;1;Y;No;12;Alta;Baja;80;3;11;4;Alta;11;3.0;9;9
41;No;Travel_Frequently;Research & Development;5;Universitaria;Other;1;2365;Alta;M;Alta;1;Research Scientist;Alta;Married;2826;3;Y;No;16;Alta;Baja;80;1;6;2;Media;1;1.0;2;2
40;No;Travel_Rarely;Research & Development;1;Secundaria;Life Sciences;1;2366;Muy_Alta;F;Media;2;Manufacturing Director;Media;Married;6622;9;Y;Yes;13;Alta;Muy_Alta;80;1;8;4;Media;4;3.0;0;2
31;No;Travel_Rarely;Research & Development;25;Universitaria;Medical;1;2367;Muy_Alta;M;Alta;1;Research Scientist;Alta;Single;2155;2;Y;No;15;Alta;Muy_Alta;80;0;10;3;Alta;3;3.0;1;2
30;No;Travel_Rarely;Sales;3;Universitaria;Marketing;1;2368;Media;M;Alta;2;Sales Executive;Alta;Married;4686;1;Y;Yes;21;Muy_Alta;Baja;80;0;7;2;Alta;9;3.0;6;5
36;Yes;Travel_Rarely;Sales;25;Secundaria;Marketing;1;2369;Muy_Alta;F;Media;3;Sales Executive;Media;Single;8943;3;Y;Yes;11;Alta;Alta;80;0;5;2;Media;5;3.0;1;1
38;No;Non-Travel;Sales;23;Primaria;Life Sciences;1;2370;Baja;M;Baja;2;Sales Executive;Baja;Married;4965;5;Y;No;19;Alta;Alta;80;1;14;1;Alta;2;2.0;0;2
48;No;Travel_Rarely;Sales;15;Universitaria;Medical;1;2371;Alta;M;Alta;2;Sales Executive;Alta;Married;4384;3;Y;Yes;17;Alta;Alta;80;1;14;4;Alta;6;2.0;0;3
40;No;Non-Travel;Research & Development;9;Universitaria;Life Sciences;1;2372;Muy_Alta;M;Alta;2;Healthcare Representative;Alta;Divorced;3464;3;Y;Yes;17;Alta;Alta;80;0;10;2;Alta;1;1.0;2;2
29;No;Travel_Rarely;Research & Development;10;Universitaria;Medical;1;2373;Muy_Alta;M;Alta;1;Research Scientist;Alta;Married;3021;1;Y;No;23;Muy_Alta;Muy_Alta;80;1;7;3;Muy_Alta;5;3.0;0;3
38;No;Travel_Rarely;Research & Development;8;Master;Life Sciences;1;2374;Muy_Alta;F;Muy_Alta;1;Laboratory Technician;Muy_Alta;Married;2557;1;Y;No;22;Alta;Muy_Alta;80;0;0;2;Muy_Alta;0;0.0;0;2
32;No;Travel_Rarely;Research & Development;26;Secundaria;Medical;1;2375;Alta;F;Media;1;Research Scientist;Media;Single;2913;1;Y;No;11;Alta;Muy_Alta;80;0;7;3;Alta;7;2.0;1;0
39;No;Travel_Frequently;Human Resources;1;Universitaria;Other;1;2376;Muy_Alta;M;Alta;1;Human Resources;Alta;Married;3277;0;Y;Yes;11;Alta;Media;80;1;8;2;Alta;7;3.0;1;1
32;No;Non-Travel;Research & Development;5;Universitaria;Technical Degree;1;2377;Muy_Alta;M;Alta;2;Research Scientist;Alta;Divorced;1078;5;Y;No;16;Alta;Muy_Alta;80;2;9;3;Baja;9;3.0;1;7
42;No;Travel_Rarely;Research & Development;9;Secundaria;Medical;1;2378;Baja;F;Media;5;Manager;Media;Married;19999;7;Y;No;12;Alta;Muy_Alta;80;0;20;2;Alta;14;2.0;5;14
27;No;Travel_Rarely;Research & Development;9;Universitaria;Life Sciences;1;2379;Baja;M;Alta;4;Research Director;Alta;Single;17731;3;Y;No;11;Alta;Alta;80;0;11;3;Alta;3;3.0;1;0
39;No;Travel_Rarely;Research & Development;5;Secundaria;Medical;1;2380;Alta;F;Media;2;Laboratory Technician;Media;Divorced;3519;1;Y;No;15;Alta;Muy_Alta;80;1;12;4;Alta;9;3.0;0;7
55;No;Travel_Rarely;Research & Development;8;Universitaria;Life Sciences;1;2381;Muy_Alta;M;Alta;1;Laboratory Technician;Alta;Married;3170;3;Y;No;22;Muy_Alta;Media;80;2;12;4;Alta;4;3.0;0;3
49;No;Travel_Rarely;Research & Development;1;Universitaria;Life Sciences;1;2382;Alta;M;Alta;4;Manager;Alta;Single;14671;4;Y;No;14;Alta;Baja;80;0;24;2;Alta;10;4.0;0;0
37;No;Travel_Rarely;Research & Development;11;Universitaria;Life Sciences;1;2383;Media;M;Alta;2;Healthcare Representative;Alta;Divorced;2812;3;Y;No;13;Alta;Media;80;1;15;3;Media;6;2.0;8;7
29;Yes;Travel_Frequently;Sales;3;Universitaria;Technical Degree;1;2384;Baja;M;Alta;1;Sales Representative;Alta;Married;1712;2;Y;No;15;Alta;Muy_Alta;80;1;6;3;Alta;4;3.0;1;2
34;No;Travel_Rarely;Sales;3;Universitaria;Marketing;1;2385;Muy_Alta;M;Alta;2;Sales Executive;Alta;Divorced;7110;4;Y;No;13;Alta;Muy_Alta;80;3;12;3;Alta;8;2.0;1;6
39;No;Travel_Frequently;Sales;21;Universitaria;Medical;1;2386;Alta;M;Alta;1;Sales Representative;Alta;Married;2727;5;Y;No;16;Alta;Media;80;1;9;3;Alta;4;3.0;0;0
52;No;Travel_Rarely;Research & Development;16;Universitaria;Other;1;2387;Alta;M;Alta;1;Research Scientist;Alta;Married;2674;8;Y;No;12;Alta;Muy_Alta;80;1;10;3;Alta;9;3.0;7;5
37;No;Travel_Rarely;Research & Development;15;Secundaria;Life Sciences;1;2388;Alta;F;Media;3;Research Director;Media;Divorced;11620;0;Y;Yes;14;Alta;Media;80;1;13;3;Media;9;3.0;3;8
45;No;Travel_Rarely;Research & Development;16;Secundaria;Life Sciences;1;2389;Alta;F;Media;4;Research Director;Media;Married;17746;1;Y;No;24;Muy_Alta;Baja;80;1;11;3;Media;14;2.0;6;11
42;No;Travel_Rarely;Sales;5;Universitaria;Marketing;1;2390;Muy_Alta;M;Alta;3;Sales Executive;Alta;Single;9624;1;Y;No;12;Alta;Media;80;0;10;3;Alta;9;3.0;8;8
34;No;Travel_Rarely;Research & Development;10;Universitaria;Other;1;2391;Alta;M;Alta;3;Manufacturing Director;Alta;Single;10540;3;Y;No;21;Muy_Alta;Media;80;0;18;3;Alta;8;3.0;1;7
29;No;Travel_Rarely;Research & Development;6;Master;Life Sciences;1;2392;Media;F;Muy_Alta;3;Research Director;Muy_Alta;Married;12241;0;Y;Yes;11;Alta;Alta;80;3;8;4;Alta;10;4.0;1;7
29;No;Travel_Rarely;Research & Development;20;Universitaria;Medical;1;2393;Alta;M;Alta;1;Research Scientist;Alta;Married;3288;0;Y;No;12;Alta;Alta;80;1;7;2;Alta;4;2.0;0;2
41;No;Travel_Rarely;Research & Development;4;Secundaria;Medical;1;2394;Baja;M;Media;2;Research Scientist;Media;Single;3643;1;Y;Yes;15;Alta;Baja;80;0;22;3;Alta;20;3.0;1;7
50;No;Travel_Rarely;Research & Development;12;Universitaria;Life Sciences;1;2395;Alta;M;Alta;5;Manager;Alta;Single;19771;3;Y;No;16;Alta;Media;80;0;22;5;Alta;6;4.0;4;3
31;No;Travel_Rarely;Research & Development;16;Universitaria;Life Sciences;1;2396;Media;M;Alta;1;Research Scientist;Alta;Married;2684;0;Y;No;12;Alta;Media;80;1;11;2;Alta;12;4.0;1;8
33;No;Travel_Rarely;Sales;9;Secundaria;Marketing;1;2397;Media;F;Media;2;Sales Executive;Media;Married;4620;4;Y;No;12;Alta;Baja;80;1;6;2;Media;6;2.0;1;0
40;No;Non-Travel;Research & Development;6;Universitaria;Life Sciences;1;2398;Muy_Alta;M;Alta;2;Healthcare Representative;Alta;Divorced;4624;4;Y;Yes;18;Alta;Alta;80;0;7;2;Alta;2;2.0;2;3
41;No;Travel_Rarely;Research & Development;1;Universitaria;Life Sciences;1;2399;Baja;M;Alta;4;Manager;Alta;Divorced;19108;2;Y;No;11;Alta;Baja;80;1;25;3;Alta;18;4.0;11;16
35;No;Travel_Rarely;Sales;14;Universitaria;Medical;1;2400;Muy_Alta;M;Alta;3;Sales Executive;Alta;Divorced;8589;1;Y;No;18;Alta;Alta;80;1;8;2;Alta;7;3.0;1;1
19;No;Travel_Rarely;Sales;4;Universitaria;Medical;1;2401;Alta;M;Alta;1;Sales Representative;Alta;Single;2685;0;Y;Yes;11;Alta;Muy_Alta;80;0;2;6;Media;0;0.0;2;1
44;No;Travel_Rarely;Research & Development;12;Universitaria;Life Sciences;1;2402;Media;M;Alta;2;Laboratory Technician;Alta;Divorced;1399;8;Y;No;18;Alta;Alta;80;1;20;2;Alta;16;3.0;0;16
34;No;Travel_Rarely;Research & Development;9;Universitaria;Life Sciences;1;2403;Muy_Alta;M;Alta;3;Healthcare Representative;Alta;Divorced;7505;0;Y;No;11;Alta;Muy_Alta;80;1;12;0;Alta;9;3.0;1;6
60;No;Travel_Rarely;Sales;22;Universitaria;Life Sciences;1;2404;Muy_Alta;M;Alta;4;Manager;Alta;Married;19565;3;Y;Yes;13;Alta;Alta;80;1;28;2;Muy_Alta;0;0.0;0;1
22;No;Travel_Frequently;Human Resources;11;Universitaria;Medical;1;2405;Baja;M;Alta;1;Human Resources;Alta;Married;1009;1;Y;No;14;Alta;Muy_Alta;80;1;5;2;Alta;1;1.0;2;2
52;No;Travel_Rarely;Research & Development;7;Universitaria;Life Sciences;1;2406;Baja;M;Alta;5;Research Director;Alta;Single;18353;7;Y;No;12;Alta;Alta;80;0;23;5;Alta;20;3.0;13;15
35;No;Travel_Rarely;Research & Development;11;Universitaria;Medical;1;2407;Media;M;Alta;1;Research Scientist;Alta;Married;5482;1;Y;No;11;Alta;Baja;80;1;9;2;Alta;5;3.0;7;8
26;No;Travel_Rarely;Sales;3;Universitaria;Other;1;2408;Alta;M;Alta;2;Sales Executive;Alta;Married;3916;1;Y;Yes;18;Alta;Muy_Alta;80;0;2;3;Alta;6;4.0;1;3
33;No;Travel_Rarely;Sales;5;Universitaria;Life Sciences;1;2409;Alta;M;Alta;1;Sales Representative;Alta;Married;4242;3;Y;No;12;Alta;Baja;80;1;6;5;Alta;5;3.0;1;2
50;No;Travel_Rarely;Research & Development;1;Secundaria;Life Sciences;1;2410;Muy_Alta;F;Media;5;Research Director;Media;Single;18357;7;Y;No;12;Alta;Alta;80;0;24;3;Media;0;0.0;0;2
47;Yes;Travel_Frequently;Research & Development;28;Secundaria;Life Sciences;1;2411;Baja;F;Media;2;Laboratory Technician;Media;Single;5081;4;Y;No;20;Muy_Alta;Baja;80;0;21;2;Media;3;3.0;0;2
38;No;Travel_Rarely;Research & Development;5;Universitaria;Medical;1;2412;Muy_Alta;M;Alta;1;Research Scientist;Alta;Married;3301;5;Y;Yes;22;Muy_Alta;Alta;80;1;15;2;Alta;5;4.0;0;3
40;No;Travel_Rarely;Sales;6;Universitaria;Marketing;1;2413;Muy_Alta;M;Alta;3;Sales Executive;Alta;Single;8351;1;Y;No;12;Alta;Media;80;0;10;3;Alta;9;3.0;8;7
27;Yes;Travel_Rarely;Research & Development;21;Universitaria;Life Sciences;1;2414;Baja;M;Alta;1;Research Scientist;Alta;Married;1478;5;Y;Yes;12;Alta;Media;80;0;8;2;Alta;4;3.0;0;1
46;No;Travel_Rarely;Research & Development;7;Universitaria;Medical;1;2415;Muy_Alta;M;Alta;3;Manufacturing Director;Alta;Divorced;11205;6;Y;No;12;Alta;Media;80;1;15;3;Muy_Alta;7;2.0;0;7
34;Yes;Travel_Rarely;Sales;1;Secundaria;Life Sciences;1;2416;Baja;F;Media;3;Sales Executive;Media;Married;11652;5;Y;No;11;Alta;Alta;80;0;17;2;Media;15;2.0;11;8
31;No;Travel_Rarely;Human Resources;1;Universitaria;Life Sciences;1;2417;Alta;M;Alta;1;Human Resources;Alta;Divorced;2317;0;Y;No;21;Muy_Alta;Baja;80;1;5;3;Alta;6;2.0;1;3
26;Yes;Travel_Rarely;Research & Development;1;Universitaria;Life Sciences;1;2418;Baja;M;Alta;1;Laboratory Technician;Alta;Single;4303;2;Y;No;11;Alta;Alta;80;0;1;5;Muy_Alta;0;0.0;0;0
35;No;Travel_Rarely;Human Resources;6;Secundaria;Life Sciences;1;2419;Baja;F;Media;1;Human Resources;Media;Married;2034;0;Y;No;21;Muy_Alta;Alta;80;0;3;3;Alta;5;2.0;0;4
30;No;Travel_Rarely;Sales;7;Universitaria;Marketing;1;2420;Muy_Alta;M;Alta;2;Sales Executive;Alta;Divorced;4705;7;Y;No;14;Alta;Media;80;2;6;3;Alta;1;1.0;1;2
46;No;Travel_Rarely;Research & Development;4;Universitaria;Technical Degree;1;2421;Alta;M;Alta;1;Research Scientist;Alta;Married;3738;2;Y;No;15;Alta;Media;80;1;7;3;Alta;4;3.0;1;3
47;No;Travel_Rarely;Research & Development;18;Primaria;Medical;1;2422;Media;M;Baja;3;Healthcare Representative;Baja;Divorced;11039;1;Y;Yes;18;Alta;Media;80;1;24;2;Muy_Alta;6;3.0;0;7
39;No;Travel_Rarely;Research & Development;3;Universitaria;Life Sciences;1;2423;Alta;M;Alta;2;Healthcare Representative;Alta;Divorced;6808;4;Y;No;16;Alta;Muy_Alta;80;1;12;4;Alta;6;2.0;0;1
33;No;Travel_Rarely;Research & Development;6;Universitaria;Life Sciences;1;2424;Muy_Alta;M;Alta;2;Laboratory Technician;Alta;Divorced;6712;3;Y;No;22;Muy_Alta;Muy_Alta;80;1;11;3;Muy_Alta;8;3.0;1;6
44;No;Travel_Rarely;Research & Development;1;Universitaria;Medical;1;2425;Muy_Alta;M;Alta;1;Laboratory Technician;Alta;Divorced;2333;3;Y;No;14;Alta;Muy_Alta;80;2;8;1;Muy_Alta;7;2.0;0;2
24;No;Travel_Rarely;Sales;28;Universitaria;Medical;1;2426;Alta;M;Alta;2;Sales Executive;Alta;Single;6894;1;Y;No;23;Muy_Alta;Media;80;0;8;5;Media;4;3.0;0;3
25;No;Travel_Frequently;Research & Development;1;Secundaria;Life Sciences;1;2427;Muy_Alta;F;Media;1;Laboratory Technician;Media;Married;2908;2;Y;Yes;12;Alta;Media;80;1;0;2;Alta;1;1.0;2;3
34;No;Travel_Rarely;Research & Development;1;Master;Medical;1;2428;Baja;F;Muy_Alta;4;Research Director;Muy_Alta;Divorced;15881;4;Y;No;20;Alta;Alta;80;1;10;2;Media;4;4.0;0;5
41;No;Travel_Rarely;Sales;15;Universitaria;Life Sciences;1;2429;Muy_Alta;M;Alta;2;Sales Executive;Alta;Married;3819;1;Y;No;14;Alta;Alta;80;1;8;2;Media;4;3.0;1;1
38;No;Travel_Rarely;Research & Development;1;Master;Medical;1;2430;Media;F;Muy_Alta;2;Healthcare Representative;Muy_Alta;Divorced;6922;5;Y;No;19;Muy_Alta;Media;80;3;15;0;Muy_Alta;12;4.0;11;8
32;No;Travel_Frequently;Research & Development;5;Universitaria;Life Sciences;1;2431;Muy_Alta;M;Alta;2;Research Scientist;Alta;Single;6109;4;Y;Yes;13;Alta;Muy_Alta;80;0;9;2;Muy_Alta;8;3.0;0;8
52;No;Travel_Rarely;Sales;5;Universitaria;Marketing;1;2432;Baja;M;Alta;4;Sales Executive;Alta;Married;11860;5;Y;No;16;Alta;Alta;80;1;29;3;Alta;1;1.0;2;1
26;No;Travel_Rarely;Research & Development;29;Primaria;Medical;1;2433;Media;M;Baja;2;Manufacturing Director;Baja;Divorced;3249;0;Y;No;21;Muy_Alta;Media;80;1;5;5;Alta;5;1.0;0;0
41;Yes;Travel_Rarely;Sales;4;Universitaria;Medical;1;2434;Muy_Alta;M;Alta;2;Sales Executive;Alta;Married;6233;4;Y;Yes;17;Alta;Baja;80;0;13;3;Alta;0;0.0;0;0
30;No;Travel_Rarely;Research & Development;7;Secundaria;Medical;1;2435;Media;F;Media;2;Manufacturing Director;Media;Married;4343;1;Y;Yes;16;Alta;Alta;80;1;11;2;Media;11;2.0;2;1
24;Yes;Travel_Frequently;Human Resources;24;Secundaria;Human Resources;1;2436;Baja;F;Media;1;Human Resources;Media;Married;2938;0;Y;No;12;Alta;Baja;80;0;0;2;Alta;1;1.0;0;0
38;No;Travel_Rarely;Research & Development;1;Secundaria;Medical;1;2437;Alta;F;Media;2;Laboratory Technician;Media;Divorced;3389;0;Y;No;14;Alta;Muy_Alta;80;1;7;3;Muy_Alta;9;2.0;0;7
44;No;Travel_Frequently;Research & Development;10;Secundaria;Life Sciences;1;2438;Alta;F;Media;2;Laboratory Technician;Media;Divorced;7047;0;Y;No;11;Alta;Media;80;1;9;3;Media;10;3.0;0;0
27;Yes;Travel_Rarely;Sales;14;Universitaria;Marketing;1;2439;Muy_Alta;M;Alta;2;Sales Executive;Alta;Single;9531;3;Y;Yes;11;Alta;Muy_Alta;80;0;6;0;Media;1;1.0;2;2
39;No;Travel_Rarely;Research & Development;8;Universitaria;Life Sciences;1;2440;Alta;M;Alta;1;Laboratory Technician;Alta;Single;3023;0;Y;No;11;Alta;Alta;80;0;3;3;Alta;1;1.0;2;0
34;No;Travel_Rarely;Research & Development;25;Universitaria;Medical;1;2441;Alta;F;Alta;1;Laboratory Technician;Alta;Married;3032;3;Y;Yes;13;Alta;Alta;80;1;4;3;Media;0;0.0;3;3
30;No;Travel_Rarely;Sales;6;Secundaria;Medical;1;2442;Alta;F;Media;2;Sales Executive;Media;Divorced;5880;1;Y;Yes;11;Alta;Media;80;3;11;4;Baja;11;2.0;1;5
35;No;Travel_Rarely;Research & Development;4;Master;Medical;1;2443;Alta;F;Muy_Alta;2;Research Scientist;Muy_Alta;Divorced;6934;4;Y;Yes;13;Alta;Baja;80;2;12;2;Alta;7;3.0;6;7
34;No;Travel_Rarely;Sales;1;Universitaria;Other;1;2444;Muy_Alta;M;Alta;2;Sales Executive;Alta;Single;5355;1;Y;No;22;Muy_Alta;Alta;80;0;3;5;Alta;5;1.0;2;4
33;No;Travel_Frequently;Sales;4;Universitaria;Marketing;1;2445;Alta;M;Alta;1;Sales Representative;Alta;Married;2622;6;Y;No;19;Alta;Muy_Alta;80;1;4;3;Muy_Alta;4;2.0;1;3
23;No;Travel_Rarely;Research & Development;6;Secundaria;Medical;1;2446;Muy_Alta;F;Media;1;Research Scientist;Media;Married;4801;1;Y;No;11;Alta;Alta;80;2;2;2;Media;2;2.0;3;3
39;No;Travel_Rarely;Research & Development;11;Universitaria;Life Sciences;1;2447;Media;M;Alta;1;Laboratory Technician;Alta;Married;5748;3;Y;Yes;11;Alta;Baja;80;1;7;4;Alta;1;1.0;0;0
44;No;Travel_Frequently;Sales;2;Universitaria;Marketing;1;2448;Baja;M;Alta;2;Sales Executive;Alta;Married;5319;7;Y;No;12;Alta;Alta;80;1;12;4;Alta;0;0.0;0;0
29;Yes;Travel_Rarely;Research & Development;17;Universitaria;Medical;1;2449;Baja;M;Alta;1;Laboratory Technician;Alta;Divorced;2621;2;Y;Yes;12;Alta;Muy_Alta;80;1;5;2;Media;2;2.0;0;2
26;No;Travel_Rarely;Sales;13;Universitaria;Medical;1;2450;Media;M;Alta;1;Sales Representative;Alta;Married;1640;2;Y;No;11;Alta;Alta;80;0;9;1;Alta;7;3.0;0;7
49;Yes;Travel_Rarely;Sales;13;Universitaria;Marketing;1;2451;Alta;M;Alta;3;Sales Executive;Alta;Married;6829;1;Y;No;18;Alta;Baja;80;2;6;3;Alta;7;3.0;8;7
58;No;Travel_Rarely;Sales;1;Secundaria;Life Sciences;1;2452;Alta;F;Media;2;Sales Executive;Media;Single;6128;6;Y;No;18;Alta;Muy_Alta;80;0;12;2;Alta;8;2.0;0;6
25;No;Travel_Rarely;Research & Development;1;Secundaria;Life Sciences;1;2453;Baja;F;Media;1;Research Scientist;Media;Married;3126;0;Y;No;19;Alta;Baja;80;0;6;2;Media;5;2.0;0;3
43;No;Travel_Frequently;Research & Development;9;Universitaria;Life Sciences;1;2454;Media;M;Alta;5;Manager;Alta;Divorced;19760;1;Y;No;13;Alta;Media;80;1;23;4;Alta;24;3.0;14;8
50;No;Travel_Rarely;Sales;8;Universitaria;Marketing;1;2455;Baja;M;Alta;4;Sales Executive;Alta;Married;10894;5;Y;No;13;Alta;Alta;80;1;29;3;Alta;1;1.0;2;1
46;No;Travel_Rarely;Sales;6;Universitaria;Marketing;1;2456;Media;M;Alta;5;Manager;Alta;Married;16351;8;Y;No;11;Alta;Alta;80;1;27;5;Media;22;1.0;3;10
28;No;Travel_Rarely;Sales;9;Universitaria;Medical;1;2457;Alta;M;Alta;2;Sales Executive;Alta;Divorced;5993;2;Y;Yes;11;Alta;Muy_Alta;80;1;7;2;Alta;6;2.0;1;5
43;No;Travel_Rarely;Research & Development;7;Master;Medical;1;2458;Muy_Alta;F;Muy_Alta;1;Research Scientist;Muy_Alta;Divorced;2951;1;Y;No;12;Alta;Muy_Alta;80;2;9;3;Muy_Alta;6;3.0;0;4
28;Yes;Travel_Frequently;Sales;26;Universitaria;Marketing;1;2459;Baja;M;Alta;2;Sales Executive;Alta;Married;6468;1;Y;Yes;11;Alta;Alta;80;0;10;4;Alta;8;3.0;0;7
43;No;Non-Travel;Sales;9;Universitaria;Life Sciences;1;2460;Muy_Alta;M;Alta;2;Sales Executive;Alta;Single;5607;6;Y;No;14;Alta;Muy_Alta;80;0;15;4;Alta;12;3.0;1;9
32;Yes;Travel_Rarely;Human Resources;16;Master;Human Resources;1;2461;Muy_Alta;F;Muy_Alta;1;Human Resources;Muy_Alta;Married;3829;1;Y;No;17;Alta;Alta;80;0;3;5;Alta;1;1.0;1;0
39;No;Travel_Frequently;Research & Development;24;Secundaria;Life Sciences;1;2462;Muy_Alta;F;Media;3;Manufacturing Director;Media;Single;8764;0;Y;No;22;Muy_Alta;Media;80;0;13;2;Alta;9;2.0;2;9
54;No;Travel_Rarely;Sales;2;Universitaria;Medical;1;2463;Alta;M;Alta;4;Manager;Alta;Divorced;15862;6;Y;No;14;Alta;Alta;80;1;22;3;Media;15;2.0;15;1
33;No;Travel_Rarely;Research & Development;27;Universitaria;Life Sciences;1;2464;Muy_Alta;M;Alta;1;Laboratory Technician;Alta;Divorced;3189;1;Y;No;22;Muy_Alta;Media;80;1;1;2;Muy_Alta;2;2.0;0;1
31;Yes;Travel_Rarely;Research & Development;25;Secundaria;Technical Degree;1;2465;Alta;F;Media;1;Research Scientist;Media;Married;2660;4;Y;No;16;Alta;Media;80;0;4;2;Alta;3;2.0;1;1
47;No;Travel_Rarely;Research & Development;28;Universitaria;Medical;1;2466;Alta;M;Alta;1;Research Scientist;Alta;Single;4269;4;Y;No;13;Alta;Media;80;0;9;2;Alta;6;1.0;1;3
39;Yes;Travel_Frequently;Sales;17;Universitaria;Marketing;1;2467;Muy_Alta;M;Alta;2;Sales Executive;Alta;Married;4619;1;Y;Yes;19;Alta;Alta;80;1;5;0;Media;4;3.0;4;2
25;No;Travel_Rarely;Research & Development;1;Secundaria;Medical;1;2468;Baja;F;Media;1;Laboratory Technician;Media;Married;5109;1;Y;No;16;Alta;Baja;80;2;8;2;Media;3;2.0;1;2
53;No;Non-Travel;Research & Development;1;Universitaria;Life Sciences;1;2469;Baja;M;Alta;4;Manager;Alta;Divorced;17144;1;Y;No;11;Alta;Muy_Alta;80;1;33;3;Media;32;3.0;14;8
43;No;Travel_Rarely;Research & Development;14;Universitaria;Life Sciences;1;2470;Media;M;Alta;4;Research Director;Alta;Married;15666;6;Y;No;23;Muy_Alta;Alta;80;1;23;3;Baja;3;3.0;2;1
29;No;Travel_Frequently;Research & Development;3;Universitaria;Medical;1;2471;Muy_Alta;M;Alta;1;Laboratory Technician;Alta;Single;1014;0;Y;Yes;11;Alta;Alta;80;0;5;2;Alta;3;2.0;0;2
47;No;Travel_Rarely;Research & Development;11;Secundaria;Technical Degree;1;2472;Muy_Alta;F;Media;3;Healthcare Representative;Media;Single;11455;6;Y;No;15;Alta;Muy_Alta;80;0;20;2;Muy_Alta;5;3.0;1;2
52;No;Travel_Rarely;Research & Development;8;Universitaria;Technical Degree;1;2473;Muy_Alta;F;Alta;2;Research Scientist;Alta;Divorced;4068;3;Y;Yes;13;Alta;Media;80;2;18;3;Alta;12;3.0;5;8
26;Yes;Travel_Rarely;Research & Development;27;Secundaria;Technical Degree;1;2474;Alta;F;Media;1;Research Scientist;Media;Married;3393;5;Y;No;16;Alta;Media;80;0;6;2;Alta;3;2.0;2;2
40;No;Travel_Rarely;Research & Development;17;Secundaria;Life Sciences;1;2475;Alta;M;Media;3;Healthcare Representative;Media;Married;9269;0;Y;No;18;Alta;Baja;80;1;19;4;Media;20;2.0;0;9
34;No;Travel_Rarely;Sales;17;Universitaria;Medical;1;2476;Alta;F;Alta;2;Sales Executive;Alta;Single;6874;2;Y;No;11;Alta;Muy_Alta;80;0;9;6;Alta;7;3.0;9;6
44;Yes;Travel_Rarely;Sales;3;Primaria;Marketing;1;2477;Baja;M;Baja;5;Manager;Baja;Single;18100;2;Y;Yes;14;Alta;Baja;80;0;25;2;Media;23;3.0;1;10
39;No;Travel_Frequently;Research & Development;3;Master;Life Sciences;1;2478;Baja;F;Muy_Alta;2;Manufacturing Director;Muy_Alta;Single;4529;6;Y;Yes;12;Alta;Muy_Alta;80;0;17;2;Muy_Alta;16;3.0;3;12
46;No;Non-Travel;Research & Development;5;Secundaria;Life Sciences;1;2479;Alta;F;Media;1;Laboratory Technician;Media;Single;3591;3;Y;No;14;Alta;Muy_Alta;80;0;6;5;Baja;5;2.0;0;3
35;No;Non-Travel;Research & Development;1;Master;Technical Degree;1;2480;Alta;F;Muy_Alta;1;Laboratory Technician;Muy_Alta;Single;2358;0;Y;No;14;Alta;Baja;80;0;5;2;Muy_Alta;8;4.0;2;4
48;Yes;Travel_Frequently;Sales;7;Primaria;Life Sciences;1;2481;Alta;F;Baja;4;Sales Executive;Baja;Married;12787;7;Y;No;11;Alta;Alta;80;0;25;3;Alta;24;2.0;14;9
35;No;Travel_Rarely;Research & Development;25;Universitaria;Life Sciences;1;2482;Muy_Alta;M;Alta;1;Laboratory Technician;Alta;Divorced;1965;1;Y;No;23;Muy_Alta;Media;80;1;1;2;Media;2;2.0;0;0
58;No;Travel_Rarely;Research & Development;7;Primaria;Life Sciences;1;2483;Muy_Alta;M;Baja;3;Manufacturing Director;Baja;Single;6813;4;Y;No;12;Alta;Baja;80;0;38;3;Baja;5;3.0;0;2
33;No;Travel_Rarely;Sales;6;Universitaria;Medical;1;2484;Media;M;Alta;2;Sales Executive;Alta;Single;5072;1;Y;No;17;Alta;Baja;80;0;13;0;Muy_Alta;11;3.0;5;7
32;Yes;Travel_Rarely;Research & Development;23;Universitaria;Life Sciences;1;2485;Baja;M;Alta;1;Research Scientist;Alta;Married;2049;3;Y;Yes;11;Alta;Media;80;0;7;2;Alta;6;4.0;0;1
36;No;Travel_Rarely;Research & Development;10;Universitaria;Medical;1;2486;Muy_Alta;M;Alta;1;Laboratory Technician;Alta;Married;2563;7;Y;Yes;11;Alta;Alta;80;1;5;3;Media;0;0.0;2;3
24;No;Travel_Rarely;Research & Development;3;Universitaria;Medical;1;2487;Baja;M;Alta;1;Research Scientist;Alta;Married;4579;0;Y;No;21;Muy_Alta;Muy_Alta;80;0;4;3;Alta;0;0.0;2;3
36;No;Travel_Frequently;Sales;17;Universitaria;Life Sciences;1;2488;Media;M;Alta;3;Sales Executive;Alta;Married;9721;2;Y;No;23;Muy_Alta;Muy_Alta;80;1;7;3;Alta;7;3.0;1;8
28;No;Travel_Rarely;Research & Development;3;Master;Life Sciences;1;2489;Media;F;Muy_Alta;2;Manufacturing Director;Muy_Alta;Married;4306;1;Y;Yes;20;Muy_Alta;Media;80;1;7;0;Alta;6;4.0;0;4
39;No;Travel_Rarely;Sales;16;Universitaria;Life Sciences;1;2490;Media;M;Alta;2;Sales Executive;Alta;Single;4690;2;Y;No;12;Alta;Media;80;0;8;5;Baja;2;2.0;0;2
36;No;Travel_Rarely;Research & Development;9;Master;Medical;1;2491;Alta;F;Muy_Alta;2;Research Scientist;Muy_Alta;Divorced;5150;4;Y;Yes;12;Alta;Baja;80;2;15;2;Alta;6;4.0;7;7
38;Yes;Travel_Rarely;Sales;16;Primaria;Medical;1;2492;Baja;M;Baja;2;Sales Executive;Baja;Divorced;5674;6;Y;Yes;14;Alta;Muy_Alta;80;2;7;2;Alta;3;3.0;2;1
32;Yes;Travel_Frequently;Sales;1;Universitaria;Life Sciences;1;2493;Muy_Alta;M;Alta;1;Sales Representative;Alta;Single;3119;0;Y;Yes;11;Alta;Baja;80;0;1;2;Alta;3;2.0;2;3
22;Yes;Travel_Frequently;Research & Development;4;Secundaria;Life Sciences;1;2494;Alta;F;Media;1;Research Scientist;Media;Married;5847;0;Y;Yes;11;Alta;Media;80;1;0;5;Media;0;0.0;0;0
50;No;Travel_Rarely;Research & Development;3;Universitaria;Life Sciences;1;2495;Baja;M;Alta;5;Research Director;Alta;Divorced;19570;3;Y;No;13;Alta;Baja;80;2;29;4;Media;11;3.0;1;6
41;No;Travel_Frequently;Sales;1;Universitaria;Marketing;1;2496;Baja;M;Alta;2;Sales Executive;Alta;Married;5133;7;Y;No;13;Alta;Alta;80;1;10;4;Alta;0;0.0;0;0
54;No;Travel_Rarely;Research & Development;29;Secundaria;Life Sciences;1;2497;Media;F;Media;4;Manager;Media;Married;18861;0;Y;No;15;Alta;Media;80;1;31;2;Alta;27;3.0;15;7
37;Yes;Travel_Rarely;Research & Development;27;Secundaria;Life Sciences;1;2498;Media;F;Media;2;Manufacturing Director;Media;Married;6026;3;Y;Yes;14;Alta;Baja;80;0;8;1;Media;0;0.0;0;1
46;No;Travel_Rarely;Research & Development;1;Universitaria;Technical Degree;1;2499;Baja;M;Alta;3;Healthcare Representative;Alta;Divorced;8736;2;Y;No;12;Alta;Baja;80;3;12;4;Alta;10;1.0;8;7
23;No;Travel_Rarely;Research & Development;22;Universitaria;Medical;1;2500;Muy_Alta;M;Alta;1;Laboratory Technician;Alta;Single;4650;8;Y;No;22;Muy_Alta;Muy_Alta;80;0;6;2;Baja;3;2.0;2;2
55;No;Travel_Rarely;Sales;2;Universitaria;Medical;1;2501;Muy_Alta;M;Alta;2;Sales Executive;Alta;Single;8638;7;Y;No;20;Muy_Alta;Muy_Alta;80;0;17;2;Media;14;2.0;8;9
27;No;Travel_Rarely;Research & Development;1;Universitaria;Life Sciences;1;2502;Muy_Alta;M;Alta;1;Research Scientist;Alta;Single;2330;0;Y;No;12;Alta;Muy_Alta;80;0;4;1;Alta;4;4.0;1;2
49;Yes;Travel_Frequently;Sales;8;Universitaria;Technical Degree;1;2503;Media;M;Alta;2;Sales Executive;Alta;Married;7248;4;Y;Yes;15;Alta;Baja;80;1;20;4;Alta;4;3.0;2;4
53;No;Travel_Rarely;Human Resources;7;Universitaria;Life Sciences;1;2504;Muy_Alta;M;Alta;5;Manager;Alta;Single;19999;6;Y;No;15;Alta;Baja;80;0;38;4;Media;6;2.0;7;7
21;No;Travel_Rarely;Research & Development;10;Primaria;Life Sciences;1;2505;Media;M;Baja;1;Laboratory Technician;Baja;Married;4351;1;Y;No;17;Alta;Baja;80;1;4;3;Alta;5;3.0;1;1
47;No;Travel_Rarely;Research & Development;28;Universitaria;Technical Degree;1;2506;Media;M;Alta;3;Manufacturing Director;Alta;Married;9324;4;Y;Yes;19;Alta;Muy_Alta;80;2;13;4;Alta;3;3.0;2;3
50;No;Travel_Rarely;Research & Development;12;Secundaria;Technical Degree;1;2507;Muy_Alta;F;Media;3;Healthcare Representative;Media;Single;10292;6;Y;No;16;Alta;Muy_Alta;80;0;21;2;Media;4;2.0;1;3
32;Yes;Travel_Rarely;Research & Development;9;Universitaria;Medical;1;2508;Baja;M;Alta;1;Laboratory Technician;Alta;Single;4875;8;Y;No;23;Muy_Alta;Baja;80;0;11;2;Alta;6;2.0;0;4
37;No;Travel_Rarely;Research & Development;10;Universitaria;Technical Degree;1;2509;Muy_Alta;M;Alta;3;Healthcare Representative;Alta;Married;8702;4;Y;No;11;Alta;Baja;80;0;9;0;Alta;8;2.0;1;7
41;No;Travel_Rarely;Research & Development;9;Universitaria;Life Sciences;1;2510;Alta;M;Alta;1;Laboratory Technician;Alta;Married;1144;1;Y;No;22;Muy_Alta;Muy_Alta;80;1;8;2;Alta;3;3.0;1;2
26;No;Travel_Rarely;Sales;11;Secundaria;Marketing;1;2511;Muy_Alta;F;Media;2;Sales Executive;Media;Divorced;9256;3;Y;Yes;12;Alta;Baja;80;2;4;2;Media;7;4.0;1;6
30;No;Travel_Rarely;Research & Development;2;Universitaria;Medical;1;2512;Muy_Alta;M;Alta;3;Manufacturing Director;Alta;Divorced;9157;0;Y;No;18;Alta;Media;80;3;9;3;Alta;9;3.0;2;7
35;No;Travel_Rarely;Research & Development;10;Universitaria;Medical;1;2513;Baja;M;Alta;2;Healthcare Representative;Alta;Single;6145;3;Y;Yes;16;Alta;Alta;80;0;8;4;Muy_Alta;7;3.0;0;4
19;No;Travel_Rarely;Research & Development;2;Universitaria;Medical;1;2514;Media;M;Alta;1;Laboratory Technician;Alta;Single;1016;0;Y;No;15;Alta;Muy_Alta;80;0;1;3;Alta;0;0.0;0;1
27;No;Travel_Rarely;Research & Development;17;Universitaria;Medical;1;2515;Media;M;Alta;3;Manager;Alta;Married;12730;1;Y;Yes;21;Muy_Alta;Muy_Alta;80;2;7;2;Alta;9;3.0;0;7
48;No;Travel_Rarely;Sales;2;Secundaria;Life Sciences;1;2516;Muy_Alta;F;Media;1;Sales Representative;Media;Single;2372;2;Y;Yes;17;Alta;Baja;80;0;3;3;Media;1;1.0;1;2
37;No;Travel_Rarely;Sales;3;Secundaria;Medical;1;2517;Baja;M;Media;3;Sales Executive;Media;Married;8449;0;Y;No;19;Alta;Alta;80;2;12;2;Media;9;3.0;3;4
37;No;Travel_Rarely;Sales;6;Universitaria;Marketing;1;2518;Baja;M;Alta;2;Sales Executive;Alta;Single;8012;2;Y;Yes;17;Alta;Muy_Alta;80;0;16;3;Baja;6;3.0;0;0
25;No;Travel_Frequently;Sales;23;Universitaria;Life Sciences;1;2519;Muy_Alta;M;Alta;2;Sales Executive;Alta;Single;10588;1;Y;No;13;Alta;Muy_Alta;80;0;9;2;Alta;6;2.0;0;7
33;No;Travel_Rarely;Research & Development;3;Universitaria;Medical;1;2520;Alta;M;Alta;1;Laboratory Technician;Alta;Married;1284;1;Y;No;12;Alta;Alta;80;1;9;4;Muy_Alta;8;3.0;0;8
59;No;Travel_Rarely;Sales;16;Universitaria;Life Sciences;1;2521;Baja;M;Alta;4;Manager;Alta;Single;14761;3;Y;No;22;Muy_Alta;Muy_Alta;80;0;35;2;Alta;11;2.0;8;7
23;Yes;Travel_Rarely;Research & Development;1;Universitaria;Medical;1;2522;Media;M;Alta;1;Research Scientist;Alta;Married;3251;2;Y;Yes;15;Alta;Baja;80;1;6;2;Alta;1;1.0;2;1
27;No;Travel_Frequently;Research & Development;15;Secundaria;Life Sciences;1;2523;Muy_Alta;F;Media;2;Research Scientist;Media;Married;6003;0;Y;No;19;Alta;Muy_Alta;80;1;8;2;Media;8;3.0;8;2
48;No;Travel_Rarely;Research & Development;5;Secundaria;Life Sciences;1;2524;Alta;F;Media;4;Healthcare Representative;Media;Married;14909;2;Y;Yes;19;Alta;Media;80;1;28;3;Media;16;4.0;3;12
55;No;Travel_Rarely;Research & Development;3;Universitaria;Life Sciences;1;2525;Alta;M;Alta;4;Manager;Alta;Single;17352;2;Y;Yes;12;Alta;Alta;80;0;30;2;Media;7;3.0;1;3
26;No;Non-Travel;Research & Development;2;Secundaria;Medical;1;2526;Alta;F;Media;1;Research Scientist;Media;Divorced;1009;2;Y;Yes;15;Alta;Muy_Alta;80;1;0;2;Alta;3;2.0;1;0
36;No;Travel_Rarely;Sales;5;Universitaria;Life Sciences;1;2527;Baja;M;Alta;3;Sales Executive;Alta;Divorced;10010;0;Y;No;12;Alta;Alta;80;2;18;6;Alta;13;3.0;5;14
48;No;Travel_Rarely;Research & Development;2;Secundaria;Medical;1;2528;Baja;F;Media;5;Manager;Media;Married;18941;2;Y;No;13;Alta;Alta;80;1;21;2;Muy_Alta;2;2.0;0;0
54;No;Travel_Rarely;Research & Development;1;Master;Life Sciences;1;2529;Media;M;Muy_Alta;2;Research Scientist;Muy_Alta;Married;6514;0;Y;No;24;Muy_Alta;Baja;80;1;11;2;Media;11;3.0;2;9
37;No;Travel_Frequently;Sales;19;Universitaria;Life Sciences;1;2530;Alta;M;Alta;2;Sales Executive;Alta;Divorced;5531;2;Y;No;18;Alta;Muy_Alta;80;1;7;6;Alta;4;3.0;2;3
22;No;Travel_Rarely;Research & Development;12;Master;Medical;1;2531;Baja;F;Muy_Alta;1;Research Scientist;Muy_Alta;Single;3701;1;Y;No;18;Alta;Muy_Alta;80;0;1;3;Muy_Alta;1;1.0;1;2
26;No;Travel_Rarely;Sales;4;Secundaria;Marketing;1;2532;Alta;F;Media;2;Sales Executive;Media;Married;4228;1;Y;No;12;Alta;Baja;80;0;5;1;Media;5;3.0;1;3
48;No;Travel_Rarely;Research & Development;18;Universitaria;Medical;1;2533;Muy_Alta;M;Alta;1;Research Scientist;Alta;Married;1759;5;Y;No;17;Alta;Baja;80;2;15;2;Media;2;2.0;0;0
28;No;Travel_Rarely;Research & Development;16;Master;Medical;1;2534;Media;F;Muy_Alta;2;Healthcare Representative;Muy_Alta;Single;6610;0;Y;No;19;Alta;Alta;80;0;7;2;Alta;7;3.0;0;7
42;No;Travel_Rarely;Research & Development;14;Universitaria;Life Sciences;1;2535;Media;M;Alta;4;Research Director;Alta;Married;17563;7;Y;No;24;Muy_Alta;Alta;80;1;23;2;Muy_Alta;5;3.0;3;0
39;No;Travel_Rarely;Sales;6;Universitaria;Life Sciences;1;2536;Media;M;Alta;2;Sales Executive;Alta;Single;4831;8;Y;Yes;14;Alta;Alta;80;0;17;1;Muy_Alta;0;0.0;1;0
56;No;Travel_Rarely;Research & Development;26;Master;Life Sciences;1;2537;Alta;F;Muy_Alta;3;Healthcare Representative;Muy_Alta;Divorced;8912;2;Y;Yes;15;Alta;Media;80;1;12;2;Media;4;3.0;2;3
34;No;Travel_Rarely;Research & Development;4;Universitaria;Life Sciences;1;2538;Muy_Alta;M;Alta;1;Research Scientist;Alta;Married;1009;4;Y;No;14;Alta;Media;80;1;7;3;Alta;2;2.0;2;3
45;Yes;Travel_Frequently;Sales;25;Universitaria;Life Sciences;1;2539;Baja;F;Alta;2;Sales Executive;Alta;Married;5206;1;Y;No;14;Alta;Muy_Alta;80;2;4;4;Alta;4;3.0;0;0
24;No;Travel_Frequently;Human Resources;12;Universitaria;Medical;1;2540;Baja;M;Alta;1;Human Resources;Alta;Married;1911;0;Y;No;13;Alta;Muy_Alta;80;1;4;2;Baja;4;3.0;2;1
44;No;Non-Travel;Sales;1;Universitaria;Life Sciences;1;2541;Alta;M;Alta;2;Sales Executive;Alta;Married;5488;4;Y;No;22;Muy_Alta;Media;80;2;11;3;Media;11;3.0;5;8
34;Yes;Travel_Rarely;Research & Development;16;Universitaria;Medical;1;2542;Media;M;Alta;3;Manager;Alta;Married;12818;8;Y;Yes;13;Alta;Muy_Alta;80;0;15;2;Media;7;3.0;8;6
28;No;Travel_Rarely;Research & Development;5;Universitaria;Life Sciences;1;2543;Baja;M;Alta;2;Manufacturing Director;Alta;Married;4346;0;Y;No;18;Alta;Media;80;1;5;2;Alta;3;2.0;2;1
43;No;Travel_Rarely;Research & Development;7;Universitaria;Other;1;2544;Muy_Alta;M;Alta;3;Research Director;Alta;Married;14644;3;Y;Yes;14;Alta;Media;80;0;17;3;Alta;0;0.0;0;1
42;No;Travel_Rarely;Research & Development;2;Universitaria;Medical;1;2545;Muy_Alta;M;Alta;5;Manager;Alta;Married;19713;2;Y;No;13;Alta;Media;80;1;19;2;Alta;21;3.0;9;9
54;No;Travel_Rarely;Research & Development;5;Universitaria;Life Sciences;1;2546;Alta;M;Alta;4;Manager;Alta;Single;15715;2;Y;Yes;12;Alta;Alta;80;0;32;2;Alta;7;3.0;1;2
37;No;Travel_Rarely;Research & Development;18;Universitaria;Life Sciences;1;2547;Muy_Alta;M;Alta;2;Research Scientist;Alta;Divorced;6809;6;Y;Yes;16;Alta;Alta;80;1;9;3;Muy_Alta;4;3.0;1;3
40;No;Travel_Rarely;Research & Development;4;Universitaria;Medical;1;2548;Muy_Alta;M;Alta;1;Research Scientist;Alta;Married;4394;6;Y;Yes;13;Alta;Media;80;1;6;0;Muy_Alta;3;3.0;1;1
52;Yes;Travel_Rarely;Sales;12;Universitaria;Marketing;1;2549;Alta;M;Alta;3;Sales Executive;Alta;Married;7351;1;Y;No;18;Alta;Baja;80;2;9;3;Alta;9;3.0;8;8
38;Yes;Non-Travel;Research & Development;3;Secundaria;Life Sciences;1;2550;Baja;F;Media;1;Laboratory Technician;Media;Single;2482;2;Y;Yes;23;Muy_Alta;Media;80;0;13;2;Muy_Alta;1;1.0;0;0
36;No;Travel_Rarely;Sales;1;Universitaria;Life Sciences;1;2551;Alta;M;Alta;1;Sales Representative;Alta;Single;2411;3;Y;Yes;21;Muy_Alta;Muy_Alta;80;0;10;3;Alta;2;2.0;1;2
34;Yes;Travel_Rarely;Research & Development;25;Secundaria;Life Sciences;1;2552;Media;F;Media;2;Manufacturing Director;Media;Married;4885;3;Y;Yes;13;Alta;Baja;80;0;8;1;Media;2;1.0;1;2
35;No;Travel_Rarely;Research & Development;11;Universitaria;Medical;1;2553;Baja;M;Alta;3;Manufacturing Director;Alta;Single;10584;9;Y;No;14;Alta;Media;80;0;10;3;Alta;6;4.0;0;2
39;No;Non-Travel;Human Resources;1;Master;Medical;1;2554;Muy_Alta;F;Muy_Alta;2;Human Resources;Muy_Alta;Married;6662;7;Y;No;17;Alta;Baja;80;1;12;3;Media;4;3.0;1;4
45;No;Travel_Rarely;Research & Development;3;Secundaria;Medical;1;2555;Alta;F;Media;2;Laboratory Technician;Media;Married;5874;5;Y;No;24;Muy_Alta;Baja;80;1;8;3;Alta;3;2.0;1;1
39;No;Travel_Rarely;Sales;5;Universitaria;Life Sciences;1;2556;Baja;M;Alta;3;Sales Executive;Alta;Divorced;10572;0;Y;No;13;Alta;Alta;80;2;16;6;Alta;15;3.0;5;13
60;No;Non-Travel;Human Resources;2;Secundaria;Human Resources;1;2557;Alta;F;Media;5;Manager;Media;Married;18688;9;Y;No;20;Muy_Alta;Muy_Alta;80;1;29;3;Media;4;3.0;3;1
22;No;Non-Travel;Research & Development;10;Master;Other;1;2558;Baja;F;Muy_Alta;2;Manufacturing Director;Muy_Alta;Divorced;5412;0;Y;No;18;Alta;Muy_Alta;80;1;6;5;Alta;2;2.0;1;2
32;No;Travel_Rarely;Research & Development;23;Secundaria;Medical;1;2559;Media;F;Media;2;Healthcare Representative;Media;Married;6377;0;Y;No;21;Muy_Alta;Media;80;1;11;2;Alta;10;2.0;8;8
37;No;Travel_Rarely;Research & Development;11;Universitaria;Medical;1;2560;Baja;M;Alta;1;Laboratory Technician;Alta;Single;4821;4;Y;No;18;Alta;Baja;80;0;8;6;Media;1;1.0;0;2
50;No;Travel_Rarely;Sales;1;Universitaria;Life Sciences;1;2561;Baja;M;Alta;3;Sales Executive;Alta;Married;10299;4;Y;No;14;Alta;Muy_Alta;80;1;24;4;Muy_Alta;0;0.0;1;0
43;No;Travel_Rarely;Human Resources;4;Master;Human Resources;1;2562;Alta;F;Muy_Alta;2;Human Resources;Muy_Alta;Married;6281;9;Y;No;15;Alta;Alta;80;1;11;3;Alta;8;3.0;3;5
43;No;Travel_Rarely;Research & Development;10;Universitaria;Other;1;2563;Muy_Alta;M;Alta;2;Healthcare Representative;Alta;Married;7126;2;Y;Yes;13;Alta;Muy_Alta;80;0;7;5;Alta;4;3.0;1;3
37;No;Travel_Frequently;Sales;3;Universitaria;Medical;1;2564;Media;M;Alta;2;Sales Executive;Alta;Married;3539;4;Y;No;12;Alta;Muy_Alta;80;3;4;2;Alta;1;1.0;0;1
24;No;Travel_Rarely;Research & Development;9;Master;Life Sciences;1;2565;Alta;F;Muy_Alta;1;Research Scientist;Muy_Alta;Married;2202;6;Y;No;19;Alta;Baja;80;2;4;2;Media;2;2.0;0;0
47;No;Travel_Rarely;Research & Development;1;Secundaria;Life Sciences;1;2566;Muy_Alta;F;Media;4;Manager;Media;Married;15918;8;Y;No;11;Alta;Baja;80;1;19;3;Alta;3;3.0;0;3
28;No;Travel_Rarely;Sales;10;Universitaria;Life Sciences;1;2567;Alta;M;Alta;2;Sales Executive;Alta;Single;3790;0;Y;No;14;Alta;Media;80;0;5;4;Alta;4;3.0;2;0
30;No;Travel_Frequently;Research & Development;27;Universitaria;Life Sciences;1;2568;Baja;M;Alta;2;Laboratory Technician;Alta;Married;5308;1;Y;No;15;Alta;Muy_Alta;80;2;12;2;Alta;10;3.0;4;6
26;No;Travel_Rarely;Research & Development;28;Primaria;Life Sciences;1;2569;Alta;F;Baja;2;Manufacturing Director;Baja;Married;4749;1;Y;No;15;Alta;Media;80;2;7;2;Baja;9;3.0;0;8
44;Yes;Non-Travel;Research & Development;2;Secundaria;Life Sciences;1;2570;Baja;F;Media;1;Research Scientist;Media;Divorced;2012;6;Y;No;16;Alta;Baja;80;1;6;2;Muy_Alta;2;2.0;0;0
48;No;Travel_Rarely;Research & Development;1;Universitaria;Technical Degree;1;2571;Baja;M;Alta;3;Healthcare Representative;Alta;Divorced;7935;1;Y;No;12;Alta;Baja;80;3;10;4;Media;11;3.0;7;6
35;No;Travel_Rarely;Sales;13;Universitaria;Technical Degree;1;2572;Alta;M;Alta;1;Sales Representative;Alta;Divorced;4213;2;Y;Yes;19;Alta;Muy_Alta;80;2;8;3;Alta;8;4.0;0;7
40;No;Travel_Rarely;Human Resources;6;Universitaria;Other;1;2573;Alta;M;Alta;2;Human Resources;Alta;Divorced;6021;2;Y;No;13;Alta;Alta;80;0;21;4;Alta;10;3.0;3;8
36;No;Travel_Frequently;Research & Development;1;Universitaria;Medical;1;2574;Muy_Alta;M;Alta;1;Laboratory Technician;Alta;Single;1743;3;Y;No;11;Alta;Alta;80;0;11;3;Alta;9;3.0;7;2
40;No;Travel_Frequently;Research & Development;12;Universitaria;Medical;1;2575;Media;F;Alta;3;Research Director;Alta;Single;13861;8;Y;No;18;Alta;Alta;80;0;22;3;Alta;19;3.0;2;13
29;No;Travel_Frequently;Research & Development;1;Secundaria;Life Sciences;1;2576;Muy_Alta;F;Media;1;Laboratory Technician;Media;Married;3432;1;Y;Yes;11;Alta;Media;80;1;2;2;Alta;2;2.0;2;2
48;No;Travel_Rarely;Research & Development;6;Universitaria;Medical;1;2577;Media;M;Alta;5;Research Director;Alta;Married;19494;3;Y;Yes;11;Alta;Muy_Alta;80;1;28;2;Muy_Alta;8;3.0;7;8
36;No;Travel_Frequently;Research & Development;4;Universitaria;Medical;1;2578;Muy_Alta;M;Alta;1;Laboratory Technician;Alta;Single;3390;4;Y;No;13;Alta;Alta;80;0;14;3;Alta;8;3.0;7;2
33;No;Travel_Frequently;Research & Development;24;Universitaria;Medical;1;2579;Muy_Alta;M;Alta;3;Manufacturing Director;Alta;Single;12657;1;Y;Yes;12;Alta;Alta;80;0;21;2;Media;23;2.0;3;8
26;No;Travel_Frequently;Research & Development;5;Secundaria;Life Sciences;1;2580;Muy_Alta;F;Media;1;Laboratory Technician;Media;Married;3595;1;Y;Yes;12;Alta;Media;80;1;0;2;Alta;2;2.0;3;2
24;Yes;Travel_Frequently;Sales;8;Universitaria;Marketing;1;2581;Muy_Alta;M;Alta;1;Sales Representative;Alta;Married;1791;1;Y;No;18;Alta;Baja;80;1;2;3;Alta;1;1.0;1;0
29;Yes;Travel_Rarely;Sales;29;Universitaria;Marketing;1;2582;Media;M;Alta;3;Sales Executive;Alta;Married;7286;0;Y;No;23;Muy_Alta;Muy_Alta;80;3;9;3;Alta;9;2.0;0;8
31;No;Travel_Rarely;Research & Development;12;Secundaria;Other;1;2583;Muy_Alta;F;Media;2;Laboratory Technician;Media;Married;3237;4;Y;Yes;12;Alta;Baja;80;1;10;3;Media;5;3.0;0;3
37;Yes;Non-Travel;Sales;23;Master;Life Sciences;1;2584;Media;F;Muy_Alta;4;Sales Executive;Muy_Alta;Single;12801;4;Y;Yes;15;Alta;Muy_Alta;80;0;20;2;Alta;2;2.0;0;0
51;No;Travel_Rarely;Sales;20;Universitaria;Marketing;1;2585;Alta;M;Alta;2;Sales Executive;Alta;Single;4121;0;Y;Yes;22;Muy_Alta;Muy_Alta;80;0;13;2;Alta;9;3.0;1;0
38;No;Travel_Frequently;Sales;1;Universitaria;Medical;1;2586;Media;M;Alta;2;Sales Executive;Alta;Married;4666;5;Y;No;13;Alta;Muy_Alta;80;3;6;2;Alta;1;1.0;1;1
33;No;Travel_Frequently;Sales;5;Universitaria;Life Sciences;1;2587;Media;M;Alta;2;Sales Executive;Alta;Married;6206;1;Y;No;13;Alta;Muy_Alta;80;1;6;3;Alta;10;3.0;5;4
34;Yes;Travel_Rarely;Research & Development;12;Primaria;Medical;1;2588;Baja;M;Baja;1;Laboratory Technician;Baja;Divorced;5666;8;Y;No;13;Alta;Baja;80;3;6;2;Baja;6;4.0;0;3
35;No;Travel_Rarely;Sales;2;Universitaria;Life Sciences;1;2589;Baja;M;Alta;2;Sales Executive;Alta;Married;4949;1;Y;No;11;Alta;Baja;80;2;11;2;Alta;11;4.0;0;1
45;No;Travel_Rarely;Research & Development;7;Universitaria;Medical;1;2590;Muy_Alta;M;Alta;3;Manufacturing Director;Alta;Divorced;11864;6;Y;No;12;Alta;Media;80;1;14;3;Alta;7;3.0;0;7
32;No;Travel_Rarely;Research & Development;8;Universitaria;Life Sciences;1;2591;Muy_Alta;F;Alta;1;Research Scientist;Alta;Married;2042;3;Y;Yes;18;Alta;Media;80;1;7;2;Media;6;3.0;0;3
31;Yes;Travel_Frequently;Research & Development;20;Universitaria;Life Sciences;1;2592;Baja;M;Alta;3;Healthcare Representative;Alta;Married;9259;3;Y;No;12;Alta;Baja;80;0;14;2;Alta;1;1.0;0;0
34;No;Travel_Frequently;Human Resources;10;Secundaria;Life Sciences;1;2593;Alta;F;Media;2;Human Resources;Media;Married;3348;4;Y;No;11;Alta;Muy_Alta;80;2;12;5;Media;11;2.0;0;9
28;No;Travel_Frequently;Research & Development;3;Universitaria;Medical;1;2594;Muy_Alta;M;Alta;1;Research Scientist;Alta;Single;3519;2;Y;No;14;Alta;Alta;80;0;9;0;Alta;2;2.0;3;2
40;No;Travel_Rarely;Research & Development;21;Master;Life Sciences;1;2595;Media;F;Muy_Alta;1;Research Scientist;Muy_Alta;Married;2916;1;Y;Yes;12;Alta;Baja;80;1;9;3;Muy_Alta;5;3.0;1;7
47;No;Travel_Rarely;Research & Development;1;Secundaria;Other;1;2596;Muy_Alta;F;Media;2;Manufacturing Director;Media;Divorced;6882;0;Y;No;19;Alta;Baja;80;2;9;3;Media;11;4.0;4;9
45;No;Travel_Rarely;Sales;2;Universitaria;Medical;1;2597;Muy_Alta;M;Alta;2;Sales Executive;Alta;Married;7249;1;Y;Yes;17;Alta;Baja;80;1;7;3;Alta;9;3.0;8;9
33;No;Travel_Frequently;Sales;7;Universitaria;Medical;1;2598;Muy_Alta;F;Alta;2;Sales Executive;Alta;Married;5540;0;Y;No;14;Alta;Baja;80;2;5;2;Alta;5;3.0;0;3
27;No;Travel_Rarely;Sales;15;Universitaria;Medical;1;2599;Media;M;Alta;1;Sales Representative;Alta;Married;1009;1;Y;No;11;Alta;Alta;80;0;6;1;Alta;8;4.0;0;5
29;No;Travel_Rarely;Research & Development;10;Master;Life Sciences;1;2600;Alta;F;Muy_Alta;1;Research Scientist;Muy_Alta;Married;1696;6;Y;No;18;Alta;Baja;80;2;5;2;Alta;0;0.0;0;2
54;No;Travel_Rarely;Sales;23;Universitaria;Life Sciences;1;2601;Baja;M;Alta;4;Manager;Alta;Single;15536;3;Y;No;22;Muy_Alta;Muy_Alta;80;0;37;2;Muy_Alta;12;2.0;7;8
35;No;Travel_Frequently;Research & Development;12;Universitaria;Medical;1;2602;Muy_Alta;M;Alta;1;Research Scientist;Alta;Divorced;5512;1;Y;Yes;17;Alta;Muy_Alta;80;1;5;4;Alta;5;3.0;2;0
30;Yes;Travel_Frequently;Research & Development;6;Universitaria;Medical;1;2603;Media;M;Alta;1;Laboratory Technician;Alta;Single;2579;0;Y;No;18;Alta;Baja;80;0;4;3;Baja;2;2.0;2;3
30;Yes;Travel_Rarely;Research & Development;23;Universitaria;Life Sciences;1;2604;Baja;M;Alta;1;Research Scientist;Alta;Married;1953;4;Y;Yes;11;Alta;Media;80;0;7;2;Muy_Alta;4;3.0;0;0
35;No;Travel_Frequently;Sales;23;Universitaria;Medical;1;2605;Alta;M;Alta;1;Sales Representative;Alta;Married;2315;6;Y;No;15;Alta;Media;80;1;8;3;Muy_Alta;6;3.0;0;0
37;No;Travel_Rarely;Research & Development;1;Universitaria;Medical;1;2606;Muy_Alta;M;Alta;1;Research Scientist;Alta;Married;3777;6;Y;Yes;13;Alta;Media;80;1;4;0;Alta;0;0.0;0;0
38;No;Travel_Frequently;Human Resources;1;Universitaria;Other;1;2607;Muy_Alta;M;Alta;1;Human Resources;Alta;Married;2929;0;Y;Yes;11;Alta;Media;80;1;7;2;Alta;7;4.0;0;3
49;No;Travel_Rarely;Sales;1;Master;Life Sciences;1;2608;Media;F;Muy_Alta;4;Manager;Muy_Alta;Divorced;16331;7;Y;No;15;Alta;Alta;80;3;32;2;Media;4;3.0;0;2
18;Yes;Travel_Rarely;Research & Development;12;Secundaria;Medical;1;2609;Muy_Alta;M;Media;1;Research Scientist;Media;Single;3002;1;Y;Yes;15;Alta;Baja;80;0;0;2;Media;1;1.0;0;0
55;No;Travel_Rarely;Research & Development;1;Universitaria;Life Sciences;1;2610;Muy_Alta;M;Alta;4;Manager;Alta;Married;18213;3;Y;No;15;Alta;Media;80;1;27;2;Alta;10;2.0;8;8
56;No;Travel_Rarely;Research & Development;1;Universitaria;Life Sciences;1;2611;Alta;M;Alta;4;Manager;Alta;Single;15702;2;Y;Yes;15;Alta;Alta;80;0;29;2;Media;4;4.0;1;3
24;No;Travel_Rarely;Research & Development;3;Universitaria;Medical;1;2612;Baja;M;Alta;1;Laboratory Technician;Alta;Married;4918;9;Y;No;13;Alta;Muy_Alta;80;1;5;3;Alta;2;2.0;1;2
41;No;Travel_Rarely;Human Resources;10;Secundaria;Human Resources;1;2613;Media;F;Media;5;Manager;Media;Divorced;18577;3;Y;No;15;Alta;Media;80;3;22;2;Alta;19;3.0;12;6
36;No;Travel_Rarely;Research & Development;28;Universitaria;Life Sciences;1;2614;Media;M;Alta;2;Laboratory Technician;Alta;Married;4752;1;Y;Yes;11;Alta;Media;80;1;14;3;Alta;12;3.0;4;8
30;No;Travel_Frequently;Research & Development;3;Universitaria;Medical;1;2615;Muy_Alta;M;Alta;1;Laboratory Technician;Alta;Single;1728;0;Y;Yes;12;Alta;Alta;80;0;9;2;Muy_Alta;6;4.0;0;3
25;No;Travel_Rarely;Sales;21;Secundaria;Marketing;1;2616;Alta;F;Media;2;Sales Executive;Media;Married;4785;7;Y;Yes;19;Alta;Alta;80;1;2;2;Alta;2;2.0;0;0
40;No;Travel_Frequently;Research & Development;8;Universitaria;Technical Degree;1;2617;Muy_Alta;M;Alta;2;Laboratory Technician;Alta;Married;6512;0;Y;No;11;Alta;Baja;80;1;8;2;Alta;9;3.0;9;4
28;No;Travel_Rarely;Research & Development;21;Universitaria;Medical;1;2618;Alta;M;Alta;1;Research Scientist;Alta;Married;3149;2;Y;No;11;Alta;Alta;80;1;6;2;Baja;4;1.0;0;1
29;No;Travel_Rarely;Research & Development;12;Universitaria;Medical;1;2619;Alta;F;Alta;1;Research Scientist;Alta;Married;3182;8;Y;Yes;23;Muy_Alta;Alta;80;1;7;0;Muy_Alta;4;2.0;0;2
36;No;Travel_Frequently;Research & Development;3;Universitaria;Life Sciences;1;2620;Muy_Alta;M;Alta;2;Manufacturing Director;Alta;Divorced;3867;7;Y;No;13;Alta;Media;80;3;17;3;Alta;4;3.0;1;1
42;No;Travel_Frequently;Sales;21;Universitaria;Medical;1;2621;Alta;M;Alta;1;Sales Representative;Alta;Married;2424;4;Y;No;15;Alta;Media;80;1;9;3;Alta;6;3.0;0;0
50;No;Travel_Rarely;Sales;24;Universitaria;Marketing;1;2622;Baja;M;Alta;4;Manager;Alta;Married;16166;2;Y;No;14;Alta;Alta;80;1;27;2;Alta;20;3.0;4;17
46;No;Travel_Rarely;Human Resources;3;Secundaria;Life Sciences;1;2623;Baja;F;Media;2;Human Resources;Media;Single;5062;3;Y;No;12;Alta;Media;80;0;9;1;Baja;1;1.0;0;2
46;No;Travel_Rarely;Research & Development;15;Universitaria;Life Sciences;1;2624;Alta;M;Alta;2;Healthcare Representative;Alta;Single;6737;7;Y;No;14;Alta;Muy_Alta;80;0;17;3;Alta;8;3.0;0;9
36;No;Travel_Rarely;Research & Development;1;Universitaria;Life Sciences;1;2625;Media;M;Alta;2;Manufacturing Director;Alta;Married;6777;6;Y;No;13;Alta;Media;80;1;8;2;Alta;6;3.0;5;3
30;No;Travel_Rarely;Research & Development;27;Secundaria;Medical;1;2626;Muy_Alta;F;Media;1;Research Scientist;Media;Single;4938;1;Y;No;13;Alta;Media;80;0;1;3;Alta;6;3.0;0;4
39;No;Travel_Rarely;Research & Development;3;Universitaria;Medical;1;2627;Alta;M;Alta;1;Research Scientist;Alta;Married;2907;2;Y;No;14;Alta;Media;80;3;20;2;Media;3;3.0;0;3
31;No;Travel_Rarely;Sales;4;Universitaria;Technical Degree;1;2628;Baja;M;Alta;2;Sales Executive;Alta;Married;9228;0;Y;No;19;Alta;Alta;80;1;6;3;Alta;3;2.0;0;1
29;No;Travel_Rarely;Sales;7;Master;Technical Degree;1;2629;Media;F;Muy_Alta;2;Sales Executive;Muy_Alta;Married;7833;4;Y;No;12;Alta;Media;80;1;11;3;Alta;5;4.0;7;7
38;No;Travel_Rarely;Research & Development;12;Universitaria;Medical;1;2630;Media;M;Alta;2;Manufacturing Director;Alta;Married;5773;2;Y;No;14;Alta;Muy_Alta;80;3;9;3;Alta;9;3.0;7;7
34;Yes;Travel_Rarely;Sales;14;Universitaria;Life Sciences;1;2631;Baja;M;Alta;3;Sales Executive;Alta;Single;7646;2;Y;Yes;20;Muy_Alta;Alta;80;0;9;2;Alta;0;0.0;0;1
44;No;Travel_Frequently;Research & Development;2;Universitaria;Life Sciences;1;2632;Muy_Alta;M;Alta;2;Healthcare Representative;Alta;Married;6193;4;Y;No;13;Alta;Media;80;1;14;2;Alta;5;3.0;2;2
24;No;Travel_Frequently;Research & Development;1;Master;Life Sciences;1;2633;Muy_Alta;F;Muy_Alta;2;Manufacturing Director;Muy_Alta;Divorced;5457;2;Y;No;17;Alta;Alta;80;2;8;6;Alta;8;2.0;0;7
30;No;Travel_Rarely;Research & Development;8;Secundaria;Technical Degree;1;2634;Baja;F;Media;2;Laboratory Technician;Media;Married;5649;0;Y;No;12;Alta;Baja;80;1;12;6;Media;10;2.0;5;6
42;Yes;Travel_Frequently;Research & Development;3;Universitaria;Medical;1;2635;Alta;M;Alta;1;Research Scientist;Alta;Divorced;1946;1;Y;Yes;11;Alta;Alta;80;3;4;2;Alta;6;3.0;2;2
38;No;Travel_Rarely;Research & Development;1;Master;Life Sciences;1;2636;Media;F;Muy_Alta;2;Healthcare Representative;Muy_Alta;Single;7468;0;Y;No;14;Alta;Alta;80;0;10;4;Muy_Alta;10;2.0;1;7
36;No;Travel_Rarely;Research & Development;2;Secundaria;Life Sciences;1;2637;Muy_Alta;F;Media;1;Laboratory Technician;Media;Married;4587;5;Y;No;17;Alta;Baja;80;1;8;2;Alta;5;2.0;0;1
27;No;Travel_Rarely;Research & Development;4;Secundaria;Life Sciences;1;2638;Baja;F;Media;1;Research Scientist;Media;Married;2842;0;Y;No;18;Alta;Baja;80;0;9;2;Alta;5;2.0;0;4
27;No;Travel_Rarely;Sales;1;Secundaria;Medical;1;2639;Baja;F;Media;2;Sales Executive;Media;Married;7798;1;Y;No;20;Alta;Media;80;2;7;1;Alta;0;0.0;0;0
40;No;Travel_Rarely;Sales;13;Secundaria;Medical;1;2640;Alta;F;Media;2;Sales Executive;Media;Single;6461;7;Y;No;18;Alta;Baja;80;0;9;6;Media;6;2.0;0;3
32;No;Travel_Rarely;Research & Development;4;Universitaria;Medical;1;2641;Muy_Alta;M;Alta;1;Research Scientist;Alta;Married;4741;1;Y;Yes;21;Muy_Alta;Baja;80;1;10;2;Media;10;3.0;5;6
36;No;Travel_Rarely;Research & Development;8;Master;Life Sciences;1;2642;Muy_Alta;F;Muy_Alta;1;Laboratory Technician;Muy_Alta;Married;1566;0;Y;No;19;Alta;Muy_Alta;80;0;1;2;Muy_Alta;1;1.0;0;0
32;Yes;Travel_Frequently;Research & Development;5;Universitaria;Life Sciences;1;2643;Muy_Alta;F;Alta;1;Research Scientist;Alta;Single;5195;1;Y;No;12;Alta;Baja;80;0;7;1;Media;7;2.0;7;7
39;Yes;Non-Travel;Research & Development;4;Secundaria;Life Sciences;1;2644;Baja;F;Media;1;Research Scientist;Media;Divorced;1576;7;Y;No;18;Alta;Baja;80;1;4;2;Muy_Alta;3;3.0;1;0
28;No;Non-Travel;Research & Development;17;Universitaria;Medical;1;2645;Alta;M;Alta;1;Research Scientist;Alta;Single;1841;2;Y;No;14;Alta;Alta;80;0;6;3;Media;5;1.0;1;3
32;No;Travel_Rarely;Research & Development;4;Universitaria;Medical;1;2646;Media;M;Alta;1;Laboratory Technician;Alta;Married;2720;1;Y;No;13;Alta;Baja;80;1;11;4;Media;11;3.0;0;8
42;No;Travel_Rarely;Research & Development;5;Universitaria;Medical;1;2647;Media;M;Alta;5;Research Director;Alta;Divorced;19224;0;Y;Yes;14;Alta;Muy_Alta;80;1;23;4;Alta;22;2.0;1;9
26;No;Travel_Rarely;Research & Development;16;Universitaria;Medical;1;2648;Alta;M;Alta;2;Laboratory Technician;Alta;Divorced;5893;1;Y;No;12;Alta;Muy_Alta;80;1;10;2;Alta;11;2.0;1;8
33;No;Non-Travel;Sales;14;Universitaria;Life Sciences;1;2649;Alta;M;Alta;3;Sales Executive;Alta;Divorced;4352;1;Y;Yes;25;Muy_Alta;Alta;80;1;7;2;Alta;6;2.0;0;4
33;No;Travel_Rarely;Research & Development;1;Secundaria;Medical;1;2650;Alta;F;Media;1;Research Scientist;Media;Single;2922;1;Y;No;11;Alta;Alta;80;0;4;3;Media;5;2.0;2;2
57;No;Travel_Rarely;Sales;1;Universitaria;Life Sciences;1;2651;Baja;M;Alta;3;Sales Executive;Alta;Married;8954;3;Y;No;13;Alta;Muy_Alta;80;1;24;4;Alta;2;2.0;0;0
30;No;Travel_Rarely;Research & Development;2;Master;Life Sciences;1;2652;Muy_Alta;F;Muy_Alta;1;Research Scientist;Muy_Alta;Single;2946;4;Y;No;13;Alta;Alta;80;0;7;0;Baja;1;1.0;2;2
29;No;Travel_Rarely;Research & Development;1;Universitaria;Medical;1;2653;Muy_Alta;M;Alta;1;Laboratory Technician;Alta;Divorced;5814;1;Y;No;11;Alta;Media;80;1;3;2;Media;7;2.0;0;4
45;No;Travel_Rarely;Research & Development;28;Universitaria;Technical Degree;1;2654;Media;M;Alta;3;Manufacturing Director;Alta;Married;10317;4;Y;Yes;18;Alta;Muy_Alta;80;2;11;4;Alta;5;3.0;2;1
56;No;Travel_Rarely;Sales;29;Secundaria;Marketing;1;2655;Baja;F;Media;4;Manager;Media;Divorced;13898;4;Y;No;11;Alta;Alta;80;1;30;3;Media;0;0.0;0;0
56;No;Travel_Frequently;Research & Development;20;Universitaria;Life Sciences;1;2656;Muy_Alta;M;Alta;2;Research Scientist;Alta;Single;4685;3;Y;No;12;Alta;Muy_Alta;80;0;21;4;Alta;5;3.0;0;4
32;Yes;Travel_Rarely;Research & Development;11;Universitaria;Medical;1;2657;Baja;M;Alta;1;Laboratory Technician;Alta;Single;2810;7;Y;No;21;Muy_Alta;Baja;80;0;11;2;Alta;4;4.0;0;4
28;No;Travel_Rarely;Research & Development;4;Universitaria;Medical;1;2658;Media;M;Alta;1;Laboratory Technician;Alta;Married;2928;2;Y;No;13;Alta;Baja;80;1;12;5;Alta;9;3.0;0;8
40;No;Travel_Rarely;Research & Development;1;Secundaria;Medical;1;2659;Muy_Alta;F;Media;1;Laboratory Technician;Media;Divorced;2346;0;Y;Yes;11;Alta;Alta;80;1;9;4;Media;9;2.0;7;10
33;No;Travel_Rarely;Research & Development;3;Master;Medical;1;2660;Baja;M;Muy_Alta;1;Laboratory Technician;Muy_Alta;Divorced;3646;7;Y;No;12;Alta;Media;80;1;1;0;Alta;1;1.0;1;3
33;No;Travel_Rarely;Sales;7;Universitaria;Life Sciences;1;2661;Baja;M;Alta;3;Sales Executive;Alta;Divorced;11118;1;Y;No;19;Alta;Baja;80;1;14;5;Alta;13;3.0;9;8
29;No;Non-Travel;Research & Development;4;Universitaria;Medical;1;2662;Alta;M;Alta;1;Laboratory Technician;Alta;Single;4112;0;Y;No;14;Alta;Alta;80;0;9;2;Alta;11;3.0;6;7
32;No;Travel_Rarely;Research & Development;9;Universitaria;Life Sciences;1;2663;Alta;M;Alta;1;Research Scientist;Alta;Married;4850;0;Y;Yes;14;Alta;Muy_Alta;80;0;3;3;Media;3;3.0;2;2
28;No;Travel_Rarely;Sales;8;Universitaria;Other;1;2664;Baja;M;Alta;2;Sales Executive;Alta;Divorced;4331;0;Y;Yes;22;Muy_Alta;Media;80;1;6;3;Media;4;3.0;0;4
57;No;Travel_Rarely;Research & Development;1;Universitaria;Medical;1;2665;Muy_Alta;M;Alta;2;Healthcare Representative;Alta;Married;6887;2;Y;No;13;Alta;Alta;80;0;14;2;Alta;5;2.0;0;2
53;No;Travel_Rarely;Research & Development;10;Secundaria;Life Sciences;1;2666;Media;F;Media;3;Research Director;Media;Married;12673;4;Y;No;16;Alta;Muy_Alta;80;2;16;5;Media;10;2.0;3;7
48;No;Travel_Rarely;Research & Development;1;Universitaria;Medical;1;2667;Media;M;Alta;5;Research Director;Alta;Married;19791;3;Y;Yes;12;Alta;Muy_Alta;80;1;31;2;Alta;9;3.0;7;6
45;No;Travel_Frequently;Research & Development;9;Universitaria;Medical;1;2668;Muy_Alta;M;Alta;2;Laboratory Technician;Alta;Divorced;6175;3;Y;Yes;13;Alta;Media;80;1;11;3;Muy_Alta;8;3.0;3;7
33;No;Travel_Frequently;Sales;2;Universitaria;Marketing;1;2669;Alta;M;Alta;1;Sales Representative;Alta;Married;1009;6;Y;No;18;Alta;Muy_Alta;80;1;4;3;Alta;5;3.0;1;3
32;No;Travel_Frequently;Research & Development;1;Universitaria;Life Sciences;1;2670;Baja;M;Alta;3;Research Director;Alta;Single;14648;2;Y;Yes;13;Alta;Alta;80;0;14;1;Media;16;2.0;8;12
26;No;Travel_Rarely;Sales;27;Secundaria;Life Sciences;1;2671;Alta;F;Media;2;Sales Executive;Media;Married;6260;1;Y;No;11;Alta;Alta;80;1;8;0;Baja;5;2.0;1;4
48;No;Travel_Frequently;Research & Development;22;Universitaria;Medical;1;2672;Media;M;Alta;4;Healthcare Representative;Alta;Married;11060;2;Y;Yes;16;Alta;Alta;80;1;33;3;Alta;31;3.0;15;13
27;No;Travel_Rarely;Research & Development;14;Secundaria;Life Sciences;1;2673;Muy_Alta;F;Media;2;Laboratory Technician;Media;Single;3690;0;Y;Yes;13;Alta;Muy_Alta;80;0;10;3;Alta;11;2.0;0;7
49;No;Travel_Rarely;Research & Development;1;Universitaria;Technical Degree;1;2674;Baja;M;Alta;1;Research Scientist;Alta;Married;3316;7;Y;No;12;Alta;Alta;80;1;18;2;Alta;7;3.0;0;1
42;No;Travel_Frequently;Research & Development;3;Universitaria;Medical;1;2675;Media;F;Alta;1;Research Scientist;Alta;Single;1766;6;Y;Yes;13;Alta;Muy_Alta;80;0;10;2;Muy_Alta;1;1.0;1;2
32;Yes;Travel_Frequently;Research & Development;3;Universitaria;Life Sciences;1;2676;Media;M;Alta;1;Laboratory Technician;Alta;Married;4359;6;Y;Yes;14;Alta;Alta;80;1;9;2;Alta;3;3.0;1;2
30;No;Travel_Rarely;Sales;8;Universitaria;Marketing;1;2677;Muy_Alta;M;Alta;1;Sales Representative;Alta;Single;3352;0;Y;No;13;Alta;Baja;80;0;5;3;Baja;3;2.0;0;2
44;No;Travel_Rarely;Research & Development;4;Master;Other;1;2678;Alta;M;Muy_Alta;5;Manager;Muy_Alta;Married;19867;1;Y;No;12;Alta;Alta;80;1;23;2;Muy_Alta;24;3.0;1;6
42;No;Travel_Rarely;Research & Development;2;Secundaria;Life Sciences;1;2679;Muy_Alta;F;Media;2;Manufacturing Director;Media;Married;5420;9;Y;Yes;13;Alta;Muy_Alta;80;1;8;4;Media;5;3.0;0;2
35;No;Travel_Rarely;Sales;1;Secundaria;Medical;1;2680;Media;F;Media;1;Sales Representative;Media;Married;2457;0;Y;No;15;Alta;Media;80;1;2;2;Muy_Alta;1;1.0;2;1
36;Yes;Travel_Frequently;Research & Development;22;Universitaria;Life Sciences;1;2681;Muy_Alta;M;Alta;1;Research Scientist;Alta;Divorced;1250;2;Y;Yes;19;Alta;Baja;80;1;10;3;Alta;12;3.0;7;8
27;Yes;Travel_Rarely;Research & Development;23;Secundaria;Technical Degree;1;2682;Alta;F;Media;1;Research Scientist;Media;Married;1510;4;Y;No;17;Alta;Media;80;0;4;2;Media;1;1.0;2;2
41;No;Travel_Rarely;Research & Development;14;Universitaria;Life Sciences;1;2683;Alta;M;Alta;3;Manufacturing Director;Alta;Single;8044;6;Y;Yes;15;Alta;Muy_Alta;80;0;18;2;Alta;4;3.0;3;3
26;Yes;Travel_Frequently;Sales;1;Universitaria;Technical Degree;1;2684;Baja;M;Alta;1;Sales Representative;Alta;Married;4295;3;Y;No;15;Alta;Muy_Alta;80;1;3;3;Alta;3;2.0;1;2
38;No;Travel_Frequently;Sales;11;Universitaria;Technical Degree;1;2685;Media;M;Alta;3;Sales Executive;Alta;Married;10278;0;Y;No;14;Alta;Alta;80;1;8;6;Muy_Alta;9;2.0;2;8
32;No;Travel_Rarely;Research & Development;6;Universitaria;Medical;1;2686;Baja;M;Alta;1;Research Scientist;Alta;Single;3425;1;Y;No;15;Alta;Alta;80;0;3;4;Alta;0;0.0;0;1
33;No;Non-Travel;Sales;2;Universitaria;Life Sciences;1;2687;Alta;M;Alta;1;Sales Representative;Alta;Divorced;2658;1;Y;No;13;Alta;Alta;80;3;2;3;Alta;2;2.0;0;1
42;No;Travel_Rarely;Sales;2;Universitaria;Medical;1;2688;Muy_Alta;M;Alta;2;Sales Executive;Alta;Married;7024;1;Y;Yes;17;Alta;Baja;80;1;9;3;Muy_Alta;9;3.0;8;8
39;No;Travel_Rarely;Research & Development;13;Secundaria;Life Sciences;1;2689;Alta;F;Media;3;Research Director;Media;Divorced;11032;0;Y;Yes;13;Alta;Media;80;1;13;3;Media;10;2.0;2;9
49;Yes;Travel_Rarely;Sales;3;Primaria;Marketing;1;2690;Baja;M;Baja;5;Manager;Baja;Single;18689;1;Y;Yes;16;Alta;Baja;80;0;27;2;Alta;24;2.0;1;12
43;Yes;Travel_Rarely;Research & Development;26;Universitaria;Medical;1;2691;Alta;M;Alta;1;Research Scientist;Alta;Single;3824;1;Y;No;13;Alta;Baja;80;0;8;2;Alta;5;2.0;0;3
31;No;Travel_Rarely;Research & Development;4;Universitaria;Life Sciences;1;2692;Muy_Alta;M;Alta;1;Laboratory Technician;Alta;Single;1268;2;Y;No;14;Alta;Media;80;0;12;2;Alta;2;2.0;0;0
37;No;Travel_Frequently;Research & Development;7;Universitaria;Life Sciences;1;2693;Muy_Alta;M;Alta;2;Healthcare Representative;Alta;Divorced;5687;1;Y;No;20;Muy_Alta;Alta;80;3;9;2;Alta;8;3.0;2;7
25;Yes;Travel_Rarely;Sales;4;Secundaria;Marketing;1;2694;Muy_Alta;F;Media;2;Sales Executive;Media;Single;5670;1;Y;Yes;11;Alta;Media;80;0;8;0;Alta;6;3.0;7;5
33;No;Travel_Frequently;Research & Development;2;Master;Other;1;2695;Alta;F;Muy_Alta;2;Healthcare Representative;Muy_Alta;Married;6962;1;Y;Yes;14;Alta;Baja;80;1;5;2;Alta;5;3.0;1;2
24;Yes;Travel_Rarely;Research & Development;17;Universitaria;Medical;1;2696;Baja;M;Alta;1;Laboratory Technician;Alta;Divorced;3464;2;Y;Yes;13;Alta;Muy_Alta;80;1;6;2;Alta;1;1.0;1;2
36;No;Travel_Rarely;Research & Development;1;Secundaria;Life Sciences;1;2697;Alta;F;Media;3;Manufacturing Director;Media;Divorced;10891;2;Y;No;19;Alta;Media;80;1;17;2;Media;7;2.0;6;4
53;No;Non-Travel;Research & Development;2;Secundaria;Medical;1;2698;Baja;F;Media;4;Manufacturing Director;Media;Married;13082;5;Y;Yes;21;Muy_Alta;Muy_Alta;80;3;27;2;Media;3;3.0;0;3
54;No;Travel_Rarely;Research & Development;9;Primaria;Life Sciences;1;2699;Muy_Alta;M;Baja;3;Manufacturing Director;Baja;Single;6331;5;Y;No;12;Alta;Baja;80;0;38;3;Baja;8;3.0;0;1
37;No;Travel_Rarely;Sales;15;Universitaria;Marketing;1;2700;Alta;M;Alta;3;Sales Executive;Alta;Married;8495;0;Y;No;15;Alta;Alta;80;2;11;3;Baja;11;1.0;6;9
42;No;Travel_Rarely;Research & Development;7;Secundaria;Medical;1;2701;Muy_Alta;F;Media;2;Manufacturing Director;Media;Single;4932;6;Y;Yes;15;Alta;Muy_Alta;80;0;7;3;Media;7;2.0;1;1
34;No;Travel_Rarely;Sales;11;Master;Technical Degree;1;2702;Media;F;Muy_Alta;2;Sales Executive;Muy_Alta;Married;6827;1;Y;No;21;Muy_Alta;Alta;80;2;12;5;Alta;12;3.0;4;8
45;No;Non-Travel;Research & Development;20;Primaria;Life Sciences;1;2703;Muy_Alta;M;Baja;1;Research Scientist;Baja;Single;2937;2;Y;No;13;Alta;Muy_Alta;80;0;9;3;Alta;1;1.0;0;0
41;No;Travel_Rarely;Research & Development;1;Master;Life Sciences;1;2704;Baja;F;Muy_Alta;1;Research Scientist;Muy_Alta;Married;1736;0;Y;No;13;Alta;Muy_Alta;80;1;8;5;Muy_Alta;10;4.0;7;8
41;No;Travel_Rarely;Sales;1;Universitaria;Marketing;1;2705;Media;M;Alta;2;Sales Executive;Alta;Divorced;5545;5;Y;Yes;21;Muy_Alta;Alta;80;1;9;2;Alta;6;3.0;1;3
25;No;Travel_Rarely;Research & Development;2;Secundaria;Life Sciences;1;2706;Media;F;Media;2;Healthcare Representative;Media;Single;4890;1;Y;No;12;Alta;Media;80;0;5;3;Alta;5;2.0;1;3
27;No;Travel_Rarely;Research & Development;21;Secundaria;Other;1;2707;Muy_Alta;F;Media;1;Laboratory Technician;Media;Divorced;3340;1;Y;No;13;Alta;Baja;80;2;10;3;Media;7;3.0;0;8
44;Yes;Travel_Rarely;Sales;9;Universitaria;Life Sciences;1;2708;Alta;M;Alta;3;Sales Executive;Alta;Married;7192;5;Y;No;22;Muy_Alta;Alta;80;3;13;2;Media;7;4.0;0;7
36;No;Travel_Frequently;Human Resources;9;Universitaria;Human Resources;1;2709;Alta;M;Alta;2;Human Resources;Alta;Married;6506;2;Y;No;11;Alta;Alta;80;0;11;2;Alta;6;3.0;2;3
54;Yes;Travel_Rarely;Research & Development;12;Universitaria;Life Sciences;1;2710;Media;M;Alta;1;Research Scientist;Alta;Married;6120;9;Y;Yes;17;Alta;Baja;80;3;4;2;Alta;4;3.0;4;3
42;No;Travel_Rarely;Research & Development;17;Master;Life Sciences;1;2711;Muy_Alta;F;Muy_Alta;2;Research Scientist;Muy_Alta;Single;6686;3;Y;Yes;13;Alta;Alta;80;0;9;1;Muy_Alta;4;4.0;0;3
42;No;Travel_Rarely;Research & Development;29;Universitaria;Other;1;2712;Muy_Alta;M;Alta;2;Research Scientist;Alta;Single;4069;1;Y;No;25;Muy_Alta;Media;80;0;20;2;Alta;20;2.0;13;17
55;No;Travel_Rarely;Human Resources;27;Master;Human Resources;1;2713;Alta;F;Muy_Alta;5;Manager;Muy_Alta;Married;19999;4;Y;Yes;17;Alta;Baja;80;1;37;0;Muy_Alta;12;2.0;1;5
25;No;Travel_Rarely;Research & Development;1;Universitaria;Life Sciences;1;2714;Baja;M;Alta;2;Manufacturing Director;Alta;Married;5134;0;Y;No;13;Alta;Muy_Alta;80;2;4;3;Alta;5;3.0;1;2
38;No;Travel_Rarely;Research & Development;6;Universitaria;Life Sciences;1;2715;Media;M;Alta;3;Manufacturing Director;Alta;Single;9760;4;Y;No;17;Alta;Muy_Alta;80;0;9;3;Muy_Alta;0;0.0;2;2
32;Yes;Travel_Rarely;Sales;20;Primaria;Life Sciences;1;2716;Media;M;Baja;2;Sales Executive;Baja;Married;5128;2;Y;Yes;11;Alta;Alta;80;1;3;2;Alta;3;3.0;2;3
36;No;Non-Travel;Research & Development;1;Secundaria;Medical;1;2717;Muy_Alta;F;Media;2;Manufacturing Director;Media;Married;3100;0;Y;No;15;Alta;Alta;80;0;6;6;Alta;6;3.0;1;1
36;No;Travel_Rarely;Research & Development;6;Universitaria;Medical;1;2718;Muy_Alta;F;Alta;2;Manufacturing Director;Alta;Divorced;6066;7;Y;No;16;Alta;Alta;80;2;9;2;Alta;6;3.0;1;3
43;No;Travel_Rarely;Research & Development;8;Universitaria;Other;1;2719;Muy_Alta;M;Alta;2;Research Scientist;Alta;Married;3130;9;Y;No;14;Alta;Baja;80;2;11;3;Alta;8;3.0;9;9
24;No;Travel_Rarely;Research & Development;14;Universitaria;Medical;1;2720;Media;M;Alta;1;Laboratory Technician;Alta;Single;4193;1;Y;No;14;Alta;Alta;80;0;2;5;Alta;1;1.0;0;1
50;No;Travel_Frequently;Research & Development;1;Universitaria;Life Sciences;1;2721;Media;M;Alta;5;Research Director;Alta;Married;19139;3;Y;No;15;Alta;Muy_Alta;80;0;27;3;Alta;7;2.0;4;3
19;Yes;Travel_Rarely;Human Resources;1;Secundaria;Technical Degree;1;2722;Baja;F;Media;1;Human Resources;Media;Single;1829;0;Y;No;13;Alta;Alta;80;0;1;2;Media;0;0.0;0;1
31;No;Travel_Frequently;Research & Development;9;Universitaria;Life Sciences;1;2723;Muy_Alta;M;Alta;1;Research Scientist;Alta;Divorced;4435;0;Y;No;13;Alta;Muy_Alta;80;2;8;2;Alta;6;2.0;2;1
37;No;Travel_Rarely;Research & Development;18;Universitaria;Life Sciences;1;2724;Media;M;Alta;1;Research Scientist;Alta;Married;2605;4;Y;No;21;Muy_Alta;Baja;80;0;5;1;Media;2;2.0;0;0
30;No;Travel_Frequently;Sales;1;Universitaria;Medical;1;2725;Media;M;Alta;2;Sales Executive;Alta;Married;7613;1;Y;No;15;Alta;Muy_Alta;80;1;9;5;Alta;9;4.0;5;2
41;Yes;Travel_Rarely;Research & Development;14;Universitaria;Technical Degree;1;2726;Media;M;Alta;5;Research Director;Alta;Married;19999;1;Y;No;12;Alta;Muy_Alta;80;0;24;0;Baja;22;3.0;15;9
32;Yes;Travel_Rarely;Sales;21;Primaria;Life Sciences;1;2727;Media;M;Baja;2;Sales Executive;Baja;Married;6333;3;Y;Yes;11;Alta;Alta;80;1;3;2;Alta;0;0.0;2;1
43;No;Travel_Rarely;Research & Development;2;Universitaria;Life Sciences;1;2728;Alta;M;Alta;2;Healthcare Representative;Alta;Married;4806;0;Y;No;13;Alta;Media;80;2;7;4;Alta;8;3.0;2;1
57;No;Travel_Rarely;Sales;1;Secundaria;Life Sciences;1;2729;Alta;F;Media;2;Sales Executive;Media;Single;4781;4;Y;No;17;Alta;Muy_Alta;80;0;11;2;Alta;7;3.0;1;6
37;No;Travel_Rarely;Research & Development;5;Universitaria;Technical Degree;1;2730;Alta;M;Alta;2;Research Scientist;Alta;Single;4921;3;Y;No;12;Alta;Muy_Alta;80;0;8;2;Media;9;3.0;7;6
59;No;Non-Travel;Research & Development;1;Primaria;Life Sciences;1;2731;Muy_Alta;F;Baja;2;Healthcare Representative;Baja;Divorced;7588;2;Y;Yes;14;Alta;Muy_Alta;80;1;11;2;Baja;7;3.0;2;1
18;Yes;Travel_Rarely;Research & Development;1;Universitaria;Life Sciences;1;2732;Alta;M;Alta;1;Laboratory Technician;Alta;Single;1009;1;Y;No;12;Alta;Alta;80;0;0;2;Alta;2;2.0;0;1
47;Yes;Travel_Frequently;Research & Development;23;Universitaria;Life Sciences;1;2733;Muy_Alta;F;Alta;1;Laboratory Technician;Alta;Divorced;3839;2;Y;Yes;23;Muy_Alta;Muy_Alta;80;1;21;0;Media;3;2.0;0;0
44;No;Travel_Rarely;Sales;12;Universitaria;Marketing;1;2734;Muy_Alta;M;Alta;2;Sales Executive;Alta;Single;6490;2;Y;No;13;Alta;Muy_Alta;80;0;19;2;Alta;8;2.0;0;6
37;Yes;Travel_Rarely;Sales;2;Secundaria;Life Sciences;1;2735;Baja;F;Media;3;Sales Executive;Media;Married;10406;4;Y;No;11;Alta;Alta;80;0;18;2;Alta;13;2.0;11;7
47;No;Travel_Rarely;Sales;15;Universitaria;Life Sciences;1;2736;Alta;M;Alta;2;Sales Executive;Alta;Divorced;5104;8;Y;No;14;Alta;Alta;80;1;20;2;Alta;10;3.0;8;6
35;No;Travel_Rarely;Research & Development;8;Primaria;Life Sciences;1;2737;Media;M;Baja;2;Research Scientist;Baja;Single;5826;2;Y;No;11;Alta;Media;80;0;16;3;Alta;19;4.0;12;7
36;No;Travel_Rarely;Research & Development;1;Master;Medical;1;2738;Alta;F;Muy_Alta;3;Healthcare Representative;Muy_Alta;Divorced;9443;0;Y;No;17;Alta;Baja;80;3;19;5;Muy_Alta;20;4.0;4;7
23;No;Non-Travel;Research & Development;10;Secundaria;Life Sciences;1;2739;Alta;F;Media;1;Laboratory Technician;Media;Divorced;2998;0;Y;No;11;Alta;Alta;80;3;0;4;Alta;1;1.0;0;0
39;No;Travel_Rarely;Research & Development;6;Universitaria;Medical;1;2740;Baja;M;Alta;2;Manufacturing Director;Alta;Married;5496;2;Y;No;25;Muy_Alta;Muy_Alta;80;1;8;3;Alta;11;4.0;5;9
32;Yes;Travel_Rarely;Sales;2;Primaria;Life Sciences;1;2741;Baja;M;Baja;2;Sales Executive;Baja;Single;5226;7;Y;No;15;Alta;Media;80;0;8;2;Baja;0;0.0;1;2
34;No;Non-Travel;Research & Development;4;Universitaria;Life Sciences;1;2742;Alta;M;Alta;2;Healthcare Representative;Alta;Married;5612;0;Y;No;12;Alta;Muy_Alta;80;1;17;5;Alta;14;3.0;2;9
50;No;Travel_Rarely;Research & Development;20;Secundaria;Life Sciences;1;2743;Muy_Alta;F;Media;3;Research Director;Media;Divorced;14353;4;Y;No;15;Alta;Alta;80;3;20;3;Media;14;1.0;3;12
54;No;Travel_Rarely;Sales;5;Universitaria;Medical;1;2744;Alta;M;Alta;4;Manager;Alta;Divorced;16142;6;Y;No;13;Alta;Alta;80;1;24;3;Media;16;3.0;15;2
31;No;Travel_Rarely;Sales;4;Universitaria;Other;1;2745;Alta;M;Alta;2;Sales Executive;Alta;Married;2973;1;Y;Yes;17;Alta;Muy_Alta;80;0;6;3;Alta;7;3.0;0;3
43;No;Travel_Rarely;Research & Development;10;Universitaria;Life Sciences;1;2746;Alta;M;Alta;1;Laboratory Technician;Alta;Married;1612;2;Y;No;22;Muy_Alta;Muy_Alta;80;1;4;2;Media;6;3.0;0;4
35;No;Travel_Rarely;Research & Development;9;Universitaria;Life Sciences;1;2747;Muy_Alta;M;Alta;3;Healthcare Representative;Alta;Married;7830;7;Y;Yes;13;Alta;Muy_Alta;80;1;15;1;Alta;14;3.0;5;7
24;No;Travel_Rarely;Sales;25;Secundaria;Life Sciences;1;2748;Baja;F;Media;2;Sales Executive;Media;Married;7502;2;Y;No;19;Alta;Muy_Alta;80;0;5;3;Alta;2;2.0;3;2
30;Yes;Travel_Frequently;Research & Development;23;Secundaria;Life Sciences;1;2749;Muy_Alta;F;Media;1;Research Scientist;Media;Single;1660;1;Y;Yes;24;Muy_Alta;Media;80;0;1;3;Media;2;2.0;2;0
43;No;Travel_Rarely;Research & Development;5;Universitaria;Medical;1;2750;Muy_Alta;M;Alta;1;Laboratory Technician;Alta;Single;1712;2;Y;Yes;12;Alta;Alta;80;0;17;3;Alta;19;4.0;1;17
40;No;Travel_Rarely;Research & Development;3;Universitaria;Medical;1;2751;Baja;F;Alta;5;Research Director;Alta;Divorced;19523;0;Y;No;19;Alta;Muy_Alta;80;1;20;5;Alta;21;3.0;3;8
50;Yes;Travel_Frequently;Research & Development;29;Secundaria;Life Sciences;1;2752;Baja;F;Media;2;Laboratory Technician;Media;Single;4631;4;Y;No;20;Muy_Alta;Baja;80;0;19;2;Alta;4;3.0;1;3
32;No;Travel_Rarely;Human Resources;9;Master;Medical;1;2753;Muy_Alta;F;Muy_Alta;1;Human Resources;Muy_Alta;Single;2214;9;Y;No;18;Alta;Muy_Alta;80;0;7;3;Muy_Alta;4;3.0;0;3
29;No;Travel_Frequently;Research & Development;2;Universitaria;Medical;1;2754;Media;M;Alta;3;Research Director;Alta;Divorced;14544;8;Y;No;12;Alta;Baja;80;1;8;4;Alta;2;2.0;2;3
31;No;Travel_Rarely;Research & Development;26;Universitaria;Medical;1;2755;Muy_Alta;M;Alta;1;Research Scientist;Alta;Single;3790;2;Y;No;14;Alta;Muy_Alta;80;0;8;3;Baja;4;3.0;1;1
38;No;Travel_Frequently;Research & Development;7;Universitaria;Medical;1;2756;Alta;M;Alta;1;Research Scientist;Alta;Married;1373;1;Y;No;19;Alta;Media;80;1;3;0;Media;2;2.0;1;2
36;No;Travel_Rarely;Sales;9;Universitaria;Technical Degree;1;2757;Alta;M;Alta;1;Sales Representative;Alta;Divorced;2536;1;Y;Yes;19;Alta;Muy_Alta;80;2;6;4;Alta;6;3.0;1;6
36;No;Travel_Rarely;Sales;6;Universitaria;Medical;1;2758;Alta;M;Alta;2;Sales Executive;Alta;Married;5636;4;Y;No;13;Alta;Media;80;1;6;5;Media;4;3.0;0;1
28;No;Travel_Rarely;Research & Development;3;Universitaria;Medical;1;2759;Alta;M;Alta;1;Laboratory Technician;Alta;Married;3138;1;Y;No;13;Alta;Alta;80;1;7;4;Alta;6;3.0;0;7
36;No;Travel_Rarely;Research & Development;5;Secundaria;Life Sciences;1;2760;Media;F;Media;1;Research Scientist;Media;Married;6464;9;Y;Yes;14;Alta;Muy_Alta;80;1;7;3;Media;0;0.0;0;1
60;No;Travel_Rarely;Research & Development;7;Universitaria;Life Sciences;1;2761;Baja;M;Alta;5;Manager;Alta;Married;18237;6;Y;No;11;Alta;Muy_Alta;80;0;33;5;Alta;29;3.0;11;10
35;No;Travel_Rarely;Research & Development;11;Master;Life Sciences;1;2762;Alta;F;Muy_Alta;3;Research Director;Muy_Alta;Married;14783;1;Y;Yes;24;Muy_Alta;Baja;80;1;16;2;Muy_Alta;14;4.0;6;7
29;No;Travel_Rarely;Research & Development;7;Secundaria;Medical;1;2763;Baja;F;Media;1;Laboratory Technician;Media;Divorced;3252;6;Y;No;14;Alta;Alta;80;3;5;5;Muy_Alta;3;2.0;0;3
31;No;Travel_Rarely;Sales;3;Universitaria;Medical;1;2764;Muy_Alta;M;Alta;2;Sales Executive;Alta;Divorced;4617;1;Y;No;14;Alta;Alta;80;2;6;5;Alta;6;3.0;0;3
49;No;Non-Travel;Sales;1;Universitaria;Life Sciences;1;2765;Muy_Alta;M;Alta;2;Sales Executive;Alta;Married;7038;0;Y;No;12;Alta;Baja;80;1;20;2;Baja;19;3.0;0;12
46;No;Travel_Rarely;Sales;17;Universitaria;Marketing;1;2766;Muy_Alta;M;Alta;4;Manager;Alta;Married;14310;5;Y;Yes;22;Muy_Alta;Alta;80;1;22;3;Media;18;3.0;0;9
29;No;Travel_Frequently;Research & Development;1;Universitaria;Medical;1;2767;Alta;M;Alta;2;Laboratory Technician;Alta;Single;4166;1;Y;No;23;Muy_Alta;Muy_Alta;80;0;12;2;Alta;12;3.0;3;7
45;No;Travel_Rarely;Research & Development;8;Universitaria;Life Sciences;1;2768;Media;M;Alta;1;Research Scientist;Alta;Married;1592;1;Y;Yes;13;Alta;Muy_Alta;80;0;9;0;Alta;8;3.0;7;3
18;No;Travel_Rarely;Research & Development;12;Universitaria;Medical;1;2769;Media;M;Alta;1;Laboratory Technician;Alta;Single;4130;1;Y;No;16;Alta;Alta;80;0;1;5;Alta;0;0.0;1;0
27;No;Travel_Frequently;Research & Development;18;Secundaria;Life Sciences;1;2770;Muy_Alta;F;Media;1;Research Scientist;Media;Married;5593;0;Y;No;19;Alta;Muy_Alta;80;1;9;2;Media;7;2.0;7;3
37;No;Travel_Rarely;Sales;7;Universitaria;Life Sciences;1;2771;Media;M;Alta;2;Sales Executive;Alta;Single;7764;8;Y;Yes;12;Alta;Alta;80;0;18;1;Alta;1;1.0;0;1
27;No;Travel_Rarely;Research & Development;5;Primaria;Other;1;2772;Alta;F;Baja;2;Healthcare Representative;Baja;Married;8238;4;Y;No;12;Alta;Alta;80;1;10;3;Alta;5;3.0;1;6
42;No;Non-Travel;Research & Development;3;Universitaria;Life Sciences;1;2773;Alta;M;Alta;4;Manager;Alta;Married;17082;0;Y;Yes;13;Alta;Muy_Alta;80;0;19;4;Alta;19;3.0;2;9
31;No;Travel_Rarely;Research & Development;1;Secundaria;Other;1;2774;Alta;F;Media;1;Research Scientist;Media;Single;1877;3;Y;Yes;11;Alta;Media;80;0;5;1;Baja;3;3.0;0;1
35;Yes;Travel_Rarely;Sales;17;Universitaria;Life Sciences;1;2775;Baja;M;Alta;3;Sales Executive;Alta;Single;8033;2;Y;Yes;19;Muy_Alta;Alta;80;0;11;3;Alta;2;2.0;1;0
28;No;Travel_Rarely;Research & Development;16;Universitaria;Technical Degree;1;2776;Alta;M;Alta;1;Research Scientist;Alta;Married;3439;0;Y;Yes;16;Alta;Muy_Alta;80;1;4;3;Muy_Alta;5;3.0;0;0
41;Yes;Travel_Rarely;Research & Development;7;Universitaria;Life Sciences;1;2777;Muy_Alta;M;Alta;1;Laboratory Technician;Alta;Single;3086;3;Y;No;14;Alta;Media;80;0;14;4;Alta;6;3.0;1;0
53;No;Travel_Rarely;Research & Development;12;Master;Medical;1;2778;Muy_Alta;F;Muy_Alta;2;Manufacturing Director;Muy_Alta;Divorced;3552;1;Y;No;11;Alta;Alta;80;2;6;3;Alta;2;2.0;1;2
25;No;Travel_Rarely;Research & Development;4;Universitaria;Technical Degree;1;2779;Alta;M;Alta;1;Laboratory Technician;Alta;Married;1009;0;Y;No;13;Alta;Alta;80;1;3;2;Alta;2;2.0;2;1
30;No;Travel_Rarely;Research & Development;11;Secundaria;Other;1;2780;Muy_Alta;F;Media;2;Laboratory Technician;Media;Married;3749;4;Y;Yes;11;Alta;Baja;80;1;10;2;Media;4;4.0;0;3
25;No;Travel_Frequently;Research & Development;2;Universitaria;Technical Degree;1;2781;Baja;M;Alta;1;Research Scientist;Alta;Single;3686;1;Y;Yes;13;Alta;Alta;80;0;6;2;Alta;5;2.0;0;3
39;No;Travel_Rarely;Sales;7;Universitaria;Life Sciences;1;2782;Media;M;Alta;2;Sales Executive;Alta;Single;6140;8;Y;Yes;12;Alta;Alta;80;0;18;1;Alta;2;2.0;0;0
35;No;Non-Travel;Research & Development;5;Secundaria;Life Sciences;1;2783;Alta;F;Media;2;Research Scientist;Media;Married;2540;3;Y;No;17;Alta;Muy_Alta;80;3;6;2;Media;0;0.0;0;0
23;No;Travel_Rarely;Sales;10;Universitaria;Life Sciences;1;2784;Alta;M;Alta;2;Sales Executive;Alta;Single;3810;0;Y;No;14;Alta;Media;80;0;2;4;Alta;3;3.0;2;1
55;No;Travel_Rarely;Research & Development;5;Universitaria;Technical Degree;1;2785;Muy_Alta;F;Alta;2;Research Scientist;Alta;Divorced;4594;2;Y;Yes;13;Alta;Media;80;2;19;3;Alta;11;3.0;6;9
33;No;Travel_Rarely;Sales;14;Universitaria;Medical;1;2786;Alta;F;Alta;2;Sales Executive;Alta;Single;6097;1;Y;No;12;Alta;Muy_Alta;80;0;9;6;Alta;8;3.0;9;6
43;No;Travel_Rarely;Research & Development;8;Secundaria;Medical;1;2787;Baja;F;Media;5;Manager;Media;Married;19999;7;Y;No;14;Alta;Muy_Alta;80;0;19;2;Alta;17;2.0;7;15
29;No;Travel_Rarely;Research & Development;16;Master;Medical;1;2788;Media;F;Muy_Alta;2;Healthcare Representative;Muy_Alta;Single;5951;0;Y;No;19;Alta;Alta;80;0;10;2;Media;9;3.0;0;7
39;No;Travel_Rarely;Research & Development;20;Secundaria;Life Sciences;1;2789;Alta;M;Media;3;Healthcare Representative;Media;Married;8826;0;Y;No;18;Alta;Baja;80;1;19;4;Media;20;1.0;1;9
24;No;Travel_Rarely;Sales;12;Universitaria;Medical;1;2790;Media;M;Alta;1;Sales Representative;Alta;Married;2831;0;Y;No;11;Alta;Alta;80;0;5;1;Alta;9;3.0;1;7
39;No;Non-Travel;Research & Development;1;Secundaria;Life Sciences;1;2791;Alta;F;Media;1;Laboratory Technician;Media;Married;2080;1;Y;No;19;Alta;Alta;80;2;1;3;Alta;0;0.0;0;0
41;No;Travel_Rarely;Research & Development;13;Universitaria;Medical;1;2792;Muy_Alta;M;Alta;2;Manufacturing Director;Alta;Married;4232;3;Y;No;21;Muy_Alta;Alta;80;0;9;3;Alta;6;3.0;1;0
46;No;Travel_Rarely;Sales;2;Universitaria;Marketing;1;2793;Alta;M;Alta;4;Manager;Alta;Married;16337;7;Y;No;23;Muy_Alta;Baja;80;0;28;2;Alta;27;3.0;15;9
43;Yes;Travel_Rarely;Research & Development;22;Universitaria;Medical;1;2794;Alta;M;Alta;1;Research Scientist;Alta;Single;3491;0;Y;No;13;Alta;Baja;80;0;5;2;Alta;6;3.0;0;3
53;No;Travel_Rarely;Research & Development;3;Secundaria;Medical;1;2795;Muy_Alta;F;Media;3;Manufacturing Director;Media;Married;7653;1;Y;Yes;15;Alta;Alta;80;0;28;4;Baja;6;3.0;0;4
37;No;Travel_Rarely;Research & Development;8;Universitaria;Medical;1;2796;Media;M;Alta;2;Research Scientist;Alta;Single;5861;1;Y;No;18;Alta;Media;80;0;12;5;Muy_Alta;13;2.0;0;8
52;No;Non-Travel;Sales;29;Universitaria;Life Sciences;1;2797;Baja;M;Alta;1;Sales Representative;Alta;Divorced;6143;2;Y;No;15;Alta;Media;80;2;19;3;Baja;8;3.0;0;0
41;No;Travel_Rarely;Research & Development;19;Universitaria;Life Sciences;1;2798;Muy_Alta;M;Alta;1;Research Scientist;Alta;Single;3839;1;Y;No;14;Alta;Alta;80;0;7;3;Muy_Alta;7;3.0;0;4
26;No;Non-Travel;Research & Development;4;Secundaria;Life Sciences;1;2799;Alta;F;Media;1;Laboratory Technician;Media;Divorced;3732;1;Y;No;11;Alta;Alta;80;3;0;4;Media;0;0.0;1;1
34;No;Travel_Frequently;Research & Development;1;Universitaria;Life Sciences;1;2800;Baja;M;Alta;3;Research Director;Alta;Single;12378;1;Y;Yes;11;Alta;Alta;80;0;15;1;Media;15;3.0;8;13
28;No;Travel_Rarely;Research & Development;4;Secundaria;Life Sciences;1;2801;Baja;F;Media;1;Research Scientist;Media;Married;3617;0;Y;No;16;Alta;Baja;80;0;6;2;Alta;6;2.0;0;4
55;No;Travel_Frequently;Research & Development;1;Universitaria;Life Sciences;1;2802;Muy_Alta;M;Alta;3;Manufacturing Director;Alta;Married;9207;3;Y;No;17;Alta;Media;80;1;24;4;Alta;1;1.0;1;1
36;Yes;Travel_Rarely;Sales;4;Secundaria;Life Sciences;1;2803;Alta;F;Media;3;Sales Executive;Media;Married;10892;1;Y;Yes;11;Alta;Baja;80;1;15;6;Media;15;2.0;3;7
38;Yes;Travel_Rarely;Research & Development;9;Universitaria;Life Sciences;1;2804;Muy_Alta;M;Alta;1;Laboratory Technician;Alta;Single;1653;3;Y;No;15;Alta;Media;80;0;15;3;Media;3;3.0;1;0
33;Yes;Travel_Rarely;Sales;2;Secundaria;Marketing;1;2805;Alta;F;Media;2;Sales Executive;Media;Single;8287;7;Y;Yes;11;Alta;Alta;80;0;9;3;Media;1;1.0;2;2
46;No;Travel_Rarely;Human Resources;25;Universitaria;Medical;1;2806;Media;M;Alta;1;Human Resources;Alta;Single;1009;1;Y;No;15;Alta;Baja;80;0;6;3;Media;6;2.0;0;4
23;No;Travel_Frequently;Research & Development;3;Secundaria;Technical Degree;1;2807;Alta;F;Media;2;Manufacturing Director;Media;Married;3165;5;Y;No;19;Alta;Alta;80;1;5;1;Media;0;0.0;1;0
56;No;Travel_Rarely;Sales;11;Universitaria;Marketing;1;2808;Baja;M;Alta;4;Sales Executive;Alta;Married;11235;5;Y;No;14;Alta;Alta;80;1;27;3;Baja;1;1.0;2;2
49;No;Travel_Rarely;Sales;1;Universitaria;Medical;1;2809;Muy_Alta;M;Alta;5;Manager;Alta;Divorced;19999;3;Y;No;11;Alta;Alta;80;1;31;3;Media;7;3.0;1;6
34;No;Travel_Rarely;Human Resources;15;Secundaria;Other;1;2810;Media;F;Media;3;Human Resources;Media;Single;9149;0;Y;No;13;Alta;Baja;80;0;9;3;Muy_Alta;11;2.0;0;8
34;No;Non-Travel;Research & Development;11;Universitaria;Life Sciences;1;2811;Alta;M;Alta;2;Healthcare Representative;Alta;Married;6023;1;Y;No;12;Alta;Muy_Alta;80;1;16;5;Alta;16;2.0;2;9
30;No;Non-Travel;Research & Development;1;Universitaria;Technical Degree;1;2812;Muy_Alta;M;Alta;2;Manufacturing Director;Alta;Married;4540;1;Y;No;13;Alta;Baja;80;1;10;1;Alta;11;3.0;0;8
29;No;Travel_Frequently;Sales;17;Universitaria;Technical Degree;1;2813;Alta;M;Alta;1;Sales Representative;Alta;Married;3258;1;Y;No;15;Alta;Media;80;1;4;5;Alta;0;0.0;1;2
24;No;Travel_Rarely;Research & Development;1;Universitaria;Technical Degree;1;2814;Baja;M;Alta;1;Laboratory Technician;Alta;Married;2970;4;Y;No;12;Alta;Media;80;1;7;2;Alta;3;3.0;0;3
54;Yes;Travel_Rarely;Sales;5;Universitaria;Life Sciences;1;2815;Media;M;Alta;3;Sales Executive;Alta;Single;8306;9;Y;Yes;19;Alta;Alta;80;0;10;2;Alta;6;3.0;8;6
40;No;Travel_Frequently;Research & Development;4;Universitaria;Other;1;2816;Alta;M;Alta;1;Research Scientist;Alta;Married;3106;3;Y;No;17;Alta;Baja;80;1;5;2;Muy_Alta;3;2.0;2;3
46;No;Travel_Rarely;Research & Development;10;Secundaria;Life Sciences;1;2817;Muy_Alta;F;Media;2;Research Scientist;Media;Divorced;4781;8;Y;Yes;22;Muy_Alta;Baja;80;3;20;2;Media;18;3.0;0;6
39;No;Non-Travel;Research & Development;10;Universitaria;Life Sciences;1;2818;Muy_Alta;M;Alta;5;Manager;Alta;Single;18665;2;Y;No;13;Alta;Alta;80;0;19;3;Baja;6;4.0;1;3
57;No;Travel_Rarely;Research & Development;1;Secundaria;Technical Degree;1;2819;Media;F;Media;1;Research Scientist;Media;Married;1163;8;Y;No;20;Muy_Alta;Media;80;1;20;2;Alta;8;3.0;0;3
28;No;Non-Travel;Sales;22;Universitaria;Other;1;2820;Alta;M;Alta;3;Sales Executive;Alta;Married;9862;0;Y;No;13;Alta;Alta;80;0;7;3;Media;7;3.0;7;8
58;No;Non-Travel;Sales;1;Universitaria;Medical;1;2821;Media;F;Alta;4;Manager;Alta;Divorced;17236;4;Y;No;21;Muy_Alta;Muy_Alta;80;1;36;0;Alta;16;2.0;13;12
24;Yes;Travel_Rarely;Sales;5;Secundaria;Marketing;1;2822;Muy_Alta;F;Media;2;Sales Executive;Media;Single;4898;1;Y;Yes;14;Alta;Media;80;0;8;0;Alta;6;3.0;6;2
47;No;Travel_Frequently;Sales;2;Universitaria;Marketing;1;2823;Baja;M;Alta;2;Sales Executive;Alta;Married;3307;7;Y;No;13;Alta;Alta;80;1;10;4;Alta;3;3.0;0;0
19;No;Travel_Rarely;Research & Development;3;Secundaria;Medical;1;2824;Muy_Alta;F;Media;1;Research Scientist;Media;Single;2756;1;Y;No;17;Alta;Baja;80;0;2;5;Media;2;2.0;0;0
47;No;Travel_Frequently;Research & Development;20;Universitaria;Medical;1;2825;Media;M;Alta;4;Healthcare Representative;Alta;Married;11397;1;Y;Yes;15;Alta;Alta;80;1;36;3;Muy_Alta;30;3.0;12;12
42;No;Travel_Frequently;Research & Development;14;Secundaria;Life Sciences;1;2826;Alta;F;Media;2;Laboratory Technician;Media;Divorced;4306;1;Y;No;11;Alta;Media;80;1;6;3;Media;8;3.0;0;1
36;No;Travel_Rarely;Human Resources;26;Universitaria;Life Sciences;1;2827;Alta;M;Alta;3;Human Resources;Alta;Single;7759;0;Y;Yes;16;Alta;Alta;80;0;9;2;Media;9;3.0;2;8
46;No;Travel_Rarely;Research & Development;1;Universitaria;Life Sciences;1;2828;Muy_Alta;M;Alta;3;Manufacturing Director;Alta;Divorced;11043;3;Y;No;14;Alta;Alta;80;1;14;4;Alta;10;4.0;4;8
36;No;Travel_Rarely;Research & Development;1;Secundaria;Medical;1;2829;Media;F;Media;1;Research Scientist;Media;Single;2008;1;Y;No;18;Alta;Baja;80;0;7;3;Muy_Alta;5;3.0;0;4
59;No;Travel_Rarely;Human Resources;5;Universitaria;Medical;1;2830;Media;M;Alta;1;Human Resources;Alta;Married;3285;7;Y;No;17;Alta;Muy_Alta;80;0;8;2;Alta;1;1.0;2;3
33;No;Travel_Rarely;Research & Development;24;Secundaria;Technical Degree;1;2831;Muy_Alta;F;Media;3;Manufacturing Director;Media;Married;9772;3;Y;No;16;Alta;Baja;80;0;20;2;Media;14;2.0;4;8
28;No;Travel_Rarely;Research & Development;1;Universitaria;Life Sciences;1;2832;Baja;M;Alta;2;Healthcare Representative;Alta;Married;4295;1;Y;No;12;Alta;Baja;80;1;9;5;Media;5;4.0;1;2
38;No;Travel_Rarely;Research & Development;13;Universitaria;Life Sciences;1;2833;Alta;M;Alta;3;Manufacturing Director;Alta;Single;8287;6;Y;Yes;15;Alta;Muy_Alta;80;0;15;2;Alta;4;3.0;4;3
29;No;Travel_Rarely;Human Resources;10;Universitaria;Human Resources;1;2834;Alta;M;Alta;2;Human Resources;Alta;Married;5161;0;Y;Yes;19;Alta;Muy_Alta;80;0;12;2;Muy_Alta;12;3.0;4;6
60;No;Travel_Frequently;Research & Development;16;Universitaria;Life Sciences;1;2835;Baja;M;Alta;4;Research Director;Alta;Married;15351;2;Y;Yes;14;Alta;Media;80;0;25;2;Baja;2;2.0;2;1
37;No;Travel_Rarely;Sales;1;Secundaria;Life Sciences;1;2836;Baja;F;Media;1;Sales Representative;Media;Single;3809;4;Y;No;14;Alta;Baja;80;0;23;3;Baja;0;0.0;0;0
31;No;Travel_Frequently;Research & Development;3;Universitaria;Medical;1;2837;Alta;M;Alta;1;Research Scientist;Alta;Divorced;2499;1;Y;No;20;Muy_Alta;Alta;80;1;0;2;Alta;2;2.0;0;1
27;No;Travel_Rarely;Research & Development;4;Universitaria;Medical;1;2838;Alta;M;Alta;1;Research Scientist;Alta;Divorced;2055;5;Y;No;18;Alta;Media;80;1;8;2;Alta;4;3.0;2;2
53;No;Travel_Rarely;Research & Development;12;Universitaria;Life Sciences;1;2839;Muy_Alta;M;Alta;2;Laboratory Technician;Alta;Married;2903;8;Y;No;20;Muy_Alta;Media;80;1;7;3;Alta;5;3.0;1;5
27;Yes;Travel_Frequently;Sales;12;Universitaria;Technical Degree;1;2840;Baja;M;Alta;2;Sales Executive;Alta;Single;6513;5;Y;No;11;Alta;Baja;80;0;8;4;Media;4;2.0;0;1
24;No;Travel_Rarely;Research & Development;5;Master;Life Sciences;1;2841;Muy_Alta;F;Muy_Alta;1;Research Scientist;Muy_Alta;Divorced;2706;1;Y;Yes;16;Alta;Baja;80;1;6;2;Muy_Alta;3;2.0;3;2
43;No;Travel_Rarely;Sales;5;Secundaria;Marketing;1;2842;Muy_Alta;F;Media;3;Sales Executive;Media;Single;9991;3;Y;No;14;Alta;Muy_Alta;80;0;22;3;Alta;21;3.0;14;17
60;No;Travel_Rarely;Research & Development;1;Universitaria;Medical;1;2843;Muy_Alta;M;Alta;5;Research Director;Alta;Married;19042;3;Y;Yes;21;Muy_Alta;Alta;80;1;32;3;Alta;7;3.0;0;5
50;No;Travel_Frequently;Research & Development;1;Universitaria;Life Sciences;1;2844;Baja;M;Alta;5;Research Director;Alta;Married;19140;4;Y;Yes;18;Alta;Baja;80;0;27;1;Media;7;3.0;1;7
43;No;Travel_Rarely;Research & Development;19;Universitaria;Medical;1;2845;Alta;M;Alta;2;Laboratory Technician;Alta;Married;2034;7;Y;Yes;15;Alta;Alta;80;1;16;2;Alta;6;1.0;4;6
37;No;Travel_Rarely;Research & Development;11;Universitaria;Life Sciences;1;2846;Muy_Alta;F;Alta;2;Healthcare Representative;Alta;Single;5753;1;Y;Yes;17;Alta;Baja;80;0;15;6;Alta;0;0.0;0;0
40;No;Travel_Rarely;Research & Development;6;Master;Medical;1;2847;Media;F;Muy_Alta;1;Research Scientist;Muy_Alta;Married;2192;2;Y;Yes;11;Alta;Baja;80;0;7;5;Muy_Alta;4;2.0;0;4
31;Yes;Travel_Rarely;Sales;27;Universitaria;Marketing;1;2848;Media;M;Alta;3;Sales Executive;Alta;Married;7765;1;Y;No;23;Muy_Alta;Muy_Alta;80;3;7;3;Alta;10;1.0;0;10
32;Yes;Travel_Frequently;Research & Development;11;Universitaria;Life Sciences;1;2849;Muy_Alta;M;Alta;2;Laboratory Technician;Alta;Married;4387;4;Y;No;17;Alta;Alta;80;1;13;3;Muy_Alta;7;4.0;1;7
21;No;Travel_Rarely;Research & Development;7;Primaria;Life Sciences;1;2850;Media;M;Baja;1;Laboratory Technician;Baja;Married;1548;1;Y;No;15;Alta;Baja;80;1;1;3;Alta;3;3.0;1;1
50;No;Travel_Rarely;Research & Development;4;Secundaria;Life Sciences;1;2851;Alta;F;Media;3;Healthcare Representative;Media;Single;11254;7;Y;No;14;Alta;Media;80;0;28;3;Media;16;2.0;5;8
39;No;Travel_Rarely;Research & Development;12;Universitaria;Medical;1;2852;Baja;M;Alta;2;Laboratory Technician;Alta;Single;3921;4;Y;No;18;Alta;Baja;80;0;8;6;Alta;4;4.0;1;2
38;No;Travel_Rarely;Research & Development;4;Universitaria;Life Sciences;1;2853;Alta;M;Alta;2;Healthcare Representative;Alta;Divorced;7424;4;Y;No;17;Alta;Muy_Alta;80;1;11;3;Media;7;2.0;0;4
31;No;Travel_Rarely;Sales;11;Universitaria;Marketing;1;2854;Muy_Alta;M;Alta;2;Sales Executive;Alta;Single;4306;1;Y;No;12;Alta;Muy_Alta;80;0;9;2;Media;13;3.0;0;8
35;No;Travel_Rarely;Research & Development;9;Universitaria;Technical Degree;1;2855;Alta;M;Alta;3;Healthcare Representative;Alta;Divorced;10271;2;Y;No;14;Alta;Media;80;3;16;2;Alta;18;1.0;11;7
37;No;Travel_Frequently;Sales;1;Primaria;Medical;1;2856;Alta;M;Baja;2;Sales Executive;Baja;Divorced;10510;1;Y;No;15;Alta;Alta;80;2;4;2;Baja;7;3.0;1;2
39;No;Travel_Rarely;Sales;6;Universitaria;Marketing;1;2857;Alta;M;Alta;3;Sales Executive;Alta;Divorced;12071;0;Y;Yes;13;Alta;Muy_Alta;80;1;22;3;Alta;22;3.0;13;5
23;Yes;Travel_Rarely;Research & Development;9;Secundaria;Medical;1;2858;Muy_Alta;F;Media;1;Laboratory Technician;Media;Single;3047;2;Y;Yes;12;Alta;Baja;80;0;3;2;Muy_Alta;6;2.0;1;3
46;No;Travel_Rarely;Research & Development;2;Universitaria;Other;1;2859;Muy_Alta;M;Alta;5;Manager;Alta;Married;18053;4;Y;Yes;13;Alta;Baja;80;1;27;1;Baja;1;1.0;0;2
56;No;Travel_Rarely;Human Resources;28;Master;Human Resources;1;2860;Alta;F;Muy_Alta;5;Manager;Muy_Alta;Married;19284;4;Y;Yes;17;Alta;Baja;80;1;37;0;Muy_Alta;10;3.0;1;4
54;No;Travel_Rarely;Research & Development;3;Master;Medical;1;2861;Media;F;Muy_Alta;4;Research Director;Muy_Alta;Divorced;15370;2;Y;No;12;Alta;Muy_Alta;80;2;31;4;Muy_Alta;8;4.0;1;0
43;No;Non-Travel;Research & Development;5;Secundaria;Life Sciences;1;2862;Alta;F;Media;1;Laboratory Technician;Media;Single;3579;3;Y;No;15;Alta;Muy_Alta;80;0;7;5;Media;5;2.0;1;4
19;No;Non-Travel;Research & Development;5;Universitaria;Life Sciences;1;2863;Media;M;Alta;1;Research Scientist;Alta;Single;1009;2;Y;No;15;Alta;Muy_Alta;80;0;1;2;Alta;0;0.0;1;0
37;No;Travel_Rarely;Research & Development;12;Universitaria;Other;1;2864;Media;M;Alta;1;Laboratory Technician;Alta;Divorced;5456;1;Y;No;20;Muy_Alta;Baja;80;1;5;4;Alta;1;1.0;1;4
34;No;Non-Travel;Research & Development;1;Universitaria;Life Sciences;1;2865;Muy_Alta;M;Alta;2;Healthcare Representative;Alta;Divorced;5891;3;Y;No;11;Alta;Baja;80;1;15;2;Alta;1;1.0;1;0
41;No;Non-Travel;Sales;7;Universitaria;Life Sciences;1;2866;Muy_Alta;M;Alta;1;Sales Executive;Alta;Single;7013;7;Y;No;14;Alta;Muy_Alta;80;0;18;3;Media;16;3.0;1;10
38;No;Travel_Frequently;Research & Development;1;Universitaria;Medical;1;2867;Muy_Alta;M;Alta;1;Laboratory Technician;Alta;Single;2110;4;Y;No;12;Alta;Alta;80;0;15;3;Alta;7;4.0;6;2
20;Yes;Travel_Rarely;Sales;1;Universitaria;Technical Degree;1;2868;Baja;M;Alta;1;Sales Representative;Alta;Single;4109;1;Y;Yes;16;Alta;Media;80;0;6;4;Alta;4;3.0;1;3
37;Yes;Travel_Rarely;Research & Development;5;Universitaria;Medical;1;2869;Muy_Alta;M;Alta;1;Laboratory Technician;Alta;Married;1827;7;Y;Yes;22;Muy_Alta;Muy_Alta;80;0;10;2;Alta;2;2.0;2;3
32;No;Travel_Rarely;Research & Development;22;Master;Technical Degree;1;2870;Alta;F;Muy_Alta;1;Research Scientist;Muy_Alta;Married;2079;0;Y;No;17;Alta;Muy_Alta;80;0;2;5;Muy_Alta;0;0.0;1;0
33;No;Travel_Rarely;Research & Development;3;Universitaria;Medical;1;2871;Alta;M;Alta;1;Laboratory Technician;Alta;Single;1622;4;Y;No;12;Alta;Muy_Alta;80;0;8;3;Media;0;0.0;0;0
25;No;Travel_Frequently;Research & Development;1;Secundaria;Technical Degree;1;2872;Alta;F;Media;2;Manufacturing Director;Media;Married;1360;5;Y;No;21;Alta;Alta;80;1;4;1;Media;0;0.0;1;0
27;No;Non-Travel;Research & Development;3;Secundaria;Medical;1;2873;Alta;F;Media;1;Research Scientist;Media;Divorced;2249;1;Y;Yes;14;Alta;Muy_Alta;80;1;0;2;Alta;1;1.0;0;1
45;Yes;Travel_Frequently;Sales;11;Universitaria;Life Sciences;1;2874;Alta;M;Alta;4;Sales Executive;Alta;Single;14783;0;Y;Yes;12;Alta;Media;80;0;22;2;Media;19;3.0;13;14
29;No;Travel_Rarely;Research & Development;3;Secundaria;Life Sciences;1;2875;Baja;F;Media;1;Research Scientist;Media;Married;3849;1;Y;No;17;Alta;Baja;80;0;7;2;Alta;3;2.0;0;4
30;Yes;Travel_Rarely;Sales;3;Secundaria;Medical;1;2876;Media;F;Media;1;Sales Representative;Media;Divorced;3763;5;Y;Yes;19;Alta;Alta;80;3;4;3;Media;4;2.0;0;2
42;No;Non-Travel;Research & Development;23;Universitaria;Life Sciences;1;2877;Alta;M;Alta;3;Healthcare Representative;Alta;Married;10046;2;Y;No;22;Muy_Alta;Media;80;1;12;2;Media;5;3.0;0;4
38;No;Travel_Frequently;Research & Development;1;Universitaria;Life Sciences;1;2878;Media;M;Alta;5;Manager;Alta;Divorced;19423;1;Y;Yes;14;Alta;Alta;80;1;24;3;Muy_Alta;20;2.0;0;7
35;No;Travel_Frequently;Research & Development;24;Universitaria;Technical Degree;1;2879;Muy_Alta;M;Alta;2;Manufacturing Director;Alta;Single;5728;2;Y;No;21;Muy_Alta;Muy_Alta;80;0;11;3;Alta;4;3.0;0;3
35;No;Non-Travel;Research & Development;9;Universitaria;Life Sciences;1;2880;Alta;M;Alta;2;Laboratory Technician;Alta;Single;7526;9;Y;No;14;Alta;Alta;80;0;9;2;Alta;4;3.0;0;2
22;Yes;Travel_Rarely;Sales;7;Universitaria;Marketing;1;2881;Media;M;Alta;1;Sales Representative;Alta;Single;3660;2;Y;No;13;Alta;Media;80;0;0;3;Media;1;1.0;1;0
42;No;Travel_Rarely;Research & Development;17;Universitaria;Life Sciences;1;2882;Muy_Alta;M;Alta;2;Research Scientist;Alta;Divorced;7341;5;Y;Yes;18;Alta;Alta;80;1;10;3;Alta;3;3.0;0;2
29;No;Travel_Frequently;Research & Development;6;Master;Life Sciences;1;2883;Media;F;Muy_Alta;1;Laboratory Technician;Muy_Alta;Married;4283;1;Y;No;19;Muy_Alta;Alta;80;0;7;3;Media;4;4.0;0;3
44;No;Travel_Rarely;Human Resources;26;Universitaria;Medical;1;2884;Media;M;Alta;1;Human Resources;Alta;Single;2080;1;Y;No;18;Alta;Baja;80;0;8;3;Alta;6;2.0;0;3
51;No;Travel_Rarely;Research & Development;6;Secundaria;Other;1;2885;Media;F;Media;3;Healthcare Representative;Media;Single;11632;8;Y;No;25;Muy_Alta;Alta;80;0;26;1;Media;5;2.0;0;1
45;No;Travel_Rarely;Research & Development;4;Secundaria;Life Sciences;1;2886;Alta;F;Media;3;Manufacturing Director;Media;Divorced;9497;8;Y;Yes;13;Alta;Alta;80;1;27;4;Alta;24;3.0;14;10
38;No;Travel_Rarely;Research & Development;9;Universitaria;Life Sciences;1;2887;Media;M;Alta;1;Research Scientist;Alta;Divorced;5463;2;Y;No;18;Alta;Muy_Alta;80;2;7;0;Alta;4;3.0;0;4
44;Yes;Travel_Rarely;Research & Development;9;Universitaria;Life Sciences;1;2888;Muy_Alta;M;Alta;1;Laboratory Technician;Alta;Single;1009;3;Y;No;14;Alta;Media;80;0;12;3;Muy_Alta;6;3.0;1;1
35;No;Travel_Rarely;Research & Development;6;Universitaria;Life Sciences;1;2889;Baja;M;Alta;1;Laboratory Technician;Alta;Divorced;2882;5;Y;No;22;Muy_Alta;Baja;80;1;7;2;Alta;3;1.0;1;1
44;No;Travel_Rarely;Research & Development;29;Secundaria;Technical Degree;1;2890;Muy_Alta;F;Media;4;Research Director;Media;Single;14486;2;Y;No;12;Alta;Alta;80;0;23;2;Media;21;3.0;7;6
50;No;Travel_Rarely;Research & Development;11;Universitaria;Life Sciences;1;2891;Alta;M;Alta;5;Manager;Alta;Single;18983;4;Y;No;16;Alta;Media;80;0;21;5;Alta;6;4.0;5;3
30;No;Travel_Frequently;Sales;21;Universitaria;Technical Degree;1;2892;Alta;M;Alta;1;Sales Representative;Alta;Married;4074;1;Y;No;15;Alta;Media;80;1;2;5;Alta;4;3.0;0;1
57;No;Travel_Rarely;Research & Development;1;Universitaria;Medical;1;2893;Muy_Alta;M;Alta;5;Research Director;Alta;Married;19999;3;Y;Yes;20;Muy_Alta;Alta;80;1;34;3;Alta;9;3.0;1;6
28;No;Travel_Rarely;Human Resources;25;Universitaria;Life Sciences;1;2894;Alta;M;Alta;1;Human Resources;Alta;Married;4755;1;Y;No;23;Muy_Alta;Muy_Alta;80;1;7;3;Alta;10;3.0;4;7
55;Yes;Travel_Rarely;Research & Development;9;Universitaria;Technical Degree;1;2895;Muy_Alta;M;Alta;1;Laboratory Technician;Alta;Married;1170;8;Y;No;11;Alta;Muy_Alta;80;1;14;4;Alta;10;3.0;9;8
34;No;Travel_Rarely;Sales;29;Secundaria;Marketing;1;2896;Muy_Alta;F;Media;2;Sales Executive;Media;Married;5391;1;Y;No;21;Muy_Alta;Muy_Alta;80;2;10;2;Media;8;3.0;1;6
40;No;Non-Travel;Research & Development;2;Universitaria;Life Sciences;1;2897;Alta;M;Alta;5;Manager;Alta;Married;18147;0;Y;Yes;13;Alta;Muy_Alta;80;0;20;4;Muy_Alta;21;3.0;2;10
41;No;Travel_Frequently;Research & Development;6;Secundaria;Life Sciences;1;2898;Baja;F;Media;1;Manufacturing Director;Media;Married;7601;2;Y;No;11;Alta;Muy_Alta;80;1;11;1;Alta;7;3.0;6;7
39;Yes;Travel_Rarely;Research & Development;8;Universitaria;Life Sciences;1;2899;Muy_Alta;M;Alta;1;Laboratory Technician;Alta;Single;1587;3;Y;No;14;Alta;Media;80;0;13;3;Alta;5;3.0;1;1
35;No;Travel_Frequently;Sales;9;Universitaria;Marketing;1;2900;Media;F;Alta;3;Sales Executive;Alta;Single;8411;1;Y;No;14;Alta;Muy_Alta;80;0;10;2;Alta;10;3.0;4;8
28;Yes;Travel_Frequently;Research & Development;3;Universitaria;Technical Degree;1;2901;Alta;M;Alta;1;Research Scientist;Alta;Single;2774;8;Y;Yes;23;Muy_Alta;Alta;80;0;2;4;Muy_Alta;1;1.0;0;0
47;No;Non-Travel;Research & Development;18;Universitaria;Life Sciences;1;2902;Muy_Alta;M;Alta;2;Manufacturing Director;Alta;Divorced;6086;0;Y;Yes;14;Alta;Baja;80;2;5;0;Alta;9;4.0;0;7
45;No;Travel_Rarely;Research & Development;1;Universitaria;Medical;1;2903;Media;M;Alta;1;Research Scientist;Alta;Single;2840;7;Y;Yes;12;Alta;Alta;80;0;4;2;Alta;2;2.0;1;1
39;No;Non-Travel;Sales;1;Secundaria;Life Sciences;1;2904;Muy_Alta;F;Media;2;Sales Executive;Media;Married;4116;3;Y;No;20;Alta;Muy_Alta;80;1;13;1;Alta;7;2.0;8;4
57;No;Travel_Rarely;Research & Development;3;Secundaria;Life Sciences;1;2905;Alta;F;Media;1;Research Scientist;Media;Married;1887;4;Y;No;17;Alta;Baja;80;1;8;6;Alta;0;0.0;0;0
22;No;Travel_Rarely;Sales;1;Universitaria;Technical Degree;1;2906;Alta;F;Alta;1;Sales Representative;Alta;Divorced;2042;3;Y;No;13;Alta;Alta;80;1;2;3;Alta;1;1.0;0;0
44;No;Travel_Rarely;Research & Development;6;Master;Life Sciences;1;2907;Alta;F;Muy_Alta;5;Manager;Muy_Alta;Divorced;18662;1;Y;No;14;Alta;Muy_Alta;80;2;26;4;Muy_Alta;24;2.0;13;12
35;No;Travel_Rarely;Research & Development;5;Universitaria;Medical;1;2908;Baja;M;Alta;1;Research Scientist;Alta;Single;3691;1;Y;No;13;Alta;Alta;80;0;4;4;Alta;0;0.0;0;1
36;No;Travel_Rarely;Research & Development;8;Universitaria;Life Sciences;1;2909;Alta;M;Alta;1;Laboratory Technician;Alta;Single;3441;0;Y;No;11;Alta;Alta;80;0;2;3;Alta;2;2.0;2;0
38;No;Travel_Rarely;Research & Development;1;Master;Life Sciences;1;2910;Media;F;Muy_Alta;2;Healthcare Representative;Muy_Alta;Single;7282;0;Y;No;13;Alta;Alta;80;0;7;4;Muy_Alta;9;3.0;0;8
31;No;Travel_Rarely;Research & Development;15;Master;Life Sciences;1;2911;Alta;F;Muy_Alta;2;Healthcare Representative;Muy_Alta;Married;5937;2;Y;No;16;Alta;Alta;80;1;9;3;Media;8;3.0;2;7
24;No;Travel_Rarely;Sales;8;Universitaria;Other;1;2912;Baja;M;Alta;2;Sales Executive;Alta;Divorced;4430;0;Y;Yes;22;Muy_Alta;Media;80;1;6;3;Muy_Alta;3;3.0;0;2
49;No;Travel_Rarely;Research & Development;3;Universitaria;Medical;1;2913;Media;M;Alta;5;Research Director;Alta;Married;18599;2;Y;Yes;11;Alta;Muy_Alta;80;1;32;2;Alta;8;3.0;8;7
58;Yes;Travel_Rarely;Research & Development;5;Secundaria;Medical;1;2914;Alta;F;Media;3;Manufacturing Director;Media;Married;8956;8;Y;Yes;14;Alta;Muy_Alta;80;0;28;0;Media;8;2.0;4;9
47;No;Travel_Rarely;Sales;2;Universitaria;Marketing;1;2915;Alta;M;Alta;2;Sales Executive;Alta;Married;3241;1;Y;Yes;23;Muy_Alta;Baja;80;1;9;1;Alta;5;3.0;7;7
22;Yes;Travel_Rarely;Human Resources;24;Primaria;Human Resources;1;2916;Muy_Alta;M;Baja;1;Human Resources;Baja;Married;2027;1;Y;No;11;Alta;Alta;80;1;1;1;Alta;0;0.0;0;2
55;No;Travel_Rarely;Research & Development;24;Master;Life Sciences;1;2917;Alta;F;Muy_Alta;3;Healthcare Representative;Muy_Alta;Divorced;9629;3;Y;Yes;16;Alta;Media;80;1;12;2;Alta;6;3.0;0;5
44;No;Travel_Rarely;Research & Development;7;Universitaria;Life Sciences;1;2918;Media;M;Alta;1;Laboratory Technician;Alta;Single;1909;4;Y;No;11;Alta;Alta;80;0;5;2;Alta;2;2.0;2;0
34;No;Travel_Rarely;Research & Development;10;Secundaria;Life Sciences;1;2919;Alta;F;Media;2;Healthcare Representative;Media;Single;6269;9;Y;No;18;Alta;Alta;80;0;8;5;Media;2;2.0;0;0
34;No;Travel_Rarely;Research & Development;2;Secundaria;Medical;1;2920;Alta;F;Media;1;Research Scientist;Media;Married;1232;6;Y;No;20;Muy_Alta;Muy_Alta;80;0;6;3;Alta;2;2.0;0;0
33;No;Travel_Rarely;Research & Development;2;Secundaria;Life Sciences;1;2921;Alta;F;Media;2;Research Scientist;Media;Divorced;5366;6;Y;No;16;Alta;Alta;80;1;13;3;Muy_Alta;2;2.0;0;0
30;No;Travel_Rarely;Research & Development;7;Universitaria;Life Sciences;1;2922;Muy_Alta;M;Alta;1;Research Scientist;Alta;Single;2005;1;Y;No;20;Muy_Alta;Muy_Alta;80;0;5;3;Muy_Alta;4;4.0;0;2
44;No;Travel_Rarely;Sales;14;Secundaria;Medical;1;2923;Alta;F;Media;2;Sales Executive;Media;Single;6679;7;Y;No;16;Alta;Baja;80;0;12;6;Media;3;2.0;0;3
36;No;Travel_Rarely;Research & Development;4;Universitaria;Life Sciences;1;2924;Muy_Alta;M;Alta;1;Research Scientist;Alta;Single;3155;5;Y;Yes;12;Alta;Alta;80;0;5;3;Media;1;1.0;1;2
33;No;Travel_Rarely;Sales;18;Primaria;Life Sciences;1;2925;Muy_Alta;F;Baja;3;Sales Executive;Baja;Married;7878;3;Y;No;13;Alta;Alta;80;1;10;2;Alta;5;2.0;0;3
31;No;Travel_Rarely;Research & Development;16;Master;Life Sciences;1;2926;Media;F;Muy_Alta;2;Research Scientist;Muy_Alta;Married;4025;1;Y;No;12;Alta;Muy_Alta;80;0;13;2;Muy_Alta;19;3.0;0;9
42;No;Travel_Rarely;Research & Development;14;Secundaria;Medical;1;2927;Alta;F;Media;5;Research Director;Media;Single;19999;1;Y;No;13;Alta;Baja;80;0;23;2;Alta;18;3.0;3;8
27;No;Travel_Rarely;Sales;3;Universitaria;Life Sciences;1;2928;Baja;M;Alta;2;Sales Executive;Alta;Married;5040;2;Y;No;11;Alta;Baja;80;2;11;2;Muy_Alta;10;2.0;0;2
28;No;Travel_Frequently;Research & Development;2;Universitaria;Medical;1;2929;Alta;M;Alta;2;Laboratory Technician;Alta;Single;4431;0;Y;No;22;Muy_Alta;Muy_Alta;80;0;14;2;Alta;13;2.0;3;7
34;Yes;Travel_Rarely;Research & Development;16;Universitaria;Medical;1;2930;Alta;M;Alta;1;Laboratory Technician;Alta;Married;2326;6;Y;Yes;13;Alta;Alta;80;1;9;2;Alta;4;3.0;0;4
32;No;Travel_Rarely;Sales;7;Universitaria;Life Sciences;1;2931;Baja;M;Alta;3;Sales Executive;Alta;Divorced;11083;2;Y;No;18;Alta;Baja;80;1;13;5;Alta;12;2.0;9;9
28;Yes;Travel_Frequently;Sales;1;Universitaria;Technical Degree;1;2932;Baja;M;Alta;1;Sales Representative;Alta;Married;2161;4;Y;No;16;Alta;Muy_Alta;80;1;6;3;Media;3;2.0;1;2
38;No;Travel_Rarely;Research & Development;17;Secundaria;Medical;1;2933;Alta;F;Media;5;Research Director;Media;Single;18596;1;Y;No;15;Alta;Baja;80;0;23;2;Alta;21;3.0;4;9
31;No;Travel_Rarely;Sales;4;Secundaria;Marketing;1;2934;Muy_Alta;F;Media;2;Sales Executive;Media;Divorced;7492;1;Y;No;13;Alta;Alta;80;3;9;2;Media;11;3.0;1;2
44;No;Travel_Rarely;Research & Development;13;Master;Medical;1;2935;Media;F;Muy_Alta;2;Healthcare Representative;Muy_Alta;Married;5211;5;Y;No;18;Alta;Alta;80;2;10;2;Media;0;0.0;0;0
32;No;Non-Travel;Sales;17;Universitaria;Life Sciences;1;2936;Muy_Alta;M;Alta;4;Manager;Alta;Single;17057;1;Y;No;11;Alta;Muy_Alta;80;0;11;2;Alta;12;3.0;7;0
25;No;Travel_Rarely;Research & Development;6;Universitaria;Life Sciences;1;2937;Alta;M;Alta;2;Research Scientist;Alta;Single;4000;2;Y;Yes;20;Muy_Alta;Media;80;0;10;2;Muy_Alta;7;2.0;1;3
45;Yes;Travel_Rarely;Sales;1;Primaria;Marketing;1;2938;Baja;M;Baja;5;Manager;Baja;Single;18240;1;Y;Yes;16;Alta;Baja;80;0;27;2;Alta;22;3.0;1;12
30;No;Non-Travel;Research & Development;1;Universitaria;Technical Degree;1;2939;Muy_Alta;M;Alta;2;Manufacturing Director;Alta;Married;4597;1;Y;No;13;Alta;Baja;80;1;10;1;Alta;12;3.0;1;8
34;No;Travel_Rarely;Sales;8;Secundaria;Marketing;1;2940;Media;F;Media;2;Sales Executive;Media;Married;6316;3;Y;No;13;Alta;Baja;80;1;9;2;Media;4;3.0;0;0
55;No;Travel_Frequently;Research & Development;5;Secundaria;Medical;1;2941;Media;F;Media;1;Laboratory Technician;Media;Single;1846;0;Y;No;14;Alta;Media;80;0;6;6;Media;5;3.0;7;7
44;No;Travel_Rarely;Research & Development;2;Secundaria;Life Sciences;1;2942;Media;F;Media;1;Research Scientist;Media;Single;2464;1;Y;No;14;Alta;Muy_Alta;80;0;0;3;Alta;3;3.0;0;0
38;No;Travel_Rarely;Research & Development;15;Secundaria;Medical;1;2943;Alta;F;Media;4;Manager;Media;Divorced;16902;6;Y;Yes;14;Alta;Muy_Alta;80;2;21;4;Media;19;3.0;15;1
50;No;Travel_Rarely;Research & Development;24;Universitaria;Life Sciences;1;2944;Muy_Alta;M;Alta;4;Manufacturing Director;Alta;Married;14032;2;Y;Yes;18;Alta;Muy_Alta;80;1;22;2;Alta;13;3.0;2;5
42;No;Travel_Frequently;Sales;25;Universitaria;Life Sciences;1;2945;Alta;M;Alta;4;Manager;Alta;Married;16956;1;Y;Yes;12;Alta;Muy_Alta;80;2;28;3;Alta;26;2.0;4;11
35;No;Travel_Rarely;Research & Development;7;Universitaria;Life Sciences;1;2946;Muy_Alta;M;Alta;1;Laboratory Technician;Alta;Married;3129;0;Y;No;13;Alta;Alta;80;1;17;4;Media;14;4.0;11;10
43;No;Travel_Rarely;Sales;4;Universitaria;Marketing;1;2947;Media;M;Alta;5;Manager;Alta;Married;18246;6;Y;No;11;Alta;Alta;80;1;24;5;Media;21;2.0;3;10
40;No;Travel_Frequently;Research & Development;6;Master;Life Sciences;1;2948;Baja;F;Muy_Alta;2;Manufacturing Director;Muy_Alta;Single;7005;7;Y;Yes;12;Alta;Muy_Alta;80;0;18;2;Alta;15;2.0;3;12
37;No;Travel_Rarely;Research & Development;23;Secundaria;Medical;1;2949;Alta;F;Media;2;Healthcare Representative;Media;Divorced;5861;7;Y;No;12;Alta;Alta;80;2;9;2;Alta;5;1.0;1;4
42;No;Travel_Rarely;Research & Development;14;Secundaria;Life Sciences;1;2950;Alta;F;Media;4;Research Director;Media;Married;16985;0;Y;No;24;Muy_Alta;Baja;80;1;13;3;Media;14;2.0;7;11
54;No;Travel_Rarely;Sales;9;Secundaria;Marketing;1;2951;Muy_Alta;F;Media;2;Sales Executive;Media;Married;5253;4;Y;No;17;Alta;Alta;80;1;3;3;Media;0;0.0;0;0
54;No;Travel_Frequently;Sales;3;Universitaria;Marketing;1;2952;Media;M;Alta;3;Sales Executive;Alta;Married;10045;1;Y;No;11;Alta;Media;80;0;12;5;Alta;6;3.0;3;2
32;No;Travel_Frequently;Sales;8;Universitaria;Marketing;1;2953;Muy_Alta;M;Alta;2;Sales Executive;Alta;Single;4369;8;Y;No;13;Alta;Alta;80;0;2;2;Alta;0;0.0;2;0
27;No;Travel_Rarely;Research & Development;3;Secundaria;Medical;1;2954;Baja;F;Media;1;Research Scientist;Media;Single;3484;0;Y;No;13;Alta;Muy_Alta;80;0;5;0;Alta;6;3.0;1;0
18;No;Travel_Rarely;Research & Development;4;Universitaria;Medical;1;2955;Media;M;Alta;1;Laboratory Technician;Alta;Single;1929;0;Y;No;15;Alta;Muy_Alta;80;0;0;3;Media;0;0.0;0;0
34;Yes;Travel_Frequently;Research & Development;29;Secundaria;Medical;1;2956;Baja;F;Media;2;Research Scientist;Media;Single;5875;1;Y;No;22;Muy_Alta;Media;80;0;12;4;Alta;12;3.0;4;8
51;No;Travel_Rarely;Research & Development;2;Universitaria;Technical Degree;1;2957;Baja;M;Alta;3;Manager;Alta;Married;14044;2;Y;No;11;Alta;Muy_Alta;80;0;12;2;Alta;2;2.0;3;2
36;Yes;Travel_Rarely;Sales;24;Secundaria;Medical;1;2958;Baja;F;Media;2;Sales Executive;Media;Single;4306;0;Y;Yes;23;Muy_Alta;Alta;80;0;19;2;Alta;17;3.0;9;9
24;Yes;Travel_Rarely;Research & Development;1;Universitaria;Medical;1;2959;Media;M;Alta;1;Research Scientist;Alta;Married;3377;3;Y;Yes;17;Alta;Baja;80;1;6;2;Muy_Alta;2;2.0;3;0
30;Yes;Travel_Rarely;Research & Development;1;Universitaria;Life Sciences;1;2960;Baja;M;Alta;1;Laboratory Technician;Alta;Single;3012;2;Y;No;12;Alta;Alta;80;0;7;5;Media;3;3.0;0;0
33;No;Travel_Rarely;Research & Development;1;Secundaria;Life Sciences;1;2961;Muy_Alta;F;Media;2;Manufacturing Director;Media;Married;5716;5;Y;No;13;Alta;Media;80;1;12;3;Media;11;2.0;5;9
29;No;Travel_Frequently;Research & Development;1;Master;Life Sciences;1;2962;Muy_Alta;F;Muy_Alta;2;Healthcare Representative;Muy_Alta;Single;6546;8;Y;Yes;12;Alta;Muy_Alta;80;0;10;5;Muy_Alta;2;2.0;0;2
25;No;Travel_Rarely;Research & Development;1;Master;Medical;1;2963;Muy_Alta;F;Muy_Alta;2;Manufacturing Director;Muy_Alta;Married;3823;1;Y;No;13;Alta;Media;80;0;10;2;Alta;9;3.0;2;3
53;Yes;Travel_Frequently;Sales;8;Universitaria;Technical Degree;1;2964;Media;M;Alta;2;Sales Executive;Alta;Married;7349;3;Y;Yes;14;Alta;Baja;80;1;18;4;Alta;2;2.0;1;3
35;No;Travel_Frequently;Sales;10;Universitaria;Marketing;1;2965;Muy_Alta;M;Alta;2;Sales Executive;Alta;Divorced;6197;1;Y;No;11;Alta;Muy_Alta;80;1;6;3;Media;5;3.0;0;2
32;No;Travel_Rarely;Research & Development;7;Universitaria;Technical Degree;1;2966;Alta;M;Alta;1;Research Scientist;Alta;Married;4052;0;Y;Yes;13;Alta;Alta;80;1;3;4;Alta;7;3.0;0;3
31;No;Travel_Rarely;Human Resources;8;Master;Medical;1;2967;Muy_Alta;F;Muy_Alta;1;Human Resources;Muy_Alta;Single;1066;9;Y;No;18;Alta;Muy_Alta;80;0;9;3;Muy_Alta;2;2.0;0;2
31;No;Non-Travel;Sales;14;Universitaria;Life Sciences;1;2968;Alta;M;Alta;2;Sales Executive;Alta;Divorced;5425;0;Y;Yes;24;Muy_Alta;Alta;80;1;6;2;Media;7;4.0;1;3
29;No;Travel_Rarely;Research & Development;1;Universitaria;Technical Degree;1;2969;Muy_Alta;M;Alta;1;Research Scientist;Alta;Single;1010;2;Y;No;11;Alta;Media;80;0;5;2;Muy_Alta;3;3.0;1;3
30;No;Travel_Frequently;Sales;1;Secundaria;Life Sciences;1;2970;Alta;M;Media;3;Sales Executive;Media;Married;5686;1;Y;Yes;13;Alta;Alta;80;1;8;2;Alta;4;3.0;1;7
36;No;Travel_Frequently;Research & Development;26;Universitaria;Medical;1;2971;Media;M;Alta;2;Research Scientist;Alta;Divorced;6144;1;Y;No;11;Alta;Baja;80;1;20;2;Alta;21;2.0;3;13
51;Yes;Travel_Frequently;Research & Development;12;Primaria;Life Sciences;1;2972;Baja;M;Baja;3;Manufacturing Director;Baja;Single;7849;2;Y;No;16;Alta;Muy_Alta;80;0;17;2;Muy_Alta;5;2.0;0;4
39;No;Travel_Rarely;Research & Development;1;Secundaria;Medical;1;2973;Alta;F;Media;1;Research Scientist;Media;Married;3382;3;Y;No;14;Alta;Baja;80;1;16;2;Media;4;2.0;1;3
37;No;Travel_Frequently;Research & Development;10;Secundaria;Medical;1;2974;Alta;F;Media;5;Manager;Media;Married;18652;1;Y;No;14;Alta;Baja;80;1;21;2;Media;21;4.0;12;2
34;No;Travel_Rarely;Research & Development;1;Secundaria;Life Sciences;1;2975;Muy_Alta;F;Media;1;Research Scientist;Media;Divorced;3134;4;Y;No;11;Alta;Alta;80;1;15;3;Media;7;4.0;5;6
50;No;Travel_Rarely;Research & Development;3;Universitaria;Medical;1;2976;Media;M;Alta;5;Research Director;Alta;Married;19246;3;Y;Yes;13;Alta;Muy_Alta;80;1;27;2;Media;7;3.0;7;6
35;No;Travel_Frequently;Research & Development;3;Universitaria;Life Sciences;1;2977;Baja;M;Alta;2;Healthcare Representative;Alta;Single;7960;0;Y;No;17;Alta;Alta;80;0;7;1;Baja;6;4.0;0;4
28;No;Travel_Rarely;Sales;20;Universitaria;Marketing;1;2978;Muy_Alta;M;Alta;2;Sales Executive;Alta;Divorced;6794;2;Y;No;14;Alta;Muy_Alta;80;1;10;1;Alta;4;2.0;0;1
33;No;Travel_Rarely;Research & Development;12;Universitaria;Medical;1;2979;Alta;F;Alta;1;Research Scientist;Alta;Married;4097;8;Y;Yes;23;Muy_Alta;Alta;80;1;7;0;Muy_Alta;2;2.0;1;2
49;No;Travel_Frequently;Sales;3;Universitaria;Marketing;1;2980;Media;M;Alta;3;Sales Executive;Alta;Married;10722;2;Y;No;11;Alta;Media;80;0;13;5;Media;4;3.0;3;2
23;No;Travel_Rarely;Research & Development;8;Master;Technical Degree;1;2981;Muy_Alta;F;Muy_Alta;1;Research Scientist;Muy_Alta;Married;2319;2;Y;No;15;Alta;Muy_Alta;80;1;5;2;Muy_Alta;0;0.0;2;2
37;No;Travel_Rarely;Research & Development;1;Primaria;Technical Degree;1;2982;Alta;M;Baja;3;Manufacturing Director;Baja;Divorced;10715;1;Y;Yes;22;Muy_Alta;Alta;80;1;16;2;Muy_Alta;10;4.0;7;7
35;No;Travel_Rarely;Research & Development;6;Secundaria;Other;1;2983;Muy_Alta;F;Media;1;Laboratory Technician;Media;Married;5396;0;Y;No;11;Alta;Media;80;1;5;3;Media;4;1.0;0;3
33;No;Travel_Rarely;Research & Development;7;Universitaria;Other;1;2984;Alta;M;Alta;3;Manufacturing Director;Alta;Single;9769;3;Y;No;21;Muy_Alta;Media;80;0;15;3;Alta;9;2.0;1;6
29;No;Non-Travel;Sales;17;Universitaria;Life Sciences;1;2985;Muy_Alta;M;Alta;4;Manager;Alta;Single;16565;1;Y;No;11;Alta;Muy_Alta;80;0;12;2;Alta;9;3.0;6;1
47;No;Travel_Rarely;Sales;3;Universitaria;Marketing;1;2986;Alta;M;Alta;2;Sales Executive;Alta;Married;5821;0;Y;Yes;21;Muy_Alta;Baja;80;1;10;2;Alta;8;3.0;7;6
30;No;Travel_Rarely;Research & Development;20;Master;Life Sciences;1;2987;Media;F;Muy_Alta;3;Manufacturing Director;Muy_Alta;Divorced;10311;1;Y;No;11;Alta;Alta;80;1;11;1;Alta;10;3.0;8;8
41;Yes;Travel_Rarely;Sales;10;Primaria;Marketing;1;2988;Baja;M;Baja;2;Sales Executive;Baja;Single;4494;9;Y;No;13;Alta;Media;80;0;9;2;Alta;6;1.0;0;3
27;No;Travel_Rarely;Research & Development;4;Universitaria;Life Sciences;1;2989;Alta;M;Alta;1;Research Scientist;Alta;Married;2495;0;Y;No;23;Muy_Alta;Muy_Alta;80;1;3;3;Alta;4;3.0;0;4
38;No;Travel_Rarely;Research & Development;26;Secundaria;Medical;1;2990;Alta;F;Media;1;Research Scientist;Media;Single;3688;1;Y;No;11;Alta;Muy_Alta;80;0;5;3;Baja;6;3.0;1;1
29;Yes;Travel_Rarely;Research & Development;24;Primaria;Technical Degree;1;2991;Alta;M;Baja;1;Laboratory Technician;Baja;Single;1186;1;Y;Yes;18;Alta;Media;80;0;3;3;Muy_Alta;2;2.0;0;0
38;Yes;Travel_Rarely;Research & Development;2;Universitaria;Medical;1;2992;Alta;M;Alta;2;Manufacturing Director;Alta;Married;5984;4;Y;No;12;Alta;Baja;80;2;8;2;Alta;4;3.0;1;5
27;Yes;Travel_Frequently;Research & Development;2;Universitaria;Life Sciences;1;2993;Baja;M;Alta;1;Research Scientist;Alta;Married;2557;6;Y;Yes;13;Alta;Media;80;1;6;2;Media;5;3.0;1;1
29;No;Travel_Rarely;Research & Development;2;Secundaria;Life Sciences;1;2994;Muy_Alta;F;Media;2;Manufacturing Director;Media;Single;9828;8;Y;No;24;Muy_Alta;Media;80;0;6;1;Media;0;0.0;0;0
38;No;Travel_Rarely;Sales;3;Primaria;Marketing;1;2995;Media;M;Baja;2;Sales Representative;Baja;Married;5081;2;Y;Yes;20;Muy_Alta;Baja;80;2;21;4;Baja;5;4.0;0;3
30;No;Travel_Rarely;Research & Development;1;Universitaria;Life Sciences;1;2996;Baja;M;Alta;2;Healthcare Representative;Alta;Married;5876;0;Y;No;11;Alta;Baja;80;1;7;5;Alta;6;2.0;0;2
31;No;Travel_Rarely;Research & Development;8;Universitaria;Life Sciences;1;2997;Baja;M;Alta;2;Research Scientist;Alta;Married;7437;1;Y;Yes;13;Alta;Muy_Alta;80;1;3;2;Alta;5;2.0;0;4
29;No;Non-Travel;Research & Development;1;Secundaria;Life Sciences;1;2998;Alta;F;Media;1;Laboratory Technician;Media;Married;2417;7;Y;No;20;Muy_Alta;Alta;80;0;6;3;Media;3;2.0;0;2
26;No;Travel_Rarely;Sales;2;Universitaria;Other;1;2999;Baja;M;Alta;2;Sales Executive;Alta;Married;4941;0;Y;No;20;Muy_Alta;Baja;80;1;6;2;Alta;3;2.0;0;2
33;No;Travel_Rarely;Sales;1;Master;Marketing;1;3000;Media;F;Muy_Alta;2;Sales Executive;Muy_Alta;Divorced;8727;0;Y;No;12;Alta;Muy_Alta;80;1;15;2;Alta;16;4.0;0;9
44;No;Travel_Frequently;Research & Development;1;Universitaria;Medical;1;3001;Media;M;Alta;2;Healthcare Representative;Alta;Single;4072;4;Y;No;13;Alta;Alta;80;0;10;3;Media;3;3.0;0;3
35;No;Travel_Frequently;Research & Development;8;Universitaria;Medical;1;3002;Media;M;Alta;1;Research Scientist;Alta;Married;4195;1;Y;Yes;11;Alta;Alta;80;3;5;3;Media;3;3.0;1;1
42;Yes;Travel_Rarely;Sales;20;Universitaria;Marketing;1;3003;Media;M;Alta;1;Sales Representative;Alta;Single;1875;1;Y;Yes;22;Muy_Alta;Muy_Alta;80;0;6;5;Alta;5;3.0;0;2
39;Yes;Travel_Frequently;Research & Development;3;Universitaria;Life Sciences;1;3004;Baja;M;Alta;4;Healthcare Representative;Alta;Divorced;12583;6;Y;No;12;Alta;Muy_Alta;80;3;19;4;Alta;19;3.0;10;4
34;No;Travel_Rarely;Research & Development;2;Primaria;Life Sciences;1;3005;Alta;M;Baja;1;Research Scientist;Baja;Married;2422;1;Y;No;12;Alta;Muy_Alta;80;1;1;5;Baja;5;1.0;1;2
30;No;Travel_Rarely;Sales;7;Universitaria;Other;1;3006;Alta;M;Alta;3;Sales Executive;Alta;Divorced;5879;5;Y;No;11;Alta;Baja;80;1;11;2;Muy_Alta;6;2.0;7;8
32;Yes;Travel_Frequently;Sales;2;Secundaria;Life Sciences;1;3007;Alta;F;Media;1;Sales Representative;Media;Single;1281;8;Y;No;13;Alta;Alta;80;0;3;3;Media;1;1.0;0;0
54;No;Travel_Rarely;Research & Development;26;Universitaria;Life Sciences;1;3008;Muy_Alta;M;Alta;4;Research Director;Alta;Single;15290;6;Y;No;18;Alta;Alta;80;0;34;0;Alta;12;3.0;4;8
43;No;Travel_Rarely;Sales;1;Primaria;Medical;1;3009;Media;M;Baja;2;Sales Executive;Baja;Married;6398;2;Y;Yes;22;Muy_Alta;Alta;80;3;5;2;Baja;6;1.0;1;3
25;No;Travel_Rarely;Sales;5;Secundaria;Other;1;3010;Muy_Alta;F;Media;1;Sales Representative;Media;Single;2345;0;Y;No;19;Alta;Muy_Alta;80;0;5;2;Media;4;3.0;0;0
49;No;Travel_Rarely;Research & Development;7;Secundaria;Other;1;3011;Media;F;Media;3;Healthcare Representative;Media;Single;11207;7;Y;No;24;Muy_Alta;Alta;80;0;28;2;Alta;6;2.0;1;0
36;No;Non-Travel;Sales;18;Universitaria;Life Sciences;1;3012;Muy_Alta;M;Alta;5;Manager;Alta;Single;16865;2;Y;No;12;Alta;Muy_Alta;80;0;10;2;Alta;12;3.0;5;0
42;No;Travel_Rarely;Sales;7;Universitaria;Marketing;1;3013;Alta;M;Alta;2;Sales Executive;Alta;Married;9578;1;Y;No;11;Alta;Muy_Alta;80;1;11;2;Alta;9;3.0;4;1
34;No;Travel_Frequently;Research & Development;3;Universitaria;Medical;1;3014;Muy_Alta;M;Alta;1;Laboratory Technician;Alta;Single;1421;4;Y;No;12;Alta;Alta;80;0;13;3;Alta;7;2.0;7;2
43;No;Travel_Rarely;Research & Development;4;Master;Life Sciences;1;3015;Media;F;Muy_Alta;2;Healthcare Representative;Muy_Alta;Married;6648;2;Y;No;15;Alta;Muy_Alta;80;1;11;5;Alta;3;3.0;3;1
41;No;Travel_Rarely;Research & Development;1;Universitaria;Medical;1;3016;Alta;M;Alta;1;Research Scientist;Alta;Married;1791;1;Y;No;14;Alta;Media;80;3;18;2;Alta;5;3.0;0;2
26;Yes;Travel_Frequently;Research & Development;1;Universitaria;Life Sciences;1;3017;Baja;M;Alta;1;Research Scientist;Alta;Married;1994;5;Y;Yes;14;Alta;Media;80;1;7;2;Media;4;2.0;0;1
46;No;Travel_Rarely;Sales;3;Master;Technical Degree;1;3018;Baja;F;Muy_Alta;4;Sales Executive;Muy_Alta;Divorced;12955;3;Y;No;12;Alta;Muy_Alta;80;1;25;5;Muy_Alta;18;4.0;4;8
45;No;Travel_Rarely;Sales;4;Universitaria;Marketing;1;3019;Media;M;Alta;5;Manager;Alta;Married;19179;6;Y;No;11;Alta;Alta;80;1;28;5;Media;23;3.0;3;11
27;Yes;Travel_Rarely;Research & Development;18;Universitaria;Life Sciences;1;3020;Muy_Alta;M;Alta;1;Research Scientist;Alta;Single;2417;1;Y;Yes;12;Alta;Muy_Alta;80;0;7;2;Alta;7;2.0;7;6
34;No;Travel_Rarely;Research & Development;9;Master;Medical;1;3021;Alta;F;Muy_Alta;2;Research Scientist;Muy_Alta;Married;5404;5;Y;No;13;Alta;Alta;80;1;9;4;Alta;4;3.0;0;2
51;No;Travel_Rarely;Research & Development;10;Universitaria;Life Sciences;1;3022;Muy_Alta;M;Alta;2;Laboratory Technician;Alta;Married;4223;8;Y;No;20;Muy_Alta;Media;80;1;7;3;Alta;6;3.0;1;5
35;No;Travel_Frequently;Sales;5;Universitaria;Marketing;1;3023;Muy_Alta;M;Alta;1;Sales Representative;Alta;Divorced;2241;1;Y;No;11;Alta;Alta;80;1;0;5;Alta;0;0.0;3;1
29;No;Travel_Rarely;Research & Development;4;Secundaria;Technical Degree;1;3024;Muy_Alta;F;Media;2;Laboratory Technician;Media;Single;1323;4;Y;No;12;Alta;Muy_Alta;80;0;9;5;Alta;4;2.0;0;4
32;Yes;Travel_Rarely;Sales;14;Universitaria;Marketing;1;3025;Baja;M;Alta;2;Sales Executive;Alta;Single;6651;4;Y;No;16;Alta;Alta;80;0;6;3;Alta;3;3.0;0;2
41;No;Non-Travel;Research & Development;13;Secundaria;Life Sciences;1;3026;Muy_Alta;F;Media;2;Healthcare Representative;Media;Married;3075;9;Y;No;14;Alta;Muy_Alta;80;1;7;5;Alta;4;2.0;0;2
52;No;Travel_Rarely;Research & Development;4;Universitaria;Life Sciences;1;3027;Baja;M;Alta;5;Research Director;Alta;Divorced;18800;2;Y;No;13;Alta;Baja;80;2;28;4;Alta;9;3.0;1;5
18;Yes;Travel_Frequently;Sales;4;Universitaria;Medical;1;3028;Media;M;Alta;1;Sales Representative;Alta;Single;1168;0;Y;Yes;11;Alta;Alta;80;1;2;2;Alta;0;0.0;0;0
41;No;Travel_Rarely;Research & Development;7;Secundaria;Medical;1;3029;Muy_Alta;F;Media;3;Healthcare Representative;Media;Married;9695;4;Y;No;15;Alta;Baja;80;1;10;5;Media;7;4.0;1;7
34;No;Travel_Rarely;Research & Development;1;Universitaria;Life Sciences;1;3030;Muy_Alta;M;Alta;1;Research Scientist;Alta;Single;1009;1;Y;No;13;Alta;Media;80;0;17;3;Alta;18;3.0;4;7
34;No;Travel_Rarely;Research & Development;1;Universitaria;Life Sciences;1;3031;Alta;M;Alta;1;Research Scientist;Alta;Single;1994;0;Y;No;14;Alta;Baja;80;0;2;2;Alta;3;1.0;0;3
31;No;Travel_Frequently;Sales;3;Universitaria;Other;1;3032;Muy_Alta;M;Alta;2;Sales Executive;Alta;Single;6429;7;Y;No;14;Alta;Muy_Alta;80;0;11;3;Alta;6;2.0;0;3
45;No;Travel_Rarely;Research & Development;9;Universitaria;Life Sciences;1;3033;Baja;M;Alta;1;Research Scientist;Alta;Married;1009;2;Y;No;22;Muy_Alta;Muy_Alta;80;2;11;3;Alta;2;2.0;0;2
34;Yes;Travel_Rarely;Sales;3;Universitaria;Marketing;1;3034;Muy_Alta;M;Alta;1;Sales Representative;Alta;Single;2048;2;Y;Yes;14;Alta;Media;80;0;1;2;Alta;0;0.0;0;0
28;Yes;Travel_Rarely;Research & Development;7;Primaria;Other;1;3035;Media;M;Baja;1;Laboratory Technician;Baja;Married;3922;1;Y;Yes;11;Alta;Muy_Alta;80;0;7;4;Alta;7;3.0;0;7
34;No;Travel_Rarely;Research & Development;1;Secundaria;Medical;1;3036;Alta;F;Media;1;Research Scientist;Media;Single;5099;0;Y;No;12;Alta;Alta;80;0;7;3;Muy_Alta;5;3.0;0;2
47;No;Travel_Rarely;Research & Development;5;Universitaria;Life Sciences;1;3037;Muy_Alta;M;Alta;2;Manufacturing Director;Alta;Single;7535;2;Y;No;11;Alta;Alta;80;0;10;1;Alta;9;3.0;1;8
54;Yes;Travel_Rarely;Research & Development;4;Secundaria;Medical;1;3038;Alta;F;Media;3;Manufacturing Director;Media;Married;10589;6;Y;Yes;14;Alta;Muy_Alta;80;0;29;0;Media;10;3.0;5;9
22;No;Travel_Rarely;Research & Development;2;Universitaria;Other;1;3039;Muy_Alta;M;Alta;1;Laboratory Technician;Alta;Divorced;3895;6;Y;Yes;19;Alta;Alta;80;0;9;2;Muy_Alta;0;0.0;0;2
33;No;Travel_Rarely;Sales;3;Universitaria;Life Sciences;1;3040;Alta;M;Alta;1;Sales Representative;Alta;Married;4997;2;Y;No;11;Alta;Baja;80;1;5;5;Alta;4;1.0;0;2
51;Yes;Travel_Frequently;Research & Development;29;Secundaria;Life Sciences;1;3041;Baja;F;Media;2;Laboratory Technician;Media;Single;2771;3;Y;No;19;Muy_Alta;Baja;80;0;16;2;Baja;5;4.0;1;3
40;No;Travel_Rarely;Research & Development;18;Universitaria;Life Sciences;1;3042;Muy_Alta;M;Alta;2;Research Scientist;Alta;Divorced;6866;6;Y;Yes;17;Alta;Alta;80;1;8;3;Alta;4;3.0;1;2
43;No;Travel_Rarely;Sales;10;Universitaria;Life Sciences;1;3043;Alta;M;Alta;3;Sales Executive;Alta;Divorced;7615;3;Y;Yes;13;Alta;Alta;80;1;13;2;Media;10;3.0;0;8
35;No;Travel_Frequently;Research & Development;10;Secundaria;Technical Degree;1;3044;Muy_Alta;F;Media;2;Healthcare Representative;Media;Married;4221;1;Y;No;14;Alta;Media;80;1;9;3;Media;7;3.0;7;6
34;No;Travel_Rarely;Research & Development;2;Universitaria;Life Sciences;1;3045;Muy_Alta;M;Alta;2;Research Scientist;Alta;Divorced;4713;2;Y;No;12;Alta;Alta;80;1;9;2;Alta;11;3.0;6;10
39;No;Travel_Rarely;Sales;16;Universitaria;Life Sciences;1;3046;Alta;M;Alta;2;Sales Executive;Alta;Married;12180;0;Y;No;11;Alta;Muy_Alta;80;1;13;3;Media;11;3.0;6;7
25;No;Travel_Rarely;Research & Development;8;Secundaria;Other;1;3047;Alta;F;Media;1;Research Scientist;Media;Married;2263;1;Y;No;18;Alta;Alta;80;0;3;3;Muy_Alta;4;2.0;4;3
47;No;Non-Travel;Sales;25;Secundaria;Life Sciences;1;3048;Media;F;Media;2;Sales Executive;Media;Single;7797;8;Y;No;14;Alta;Alta;80;0;9;3;Media;1;1.0;3;2
23;Yes;Travel_Frequently;Research & Development;9;Universitaria;Life Sciences;1;3049;Baja;M;Alta;1;Laboratory Technician;Alta;Married;4202;0;Y;Yes;16;Alta;Muy_Alta;80;1;6;5;Alta;6;2.0;1;3
25;No;Travel_Rarely;Research & Development;15;Master;Medical;1;3050;Media;F;Muy_Alta;2;Healthcare Representative;Muy_Alta;Single;4145;0;Y;No;19;Alta;Alta;80;0;11;2;Media;10;2.0;0;7
36;No;Travel_Rarely;Sales;10;Secundaria;Technical Degree;1;3051;Media;F;Media;2;Sales Executive;Media;Married;5466;1;Y;Yes;13;Alta;Baja;80;1;10;4;Media;8;3.0;1;6
60;No;Non-Travel;Research & Development;1;Primaria;Life Sciences;1;3052;Muy_Alta;F;Baja;2;Healthcare Representative;Baja;Divorced;6877;3;Y;Yes;11;Alta;Muy_Alta;80;1;10;2;Baja;5;3.0;0;2
18;Yes;Travel_Rarely;Research & Development;3;Universitaria;Life Sciences;1;3053;Alta;M;Alta;1;Laboratory Technician;Alta;Single;1009;1;Y;No;13;Alta;Alta;80;0;1;2;Alta;1;1.0;0;0
26;No;Travel_Rarely;Research & Development;4;Master;Medical;1;3054;Baja;F;Muy_Alta;1;Laboratory Technician;Muy_Alta;Married;6106;1;Y;No;22;Muy_Alta;Media;80;1;10;2;Muy_Alta;11;4.0;0;8
41;No;Travel_Rarely;Sales;1;Universitaria;Life Sciences;1;3055;Media;M;Alta;2;Sales Executive;Alta;Divorced;7651;3;Y;No;16;Alta;Muy_Alta;80;1;11;3;Alta;6;3.0;1;7
42;No;Travel_Rarely;Research & Development;5;Universitaria;Medical;1;3056;Alta;M;Alta;3;Research Director;Alta;Married;13484;9;Y;No;14;Alta;Media;80;1;18;3;Alta;12;2.0;6;6
60;No;Travel_Frequently;Sales;27;Secundaria;Marketing;1;3057;Alta;F;Media;3;Sales Executive;Media;Married;9527;4;Y;No;18;Alta;Muy_Alta;80;0;22;5;Media;18;4.0;13;11
50;No;Travel_Rarely;Research & Development;5;Secundaria;Medical;1;3058;Muy_Alta;F;Media;3;Manufacturing Director;Media;Married;7924;2;Y;Yes;13;Alta;Alta;80;0;27;4;Alta;4;3.0;0;3
32;Yes;Travel_Rarely;Research & Development;25;Secundaria;Medical;1;3059;Baja;F;Media;1;Research Scientist;Media;Single;3489;5;Y;Yes;19;Muy_Alta;Media;80;0;6;0;Alta;3;3.0;2;3
36;No;Travel_Frequently;Research & Development;11;Universitaria;Other;1;3060;Media;M;Alta;3;Research Director;Alta;Divorced;10767;2;Y;Yes;15;Alta;Alta;80;3;12;1;Alta;8;3.0;1;6
25;No;Travel_Rarely;Sales;5;Secundaria;Life Sciences;1;3061;Media;F;Media;2;Sales Executive;Media;Single;5034;1;Y;Yes;11;Alta;Media;80;0;3;3;Alta;3;3.0;1;2
25;No;Travel_Rarely;Research & Development;4;Master;Medical;1;3062;Muy_Alta;F;Muy_Alta;2;Manufacturing Director;Muy_Alta;Married;5036;1;Y;No;13;Alta;Media;80;0;6;2;Alta;9;2.0;1;2
32;No;Travel_Frequently;Research & Development;18;Secundaria;Life Sciences;1;3063;Alta;F;Media;1;Research Scientist;Media;Single;1487;1;Y;No;16;Alta;Alta;80;0;6;3;Alta;3;3.0;1;3
39;Yes;Travel_Rarely;Research & Development;7;Universitaria;Life Sciences;1;3064;Baja;M;Alta;2;Laboratory Technician;Alta;Single;3272;3;Y;Yes;14;Alta;Media;80;0;12;3;Alta;3;3.0;0;2
60;No;Travel_Rarely;Sales;25;Universitaria;Life Sciences;1;3065;Baja;M;Alta;3;Sales Executive;Alta;Single;7718;7;Y;No;11;Alta;Muy_Alta;80;0;25;3;Alta;21;3.0;8;10
28;No;Travel_Rarely;Research & Development;12;Secundaria;Life Sciences;1;3066;Muy_Alta;F;Media;2;Laboratory Technician;Media;Single;3675;1;Y;Yes;11;Alta;Muy_Alta;80;0;11;3;Muy_Alta;9;2.0;0;8
35;No;Travel_Rarely;Research & Development;3;Master;Medical;1;3067;Muy_Alta;F;Muy_Alta;1;Research Scientist;Muy_Alta;Married;1826;0;Y;Yes;14;Alta;Baja;80;3;6;3;Muy_Alta;3;3.0;1;2
33;No;Travel_Frequently;Sales;12;Secundaria;Marketing;1;3068;Media;M;Media;2;Sales Executive;Media;Single;2917;3;Y;No;14;Alta;Alta;80;0;7;6;Alta;8;2.0;1;2
23;No;Travel_Rarely;Research & Development;1;Universitaria;Other;1;3069;Muy_Alta;M;Alta;1;Laboratory Technician;Alta;Divorced;3324;6;Y;Yes;19;Alta;Alta;80;1;5;2;Muy_Alta;2;2.0;1;2
30;Yes;Non-Travel;Research & Development;18;Primaria;Technical Degree;1;3070;Muy_Alta;M;Baja;1;Research Scientist;Baja;Married;1226;0;Y;Yes;22;Muy_Alta;Media;80;1;5;2;Media;5;1.0;3;2
37;No;Non-Travel;Sales;9;Universitaria;Medical;1;3071;Baja;M;Alta;3;Sales Executive;Alta;Divorced;8924;1;Y;No;13;Alta;Muy_Alta;80;1;6;6;Muy_Alta;11;3.0;8;7
47;No;Travel_Rarely;Research & Development;10;Secundaria;Life Sciences;1;3072;Muy_Alta;F;Media;2;Research Scientist;Media;Divorced;7091;8;Y;Yes;21;Muy_Alta;Baja;80;3;18;2;Alta;17;3.0;1;8
40;No;Travel_Frequently;Research & Development;26;Universitaria;Medical;1;3073;Baja;M;Alta;3;Research Director;Alta;Married;12848;3;Y;Yes;17;Alta;Alta;80;0;17;6;Alta;0;0.0;0;0
36;No;Travel_Rarely;Research & Development;21;Universitaria;Life Sciences;1;3074;Muy_Alta;M;Alta;2;Healthcare Representative;Alta;Married;2775;1;Y;Yes;25;Muy_Alta;Muy_Alta;80;1;11;2;Alta;10;2.0;0;6
38;Yes;Travel_Rarely;Research & Development;21;Universitaria;Medical;1;3075;Alta;M;Alta;1;Research Scientist;Alta;Single;6193;0;Y;No;13;Alta;Baja;80;0;8;2;Alta;6;3.0;1;3
38;No;Travel_Rarely;Research & Development;24;Primaria;Medical;1;3076;Media;M;Baja;1;Laboratory Technician;Baja;Married;3133;0;Y;No;17;Alta;Media;80;1;3;2;Baja;5;1.0;0;3
40;No;Travel_Rarely;Human Resources;3;Master;Human Resources;1;3077;Alta;F;Muy_Alta;2;Human Resources;Muy_Alta;Married;8501;9;Y;No;15;Alta;Alta;80;1;12;3;Media;11;3.0;3;7
32;No;Travel_Frequently;Sales;1;Universitaria;Marketing;1;3078;Alta;M;Alta;3;Sales Executive;Alta;Single;9333;1;Y;No;13;Alta;Baja;80;0;12;3;Alta;10;1.0;0;8
55;No;Travel_Rarely;Research & Development;2;Secundaria;Medical;1;3079;Alta;F;Media;5;Research Director;Media;Married;19158;8;Y;No;12;Alta;Media;80;3;36;2;Media;1;1.0;0;0
42;No;Non-Travel;Human Resources;3;Master;Medical;1;3080;Muy_Alta;F;Muy_Alta;2;Human Resources;Muy_Alta;Married;5277;8;Y;No;17;Alta;Baja;80;1;12;3;Media;4;3.0;0;3
35;No;Travel_Rarely;Research & Development;7;Universitaria;Life Sciences;1;3081;Muy_Alta;M;Alta;3;Healthcare Representative;Alta;Married;7969;7;Y;Yes;13;Alta;Muy_Alta;80;1;17;1;Alta;12;3.0;5;8
41;No;Travel_Rarely;Research & Development;4;Universitaria;Medical;1;3082;Alta;M;Alta;3;Research Director;Alta;Married;12800;9;Y;No;13;Alta;Media;80;1;16;2;Alta;14;3.0;4;8
40;No;Travel_Rarely;Research & Development;4;Secundaria;Medical;1;3083;Muy_Alta;F;Media;1;Research Scientist;Media;Single;3848;0;Y;Yes;18;Muy_Alta;Muy_Alta;80;0;8;2;Alta;3;2.0;2;4
49;No;Travel_Rarely;Sales;27;Master;Medical;1;3084;Muy_Alta;F;Muy_Alta;4;Sales Executive;Muy_Alta;Married;14037;3;Y;Yes;18;Alta;Alta;80;1;23;2;Muy_Alta;10;3.0;11;11
34;No;Travel_Rarely;Research & Development;5;Primaria;Life Sciences;1;3085;Media;M;Baja;2;Research Scientist;Baja;Single;6209;2;Y;No;14;Alta;Media;80;0;20;3;Alta;17;3.0;12;7
35;No;Travel_Rarely;Research & Development;2;Universitaria;Other;1;3086;Muy_Alta;M;Alta;2;Research Scientist;Alta;Married;6889;4;Y;Yes;23;Muy_Alta;Muy_Alta;80;1;15;2;Muy_Alta;3;3.0;0;0
21;No;Travel_Rarely;Research & Development;15;Universitaria;Medical;1;3087;Media;M;Alta;1;Laboratory Technician;Alta;Single;3202;1;Y;No;14;Alta;Alta;80;0;3;5;Alta;0;0.0;0;0
58;No;Travel_Rarely;Sales;20;Universitaria;Life Sciences;1;3088;Muy_Alta;M;Alta;4;Manager;Alta;Married;17142;4;Y;Yes;13;Alta;Alta;80;1;28;3;Muy_Alta;1;1.0;0;0
39;No;Travel_Rarely;Research & Development;4;Universitaria;Technical Degree;1;3089;Media;M;Alta;3;Manufacturing Director;Alta;Single;8528;4;Y;No;18;Alta;Muy_Alta;80;0;12;3;Alta;7;3.0;2;2
38;No;Travel_Rarely;Research & Development;24;Master;Technical Degree;1;3090;Muy_Alta;F;Muy_Alta;1;Laboratory Technician;Muy_Alta;Divorced;3839;5;Y;No;11;Alta;Alta;80;1;7;0;Muy_Alta;5;4.0;0;2
28;No;Travel_Rarely;Research & Development;17;Primaria;Medical;1;3091;Muy_Alta;M;Baja;1;Laboratory Technician;Baja;Married;2087;1;Y;No;15;Alta;Alta;80;3;5;3;Baja;2;2.0;0;3
34;No;Travel_Rarely;Sales;11;Universitaria;Life Sciences;1;3092;Media;M;Alta;2;Sales Executive;Alta;Divorced;3761;2;Y;No;11;Alta;Alta;80;1;7;3;Alta;5;2.0;1;2
38;No;Travel_Frequently;Human Resources;1;Universitaria;Other;1;3093;Muy_Alta;M;Alta;1;Human Resources;Alta;Married;2064;0;Y;Yes;11;Alta;Media;80;1;7;2;Alta;6;1.0;2;3
51;No;Travel_Frequently;Sales;3;Secundaria;Medical;1;3094;Muy_Alta;M;Media;2;Sales Executive;Media;Married;3577;3;Y;No;13;Alta;Muy_Alta;80;0;18;3;Alta;9;3.0;1;9
38;No;Non-Travel;Research & Development;9;Universitaria;Life Sciences;1;3095;Muy_Alta;M;Alta;5;Manager;Alta;Single;19999;2;Y;No;12;Alta;Alta;80;0;21;3;Media;6;3.0;2;4
52;No;Travel_Rarely;Research & Development;6;Universitaria;Life Sciences;1;3096;Baja;M;Alta;5;Research Director;Alta;Single;17953;7;Y;No;14;Alta;Alta;80;0;23;5;Media;20;3.0;14;14
46;No;Non-Travel;Research & Development;15;Primaria;Life Sciences;1;3097;Muy_Alta;M;Baja;1;Research Scientist;Baja;Single;4272;2;Y;No;13;Alta;Muy_Alta;80;0;8;3;Alta;0;0.0;0;1
55;No;Travel_Rarely;Sales;12;Secundaria;Marketing;1;3098;Muy_Alta;F;Media;2;Sales Executive;Media;Married;6021;4;Y;No;16;Alta;Alta;80;1;8;3;Muy_Alta;0;0.0;0;1
47;No;Non-Travel;Sales;6;Secundaria;Medical;1;3099;Muy_Alta;F;Media;3;Sales Executive;Media;Single;7452;5;Y;No;13;Alta;Muy_Alta;80;0;23;2;Media;18;3.0;13;9
36;No;Travel_Rarely;Research & Development;1;Secundaria;Medical;1;3100;Muy_Alta;F;Media;1;Laboratory Technician;Media;Married;4002;6;Y;No;13;Alta;Media;80;1;10;2;Alta;8;3.0;1;8
23;No;Non-Travel;Research & Development;4;Universitaria;Life Sciences;1;3101;Alta;M;Alta;1;Laboratory Technician;Alta;Married;2064;4;Y;No;15;Alta;Alta;80;1;9;3;Alta;6;3.0;1;4
35;No;Non-Travel;Research & Development;4;Universitaria;Technical Degree;1;3102;Muy_Alta;M;Alta;2;Research Scientist;Alta;Divorced;3219;6;Y;No;16;Alta;Muy_Alta;80;2;15;1;Muy_Alta;10;3.0;1;8
42;No;Travel_Rarely;Research & Development;2;Master;Medical;1;3103;Muy_Alta;F;Muy_Alta;1;Research Scientist;Muy_Alta;Divorced;2357;1;Y;No;11;Alta;Muy_Alta;80;2;7;3;Muy_Alta;3;3.0;1;4
54;No;Non-Travel;Research & Development;4;Secundaria;Medical;1;3104;Baja;F;Media;4;Manufacturing Director;Media;Married;15489;6;Y;Yes;19;Muy_Alta;Muy_Alta;80;3;27;2;Media;3;3.0;0;2
23;No;Travel_Frequently;Research & Development;2;Universitaria;Technical Degree;1;3105;Baja;M;Alta;1;Research Scientist;Alta;Single;3302;1;Y;Yes;13;Alta;Alta;80;0;8;2;Muy_Alta;5;3.0;1;3
53;Yes;Travel_Frequently;Research & Development;27;Secundaria;Life Sciences;1;3106;Baja;F;Media;2;Laboratory Technician;Media;Single;2041;4;Y;No;19;Muy_Alta;Baja;80;0;19;2;Alta;3;3.0;1;4
53;No;Travel_Rarely;Research & Development;6;Secundaria;Other;1;3107;Media;F;Media;3;Healthcare Representative;Media;Single;9434;8;Y;No;24;Muy_Alta;Alta;80;0;26;1;Media;3;3.0;0;1
28;No;Travel_Rarely;Research & Development;29;Universitaria;Life Sciences;1;3108;Alta;M;Alta;1;Research Scientist;Alta;Divorced;2945;4;Y;No;22;Muy_Alta;Baja;80;1;11;1;Alta;5;3.0;1;8
41;No;Travel_Frequently;Research & Development;26;Secundaria;Medical;1;3109;Alta;F;Media;2;Research Scientist;Media;Married;4483;2;Y;Yes;14;Alta;Muy_Alta;80;1;16;3;Media;0;0.0;0;0
30;No;Non-Travel;Research & Development;2;Universitaria;Life Sciences;1;3110;Alta;M;Alta;1;Laboratory Technician;Alta;Married;2290;4;Y;No;16;Alta;Alta;80;1;10;3;Alta;3;2.0;1;5
39;No;Travel_Rarely;Research & Development;6;Primaria;Medical;1;3111;Alta;M;Baja;2;Laboratory Technician;Baja;Single;5485;1;Y;Yes;14;Alta;Baja;80;0;12;3;Media;10;3.0;1;3
46;No;Travel_Rarely;Research & Development;29;Universitaria;Other;1;3112;Muy_Alta;M;Alta;2;Research Scientist;Alta;Single;3283;1;Y;No;25;Muy_Alta;Media;80;0;23;3;Alta;21;2.0;14;17
56;No;Travel_Rarely;Research & Development;4;Secundaria;Technical Degree;1;3113;Alta;F;Media;3;Healthcare Representative;Media;Divorced;12024;2;Y;Yes;13;Alta;Muy_Alta;80;1;26;3;Alta;8;1.0;0;4
35;No;Travel_Rarely;Sales;16;Universitaria;Medical;1;3114;Media;M;Alta;2;Sales Executive;Alta;Married;6278;0;Y;No;16;Alta;Muy_Alta;80;1;8;2;Alta;7;3.0;1;4
34;No;Travel_Rarely;Research & Development;13;Universitaria;Medical;1;3115;Media;M;Alta;2;Healthcare Representative;Alta;Married;3654;0;Y;Yes;13;Alta;Baja;80;1;10;6;Muy_Alta;10;3.0;9;1
56;No;Travel_Rarely;Human Resources;26;Master;Human Resources;1;3116;Alta;F;Muy_Alta;5;Manager;Muy_Alta;Married;18825;4;Y;Yes;18;Alta;Baja;80;1;36;0;Muy_Alta;11;3.0;1;4
32;No;Non-Travel;Sales;16;Universitaria;Life Sciences;1;3117;Muy_Alta;M;Alta;3;Manager;Alta;Single;16494;2;Y;No;11;Alta;Muy_Alta;80;0;11;1;Alta;10;2.0;7;0
38;No;Travel_Frequently;Research & Development;10;Universitaria;Life Sciences;1;3118;Alta;M;Alta;1;Laboratory Technician;Alta;Married;2419;2;Y;No;11;Alta;Baja;80;1;6;3;Alta;7;2.0;0;8
26;No;Travel_Rarely;Human Resources;9;Secundaria;Medical;1;3119;Media;F;Media;1;Human Resources;Media;Divorced;5162;1;Y;No;13;Alta;Muy_Alta;80;1;6;6;Alta;8;2.0;0;4
35;Yes;Travel_Frequently;Research & Development;10;Universitaria;Life Sciences;1;3120;Muy_Alta;M;Alta;2;Laboratory Technician;Alta;Married;6195;4;Y;No;16;Alta;Alta;80;1;11;3;Alta;8;2.0;0;7
36;Yes;Travel_Rarely;Sales;28;Universitaria;Life Sciences;1;3121;Alta;M;Alta;2;Sales Executive;Alta;Single;5728;1;Y;Yes;18;Alta;Muy_Alta;80;0;11;2;Alta;10;4.0;7;7
33;No;Non-Travel;Research & Development;12;Universitaria;Medical;1;3122;Alta;M;Alta;2;Healthcare Representative;Alta;Divorced;7173;5;Y;No;17;Alta;Media;80;1;7;6;Alta;4;3.0;1;2
41;No;Non-Travel;Human Resources;1;Master;Medical;1;3123;Muy_Alta;F;Muy_Alta;2;Human Resources;Muy_Alta;Married;6346;7;Y;No;15;Alta;Baja;80;1;11;3;Muy_Alta;6;3.0;0;3
35;No;Travel_Rarely;Sales;1;Universitaria;Marketing;1;3124;Media;M;Alta;2;Sales Executive;Alta;Married;3871;9;Y;No;12;Alta;Alta;80;0;14;2;Alta;8;3.0;7;9
26;Yes;Travel_Rarely;Research & Development;1;Universitaria;Life Sciences;1;3125;Baja;M;Alta;1;Laboratory Technician;Alta;Single;2154;1;Y;No;11;Alta;Alta;80;0;3;5;Media;1;1.0;0;0
43;No;Travel_Rarely;Research & Development;9;Universitaria;Medical;1;3126;Media;M;Alta;5;Research Director;Alta;Divorced;19999;0;Y;Yes;14;Alta;Muy_Alta;80;1;24;4;Alta;20;3.0;2;10
26;No;Travel_Frequently;Research & Development;2;Universitaria;Medical;1;3127;Muy_Alta;M;Alta;1;Laboratory Technician;Alta;Single;2382;0;Y;Yes;11;Alta;Alta;80;0;6;2;Muy_Alta;3;3.0;1;2
40;No;Travel_Rarely;Research & Development;3;Universitaria;Medical;1;3128;Alta;M;Alta;1;Research Scientist;Alta;Married;1911;2;Y;No;14;Alta;Media;80;3;21;2;Media;5;3.0;0;2
31;No;Travel_Rarely;Research & Development;3;Secundaria;Life Sciences;1;3129;Alta;F;Media;2;Healthcare Representative;Media;Married;3594;1;Y;No;19;Alta;Baja;80;3;11;3;Alta;10;2.0;10;8
56;No;Travel_Rarely;Sales;19;Universitaria;Life Sciences;1;3130;Baja;M;Alta;3;Manager;Alta;Single;16686;3;Y;No;23;Muy_Alta;Muy_Alta;80;0;34;1;Alta;9;2.0;7;5
37;Yes;Travel_Rarely;Research & Development;5;Secundaria;Other;1;3131;Muy_Alta;F;Media;1;Laboratory Technician;Media;Single;1989;6;Y;Yes;15;Alta;Media;80;0;8;3;Alta;0;0.0;0;0
50;No;Travel_Rarely;Research & Development;5;Universitaria;Medical;1;3132;Muy_Alta;M;Alta;4;Healthcare Representative;Alta;Single;15084;3;Y;No;17;Alta;Alta;80;0;20;6;Alta;6;3.0;1;1
42;Yes;Travel_Rarely;Research & Development;1;Universitaria;Life Sciences;1;3133;Baja;M;Alta;1;Laboratory Technician;Alta;Married;2685;4;Y;No;13;Alta;Alta;80;0;9;4;Alta;3;3.0;1;3
42;No;Travel_Frequently;Research & Development;27;Universitaria;Medical;1;3134;Baja;M;Alta;3;Research Director;Alta;Married;13246;3;Y;Yes;17;Alta;Alta;80;0;19;6;Alta;1;1.0;0;0
28;No;Travel_Rarely;Sales;8;Secundaria;Marketing;1;3135;Muy_Alta;F;Media;2;Sales Executive;Media;Married;5595;1;Y;Yes;11;Alta;Muy_Alta;80;0;7;3;Alta;6;3.0;4;4
21;No;Travel_Rarely;Research & Development;2;Secundaria;Life Sciences;1;3136;Media;F;Media;1;Healthcare Representative;Media;Single;5929;0;Y;No;14;Alta;Media;80;0;6;2;Media;3;2.0;1;1
25;Yes;Travel_Frequently;Human Resources;16;Universitaria;Life Sciences;1;3137;Media;F;Alta;1;Human Resources;Alta;Divorced;1896;0;Y;Yes;11;Alta;Media;80;1;7;2;Alta;7;3.0;1;0
34;No;Travel_Frequently;Sales;12;Universitaria;Technical Degree;1;3138;Media;M;Alta;3;Sales Executive;Alta;Married;8054;1;Y;No;15;Alta;Alta;80;1;8;6;Alta;7;3.0;3;8
32;No;Travel_Rarely;Sales;1;Secundaria;Technical Degree;1;3139;Muy_Alta;F;Media;3;Sales Executive;Media;Married;6779;1;Y;Yes;15;Alta;Muy_Alta;80;0;8;3;Alta;11;2.0;8;7
42;Yes;Travel_Rarely;Sales;14;Secundaria;Medical;1;3140;Alta;F;Media;3;Sales Executive;Media;Single;9748;1;Y;No;15;Alta;Muy_Alta;80;0;12;3;Media;8;3.0;3;7
38;No;Non-Travel;Research & Development;3;Secundaria;Life Sciences;1;3141;Alta;F;Media;1;Research Scientist;Media;Married;2924;3;Y;No;16;Alta;Muy_Alta;80;3;8;2;Muy_Alta;0;0.0;0;0
32;No;Travel_Frequently;Sales;6;Universitaria;Marketing;1;3142;Baja;F;Alta;3;Sales Executive;Alta;Married;10383;1;Y;No;13;Alta;Muy_Alta;80;2;11;3;Alta;5;3.0;2;2
34;No;Travel_Rarely;Research & Development;2;Universitaria;Technical Degree;1;3143;Alta;M;Alta;2;Healthcare Representative;Alta;Single;6568;2;Y;No;11;Alta;Muy_Alta;80;0;13;2;Alta;15;3.0;4;12
21;Yes;Travel_Frequently;Research & Development;3;Secundaria;Technical Degree;1;3144;Alta;M;Media;1;Laboratory Technician;Media;Single;3785;6;Y;No;17;Alta;Alta;80;0;5;2;Alta;1;1.0;1;3
39;No;Travel_Rarely;Sales;11;Secundaria;Technical Degree;1;3145;Media;F;Media;2;Sales Executive;Media;Married;5541;1;Y;Yes;13;Alta;Baja;80;1;8;4;Media;11;2.0;1;7
54;No;Travel_Rarely;Research & Development;4;Universitaria;Other;1;3146;Alta;M;Alta;5;Manager;Alta;Divorced;19999;4;Y;No;12;Alta;Muy_Alta;80;1;29;3;Baja;13;3.0;4;8
21;No;Travel_Rarely;Research & Development;2;Universitaria;Life Sciences;1;3147;Muy_Alta;M;Alta;1;Research Scientist;Alta;Single;2340;0;Y;No;14;Alta;Muy_Alta;80;0;3;2;Alta;6;3.0;1;0
22;No;Travel_Rarely;Sales;8;Master;Life Sciences;1;3148;Muy_Alta;F;Muy_Alta;2;Sales Executive;Muy_Alta;Married;4154;0;Y;No;20;Muy_Alta;Alta;80;1;6;4;Alta;1;1.0;1;2
32;No;Non-Travel;Research & Development;4;Secundaria;Life Sciences;1;3149;Alta;F;Media;1;Research Scientist;Media;Married;1976;3;Y;No;17;Alta;Muy_Alta;80;3;6;2;Alta;0;0.0;0;0
46;No;Travel_Frequently;Research & Development;2;Universitaria;Medical;1;3150;Media;M;Alta;2;Healthcare Representative;Alta;Single;5342;5;Y;No;13;Alta;Alta;80;0;12;3;Alta;5;2.0;0;3
32;No;Travel_Rarely;Research & Development;12;Universitaria;Life Sciences;1;3151;Media;M;Alta;1;Laboratory Technician;Alta;Divorced;2179;1;Y;No;14;Alta;Media;80;2;0;3;Alta;0;0.0;1;1
54;No;Travel_Rarely;Sales;1;Universitaria;Life Sciences;1;3152;Baja;M;Alta;3;Sales Executive;Alta;Married;11267;3;Y;No;14;Alta;Muy_Alta;80;1;23;4;Alta;0;0.0;2;0
26;No;Travel_Rarely;Research & Development;20;Universitaria;Medical;1;3153;Alta;M;Alta;2;Laboratory Technician;Alta;Divorced;4446;1;Y;No;12;Alta;Muy_Alta;80;1;9;2;Alta;12;2.0;1;7
43;Yes;Travel_Rarely;Human Resources;1;Secundaria;Medical;1;3154;Media;F;Media;3;Human Resources;Media;Married;11132;8;Y;No;14;Alta;Muy_Alta;80;1;27;1;Media;22;3.0;3;7
31;No;Travel_Rarely;Sales;6;Secundaria;Medical;1;3155;Alta;F;Media;2;Sales Executive;Media;Divorced;5709;1;Y;Yes;12;Alta;Media;80;3;13;4;Muy_Alta;10;1.0;1;8
38;No;Travel_Rarely;Sales;3;Universitaria;Marketing;1;3156;Muy_Alta;M;Alta;2;Sales Executive;Alta;Married;11075;3;Y;Yes;12;Alta;Alta;80;1;14;3;Alta;4;3.0;1;0
33;No;Travel_Rarely;Research & Development;6;Universitaria;Life Sciences;1;3157;Alta;M;Alta;2;Healthcare Representative;Alta;Divorced;6875;0;Y;Yes;11;Alta;Media;80;2;7;2;Baja;6;2.0;1;0
30;No;Travel_Rarely;Research & Development;6;Universitaria;Medical;1;3158;Alta;M;Alta;3;Manufacturing Director;Alta;Single;7868;1;Y;Yes;13;Alta;Alta;80;0;14;2;Alta;11;3.0;4;10
46;Yes;Travel_Rarely;Research & Development;11;Universitaria;Life Sciences;1;3159;Alta;M;Alta;1;Research Scientist;Alta;Single;3491;1;Y;Yes;12;Alta;Alta;80;0;10;4;Alta;5;3.0;1;3
36;No;Travel_Rarely;Human Resources;6;Universitaria;Other;1;3160;Alta;M;Alta;2;Human Resources;Alta;Divorced;3430;2;Y;No;13;Alta;Alta;80;0;17;4;Alta;10;3.0;4;8
47;No;Travel_Rarely;Research & Development;4;Secundaria;Life Sciences;1;3161;Alta;F;Media;3;Manufacturing Director;Media;Divorced;10393;8;Y;Yes;13;Alta;Alta;80;1;26;4;Alta;20;3.0;13;10
25;No;Travel_Rarely;Research & Development;11;Master;Medical;1;3162;Baja;F;Muy_Alta;1;Research Scientist;Muy_Alta;Single;2664;1;Y;No;19;Alta;Muy_Alta;80;0;3;3;Muy_Alta;3;1.0;1;2
35;No;Travel_Rarely;Research & Development;3;Universitaria;Other;1;3163;Alta;M;Alta;1;Laboratory Technician;Alta;Divorced;2561;1;Y;No;13;Alta;Alta;80;1;0;3;Alta;0;0.0;0;1
32;Yes;Travel_Rarely;Research & Development;7;Universitaria;Medical;1;3164;Baja;M;Alta;1;Laboratory Technician;Alta;Single;3456;8;Y;No;21;Muy_Alta;Baja;80;0;9;2;Alta;6;2.0;1;4
36;Yes;Travel_Rarely;Research & Development;10;Universitaria;Medical;1;3165;Muy_Alta;M;Alta;2;Manufacturing Director;Alta;Single;4526;1;Y;No;15;Alta;Media;80;0;8;4;Alta;11;3.0;0;7
34;No;Travel_Rarely;Sales;1;Universitaria;Life Sciences;1;3166;Alta;M;Alta;1;Sales Representative;Alta;Single;2061;3;Y;Yes;20;Muy_Alta;Muy_Alta;80;0;7;3;Alta;2;2.0;2;1
32;No;Travel_Frequently;Sales;21;Universitaria;Technical Degree;1;3167;Alta;M;Alta;1;Sales Representative;Alta;Married;2563;1;Y;No;15;Alta;Media;80;1;4;5;Alta;5;1.0;1;2
32;No;Travel_Rarely;Sales;3;Secundaria;Medical;1;3168;Baja;F;Media;2;Sales Executive;Media;Divorced;3945;1;Y;Yes;14;Alta;Media;80;1;11;3;Alta;10;3.0;0;9
54;No;Travel_Rarely;Research & Development;5;Universitaria;Life Sciences;1;3169;Alta;M;Alta;2;Laboratory Technician;Alta;Single;4203;7;Y;No;11;Alta;Alta;80;0;22;3;Alta;0;0.0;0;1
39;No;Travel_Rarely;Research & Development;3;Master;Life Sciences;1;3170;Media;F;Muy_Alta;2;Healthcare Representative;Muy_Alta;Single;8303;3;Y;No;11;Alta;Baja;80;0;11;3;Muy_Alta;2;2.0;0;3
34;No;Non-Travel;Sales;8;Secundaria;Life Sciences;1;3171;Media;F;Media;1;Sales Representative;Media;Single;1901;0;Y;No;20;Alta;Muy_Alta;80;0;1;2;Media;3;2.0;3;3
38;No;Travel_Rarely;Research & Development;3;Master;Life Sciences;1;3172;Media;F;Muy_Alta;2;Healthcare Representative;Muy_Alta;Single;6435;0;Y;No;14;Alta;Alta;80;0;10;4;Muy_Alta;10;3.0;1;7
32;Yes;Travel_Rarely;Research & Development;6;Universitaria;Life Sciences;1;3173;Muy_Alta;M;Alta;2;Laboratory Technician;Alta;Married;3235;2;Y;No;18;Alta;Baja;80;1;6;3;Alta;11;2.0;1;2
41;No;Travel_Rarely;Sales;6;Universitaria;Marketing;1;3174;Muy_Alta;M;Alta;3;Sales Executive;Alta;Single;9637;2;Y;No;12;Alta;Media;80;0;11;3;Alta;13;3.0;9;8
33;No;Travel_Rarely;Research & Development;9;Universitaria;Medical;1;3175;Muy_Alta;M;Alta;1;Laboratory Technician;Alta;Married;1009;9;Y;No;16;Alta;Alta;80;1;7;2;Alta;6;2.0;2;1
43;No;Travel_Rarely;Research & Development;5;Secundaria;Medical;1;3176;Baja;F;Media;5;Manager;Media;Married;18906;7;Y;No;12;Alta;Muy_Alta;80;0;21;2;Media;16;2.0;7;13
45;No;Travel_Rarely;Research & Development;29;Universitaria;Other;1;3177;Muy_Alta;M;Alta;2;Research Scientist;Alta;Single;5421;1;Y;No;24;Muy_Alta;Media;80;0;20;3;Alta;19;3.0;12;17
41;No;Travel_Rarely;Research & Development;14;Universitaria;Life Sciences;1;3178;Media;M;Alta;1;Laboratory Technician;Alta;Married;4189;2;Y;Yes;11;Alta;Baja;80;1;5;4;Alta;2;2.0;1;0
39;No;Non-Travel;Research & Development;24;Universitaria;Life Sciences;1;3179;Media;F;Alta;2;Laboratory Technician;Alta;Married;6842;7;Y;No;15;Alta;Alta;80;1;7;3;Media;8;3.0;0;8
25;Yes;Travel_Frequently;Research & Development;6;Universitaria;Life Sciences;1;3180;Baja;M;Alta;1;Laboratory Technician;Alta;Married;1765;1;Y;Yes;16;Alta;Muy_Alta;80;1;7;4;Alta;4;3.0;2;2
49;No;Travel_Frequently;Research & Development;6;Secundaria;Medical;1;3181;Alta;F;Media;4;Manager;Media;Married;14670;1;Y;No;24;Muy_Alta;Media;80;1;25;3;Media;1;1.0;2;2
31;No;Travel_Rarely;Sales;10;Universitaria;Life Sciences;1;3182;Baja;M;Alta;2;Sales Executive;Alta;Married;8727;1;Y;No;14;Alta;Muy_Alta;80;1;7;6;Alta;1;1.0;1;2
30;No;Travel_Rarely;Sales;12;Universitaria;Life Sciences;1;3183;Baja;M;Alta;2;Sales Executive;Alta;Married;6454;2;Y;No;13;Alta;Muy_Alta;80;1;8;6;Alta;3;3.0;2;2
41;No;Travel_Rarely;Research & Development;7;Universitaria;Medical;1;3184;Muy_Alta;M;Alta;2;Manufacturing Director;Alta;Single;5307;6;Y;No;14;Alta;Media;80;0;8;6;Media;1;1.0;2;2
39;No;Travel_Rarely;Research & Development;1;Universitaria;Life Sciences;1;3185;Alta;M;Alta;3;Manufacturing Director;Alta;Single;6489;4;Y;Yes;14;Alta;Muy_Alta;80;0;9;4;Alta;2;2.0;0;0
35;No;Travel_Rarely;Sales;3;Universitaria;Medical;1;3186;Muy_Alta;M;Alta;2;Sales Executive;Alta;Divorced;6489;1;Y;No;14;Alta;Alta;80;2;7;6;Alta;6;3.0;0;4
40;No;Travel_Frequently;Sales;22;Universitaria;Medical;1;3187;Alta;M;Alta;1;Sales Representative;Alta;Married;2016;5;Y;No;16;Alta;Media;80;1;12;3;Muy_Alta;4;3.0;0;1
51;No;Non-Travel;Sales;29;Universitaria;Life Sciences;1;3188;Baja;M;Alta;1;Sales Representative;Alta;Divorced;2737;2;Y;No;16;Alta;Media;80;2;15;3;Alta;9;3.0;0;1
28;No;Travel_Rarely;Research & Development;2;Secundaria;Life Sciences;1;3189;Baja;F;Media;1;Research Scientist;Media;Divorced;3405;2;Y;No;13;Alta;Muy_Alta;80;1;2;2;Alta;3;2.0;1;0
51;No;Travel_Rarely;Sales;21;Universitaria;Marketing;1;3190;Alta;M;Alta;2;Sales Executive;Alta;Single;4604;0;Y;Yes;21;Muy_Alta;Muy_Alta;80;0;10;2;Alta;9;3.0;0;0
29;No;Travel_Rarely;Research & Development;1;Universitaria;Life Sciences;1;3191;Media;M;Alta;1;Laboratory Technician;Alta;Married;4126;1;Y;No;14;Alta;Muy_Alta;80;1;7;2;Alta;6;3.0;0;3
40;Yes;Travel_Frequently;Sales;12;Universitaria;Life Sciences;1;3192;Alta;M;Alta;4;Sales Executive;Alta;Single;12955;0;Y;Yes;11;Alta;Media;80;0;21;2;Alta;21;3.0;13;13
41;No;Travel_Frequently;Research & Development;27;Master;Medical;1;3193;Media;F;Muy_Alta;1;Research Scientist;Muy_Alta;Single;4002;4;Y;No;11;Alta;Muy_Alta;80;0;19;2;Media;4;3.0;1;2
50;No;Non-Travel;Sales;1;Universitaria;Marketing;1;3194;Alta;M;Alta;2;Sales Executive;Alta;Married;5962;7;Y;No;11;Alta;Muy_Alta;80;1;3;3;Alta;1;1.0;0;0
39;No;Travel_Rarely;Research & Development;3;Universitaria;Life Sciences;1;3195;Media;M;Alta;2;Manufacturing Director;Alta;Married;6861;6;Y;No;12;Alta;Media;80;1;9;2;Alta;5;3.0;3;4
44;No;Travel_Rarely;Research & Development;19;Universitaria;Life Sciences;1;3196;Alta;M;Alta;2;Research Scientist;Alta;Divorced;3549;3;Y;No;16;Alta;Baja;80;2;17;2;Alta;1;1.0;0;0
31;Yes;Travel_Rarely;Research & Development;13;Universitaria;Medical;1;3197;Alta;M;Alta;1;Laboratory Technician;Alta;Married;1009;5;Y;Yes;12;Alta;Alta;80;1;10;2;Alta;6;3.0;2;5
51;No;Non-Travel;Research & Development;16;Universitaria;Life Sciences;1;3198;Muy_Alta;M;Alta;2;Manufacturing Director;Alta;Divorced;6831;1;Y;Yes;16;Alta;Baja;80;2;7;0;Alta;7;3.0;1;6
26;No;Travel_Rarely;Sales;22;Secundaria;Marketing;1;3199;Alta;F;Media;2;Sales Executive;Media;Married;5125;7;Y;Yes;18;Alta;Alta;80;1;4;2;Alta;1;1.0;1;1
34;No;Travel_Rarely;Research & Development;26;Universitaria;Medical;1;3200;Muy_Alta;M;Alta;1;Research Scientist;Alta;Single;2156;1;Y;No;16;Alta;Muy_Alta;80;0;11;3;Alta;3;3.0;2;1
32;No;Travel_Frequently;Research & Development;6;Master;Life Sciences;1;3201;Alta;F;Muy_Alta;2;Manufacturing Director;Muy_Alta;Divorced;4199;1;Y;No;13;Alta;Baja;80;1;8;3;Muy_Alta;9;3.0;8;2
40;No;Travel_Rarely;Research & Development;2;Secundaria;Medical;1;3202;Muy_Alta;F;Media;1;Laboratory Technician;Media;Divorced;2525;0;Y;Yes;11;Alta;Alta;80;1;11;5;Media;10;2.0;8;7
48;Yes;Travel_Rarely;Research & Development;2;Secundaria;Life Sciences;1;3203;Baja;F;Media;3;Laboratory Technician;Media;Single;6522;8;Y;Yes;14;Alta;Muy_Alta;80;0;21;2;Muy_Alta;1;1.0;0;1
49;No;Travel_Frequently;Research & Development;28;Master;Medical;1;3204;Muy_Alta;F;Muy_Alta;4;Manufacturing Director;Muy_Alta;Married;13858;3;Y;Yes;11;Alta;Media;80;1;23;3;Alta;5;3.0;0;2
44;No;Travel_Rarely;Research & Development;10;Secundaria;Life Sciences;1;3205;Muy_Alta;F;Media;2;Research Scientist;Media;Divorced;6077;8;Y;Yes;22;Muy_Alta;Baja;80;3;17;2;Media;17;1.0;2;7
53;No;Travel_Rarely;Research & Development;12;Master;Medical;1;3206;Muy_Alta;F;Muy_Alta;2;Manufacturing Director;Muy_Alta;Divorced;4792;1;Y;No;11;Alta;Alta;80;2;6;3;Alta;5;4.0;1;3
42;Yes;Travel_Rarely;Research & Development;7;Universitaria;Life Sciences;1;3207;Muy_Alta;M;Alta;1;Laboratory Technician;Alta;Single;2040;3;Y;No;14;Alta;Media;80;0;12;3;Alta;7;3.0;0;0
24;No;Travel_Frequently;Research & Development;3;Universitaria;Technical Degree;1;3208;Baja;M;Alta;1;Research Scientist;Alta;Single;3213;1;Y;Yes;11;Alta;Alta;80;0;7;2;Alta;8;2.0;1;1
31;No;Travel_Rarely;Research & Development;10;Universitaria;Life Sciences;1;3209;Muy_Alta;M;Alta;1;Laboratory Technician;Alta;Single;1840;2;Y;No;14;Alta;Media;80;0;13;2;Alta;3;2.0;1;2
39;No;Travel_Rarely;Research & Development;1;Secundaria;Life Sciences;1;3210;Alta;M;Media;1;Research Scientist;Media;Single;1264;3;Y;No;13;Alta;Muy_Alta;80;0;10;2;Alta;0;0.0;2;2
27;No;Travel_Rarely;Research & Development;1;Universitaria;Medical;1;3211;Baja;M;Alta;2;Laboratory Technician;Alta;Married;3242;9;Y;No;12;Alta;Muy_Alta;80;1;3;3;Media;2;2.0;1;1
33;No;Travel_Rarely;Research & Development;4;Universitaria;Other;1;3212;Alta;M;Alta;1;Laboratory Technician;Alta;Divorced;2112;0;Y;No;11;Alta;Alta;80;1;0;3;Alta;1;1.0;1;0
46;No;Travel_Frequently;Human Resources;1;Universitaria;Human Resources;1;3213;Baja;M;Alta;2;Human Resources;Alta;Married;6329;4;Y;Yes;11;Alta;Alta;80;0;15;3;Media;9;2.0;0;2
43;No;Non-Travel;Research & Development;7;Master;Medical;1;3214;Muy_Alta;F;Muy_Alta;1;Research Scientist;Muy_Alta;Divorced;2786;5;Y;No;13;Alta;Muy_Alta;80;3;6;3;Alta;3;2.0;2;2
28;No;Travel_Rarely;Research & Development;21;Secundaria;Other;1;3215;Muy_Alta;F;Media;1;Laboratory Technician;Media;Divorced;2963;1;Y;No;12;Alta;Baja;80;2;8;3;Media;4;2.0;0;7
29;No;Travel_Rarely;Research & Development;19;Universitaria;Other;1;3216;Alta;M;Alta;2;Manufacturing Director;Alta;Married;9673;0;Y;No;15;Alta;Alta;80;1;5;1;Alta;7;3.0;0;2
32;No;Travel_Rarely;Research & Development;5;Master;Other;1;3217;Media;F;Muy_Alta;1;Research Scientist;Muy_Alta;Married;3788;3;Y;No;17;Alta;Muy_Alta;80;2;8;3;Baja;4;4.0;0;2
42;Yes;Travel_Rarely;Sales;18;Universitaria;Marketing;1;3218;Media;M;Alta;1;Sales Representative;Alta;Single;3045;1;Y;Yes;23;Muy_Alta;Muy_Alta;80;0;3;5;Media;4;3.0;0;2
28;No;Travel_Rarely;Research & Development;8;Universitaria;Life Sciences;1;3219;Baja;M;Alta;2;Research Scientist;Alta;Married;5981;2;Y;Yes;12;Alta;Muy_Alta;80;1;8;2;Alta;5;4.0;0;6
28;No;Travel_Rarely;Research & Development;3;Secundaria;Technical Degree;1;3220;Alta;F;Media;3;Research Director;Media;Divorced;12063;0;Y;Yes;16;Alta;Media;80;1;7;4;Media;9;3.0;0;8
28;No;Travel_Rarely;Research & Development;1;Universitaria;Medical;1;3221;Alta;M;Alta;1;Laboratory Technician;Alta;Single;1787;1;Y;No;13;Alta;Muy_Alta;80;0;8;6;Alta;6;4.0;6;7
57;No;Travel_Rarely;Sales;2;Universitaria;Technical Degree;1;3222;Media;M;Alta;3;Manager;Alta;Married;11778;4;Y;Yes;13;Alta;Alta;80;1;13;1;Muy_Alta;6;2.0;0;5
30;Yes;Travel_Frequently;Research & Development;6;Universitaria;Medical;1;3223;Media;M;Alta;1;Laboratory Technician;Alta;Single;1978;1;Y;No;17;Alta;Baja;80;0;3;3;Muy_Alta;3;2.0;1;2
39;No;Travel_Rarely;Sales;18;Secundaria;Marketing;1;3224;Muy_Alta;F;Media;2;Sales Executive;Media;Divorced;7629;4;Y;No;20;Alta;Muy_Alta;80;2;11;2;Media;2;2.0;1;0
38;No;Non-Travel;Sales;1;Secundaria;Life Sciences;1;3225;Muy_Alta;F;Media;2;Sales Executive;Media;Married;6544;2;Y;No;18;Alta;Muy_Alta;80;1;14;0;Media;7;3.0;7;5
36;No;Travel_Rarely;Research & Development;7;Universitaria;Life Sciences;1;3226;Muy_Alta;M;Alta;1;Laboratory Technician;Alta;Married;2277;0;Y;No;11;Alta;Alta;80;1;14;4;Alta;16;3.0;11;10
21;No;Travel_Rarely;Research & Development;14;Universitaria;Medical;1;3227;Media;M;Alta;1;Laboratory Technician;Alta;Single;4330;0;Y;No;16;Alta;Alta;80;0;2;5;Alta;0;0.0;0;1
39;No;Travel_Rarely;Research & Development;29;Universitaria;Technical Degree;1;3228;Muy_Alta;M;Alta;2;Manufacturing Director;Alta;Married;4948;2;Y;No;17;Alta;Baja;80;1;7;3;Alta;6;3.0;2;6
44;No;Travel_Rarely;Research & Development;5;Master;Life Sciences;1;3229;Baja;F;Muy_Alta;1;Research Scientist;Muy_Alta;Married;1975;2;Y;No;14;Alta;Muy_Alta;80;1;9;5;Muy_Alta;8;4.0;7;8
34;No;Travel_Frequently;Sales;2;Universitaria;Life Sciences;1;3230;Media;M;Alta;2;Sales Executive;Alta;Married;9358;6;Y;No;12;Alta;Baja;80;0;11;2;Alta;5;2.0;0;1
32;No;Travel_Rarely;Human Resources;26;Universitaria;Life Sciences;1;3231;Alta;M;Alta;3;Human Resources;Alta;Single;7928;1;Y;Yes;17;Alta;Alta;80;0;10;2;Media;10;3.0;2;6
29;No;Travel_Rarely;Sales;6;Universitaria;Marketing;1;3232;Muy_Alta;M;Alta;2;Sales Executive;Alta;Divorced;3733;7;Y;No;14;Alta;Media;80;2;9;3;Muy_Alta;4;2.0;1;3
47;No;Travel_Frequently;Research & Development;2;Universitaria;Medical;1;3233;Media;M;Alta;3;Healthcare Representative;Alta;Single;6546;4;Y;No;11;Alta;Alta;80;0;11;3;Alta;3;3.0;1;2
53;No;Travel_Rarely;Research & Development;6;Universitaria;Medical;1;3234;Muy_Alta;M;Alta;4;Manager;Alta;Divorced;14039;2;Y;Yes;14;Alta;Alta;80;3;21;2;Media;7;3.0;0;2
32;Yes;Travel_Frequently;Sales;2;Universitaria;Life Sciences;1;3235;Muy_Alta;M;Alta;1;Sales Representative;Alta;Single;1009;1;Y;Yes;11;Alta;Baja;80;0;2;2;Alta;4;3.0;2;1
32;Yes;Travel_Frequently;Research & Development;4;Master;Life Sciences;1;3236;Baja;F;Muy_Alta;1;Research Scientist;Muy_Alta;Single;3577;2;Y;Yes;13;Alta;Baja;80;0;8;2;Muy_Alta;5;4.0;1;3
35;No;Travel_Rarely;Sales;7;Universitaria;Life Sciences;1;3237;Muy_Alta;M;Alta;1;Sales Representative;Alta;Married;1436;0;Y;No;13;Alta;Baja;80;1;0;3;Alta;0;0.0;0;0
30;No;Travel_Rarely;Research & Development;7;Universitaria;Life Sciences;1;3238;Alta;M;Alta;2;Healthcare Representative;Alta;Divorced;6205;1;Y;Yes;12;Alta;Media;80;2;8;2;Alta;7;3.0;1;1
45;No;Travel_Rarely;Human Resources;4;Universitaria;Medical;1;3239;Media;M;Alta;2;Human Resources;Alta;Divorced;4130;9;Y;Yes;21;Muy_Alta;Muy_Alta;80;1;14;2;Baja;3;3.0;0;2
32;No;Travel_Rarely;Research & Development;7;Universitaria;Medical;1;3240;Alta;M;Alta;3;Manufacturing Director;Alta;Single;7888;1;Y;Yes;15;Alta;Alta;80;0;10;2;Alta;10;3.0;3;10
26;No;Travel_Frequently;Sales;3;Secundaria;Life Sciences;1;3241;Alta;M;Media;2;Sales Executive;Media;Married;8825;1;Y;Yes;12;Alta;Alta;80;1;6;2;Alta;8;2.0;1;6
51;No;Travel_Rarely;Research & Development;21;Universitaria;Life Sciences;1;3242;Muy_Alta;M;Alta;4;Research Director;Alta;Single;14490;6;Y;No;19;Alta;Alta;80;0;35;0;Alta;14;3.0;4;8
22;No;Travel_Rarely;Research & Development;1;Universitaria;Other;1;3243;Muy_Alta;M;Alta;1;Laboratory Technician;Alta;Divorced;3993;6;Y;Yes;19;Alta;Alta;80;1;8;2;Media;5;4.0;0;3
48;Yes;Travel_Rarely;Sales;1;Secundaria;Marketing;1;3244;Baja;F;Media;1;Sales Representative;Media;Married;2321;1;Y;Yes;14;Alta;Alta;80;0;1;2;Media;3;3.0;1;1
28;No;Travel_Rarely;Research & Development;19;Universitaria;Medical;1;3245;Muy_Alta;M;Alta;1;Laboratory Technician;Alta;Married;4208;4;Y;No;11;Alta;Alta;80;3;7;6;Alta;2;2.0;2;1
30;No;Travel_Rarely;Research & Development;2;Universitaria;Life Sciences;1;3246;Baja;M;Alta;2;Healthcare Representative;Alta;Married;4628;0;Y;No;12;Alta;Baja;80;1;9;5;Media;4;3.0;0;3
33;Yes;Travel_Frequently;Sales;18;Universitaria;Marketing;1;3247;Muy_Alta;M;Alta;2;Sales Executive;Alta;Married;6490;0;Y;Yes;17;Alta;Alta;80;1;5;0;Alta;5;3.0;3;1
38;No;Travel_Rarely;Research & Development;1;Secundaria;Medical;1;3248;Alta;F;Media;1;Research Scientist;Media;Married;3950;2;Y;No;15;Alta;Baja;80;1;16;2;Media;5;2.0;1;2
31;Yes;Travel_Frequently;Sales;28;Secundaria;Marketing;1;3249;Alta;F;Media;2;Sales Executive;Media;Single;7568;5;Y;No;15;Alta;Alta;80;0;8;5;Media;5;2.0;0;1
32;No;Travel_Frequently;Research & Development;8;Master;Life Sciences;1;3250;Media;F;Muy_Alta;1;Laboratory Technician;Muy_Alta;Married;2552;1;Y;No;21;Muy_Alta;Alta;80;0;4;3;Alta;4;3.0;0;3
39;No;Travel_Rarely;Research & Development;2;Universitaria;Life Sciences;1;3251;Alta;M;Alta;1;Research Scientist;Alta;Single;3760;4;Y;No;17;Alta;Muy_Alta;80;0;7;3;Baja;0;0.0;0;1
40;No;Travel_Rarely;Research & Development;4;Universitaria;Life Sciences;1;3252;Baja;M;Alta;5;Manager;Alta;Married;19378;6;Y;No;11;Alta;Baja;80;0;25;2;Media;22;3.0;4;14
25;No;Travel_Rarely;Research & Development;1;Secundaria;Life Sciences;1;3253;Media;F;Media;1;Healthcare Representative;Media;Single;4293;1;Y;No;11;Alta;Media;80;0;3;2;Alta;3;2.0;1;3
34;No;Travel_Rarely;Research & Development;6;Secundaria;Life Sciences;1;3254;Alta;F;Media;2;Manufacturing Director;Media;Married;6576;1;Y;No;12;Alta;Alta;80;1;15;3;Media;13;4.0;6;8
40;No;Travel_Rarely;Research & Development;1;Universitaria;Life Sciences;1;3255;Muy_Alta;M;Alta;2;Manufacturing Director;Alta;Married;7046;9;Y;No;14;Alta;Media;80;0;14;3;Alta;0;0.0;1;0
38;No;Travel_Rarely;Sales;9;Secundaria;Technical Degree;1;3256;Media;M;Media;2;Sales Executive;Media;Divorced;8593;6;Y;No;12;Alta;Media;80;1;5;2;Baja;5;2.0;0;3
36;Yes;Travel_Rarely;Research & Development;17;Universitaria;Other;1;3257;Baja;M;Alta;2;Laboratory Technician;Alta;Divorced;5001;7;Y;No;14;Alta;Media;80;1;10;3;Alta;1;1.0;0;0
48;No;Non-Travel;Sales;26;Secundaria;Life Sciences;1;3258;Media;F;Media;2;Sales Executive;Media;Single;8469;8;Y;No;14;Alta;Alta;80;0;7;3;Media;5;4.0;1;1
40;Yes;Travel_Rarely;Research & Development;29;Universitaria;Medical;1;3259;Media;M;Alta;2;Healthcare Representative;Alta;Married;5518;7;Y;Yes;19;Alta;Media;80;0;17;2;Muy_Alta;1;1.0;1;0
48;No;Travel_Rarely;Research & Development;22;Primaria;Medical;1;3260;Media;M;Baja;3;Healthcare Representative;Baja;Divorced;11115;3;Y;Yes;17;Alta;Media;80;1;23;2;Media;7;3.0;0;7
38;No;Travel_Rarely;Research & Development;5;Secundaria;Medical;1;3261;Muy_Alta;F;Media;3;Healthcare Representative;Media;Married;11640;3;Y;No;17;Alta;Baja;80;1;10;5;Baja;7;3.0;1;6
56;No;Travel_Rarely;Research & Development;1;Universitaria;Medical;1;3262;Muy_Alta;M;Alta;4;Research Director;Alta;Single;16979;6;Y;No;20;Alta;Muy_Alta;80;0;27;3;Media;19;3.0;12;7
31;No;Travel_Rarely;Research & Development;3;Universitaria;Technical Degree;1;3263;Muy_Alta;M;Alta;1;Research Scientist;Alta;Single;1972;2;Y;No;14;Alta;Muy_Alta;80;0;6;4;Media;5;3.0;1;2
33;No;Travel_Rarely;Research & Development;4;Universitaria;Other;1;3264;Muy_Alta;M;Alta;2;Healthcare Representative;Alta;Single;4884;3;Y;No;15;Alta;Baja;80;0;6;2;Baja;4;2.0;0;0
24;No;Travel_Rarely;Sales;6;Universitaria;Life Sciences;1;3265;Muy_Alta;M;Alta;2;Sales Executive;Alta;Single;3458;1;Y;Yes;11;Alta;Baja;80;0;7;3;Alta;7;4.0;0;4
26;No;Travel_Rarely;Research & Development;23;Secundaria;Technical Degree;1;3266;Alta;F;Media;1;Laboratory Technician;Media;Divorced;2291;0;Y;No;14;Alta;Media;80;3;3;3;Media;3;2.0;0;0
21;Yes;Travel_Rarely;Sales;8;Universitaria;Life Sciences;1;3267;Alta;M;Alta;1;Sales Representative;Alta;Divorced;2849;1;Y;Yes;21;Muy_Alta;Media;80;1;4;2;Alta;2;2.0;0;2
39;No;Travel_Rarely;Research & Development;7;Universitaria;Life Sciences;1;3268;Media;M;Alta;1;Research Scientist;Alta;Divorced;5032;2;Y;No;19;Alta;Muy_Alta;80;2;9;0;Alta;5;3.0;0;3
35;No;Travel_Frequently;Research & Development;17;Secundaria;Life Sciences;1;3269;Alta;F;Media;1;Research Scientist;Media;Single;2247;0;Y;No;15;Alta;Alta;80;0;9;2;Muy_Alta;6;3.0;0;4
43;No;Travel_Frequently;Sales;17;Secundaria;Life Sciences;1;3270;Muy_Alta;F;Media;2;Sales Executive;Media;Married;6486;2;Y;No;17;Alta;Alta;80;1;6;5;Alta;2;2.0;1;2
33;No;Travel_Rarely;Sales;1;Universitaria;Life Sciences;1;3271;Alta;M;Alta;3;Sales Executive;Alta;Married;10316;2;Y;Yes;13;Alta;Muy_Alta;80;3;9;3;Alta;4;3.0;2;0
33;No;Travel_Frequently;Sales;9;Master;Marketing;1;3272;Baja;F;Muy_Alta;2;Sales Executive;Muy_Alta;Married;4707;3;Y;No;17;Alta;Muy_Alta;80;1;16;2;Alta;15;2.0;6;14
27;Yes;Travel_Rarely;Research & Development;26;Secundaria;Technical Degree;1;3273;Alta;F;Media;1;Research Scientist;Media;Married;3509;4;Y;No;16;Alta;Media;80;0;7;2;Media;1;1.0;1;0
30;No;Travel_Frequently;Research & Development;24;Universitaria;Life Sciences;1;3274;Baja;M;Alta;2;Laboratory Technician;Alta;Married;6828;1;Y;No;15;Alta;Muy_Alta;80;2;7;2;Alta;10;2.0;4;6
30;No;Non-Travel;Sales;25;Universitaria;Technical Degree;1;3275;Muy_Alta;M;Alta;2;Sales Executive;Alta;Married;4811;7;Y;Yes;12;Alta;Media;80;1;3;2;Alta;3;3.0;3;3
49;No;Travel_Frequently;Sales;1;Secundaria;Medical;1;3276;Muy_Alta;M;Media;2;Sales Executive;Media;Married;4124;2;Y;No;14;Alta;Muy_Alta;80;0;19;3;Alta;10;2.0;0;8
44;No;Travel_Rarely;Sales;3;Universitaria;Marketing;1;3277;Media;M;Alta;2;Sales Executive;Alta;Single;3391;8;Y;No;13;Alta;Muy_Alta;80;0;6;3;Alta;8;3.0;1;6
31;No;Travel_Frequently;Sales;3;Universitaria;Marketing;1;3278;Muy_Alta;M;Alta;1;Sales Representative;Alta;Divorced;4297;1;Y;No;11;Alta;Alta;80;1;4;5;Alta;2;1.0;2;3
42;No;Travel_Rarely;Research & Development;14;Universitaria;Life Sciences;1;3279;Baja;M;Alta;1;Research Scientist;Alta;Divorced;2267;3;Y;No;11;Alta;Baja;80;1;14;1;Alta;8;3.0;2;8
40;No;Non-Travel;Research & Development;23;Secundaria;Life Sciences;1;3280;Muy_Alta;F;Media;2;Research Scientist;Media;Single;3024;0;Y;No;11;Alta;Muy_Alta;80;0;20;2;Media;21;2.0;3;7
46;No;Travel_Rarely;Sales;1;Universitaria;Life Sciences;1;3281;Alta;M;Alta;3;Sales Executive;Alta;Divorced;8173;3;Y;Yes;12;Alta;Media;80;1;11;5;Alta;9;4.0;1;4
26;Yes;Travel_Rarely;Sales;21;Secundaria;Life Sciences;1;3282;Muy_Alta;F;Media;3;Sales Executive;Media;Married;8550;1;Y;No;13;Alta;Baja;80;1;11;3;Media;12;3.0;3;9
34;No;Travel_Frequently;Research & Development;18;Universitaria;Life Sciences;1;3283;Alta;M;Alta;3;Manufacturing Director;Alta;Single;10201;2;Y;No;11;Alta;Alta;80;0;11;2;Alta;3;3.0;2;2
47;No;Travel_Rarely;Sales;4;Master;Marketing;1;3284;Media;F;Muy_Alta;2;Sales Executive;Muy_Alta;Married;8693;2;Y;No;12;Alta;Muy_Alta;80;0;16;3;Media;2;2.0;2;1
27;No;Travel_Rarely;Research & Development;23;Universitaria;Life Sciences;1;3285;Baja;M;Alta;1;Research Scientist;Alta;Divorced;2352;2;Y;No;22;Muy_Alta;Media;80;2;1;3;Alta;3;3.0;1;2
42;No;Travel_Rarely;Sales;3;Secundaria;Marketing;1;3286;Alta;F;Media;3;Sales Executive;Media;Married;9487;8;Y;No;11;Alta;Baja;80;1;14;2;Media;14;2.0;2;11
30;No;Travel_Rarely;Sales;8;Secundaria;Life Sciences;1;3287;Alta;F;Media;3;Manager;Media;Divorced;11049;9;Y;No;21;Muy_Alta;Alta;80;1;10;3;Media;8;2.0;0;1
31;No;Travel_Rarely;Research & Development;1;Universitaria;Life Sciences;1;3288;Media;M;Alta;2;Research Scientist;Alta;Married;6600;2;Y;No;18;Alta;Media;80;2;11;3;Media;9;3.0;2;9
37;No;Travel_Rarely;Research & Development;16;Universitaria;Life Sciences;1;3289;Baja;M;Alta;2;Manufacturing Director;Alta;Single;6672;0;Y;No;11;Alta;Baja;80;0;11;6;Alta;10;3.0;1;7
40;No;Travel_Rarely;Research & Development;12;Master;Medical;1;3290;Media;F;Muy_Alta;2;Healthcare Representative;Muy_Alta;Married;6716;5;Y;No;18;Alta;Alta;80;2;7;2;Baja;2;2.0;0;0
50;No;Travel_Rarely;Research & Development;6;Secundaria;Life Sciences;1;3291;Muy_Alta;F;Media;5;Research Director;Media;Married;19314;3;Y;No;12;Alta;Muy_Alta;80;0;29;3;Baja;21;2.0;11;9
53;Yes;Travel_Rarely;Sales;24;Universitaria;Life Sciences;1;3292;Baja;M;Alta;3;Sales Executive;Alta;Single;10096;6;Y;Yes;13;Alta;Media;80;0;11;2;Alta;1;1.0;1;2
27;No;Travel_Frequently;Research & Development;1;Master;Life Sciences;1;3293;Muy_Alta;F;Muy_Alta;2;Manufacturing Director;Muy_Alta;Divorced;3380;1;Y;No;16;Alta;Alta;80;2;8;6;Alta;6;1.0;0;6
48;No;Non-Travel;Sales;10;Secundaria;Life Sciences;1;3294;Media;F;Media;2;Sales Executive;Media;Married;5415;1;Y;No;14;Alta;Muy_Alta;80;1;15;2;Media;15;1.0;4;12
36;No;Travel_Rarely;Sales;13;Secundaria;Marketing;1;3295;Media;F;Media;2;Sales Executive;Media;Married;7142;4;Y;No;15;Alta;Baja;80;1;6;2;Media;8;3.0;0;0
38;No;Travel_Rarely;Sales;16;Universitaria;Life Sciences;1;3296;Media;M;Alta;2;Sales Executive;Alta;Single;3523;1;Y;No;11;Alta;Media;80;0;8;5;Alta;2;2.0;1;3
25;No;Travel_Rarely;Research & Development;1;Secundaria;Medical;1;3297;Baja;F;Media;1;Research Scientist;Media;Single;4222;1;Y;No;12;Alta;Muy_Alta;80;0;6;2;Alta;3;1.0;2;1
29;Yes;Travel_Rarely;Sales;15;Universitaria;Marketing;1;3298;Muy_Alta;M;Alta;2;Sales Executive;Alta;Single;10592;3;Y;Yes;12;Alta;Muy_Alta;80;0;5;0;Media;2;2.0;1;3
30;No;Travel_Rarely;Research & Development;15;Master;Life Sciences;1;3299;Alta;F;Muy_Alta;2;Healthcare Representative;Muy_Alta;Married;5916;2;Y;No;16;Alta;Alta;80;1;6;3;Alta;8;4.0;1;8
33;No;Travel_Rarely;Research & Development;4;Universitaria;Other;1;3300;Muy_Alta;M;Alta;2;Research Scientist;Alta;Married;8062;4;Y;Yes;23;Muy_Alta;Muy_Alta;80;1;14;2;Alta;2;2.0;1;0
30;No;Travel_Rarely;Sales;9;Universitaria;Marketing;1;3301;Muy_Alta;M;Alta;2;Sales Executive;Alta;Single;6109;2;Y;No;12;Alta;Muy_Alta;80;0;11;2;Alta;10;3.0;0;8
44;No;Travel_Frequently;Research & Development;9;Universitaria;Medical;1;3302;Muy_Alta;M;Alta;2;Laboratory Technician;Alta;Divorced;4900;3;Y;Yes;13;Alta;Media;80;1;12;3;Alta;11;3.0;4;7
34;No;Travel_Rarely;Research & Development;9;Universitaria;Life Sciences;1;3303;Baja;M;Alta;2;Research Scientist;Alta;Married;5780;1;Y;Yes;12;Alta;Muy_Alta;80;1;6;2;Media;5;2.0;0;5
29;No;Travel_Rarely;Sales;21;Universitaria;Marketing;1;3304;Muy_Alta;M;Alta;2;Sales Executive;Alta;Divorced;5290;2;Y;No;14;Alta;Muy_Alta;80;1;9;2;Media;2;2.0;0;3
35;No;Travel_Rarely;Sales;16;Universitaria;Medical;1;3305;Alta;M;Alta;2;Sales Executive;Alta;Married;4415;1;Y;No;16;Alta;Media;80;0;6;3;Alta;3;3.0;1;0
37;Yes;Travel_Frequently;Human Resources;25;Universitaria;Human Resources;1;3306;Media;M;Alta;3;Human Resources;Alta;Divorced;12430;9;Y;Yes;15;Alta;Alta;80;3;10;2;Alta;1;1.0;0;2
26;No;Travel_Rarely;Research & Development;15;Secundaria;Other;1;3307;Muy_Alta;F;Media;1;Laboratory Technician;Media;Married;2267;1;Y;No;20;Muy_Alta;Muy_Alta;80;1;3;2;Muy_Alta;1;1.0;0;0
27;No;Travel_Rarely;Sales;13;Universitaria;Medical;1;3308;Media;M;Alta;1;Sales Representative;Alta;Married;1009;1;Y;No;12;Alta;Alta;80;0;7;1;Alta;6;4.0;0;6
26;No;Travel_Rarely;Research & Development;3;Universitaria;Medical;1;3309;Muy_Alta;M;Alta;3;Manufacturing Director;Alta;Divorced;6727;1;Y;No;19;Alta;Media;80;3;11;3;Muy_Alta;9;3.0;1;7
37;No;Travel_Rarely;Research & Development;9;Universitaria;Life Sciences;1;3310;Alta;M;Alta;1;Laboratory Technician;Alta;Married;1442;2;Y;No;21;Muy_Alta;Muy_Alta;80;1;5;2;Media;4;1.0;0;3
35;Yes;Travel_Rarely;Sales;3;Secundaria;Life Sciences;1;3311;Alta;F;Media;3;Sales Executive;Media;Married;10922;2;Y;Yes;11;Alta;Baja;80;1;17;6;Media;16;3.0;3;8
32;No;Travel_Rarely;Research & Development;1;Secundaria;Life Sciences;1;3312;Muy_Alta;F;Media;1;Laboratory Technician;Media;Married;1317;1;Y;No;14;Alta;Alta;80;1;4;3;Media;4;3.0;3;2
22;No;Travel_Rarely;Research & Development;1;Universitaria;Life Sciences;1;3313;Muy_Alta;M;Alta;1;Research Scientist;Alta;Single;3138;0;Y;No;12;Alta;Muy_Alta;80;0;5;2;Alta;2;2.0;1;3
41;No;Travel_Rarely;Sales;2;Secundaria;Marketing;1;3314;Alta;F;Media;3;Sales Executive;Media;Married;10209;7;Y;No;11;Alta;Baja;80;1;16;2;Media;11;2.0;2;10
52;No;Travel_Rarely;Research & Development;24;Universitaria;Life Sciences;1;3315;Muy_Alta;M;Alta;4;Manufacturing Director;Alta;Married;15623;3;Y;Yes;17;Alta;Muy_Alta;80;1;20;2;Media;11;3.0;1;5
34;No;Travel_Rarely;Sales;2;Secundaria;Medical;1;3316;Media;F;Media;1;Sales Representative;Media;Married;2026;0;Y;No;14;Alta;Media;80;1;0;2;Muy_Alta;2;2.0;2;3
38;No;Travel_Rarely;Research & Development;11;Master;Life Sciences;1;3317;Muy_Alta;F;Muy_Alta;1;Laboratory Technician;Muy_Alta;Married;1539;1;Y;No;18;Alta;Muy_Alta;80;0;0;2;Muy_Alta;1;1.0;0;0
50;No;Travel_Rarely;Sales;14;Universitaria;Life Sciences;1;3318;Alta;M;Alta;2;Sales Executive;Alta;Married;4681;4;Y;No;11;Alta;Alta;80;1;18;2;Alta;7;3.0;0;7
37;No;Travel_Rarely;Research & Development;7;Universitaria;Life Sciences;1;3319;Alta;M;Alta;1;Research Scientist;Alta;Married;3768;1;Y;Yes;15;Alta;Muy_Alta;80;0;6;3;Alta;3;3.0;2;2
30;No;Travel_Rarely;Sales;10;Universitaria;Technical Degree;1;3320;Media;M;Alta;2;Sales Executive;Alta;Single;8127;0;Y;No;11;Alta;Media;80;0;6;6;Alta;5;3.0;3;4
51;No;Travel_Rarely;Research & Development;1;Universitaria;Technical Degree;1;3321;Muy_Alta;F;Alta;2;Research Scientist;Alta;Divorced;4731;3;Y;Yes;12;Alta;Media;80;2;18;3;Alta;11;3.0;7;9
25;Yes;Travel_Frequently;Research & Development;5;Universitaria;Medical;1;3322;Media;M;Alta;1;Laboratory Technician;Alta;Single;4669;2;Y;Yes;11;Alta;Alta;80;0;3;2;Alta;0;0.0;1;0
40;Yes;Travel_Rarely;Research & Development;8;Universitaria;Life Sciences;1;3323;Muy_Alta;M;Alta;1;Laboratory Technician;Alta;Single;1617;4;Y;No;13;Alta;Media;80;0;15;3;Media;5;3.0;1;0
33;No;Non-Travel;Sales;9;Secundaria;Marketing;1;3324;Alta;F;Media;3;Sales Executive;Media;Married;8795;4;Y;Yes;11;Alta;Media;80;1;17;6;Media;14;2.0;4;12
34;No;Non-Travel;Research & Development;4;Universitaria;Medical;1;3325;Alta;M;Alta;1;Research Scientist;Alta;Divorced;3321;2;Y;Yes;14;Alta;Muy_Alta;80;1;0;3;Alta;3;2.0;2;4
48;No;Non-Travel;Research & Development;3;Secundaria;Life Sciences;1;3326;Alta;F;Media;3;Healthcare Representative;Media;Married;12047;4;Y;No;23;Muy_Alta;Muy_Alta;80;1;29;3;Alta;24;3.0;14;5
25;No;Travel_Rarely;Research & Development;2;Universitaria;Technical Degree;1;3327;Baja;M;Alta;1;Laboratory Technician;Alta;Married;2199;4;Y;No;12;Alta;Media;80;1;8;2;Alta;1;1.0;1;3
49;Yes;Travel_Rarely;Research & Development;6;Secundaria;Medical;1;3328;Alta;F;Media;2;Research Scientist;Media;Married;5274;1;Y;No;15;Alta;Baja;80;0;13;3;Alta;7;2.0;8;7
27;No;Travel_Rarely;Research & Development;4;Universitaria;Life Sciences;1;3329;Media;M;Alta;1;Research Scientist;Alta;Single;2566;2;Y;No;19;Alta;Alta;80;0;0;1;Alta;1;1.0;0;0
52;No;Travel_Rarely;Sales;14;Universitaria;Life Sciences;1;3330;Alta;M;Alta;2;Sales Executive;Alta;Married;3661;4;Y;No;11;Alta;Alta;80;1;17;2;Alta;8;3.0;0;7
31;No;Travel_Rarely;Research & Development;3;Master;Medical;1;3331;Baja;F;Muy_Alta;4;Research Director;Muy_Alta;Divorced;15975;4;Y;No;20;Alta;Alta;80;1;6;2;Alta;7;3.0;0;4
37;No;Travel_Rarely;Research & Development;8;Universitaria;Life Sciences;1;3332;Muy_Alta;M;Alta;1;Research Scientist;Alta;Divorced;2580;1;Y;Yes;12;Alta;Media;80;2;7;3;Alta;4;2.0;2;4
33;Yes;Travel_Rarely;Sales;8;Primaria;Life Sciences;1;3333;Media;M;Baja;2;Sales Executive;Baja;Married;5869;4;Y;Yes;19;Alta;Media;80;0;15;3;Alta;5;3.0;8;6
20;No;Non-Travel;Research & Development;8;Universitaria;Life Sciences;1;3334;Media;M;Alta;1;Research Scientist;Alta;Single;1009;0;Y;No;16;Alta;Muy_Alta;80;0;2;2;Alta;0;0.0;0;0
39;No;Travel_Frequently;Research & Development;20;Master;Life Sciences;1;3335;Alta;M;Muy_Alta;1;Laboratory Technician;Muy_Alta;Married;3123;5;Y;No;17;Alta;Muy_Alta;80;2;5;2;Alta;2;2.0;0;0
32;No;Travel_Rarely;Research & Development;3;Secundaria;Life Sciences;1;3336;Muy_Alta;F;Media;2;Manufacturing Director;Media;Married;6226;6;Y;No;13;Alta;Media;80;1;13;3;Media;12;2.0;5;9
35;No;Travel_Rarely;Research & Development;5;Secundaria;Life Sciences;1;3337;Media;F;Media;1;Research Scientist;Media;Married;4466;9;Y;Yes;14;Alta;Muy_Alta;80;1;7;3;Media;0;0.0;1;0
46;No;Travel_Rarely;Research & Development;2;Universitaria;Life Sciences;1;3338;Muy_Alta;M;Alta;3;Manufacturing Director;Alta;Divorced;9644;3;Y;No;16;Alta;Alta;80;1;10;4;Alta;7;2.0;4;7
23;No;Travel_Rarely;Research & Development;5;Universitaria;Medical;1;3339;Alta;M;Alta;1;Laboratory Technician;Alta;Single;3308;1;Y;No;14;Alta;Alta;80;0;3;3;Alta;4;2.0;1;2
27;No;Travel_Rarely;Research & Development;6;Secundaria;Medical;1;3340;Baja;F;Media;1;Research Scientist;Media;Single;2065;0;Y;No;13;Alta;Muy_Alta;80;0;5;0;Alta;4;3.0;1;1
54;No;Travel_Rarely;Research & Development;4;Universitaria;Medical;1;3341;Muy_Alta;M;Alta;5;Healthcare Representative;Alta;Single;13781;3;Y;No;17;Alta;Alta;80;0;20;6;Alta;7;3.0;1;0
54;No;Travel_Frequently;Research & Development;3;Universitaria;Life Sciences;1;3342;Muy_Alta;M;Alta;3;Manufacturing Director;Alta;Divorced;9288;8;Y;No;16;Alta;Baja;80;1;34;2;Media;7;3.0;0;4
32;No;Travel_Frequently;Research & Development;1;Master;Other;1;3343;Alta;F;Muy_Alta;2;Healthcare Representative;Muy_Alta;Married;5794;0;Y;Yes;13;Alta;Baja;80;1;8;2;Baja;8;1.0;1;2
43;Yes;Travel_Rarely;Sales;11;Primaria;Marketing;1;3344;Baja;M;Baja;2;Sales Executive;Baja;Single;7249;9;Y;No;13;Alta;Media;80;0;6;2;Baja;2;1.0;2;2
37;No;Travel_Rarely;Sales;4;Universitaria;Life Sciences;1;3345;Media;M;Alta;2;Sales Executive;Alta;Divorced;7008;4;Y;No;15;Alta;Muy_Alta;80;1;14;3;Alta;6;3.0;1;8
45;No;Travel_Frequently;Research & Development;3;Universitaria;Medical;1;3346;Media;M;Alta;2;Healthcare Representative;Alta;Single;5519;4;Y;No;12;Alta;Alta;80;0;13;3;Media;5;3.0;1;4
27;No;Non-Travel;Research & Development;17;Universitaria;Medical;1;3347;Alta;M;Alta;2;Healthcare Representative;Alta;Divorced;6647;5;Y;No;19;Alta;Media;80;1;10;6;Muy_Alta;4;3.0;0;2
50;No;Travel_Rarely;Sales;3;Universitaria;Marketing;1;3348;Media;M;Alta;2;Sales Executive;Alta;Married;3520;2;Y;No;14;Alta;Baja;80;1;17;2;Alta;9;4.0;5;7
29;No;Non-Travel;Sales;23;Universitaria;Technical Degree;1;3349;Muy_Alta;M;Alta;2;Sales Executive;Alta;Married;4223;7;Y;Yes;13;Alta;Media;80;1;5;2;Alta;1;1.0;2;4
37;Yes;Travel_Rarely;Sales;2;Secundaria;Life Sciences;1;3350;Alta;F;Media;2;Sales Executive;Media;Married;9581;2;Y;Yes;11;Alta;Baja;80;1;15;5;Media;15;2.0;3;7
20;Yes;Travel_Frequently;Sales;3;Secundaria;Technical Degree;1;3351;Baja;F;Media;1;Sales Representative;Media;Single;2464;1;Y;Yes;11;Alta;Alta;80;0;2;3;Media;4;3.0;2;1
36;No;Travel_Frequently;Sales;3;Universitaria;Marketing;1;3352;Alta;M;Alta;1;Sales Representative;Alta;Married;1882;5;Y;No;19;Alta;Muy_Alta;80;1;5;3;Alta;6;3.0;1;3
52;Yes;Travel_Rarely;Sales;4;Universitaria;Life Sciences;1;3353;Media;M;Alta;3;Sales Executive;Alta;Single;9280;9;Y;Yes;19;Alta;Alta;80;0;10;2;Media;10;3.0;8;7
40;No;Travel_Rarely;Sales;6;Universitaria;Medical;1;3354;Alta;M;Alta;2;Sales Executive;Alta;Married;7961;4;Y;No;14;Alta;Media;80;1;5;5;Alta;4;3.0;0;1
33;No;Travel_Rarely;Research & Development;18;Master;Life Sciences;1;3355;Media;F;Muy_Alta;2;Research Scientist;Muy_Alta;Married;5253;2;Y;No;11;Alta;Muy_Alta;80;0;17;2;Muy_Alta;16;3.0;1;10
38;No;Travel_Rarely;Sales;4;Secundaria;Life Sciences;1;3356;Muy_Alta;F;Media;2;Sales Executive;Media;Married;7311;5;Y;No;14;Alta;Alta;80;1;19;1;Alta;16;1.0;5;11
26;No;Non-Travel;Research & Development;11;Universitaria;Medical;1;3357;Muy_Alta;M;Alta;1;Laboratory Technician;Alta;Single;3667;1;Y;No;20;Muy_Alta;Alta;80;0;6;4;Alta;8;3.0;5;8
32;No;Travel_Rarely;Research & Development;3;Secundaria;Medical;1;3358;Media;F;Media;1;Laboratory Technician;Media;Single;3299;0;Y;No;14;Alta;Muy_Alta;80;0;7;3;Alta;4;4.0;1;1
39;No;Travel_Rarely;Research & Development;15;Master;Life Sciences;1;3359;Muy_Alta;F;Muy_Alta;2;Research Scientist;Muy_Alta;Single;7048;3;Y;Yes;13;Alta;Alta;80;0;10;1;Alta;3;3.0;0;2
57;No;Travel_Rarely;Sales;2;Universitaria;Life Sciences;1;3360;Baja;M;Alta;3;Sales Executive;Alta;Married;8293;3;Y;No;15;Alta;Muy_Alta;80;1;27;4;Media;1;1.0;1;0
34;Yes;Travel_Rarely;Sales;14;Primaria;Medical;1;3361;Baja;M;Baja;2;Sales Executive;Baja;Divorced;5818;7;Y;Yes;15;Alta;Muy_Alta;80;2;9;2;Alta;2;2.0;2;2
32;No;Travel_Rarely;Human Resources;2;Universitaria;Human Resources;1;3362;Muy_Alta;M;Alta;1;Human Resources;Alta;Divorced;2681;3;Y;Yes;11;Alta;Alta;80;1;9;3;Alta;6;3.0;0;3
59;No;Travel_Rarely;Research & Development;9;Primaria;Life Sciences;1;3363;Muy_Alta;M;Baja;3;Manufacturing Director;Baja;Single;5965;3;Y;No;12;Alta;Baja;80;0;36;3;Baja;5;3.0;0;3
40;No;Travel_Frequently;Research & Development;6;Master;Medical;1;3364;Alta;F;Muy_Alta;2;Healthcare Representative;Muy_Alta;Married;4760;0;Y;No;24;Muy_Alta;Muy_Alta;80;1;9;2;Muy_Alta;8;3.0;3;6
21;Yes;Travel_Rarely;Sales;3;Secundaria;Medical;1;3365;Alta;F;Media;1;Sales Representative;Media;Single;1862;2;Y;No;14;Alta;Muy_Alta;80;0;3;3;Media;1;1.0;0;3
37;No;Travel_Rarely;Research & Development;21;Universitaria;Life Sciences;1;3366;Muy_Alta;M;Alta;2;Healthcare Representative;Alta;Divorced;5100;9;Y;No;15;Alta;Media;80;1;8;2;Alta;1;1.0;1;3
31;No;Travel_Rarely;Sales;8;Secundaria;Marketing;1;3367;Muy_Alta;F;Media;2;Sales Executive;Media;Married;7359;2;Y;Yes;11;Alta;Muy_Alta;80;0;7;3;Alta;4;3.0;2;3
38;No;Travel_Frequently;Research & Development;21;Secundaria;Life Sciences;1;3368;Muy_Alta;F;Media;3;Manufacturing Director;Media;Single;9939;0;Y;No;19;Muy_Alta;Media;80;1;12;2;Alta;8;3.0;2;8
42;No;Travel_Rarely;Sales;4;Universitaria;Marketing;1;3369;Alta;M;Alta;3;Sales Executive;Alta;Divorced;11131;0;Y;Yes;13;Alta;Muy_Alta;80;1;21;3;Alta;22;3.0;13;5
47;No;Travel_Rarely;Sales;11;Universitaria;Marketing;1;3370;Muy_Alta;M;Alta;2;Sales Executive;Alta;Single;5015;2;Y;No;12;Alta;Muy_Alta;80;0;20;2;Alta;6;3.0;1;7
39;No;Travel_Rarely;Human Resources;7;Universitaria;Other;1;3371;Alta;M;Alta;2;Human Resources;Alta;Divorced;4705;2;Y;No;13;Alta;Alta;80;0;16;4;Alta;11;3.0;4;7
34;No;Travel_Rarely;Research & Development;12;Primaria;Medical;1;3372;Media;M;Baja;3;Research Director;Baja;Married;12802;3;Y;No;13;Alta;Baja;80;1;19;3;Baja;18;3.0;1;11
52;No;Travel_Rarely;Sales;14;Universitaria;Life Sciences;1;3373;Alta;M;Alta;2;Sales Executive;Alta;Married;5206;4;Y;No;11;Alta;Alta;80;1;19;2;Alta;7;1.0;0;7
53;No;Travel_Rarely;Research & Development;1;Universitaria;Life Sciences;1;3374;Muy_Alta;M;Alta;4;Manager;Alta;Married;18815;3;Y;No;15;Alta;Media;80;1;27;2;Alta;9;3.0;8;7
53;No;Travel_Frequently;Research & Development;13;Universitaria;Life Sciences;1;3375;Baja;M;Alta;4;Research Director;Alta;Married;15445;1;Y;Yes;14;Alta;Media;80;0;23;3;Media;3;3.0;2;3
35;No;Travel_Frequently;Research & Development;3;Universitaria;Life Sciences;1;3376;Alta;M;Alta;2;Manufacturing Director;Alta;Married;3876;1;Y;No;12;Alta;Alta;80;1;2;1;Alta;1;1.0;0;4
25;Yes;Travel_Rarely;Research & Development;2;Primaria;Medical;1;3377;Baja;M;Baja;1;Research Scientist;Baja;Married;3770;4;Y;Yes;12;Alta;Muy_Alta;80;0;3;4;Baja;3;3.0;2;3
26;Yes;Travel_Rarely;Sales;2;Universitaria;Technical Degree;1;3378;Baja;M;Alta;1;Sales Representative;Alta;Single;3019;1;Y;Yes;16;Alta;Media;80;0;9;4;Alta;5;3.0;1;4
41;No;Non-Travel;Human Resources;1;Master;Medical;1;3379;Muy_Alta;F;Muy_Alta;2;Human Resources;Muy_Alta;Married;6177;6;Y;No;16;Alta;Baja;80;1;12;3;Alta;4;3.0;0;3
33;No;Non-Travel;Research & Development;23;Universitaria;Life Sciences;1;3380;Media;F;Alta;2;Laboratory Technician;Alta;Married;5274;7;Y;No;15;Alta;Alta;80;1;10;3;Alta;9;3.0;0;8
20;No;Travel_Rarely;Research & Development;6;Secundaria;Life Sciences;1;3381;Baja;F;Media;1;Laboratory Technician;Media;Single;1429;1;Y;No;12;Alta;Baja;80;0;2;1;Alta;0;0.0;2;2
28;No;Travel_Rarely;Sales;8;Universitaria;Medical;1;3382;Alta;M;Alta;2;Sales Executive;Alta;Divorced;6486;2;Y;Yes;11;Alta;Muy_Alta;80;1;7;2;Muy_Alta;7;2.0;2;3
37;No;Non-Travel;Sales;8;Secundaria;Life Sciences;1;3383;Baja;F;Media;3;Sales Executive;Media;Single;7541;1;Y;No;17;Alta;Media;80;0;13;1;Media;11;2.0;0;9
39;No;Non-Travel;Research & Development;16;Universitaria;Life Sciences;1;3384;Alta;M;Alta;1;Research Scientist;Alta;Divorced;4256;9;Y;No;17;Alta;Media;80;1;4;0;Alta;6;3.0;0;0
37;No;Travel_Rarely;Research & Development;1;Universitaria;Other;1;3385;Alta;M;Alta;2;Manufacturing Director;Alta;Married;5706;0;Y;No;15;Alta;Baja;80;1;9;2;Alta;9;3.0;0;5
31;No;Travel_Frequently;Research & Development;22;Universitaria;Medical;1;3386;Muy_Alta;M;Alta;1;Laboratory Technician;Alta;Married;2574;0;Y;No;13;Alta;Media;80;0;11;3;Alta;11;3.0;3;9
33;No;Non-Travel;Research & Development;6;Universitaria;Technical Degree;1;3387;Muy_Alta;M;Alta;2;Research Scientist;Alta;Divorced;3596;5;Y;No;16;Alta;Muy_Alta;80;2;13;2;Muy_Alta;10;3.0;1;6
41;No;Travel_Rarely;Sales;7;Universitaria;Life Sciences;1;3388;Baja;M;Alta;2;Sales Executive;Alta;Married;6008;1;Y;No;12;Alta;Alta;80;1;10;2;Alta;11;1.0;1;9
32;No;Non-Travel;Sales;17;Universitaria;Life Sciences;1;3389;Muy_Alta;M;Alta;4;Manager;Alta;Single;17262;0;Y;No;12;Alta;Muy_Alta;80;0;13;2;Alta;12;3.0;6;1
53;No;Travel_Rarely;Research & Development;15;Master;Medical;1;3390;Muy_Alta;F;Muy_Alta;3;Manufacturing Director;Muy_Alta;Divorced;4196;1;Y;No;11;Alta;Alta;80;2;5;2;Muy_Alta;4;3.0;2;2
42;Yes;Travel_Frequently;Sales;12;Universitaria;Life Sciences;1;3391;Alta;M;Alta;4;Sales Executive;Alta;Single;14399;0;Y;Yes;13;Alta;Media;80;0;19;2;Muy_Alta;19;4.0;13;15
23;No;Travel_Rarely;Research & Development;1;Secundaria;Technical Degree;1;3392;Muy_Alta;F;Media;1;Research Scientist;Media;Single;1009;1;Y;Yes;12;Alta;Alta;80;0;3;6;Alta;1;1.0;2;3
28;No;Travel_Rarely;Research & Development;2;Primaria;Medical;1;3393;Muy_Alta;M;Baja;1;Laboratory Technician;Baja;Divorced;1886;1;Y;Yes;11;Alta;Alta;80;3;2;4;Alta;4;2.0;0;0
36;No;Travel_Frequently;Research & Development;10;Master;Life Sciences;1;3394;Alta;F;Muy_Alta;2;Manufacturing Director;Muy_Alta;Divorced;3366;1;Y;No;13;Alta;Baja;80;1;9;3;Muy_Alta;9;3.0;6;2
35;No;Travel_Frequently;Sales;1;Universitaria;Marketing;1;3395;Alta;M;Alta;3;Sales Executive;Alta;Single;8365;1;Y;No;15;Alta;Baja;80;0;12;3;Alta;12;3.0;1;9
51;No;Travel_Rarely;Research & Development;29;Master;Medical;1;3396;Muy_Alta;F;Muy_Alta;1;Laboratory Technician;Muy_Alta;Married;2495;1;Y;Yes;11;Alta;Alta;80;3;18;3;Muy_Alta;18;1.0;3;10
35;Yes;Travel_Rarely;Research & Development;3;Universitaria;Life Sciences;1;3397;Baja;M;Alta;1;Laboratory Technician;Alta;Divorced;2419;1;Y;Yes;11;Alta;Muy_Alta;80;1;2;2;Alta;3;3.0;0;0
27;No;Travel_Rarely;Research & Development;15;Master;Medical;1;3398;Media;F;Muy_Alta;2;Healthcare Representative;Muy_Alta;Single;4460;0;Y;No;20;Alta;Alta;80;0;10;2;Media;7;3.0;1;6
35;No;Travel_Rarely;Sales;7;Universitaria;Life Sciences;1;3399;Muy_Alta;M;Alta;1;Sales Representative;Alta;Married;4289;1;Y;No;13;Alta;Baja;80;1;2;3;Alta;0;0.0;1;1
43;No;Travel_Rarely;Research & Development;7;Universitaria;Medical;1;3400;Media;M;Alta;5;Research Director;Alta;Divorced;18019;0;Y;Yes;14;Alta;Muy_Alta;80;1;23;4;Alta;23;3.0;1;10
32;No;Travel_Rarely;Research & Development;25;Universitaria;Medical;1;3401;Alta;F;Alta;1;Laboratory Technician;Alta;Married;3596;3;Y;Yes;15;Alta;Alta;80;1;4;3;Alta;4;2.0;2;2
42;No;Travel_Rarely;Sales;1;Secundaria;Life Sciences;1;3402;Baja;F;Media;1;Sales Representative;Media;Single;2588;4;Y;No;14;Alta;Baja;80;0;22;3;Alta;2;2.0;0;0
30;No;Travel_Rarely;Research & Development;1;Secundaria;Medical;1;3403;Media;F;Media;1;Laboratory Technician;Media;Single;3337;0;Y;No;13;Alta;Muy_Alta;80;0;6;3;Alta;3;3.0;1;2
50;Yes;Travel_Rarely;Sales;1;Primaria;Marketing;1;3404;Baja;M;Baja;5;Manager;Baja;Married;19999;0;Y;No;15;Alta;Muy_Alta;80;1;30;3;Baja;31;2.0;6;8
31;Yes;Travel_Rarely;Research & Development;5;Universitaria;Technical Degree;1;3405;Alta;F;Alta;1;Laboratory Technician;Alta;Single;3710;1;Y;Yes;12;Alta;Alta;80;0;3;3;Media;0;0.0;1;2
34;No;Travel_Rarely;Sales;17;Universitaria;Medical;1;3406;Media;M;Alta;2;Sales Executive;Alta;Married;5997;0;Y;No;17;Alta;Muy_Alta;80;1;4;2;Alta;4;3.0;0;4
26;No;Travel_Rarely;Research & Development;3;Universitaria;Other;1;3407;Muy_Alta;M;Alta;1;Laboratory Technician;Alta;Divorced;5341;5;Y;Yes;18;Alta;Alta;80;1;7;2;Alta;3;3.0;0;1
46;No;Travel_Rarely;Sales;20;Universitaria;Life Sciences;1;3408;Muy_Alta;M;Alta;2;Sales Executive;Alta;Single;4577;8;Y;No;16;Alta;Alta;80;0;8;3;Alta;4;4.0;0;1
33;No;Travel_Frequently;Research & Development;16;Universitaria;Medical;1;3409;Media;M;Alta;1;Laboratory Technician;Alta;Single;2644;0;Y;No;12;Alta;Baja;80;0;10;2;Media;7;3.0;1;6
44;No;Travel_Rarely;Sales;25;Universitaria;Life Sciences;1;3410;Muy_Alta;M;Alta;3;Sales Executive;Alta;Single;6292;3;Y;Yes;17;Alta;Muy_Alta;80;0;18;2;Alta;2;2.0;0;2
32;No;Travel_Rarely;Research & Development;3;Secundaria;Life Sciences;1;3411;Muy_Alta;F;Media;2;Manufacturing Director;Media;Married;6446;6;Y;No;12;Alta;Media;80;1;13;3;Media;13;1.0;5;8
57;No;Travel_Rarely;Research & Development;5;Universitaria;Technical Degree;1;3412;Muy_Alta;M;Alta;5;Manager;Alta;Divorced;19999;3;Y;No;13;Alta;Muy_Alta;80;1;25;2;Alta;6;3.0;5;2
29;No;Travel_Rarely;Sales;7;Universitaria;Life Sciences;1;3413;Baja;M;Alta;2;Sales Executive;Alta;Married;4402;1;Y;No;11;Alta;Baja;80;2;11;2;Muy_Alta;11;2.0;0;2
32;Yes;Travel_Rarely;Sales;3;Secundaria;Marketing;1;3414;Alta;F;Media;2;Sales Executive;Media;Single;7788;6;Y;Yes;13;Alta;Alta;80;0;8;3;Alta;2;2.0;2;3
47;No;Travel_Rarely;Research & Development;3;Universitaria;Medical;1;3415;Muy_Alta;F;Alta;5;Research Director;Alta;Divorced;19999;9;Y;No;18;Alta;Muy_Alta;80;2;22;0;Alta;1;1.0;1;2
46;No;Travel_Rarely;Sales;2;Universitaria;Life Sciences;1;3416;Alta;M;Alta;2;Sales Executive;Alta;Divorced;4791;4;Y;Yes;11;Alta;Baja;80;1;7;4;Alta;5;2.0;1;4
34;No;Travel_Rarely;Research & Development;1;Primaria;Medical;1;3417;Muy_Alta;M;Baja;1;Laboratory Technician;Baja;Divorced;1009;0;Y;Yes;11;Alta;Alta;80;3;1;5;Muy_Alta;4;3.0;2;1
35;No;Travel_Frequently;Human Resources;11;Secundaria;Life Sciences;1;3418;Alta;F;Media;2;Human Resources;Media;Married;4490;4;Y;No;12;Alta;Muy_Alta;80;2;12;5;Alta;9;3.0;1;8
39;No;Travel_Rarely;Research & Development;12;Universitaria;Medical;1;3419;Alta;F;Alta;4;Manager;Alta;Married;16985;1;Y;Yes;13;Alta;Muy_Alta;80;0;22;3;Alta;19;4.0;10;10
38;No;Travel_Rarely;Research & Development;24;Secundaria;Life Sciences;1;3420;Baja;F;Media;3;Research Director;Media;Married;11417;3;Y;No;18;Alta;Alta;80;1;17;2;Alta;11;2.0;0;1
32;No;Travel_Rarely;Research & Development;1;Master;Life Sciences;1;3421;Muy_Alta;F;Muy_Alta;1;Research Scientist;Muy_Alta;Single;3993;3;Y;No;13;Alta;Alta;80;0;7;0;Alta;3;2.0;1;2
45;No;Travel_Rarely;Research & Development;4;Universitaria;Medical;1;3422;Muy_Alta;M;Alta;1;Laboratory Technician;Alta;Divorced;2007;2;Y;No;14;Alta;Muy_Alta;80;2;8;2;Media;7;3.0;0;3
39;No;Travel_Rarely;Research & Development;8;Universitaria;Medical;1;3423;Alta;F;Alta;4;Manager;Alta;Married;18457;1;Y;Yes;15;Alta;Muy_Alta;80;0;19;3;Media;21;2.0;11;10
31;No;Travel_Rarely;Research & Development;5;Master;Life Sciences;1;3424;Baja;F;Muy_Alta;1;Research Scientist;Muy_Alta;Divorced;4818;0;Y;Yes;12;Alta;Muy_Alta;80;2;9;5;Muy_Alta;4;2.0;0;4
34;No;Travel_Rarely;Research & Development;3;Universitaria;Technical Degree;1;3425;Alta;M;Alta;2;Healthcare Representative;Alta;Single;8003;1;Y;No;11;Alta;Muy_Alta;80;0;11;2;Alta;14;3.0;4;10
37;No;Travel_Frequently;Sales;8;Master;Marketing;1;3426;Baja;F;Muy_Alta;2;Sales Executive;Muy_Alta;Married;5356;2;Y;No;16;Alta;Muy_Alta;80;1;17;2;Alta;15;2.0;6;14
56;No;Non-Travel;Sales;3;Secundaria;Life Sciences;1;3427;Baja;F;Media;5;Manager;Media;Single;19550;1;Y;Yes;18;Alta;Muy_Alta;80;0;30;2;Alta;35;3.0;15;12
31;No;Non-Travel;Sales;3;Universitaria;Life Sciences;1;3428;Muy_Alta;M;Alta;3;Sales Executive;Alta;Divorced;10531;1;Y;Yes;20;Alta;Baja;80;1;8;5;Alta;12;3.0;9;7
33;Yes;Travel_Frequently;Sales;8;Primaria;Marketing;1;3429;Muy_Alta;M;Baja;1;Sales Representative;Baja;Divorced;2258;1;Y;No;17;Alta;Muy_Alta;80;1;3;3;Baja;1;1.0;1;2
44;No;Travel_Frequently;Research & Development;9;Universitaria;Life Sciences;1;3430;Media;M;Alta;5;Manager;Alta;Divorced;18639;2;Y;No;13;Alta;Media;80;1;26;4;Alta;23;3.0;15;9
28;No;Travel_Rarely;Research & Development;24;Master;Life Sciences;1;3431;Alta;F;Muy_Alta;1;Research Scientist;Muy_Alta;Married;2760;1;Y;No;23;Muy_Alta;Alta;80;1;6;3;Baja;11;3.0;0;6
28;No;Non-Travel;Research & Development;2;Secundaria;Life Sciences;1;3432;Alta;F;Media;3;Manufacturing Director;Media;Single;8168;1;Y;No;24;Muy_Alta;Alta;80;0;12;2;Media;10;3.0;4;8
30;Yes;Travel_Frequently;Sales;1;Primaria;Life Sciences;1;3433;Media;M;Baja;1;Sales Representative;Baja;Single;1009;1;Y;No;11;Alta;Media;80;0;1;3;Alta;0;0.0;0;0
26;Yes;Travel_Rarely;Research & Development;5;Master;Life Sciences;1;3434;Alta;F;Muy_Alta;1;Laboratory Technician;Muy_Alta;Married;1009;0;Y;Yes;20;Muy_Alta;Alta;80;2;0;2;Muy_Alta;0;0.0;0;0
22;Yes;Travel_Rarely;Research & Development;10;Secundaria;Medical;1;3435;Muy_Alta;M;Media;1;Research Scientist;Media;Single;2124;1;Y;Yes;15;Alta;Baja;80;0;1;2;Media;1;1.0;0;0
42;No;Travel_Frequently;Research & Development;21;Universitaria;Life Sciences;1;3436;Muy_Alta;M;Alta;2;Research Scientist;Alta;Divorced;5433;2;Y;Yes;14;Alta;Baja;80;2;10;4;Media;5;3.0;4;3
35;Yes;Travel_Rarely;Research & Development;2;Universitaria;Life Sciences;1;3437;Baja;M;Alta;1;Laboratory Technician;Alta;Divorced;3005;1;Y;Yes;13;Alta;Muy_Alta;80;1;1;2;Alta;3;3.0;0;0
27;No;Travel_Rarely;Research & Development;1;Universitaria;Life Sciences;1;3438;Alta;M;Alta;1;Research Scientist;Alta;Married;1399;1;Y;No;11;Alta;Alta;80;1;2;6;Muy_Alta;3;3.0;0;2
29;No;Travel_Rarely;Research & Development;1;Secundaria;Life Sciences;1;3439;Muy_Alta;F;Media;1;Laboratory Technician;Media;Married;2932;1;Y;No;12;Alta;Alta;80;1;1;3;Media;3;3.0;3;2
34;No;Travel_Rarely;Sales;2;Universitaria;Life Sciences;1;3440;Muy_Alta;M;Alta;3;Sales Executive;Alta;Divorced;7980;6;Y;No;14;Alta;Media;80;1;12;2;Alta;12;3.0;0;8
40;No;Travel_Rarely;Sales;4;Universitaria;Life Sciences;1;3441;Baja;M;Alta;3;Sales Executive;Alta;Divorced;11034;0;Y;No;11;Alta;Alta;80;2;15;6;Alta;14;3.0;5;13
40;No;Travel_Rarely;Research & Development;12;Universitaria;Medical;1;3442;Media;M;Alta;1;Laboratory Technician;Alta;Divorced;1530;8;Y;No;23;Muy_Alta;Media;80;3;7;6;Media;4;3.0;0;4
47;No;Travel_Rarely;Research & Development;1;Secundaria;Life Sciences;1;3443;Media;F;Media;1;Research Scientist;Media;Single;1009;2;Y;No;14;Alta;Muy_Alta;80;0;0;3;Alta;2;2.0;0;0
19;Yes;Travel_Frequently;Sales;1;Primaria;Technical Degree;1;3444;Alta;M;Baja;1;Sales Representative;Baja;Single;3158;0;Y;No;22;Muy_Alta;Baja;80;0;3;6;Media;0;0.0;0;1
33;No;Non-Travel;Research & Development;2;Secundaria;Life Sciences;1;3445;Alta;F;Media;1;Research Scientist;Media;Married;2643;3;Y;No;18;Alta;Muy_Alta;80;3;4;2;Muy_Alta;1;1.0;0;0
26;No;Travel_Frequently;Research & Development;2;Universitaria;Medical;1;3446;Muy_Alta;M;Alta;1;Laboratory Technician;Alta;Single;1320;0;Y;Yes;12;Alta;Alta;80;0;2;2;Muy_Alta;3;2.0;0;1
49;No;Travel_Rarely;Research & Development;3;Primaria;Medical;1;3447;Muy_Alta;M;Baja;2;Manufacturing Director;Baja;Divorced;5634;5;Y;No;18;Alta;Muy_Alta;80;1;12;3;Baja;4;4.0;1;2
52;Yes;Travel_Frequently;Research & Development;7;Primaria;Life Sciences;1;3448;Baja;M;Baja;3;Manufacturing Director;Baja;Single;9926;1;Y;No;14;Alta;Muy_Alta;80;0;18;2;Alta;5;3.0;1;4
28;No;Travel_Frequently;Research & Development;1;Secundaria;Technical Degree;1;3449;Muy_Alta;F;Media;1;Research Scientist;Media;Single;4376;0;Y;No;16;Alta;Muy_Alta;80;0;8;2;Baja;9;2.0;0;7
37;No;Travel_Rarely;Sales;2;Universitaria;Marketing;1;3450;Baja;M;Alta;2;Sales Executive;Alta;Single;8736;3;Y;Yes;17;Alta;Muy_Alta;80;0;17;3;Alta;4;3.0;1;1
41;No;Travel_Rarely;Research & Development;26;Universitaria;Technical Degree;1;3451;Muy_Alta;M;Alta;1;Research Scientist;Alta;Married;1009;4;Y;No;22;Muy_Alta;Muy_Alta;80;1;9;3;Alta;5;2.0;0;3
56;No;Travel_Rarely;Research & Development;2;Universitaria;Medical;1;3452;Muy_Alta;M;Alta;4;Research Director;Alta;Single;17280;5;Y;No;20;Alta;Muy_Alta;80;0;30;3;Alta;19;3.0;12;9
33;No;Travel_Frequently;Sales;9;Universitaria;Marketing;1;3453;Muy_Alta;M;Alta;2;Sales Executive;Alta;Single;5137;8;Y;No;13;Alta;Alta;80;0;5;2;Muy_Alta;0;0.0;0;0
35;No;Travel_Rarely;Sales;8;Universitaria;Technical Degree;1;3454;Media;M;Alta;1;Sales Representative;Alta;Married;1564;0;Y;Yes;25;Muy_Alta;Media;80;1;12;4;Alta;10;3.0;6;7
48;No;Travel_Rarely;Research & Development;7;Secundaria;Life Sciences;1;3455;Muy_Alta;F;Media;2;Research Scientist;Media;Divorced;3812;8;Y;Yes;23;Muy_Alta;Baja;80;3;21;2;Media;16;2.0;1;6
31;Yes;Travel_Frequently;Research & Development;15;Universitaria;Other;1;3456;Alta;M;Alta;3;Healthcare Representative;Alta;Single;5917;0;Y;Yes;11;Alta;Baja;80;0;11;1;Alta;8;4.0;7;8
43;No;Travel_Rarely;Research & Development;25;Universitaria;Medical;1;3457;Baja;M;Alta;2;Healthcare Representative;Alta;Single;8782;2;Y;No;24;Muy_Alta;Media;80;0;25;3;Alta;16;2.0;13;11
38;No;Travel_Rarely;Research & Development;2;Secundaria;Medical;1;3458;Muy_Alta;F;Media;3;Manufacturing Director;Media;Married;7417;3;Y;Yes;19;Alta;Muy_Alta;80;1;10;6;Media;6;3.0;0;1
46;No;Travel_Rarely;Research & Development;3;Secundaria;Medical;1;3459;Baja;F;Media;5;Manager;Media;Married;19202;2;Y;No;14;Alta;Alta;80;1;22;2;Alta;0;0.0;0;0
50;No;Travel_Rarely;Research & Development;9;Secundaria;Life Sciences;1;3460;Media;F;Media;3;Research Director;Media;Married;11261;5;Y;No;16;Alta;Muy_Alta;80;2;20;5;Media;9;2.0;4;7
32;Yes;Travel_Rarely;Sales;12;Universitaria;Marketing;1;3461;Baja;M;Alta;3;Sales Executive;Alta;Married;7712;2;Y;No;14;Alta;Baja;80;3;10;2;Alta;1;1.0;0;1
44;No;Travel_Rarely;Human Resources;3;Primaria;Life Sciences;1;3462;Alta;M;Baja;3;Human Resources;Baja;Married;8635;4;Y;No;21;Muy_Alta;Alta;80;2;10;2;Baja;5;3.0;0;2
57;No;Travel_Rarely;Research & Development;3;Universitaria;Technical Degree;1;3463;Muy_Alta;M;Alta;5;Manager;Alta;Divorced;19999;3;Y;No;12;Alta;Muy_Alta;80;1;26;2;Media;6;2.0;3;2
25;Yes;Travel_Rarely;Human Resources;22;Primaria;Human Resources;1;3464;Muy_Alta;M;Baja;1;Human Resources;Baja;Married;2337;0;Y;No;11;Alta;Alta;80;1;3;2;Muy_Alta;0;0.0;0;0
29;No;Travel_Rarely;Sales;6;Secundaria;Marketing;1;3465;Muy_Alta;F;Media;2;Sales Executive;Media;Divorced;5163;1;Y;No;13;Alta;Alta;80;3;9;2;Media;10;3.0;2;3
42;No;Travel_Frequently;Research & Development;7;Universitaria;Medical;1;3466;Muy_Alta;M;Alta;2;Laboratory Technician;Alta;Divorced;6975;4;Y;Yes;13;Alta;Media;80;1;11;3;Media;8;1.0;4;6
33;No;Travel_Rarely;Research & Development;8;Universitaria;Technical Degree;1;3467;Alta;M;Alta;3;Healthcare Representative;Alta;Divorced;10814;2;Y;No;14;Alta;Media;80;3;16;2;Muy_Alta;18;3.0;13;9
41;Yes;Travel_Frequently;Sales;27;Universitaria;Life Sciences;1;3468;Baja;F;Alta;2;Sales Executive;Alta;Married;5465;3;Y;No;15;Alta;Muy_Alta;80;2;3;4;Alta;0;0.0;1;0
35;No;Non-Travel;Sales;23;Universitaria;Marketing;1;3469;Media;M;Alta;2;Sales Executive;Alta;Single;2626;0;Y;No;20;Muy_Alta;Alta;80;0;9;2;Muy_Alta;7;1.0;8;5
24;Yes;Travel_Rarely;Research & Development;1;Universitaria;Technical Degree;1;3470;Alta;M;Alta;1;Research Scientist;Alta;Single;1440;0;Y;No;14;Alta;Muy_Alta;80;0;5;1;Alta;7;3.0;1;5
22;No;Travel_Rarely;Research & Development;19;Universitaria;Medical;1;3471;Alta;M;Alta;1;Research Scientist;Alta;Married;2696;1;Y;No;23;Muy_Alta;Baja;80;2;2;6;Alta;3;3.0;3;3
41;No;Non-Travel;Human Resources;3;Primaria;Human Resources;1;3472;Alta;M;Baja;2;Human Resources;Baja;Married;6932;6;Y;No;19;Alta;Media;80;1;10;4;Media;2;2.0;2;2
27;No;Travel_Frequently;Research & Development;1;Secundaria;Technical Degree;1;3473;Alta;F;Media;2;Manufacturing Director;Media;Married;4024;5;Y;No;19;Alta;Alta;80;1;4;1;Media;3;2.0;2;1
37;No;Travel_Rarely;Research & Development;25;Universitaria;Life Sciences;1;3474;Baja;M;Alta;2;Healthcare Representative;Alta;Married;5507;6;Y;No;14;Alta;Media;80;2;9;2;Alta;5;3.0;1;2
29;No;Non-Travel;Research & Development;4;Universitaria;Technical Degree;1;3475;Muy_Alta;M;Alta;2;Research Scientist;Alta;Married;4795;3;Y;No;14;Alta;Media;80;1;10;3;Alta;6;1.0;1;1
53;No;Travel_Rarely;Research & Development;4;Universitaria;Technical Degree;1;3476;Baja;M;Alta;3;Manager;Alta;Married;13176;3;Y;No;11;Alta;Muy_Alta;80;0;18;2;Alta;3;3.0;2;2
35;No;Travel_Rarely;Research & Development;1;Universitaria;Other;1;3477;Alta;M;Alta;2;Manufacturing Director;Alta;Married;5623;1;Y;No;15;Alta;Baja;80;1;13;2;Alta;8;3.0;0;5
30;Yes;Travel_Frequently;Research & Development;1;Universitaria;Life Sciences;1;3478;Media;M;Alta;1;Laboratory Technician;Alta;Married;4836;5;Y;Yes;14;Alta;Alta;80;1;6;1;Alta;1;1.0;2;3
34;No;Travel_Rarely;Research & Development;6;Master;Life Sciences;1;3479;Media;F;Muy_Alta;1;Laboratory Technician;Muy_Alta;Married;3522;3;Y;No;11;Alta;Media;80;0;8;4;Muy_Alta;0;0.0;0;0
23;No;Travel_Rarely;Sales;2;Universitaria;Life Sciences;1;3480;Muy_Alta;M;Alta;2;Sales Executive;Alta;Single;2666;0;Y;Yes;11;Alta;Baja;80;0;7;3;Muy_Alta;6;2.0;0;4
27;Yes;Travel_Frequently;Research & Development;4;Universitaria;Life Sciences;1;3481;Baja;M;Alta;1;Research Scientist;Alta;Married;1167;6;Y;Yes;14;Alta;Media;80;1;5;2;Alta;4;3.0;1;2
48;Yes;Travel_Rarely;Research & Development;2;Universitaria;Life Sciences;1;3482;Baja;M;Alta;1;Laboratory Technician;Alta;Married;2260;4;Y;No;12;Alta;Alta;80;0;9;4;Alta;5;3.0;1;2
33;No;Travel_Rarely;Sales;4;Secundaria;Marketing;1;3483;Muy_Alta;F;Media;2;Sales Executive;Media;Divorced;6494;1;Y;No;13;Alta;Alta;80;3;7;2;Alta;10;3.0;1;2
32;No;Travel_Rarely;Research & Development;1;Secundaria;Technical Degree;1;3484;Muy_Alta;F;Media;2;Laboratory Technician;Media;Single;2850;4;Y;No;14;Alta;Muy_Alta;80;0;10;5;Alta;6;2.0;1;5
33;No;Travel_Rarely;Research & Development;5;Secundaria;Medical;1;3485;Media;F;Media;2;Laboratory Technician;Media;Married;4775;1;Y;No;14;Alta;Alta;80;1;13;3;Media;13;4.0;3;14
37;No;Travel_Rarely;Sales;1;Universitaria;Life Sciences;1;3486;Media;M;Alta;2;Sales Executive;Alta;Married;8290;2;Y;Yes;14;Alta;Muy_Alta;80;1;18;1;Alta;18;3.0;4;11
49;No;Non-Travel;Research & Development;2;Secundaria;Medical;1;3487;Baja;F;Media;4;Manager;Media;Married;16394;8;Y;No;23;Muy_Alta;Muy_Alta;80;1;23;1;Media;21;3.0;12;9
37;No;Travel_Frequently;Sales;19;Universitaria;Life Sciences;1;3488;Media;M;Alta;3;Sales Executive;Alta;Married;8923;1;Y;No;22;Muy_Alta;Muy_Alta;80;1;10;3;Alta;10;2.0;2;7
43;No;Travel_Rarely;Sales;3;Secundaria;Life Sciences;1;3489;Alta;F;Media;2;Sales Executive;Media;Divorced;8884;1;Y;No;11;Alta;Alta;80;1;13;5;Media;8;3.0;0;4
45;No;Travel_Rarely;Sales;4;Universitaria;Marketing;1;3490;Media;M;Alta;5;Manager;Alta;Married;18631;6;Y;No;11;Alta;Alta;80;1;26;5;Alta;23;3.0;3;10
47;No;Travel_Rarely;Research & Development;4;Universitaria;Medical;1;3491;Muy_Alta;M;Alta;4;Healthcare Representative;Alta;Single;12807;3;Y;No;18;Alta;Alta;80;0;22;6;Alta;8;3.0;1;0
36;No;Non-Travel;Research & Development;1;Secundaria;Life Sciences;1;3492;Alta;F;Media;1;Research Scientist;Media;Married;2996;3;Y;No;16;Alta;Muy_Alta;80;3;6;2;Alta;0;0.0;0;0
40;No;Travel_Rarely;Sales;8;Secundaria;Marketing;1;3493;Muy_Alta;F;Media;2;Sales Executive;Media;Single;5415;0;Y;No;20;Muy_Alta;Baja;80;0;8;2;Alta;10;2.0;0;6
37;No;Travel_Rarely;Research & Development;2;Universitaria;Life Sciences;1;3494;Muy_Alta;M;Alta;1;Research Scientist;Alta;Married;1009;5;Y;No;12;Alta;Media;80;1;6;3;Alta;2;2.0;2;1
42;No;Travel_Rarely;Research & Development;4;Universitaria;Life Sciences;1;3495;Baja;M;Alta;5;Manager;Alta;Married;18122;5;Y;No;11;Alta;Baja;80;0;23;2;Alta;22;2.0;4;13
56;No;Travel_Rarely;Research & Development;5;Universitaria;Life Sciences;1;3496;Alta;M;Alta;2;Laboratory Technician;Alta;Single;4724;8;Y;No;11;Alta;Alta;80;0;22;3;Muy_Alta;3;3.0;0;0
46;No;Travel_Rarely;Research & Development;7;Universitaria;Medical;1;3497;Muy_Alta;M;Alta;2;Healthcare Representative;Alta;Single;5924;9;Y;No;13;Alta;Muy_Alta;80;0;8;2;Alta;3;3.0;1;4
37;Yes;Travel_Rarely;Research & Development;29;Universitaria;Medical;1;3498;Media;M;Alta;2;Healthcare Representative;Alta;Married;7426;7;Y;Yes;19;Alta;Media;80;0;16;2;Media;1;1.0;0;1
41;No;Travel_Rarely;Research & Development;1;Universitaria;Life Sciences;1;3499;Alta;M;Alta;1;Laboratory Technician;Alta;Married;5423;3;Y;No;17;Alta;Muy_Alta;80;1;11;5;Alta;4;3.0;0;1
19;No;Travel_Rarely;Sales;22;Universitaria;Technical Degree;1;3500;Alta;M;Alta;1;Sales Representative;Alta;Single;3805;1;Y;No;12;Alta;Alta;80;0;4;2;Baja;4;2.0;2;2
33;No;Travel_Rarely;Research & Development;3;Universitaria;Life Sciences;1;3501;Muy_Alta;M;Alta;1;Laboratory Technician;Alta;Married;3109;0;Y;No;11;Alta;Alta;80;1;17;4;Alta;14;4.0;10;11
35;No;Non-Travel;Research & Development;6;Universitaria;Technical Degree;1;3502;Muy_Alta;M;Alta;2;Research Scientist;Alta;Divorced;3489;5;Y;No;14;Alta;Muy_Alta;80;2;9;2;Alta;11;3.0;1;7
35;No;Travel_Rarely;Human Resources;1;Universitaria;Human Resources;1;3503;Media;M;Alta;1;Human Resources;Alta;Married;3544;1;Y;No;13;Alta;Muy_Alta;80;1;4;2;Alta;3;3.0;0;5
44;No;Travel_Frequently;Research & Development;27;Master;Medical;1;3504;Media;F;Muy_Alta;1;Research Scientist;Muy_Alta;Single;6596;4;Y;No;14;Alta;Muy_Alta;80;0;17;1;Muy_Alta;4;3.0;1;2
38;No;Travel_Rarely;Sales;1;Universitaria;Life Sciences;1;3505;Alta;M;Alta;5;Manager;Alta;Married;17707;0;Y;No;13;Alta;Muy_Alta;80;0;19;2;Alta;19;3.0;1;14
53;No;Travel_Rarely;Research & Development;9;Universitaria;Life Sciences;1;3506;Alta;M;Alta;2;Laboratory Technician;Alta;Single;4958;7;Y;No;11;Alta;Alta;80;0;19;3;Alta;2;2.0;1;0
48;No;Travel_Rarely;Research & Development;7;Universitaria;Life Sciences;1;3507;Muy_Alta;M;Alta;3;Manufacturing Director;Alta;Single;8375;1;Y;No;12;Alta;Alta;80;0;13;2;Alta;10;3.0;0;9
34;No;Travel_Rarely;Sales;1;Primaria;Other;1;3508;Muy_Alta;M;Baja;2;Sales Executive;Baja;Single;3404;3;Y;No;18;Alta;Muy_Alta;80;0;16;3;Alta;13;3.0;3;14
42;No;Travel_Rarely;Human Resources;3;Universitaria;Technical Degree;1;3509;Alta;M;Alta;1;Human Resources;Alta;Divorced;3839;0;Y;Yes;11;Alta;Alta;80;1;2;4;Alta;2;2.0;1;0
36;No;Travel_Rarely;Human Resources;9;Secundaria;Life Sciences;1;3510;Baja;F;Media;1;Human Resources;Media;Married;3634;0;Y;No;20;Muy_Alta;Alta;80;0;6;3;Alta;4;3.0;0;3
28;Yes;Travel_Rarely;Human Resources;14;Secundaria;Human Resources;1;3511;Baja;F;Media;1;Human Resources;Media;Divorced;1961;3;Y;Yes;15;Alta;Muy_Alta;80;3;2;3;Media;1;1.0;1;0
50;No;Travel_Rarely;Research & Development;3;Secundaria;Life Sciences;1;3512;Muy_Alta;F;Media;5;Research Director;Media;Single;18826;6;Y;No;11;Alta;Alta;80;0;24;3;Media;2;2.0;0;0
33;No;Travel_Rarely;Human Resources;2;Universitaria;Human Resources;1;3513;Muy_Alta;M;Alta;1;Human Resources;Alta;Divorced;2259;3;Y;Yes;11;Alta;Alta;80;1;7;4;Muy_Alta;6;3.0;0;2
44;No;Travel_Frequently;Research & Development;28;Universitaria;Life Sciences;1;3514;Alta;M;Alta;3;Manufacturing Director;Alta;Married;10281;7;Y;No;11;Alta;Alta;80;1;20;1;Alta;8;4.0;0;1
41;No;Travel_Frequently;Research & Development;13;Universitaria;Technical Degree;1;3515;Muy_Alta;M;Alta;2;Laboratory Technician;Alta;Married;5503;1;Y;No;11;Alta;Baja;80;1;10;2;Alta;9;3.0;8;5
46;No;Travel_Frequently;Research & Development;8;Universitaria;Life Sciences;1;3516;Baja;M;Alta;3;Laboratory Technician;Alta;Divorced;4471;1;Y;No;17;Alta;Baja;80;1;25;2;Alta;23;3.0;10;10
51;No;Travel_Rarely;Sales;23;Universitaria;Marketing;1;3517;Alta;M;Alta;2;Sales Executive;Alta;Single;5469;0;Y;Yes;22;Muy_Alta;Muy_Alta;80;0;11;2;Alta;10;3.0;0;0
48;No;Travel_Rarely;Human Resources;2;Universitaria;Life Sciences;1;3518;Muy_Alta;M;Alta;1;Human Resources;Alta;Single;4034;7;Y;No;13;Alta;Alta;80;0;10;2;Muy_Alta;8;3.0;5;7
32;No;Travel_Rarely;Sales;10;Universitaria;Marketing;1;3519;Muy_Alta;M;Alta;2;Sales Executive;Alta;Single;5820;0;Y;No;12;Alta;Muy_Alta;80;0;9;2;Alta;9;3.0;1;8
45;No;Travel_Frequently;Sales;27;Universitaria;Life Sciences;1;3520;Alta;M;Alta;4;Manager;Alta;Married;17907;2;Y;Yes;12;Alta;Muy_Alta;80;2;26;3;Alta;23;2.0;4;13
26;No;Non-Travel;Research & Development;8;Secundaria;Life Sciences;1;3521;Alta;F;Media;1;Laboratory Technician;Media;Divorced;3653;1;Y;No;12;Alta;Alta;80;3;1;4;Muy_Alta;4;1.0;1;0
41;No;Travel_Rarely;Research & Development;2;Universitaria;Life Sciences;1;3522;Muy_Alta;M;Alta;1;Research Scientist;Alta;Married;1205;3;Y;No;22;Muy_Alta;Baja;80;1;10;3;Alta;4;3.0;1;1
40;No;Travel_Rarely;Research & Development;2;Secundaria;Medical;1;3523;Alta;F;Media;1;Research Scientist;Media;Married;5303;2;Y;No;14;Alta;Baja;80;1;17;2;Alta;5;2.0;0;3
53;No;Travel_Frequently;Research & Development;18;Universitaria;Life Sciences;1;3524;Muy_Alta;M;Alta;2;Research Scientist;Alta;Single;3674;4;Y;No;12;Alta;Muy_Alta;80;0;23;4;Media;4;3.0;1;3
25;No;Travel_Frequently;Human Resources;12;Universitaria;Medical;1;3525;Baja;M;Alta;1;Human Resources;Alta;Married;2147;0;Y;No;14;Alta;Muy_Alta;80;1;3;2;Media;4;3.0;2;3
40;No;Non-Travel;Sales;12;Universitaria;Life Sciences;1;3526;Muy_Alta;M;Alta;2;Sales Executive;Alta;Single;4848;7;Y;No;13;Alta;Muy_Alta;80;0;19;3;Media;14;2.0;1;10
31;No;Travel_Rarely;Research & Development;7;Universitaria;Life Sciences;1;3527;Alta;M;Alta;1;Research Scientist;Alta;Single;3930;2;Y;No;21;Muy_Alta;Baja;80;0;7;2;Alta;6;2.0;1;4
37;No;Travel_Rarely;Research & Development;1;Secundaria;Life Sciences;1;3528;Media;F;Media;2;Healthcare Representative;Media;Single;7294;0;Y;No;13;Alta;Baja;80;0;6;3;Alta;4;2.0;1;3
39;No;Travel_Frequently;Research & Development;7;Universitaria;Life Sciences;1;3529;Muy_Alta;M;Alta;2;Manufacturing Director;Alta;Divorced;4312;6;Y;No;13;Alta;Media;80;3;17;3;Alta;3;3.0;0;3
32;No;Travel_Rarely;Research & Development;3;Secundaria;Life Sciences;1;3530;Muy_Alta;F;Media;1;Laboratory Technician;Media;Married;3050;6;Y;No;16;Alta;Baja;80;1;7;2;Baja;2;2.0;0;3
45;No;Non-Travel;Research & Development;9;Master;Medical;1;3531;Muy_Alta;F;Muy_Alta;1;Research Scientist;Muy_Alta;Divorced;2865;4;Y;No;14;Alta;Muy_Alta;80;3;6;3;Media;4;4.0;2;3
26;Yes;Travel_Frequently;Research & Development;9;Universitaria;Medical;1;3532;Media;M;Alta;1;Laboratory Technician;Alta;Single;3978;2;Y;Yes;11;Alta;Alta;80;0;5;2;Media;0;0.0;0;1
58;No;Travel_Rarely;Research & Development;4;Universitaria;Life Sciences;1;3533;Baja;M;Alta;1;Research Scientist;Alta;Married;3188;2;Y;No;22;Muy_Alta;Muy_Alta;80;1;6;3;Media;2;2.0;0;0
37;No;Travel_Rarely;Research & Development;23;Universitaria;Medical;1;3534;Alta;M;Alta;3;Healthcare Representative;Alta;Divorced;11123;1;Y;Yes;11;Alta;Alta;80;1;15;3;Alta;16;3.0;10;1
49;No;Travel_Rarely;Human Resources;6;Universitaria;Life Sciences;1;3535;Alta;M;Alta;4;Manager;Alta;Divorced;14675;1;Y;Yes;12;Alta;Media;80;1;32;2;Baja;31;2.0;0;10
19;Yes;Travel_Rarely;Research & Development;1;Universitaria;Life Sciences;1;3536;Alta;M;Alta;1;Laboratory Technician;Alta;Single;1620;1;Y;No;13;Alta;Alta;80;0;2;2;Media;2;2.0;1;0
33;Yes;Travel_Rarely;Sales;3;Universitaria;Technical Degree;1;3537;Muy_Alta;M;Alta;2;Sales Representative;Alta;Married;3217;3;Y;No;14;Alta;Alta;80;1;21;6;Alta;4;3.0;0;0
34;No;Travel_Rarely;Research & Development;2;Primaria;Life Sciences;1;3538;Alta;M;Baja;1;Research Scientist;Baja;Married;2969;1;Y;No;11;Alta;Muy_Alta;80;1;3;5;Baja;4;3.0;2;1
43;No;Travel_Rarely;Human Resources;4;Secundaria;Life Sciences;1;3539;Baja;F;Media;2;Human Resources;Media;Single;6546;3;Y;No;11;Alta;Media;80;0;10;1;Alta;2;2.0;0;1
33;No;Travel_Frequently;Research & Development;24;Universitaria;Technical Degree;1;3540;Muy_Alta;M;Alta;2;Manufacturing Director;Alta;Single;5605;3;Y;No;21;Muy_Alta;Muy_Alta;80;0;9;3;Alta;7;2.0;1;3
23;No;Travel_Rarely;Research & Development;2;Secundaria;Medical;1;3541;Baja;F;Media;1;Research Scientist;Media;Single;1009;0;Y;No;13;Alta;Muy_Alta;80;0;6;0;Alta;4;2.0;1;0
35;No;Travel_Rarely;Sales;29;Secundaria;Marketing;1;3542;Muy_Alta;F;Media;2;Sales Executive;Media;Married;7227;2;Y;No;21;Muy_Alta;Muy_Alta;80;2;7;2;Media;7;3.0;2;6
21;Yes;Travel_Rarely;Sales;2;Universitaria;Technical Degree;1;3543;Baja;M;Alta;1;Sales Representative;Alta;Single;4060;1;Y;Yes;17;Alta;Media;80;0;7;4;Muy_Alta;4;2.0;1;4
45;No;Travel_Rarely;Research & Development;9;Universitaria;Life Sciences;1;3544;Media;M;Alta;1;Laboratory Technician;Alta;Single;2114;5;Y;No;11;Alta;Alta;80;0;9;2;Alta;3;3.0;3;0
30;No;Travel_Frequently;Research & Development;12;Universitaria;Life Sciences;1;3545;Muy_Alta;M;Alta;3;Manufacturing Director;Alta;Divorced;9096;0;Y;No;22;Muy_Alta;Alta;80;2;11;4;Alta;7;3.0;3;7
50;No;Travel_Rarely;Sales;2;Universitaria;Life Sciences;1;3546;Alta;M;Alta;3;Sales Executive;Alta;Divorced;10592;3;Y;Yes;11;Alta;Media;80;1;13;5;Alta;9;3.0;1;2
32;No;Travel_Rarely;Sales;11;Universitaria;Marketing;1;3547;Media;M;Alta;2;Sales Executive;Alta;Married;7454;2;Y;No;18;Alta;Baja;80;1;11;3;Alta;9;2.0;0;7
45;No;Travel_Rarely;Sales;10;Universitaria;Marketing;1;3548;Muy_Alta;M;Alta;3;Sales Executive;Alta;Divorced;11210;4;Y;Yes;11;Alta;Alta;80;1;18;2;Alta;6;4.0;0;3
52;No;Travel_Rarely;Research & Development;24;Universitaria;Medical;1;3549;Media;M;Alta;4;Manager;Alta;Married;17235;3;Y;No;25;Muy_Alta;Alta;80;1;38;6;Alta;12;3.0;3;7
36;No;Travel_Rarely;Research & Development;3;Master;Medical;1;3550;Media;F;Muy_Alta;2;Healthcare Representative;Muy_Alta;Divorced;6102;6;Y;No;20;Muy_Alta;Media;80;3;16;0;Muy_Alta;12;4.0;12;7
44;No;Non-Travel;Research & Development;21;Secundaria;Life Sciences;1;3551;Muy_Alta;F;Media;2;Research Scientist;Media;Single;4128;1;Y;No;13;Alta;Muy_Alta;80;0;19;2;Media;21;3.0;2;6
40;Yes;Travel_Frequently;Sales;5;Universitaria;Marketing;1;3552;Baja;M;Alta;2;Sales Executive;Alta;Single;9206;2;Y;No;18;Alta;Alta;80;0;8;5;Media;7;3.0;7;8
44;No;Non-Travel;Research & Development;3;Secundaria;Life Sciences;1;3553;Alta;F;Media;3;Healthcare Representative;Media;Married;12043;4;Y;No;25;Muy_Alta;Muy_Alta;80;1;26;3;Alta;22;3.0;14;4
22;Yes;Travel_Frequently;Research & Development;9;Universitaria;Medical;1;3554;Media;M;Alta;1;Laboratory Technician;Alta;Single;2510;2;Y;Yes;12;Alta;Alta;80;0;5;2;Media;2;2.0;0;1
39;No;Travel_Rarely;Research & Development;1;Universitaria;Life Sciences;1;3555;Muy_Alta;M;Alta;1;Research Scientist;Alta;Single;1835;1;Y;No;12;Alta;Media;80;0;18;3;Alta;16;3.0;6;7
34;No;Non-Travel;Research & Development;1;Secundaria;Life Sciences;1;3556;Alta;F;Media;1;Research Scientist;Media;Married;2985;3;Y;No;17;Alta;Muy_Alta;80;3;5;2;Alta;0;0.0;0;0
34;Yes;Travel_Rarely;Research & Development;10;Universitaria;Life Sciences;1;3557;Muy_Alta;M;Alta;2;Laboratory Technician;Alta;Married;5306;1;Y;No;18;Alta;Baja;80;1;10;3;Alta;11;2.0;1;2
30;No;Travel_Rarely;Research & Development;1;Primaria;Life Sciences;1;3558;Muy_Alta;M;Baja;1;Laboratory Technician;Baja;Married;1422;4;Y;No;20;Muy_Alta;Alta;80;2;8;2;Baja;2;2.0;0;2
29;No;Travel_Rarely;Research & Development;4;Secundaria;Medical;1;3559;Baja;F;Media;1;Laboratory Technician;Media;Married;4449;8;Y;No;12;Alta;Muy_Alta;80;0;9;5;Media;3;3.0;0;3
39;No;Travel_Rarely;Research & Development;1;Universitaria;Life Sciences;1;3560;Baja;M;Alta;4;Manager;Alta;Divorced;17218;2;Y;No;11;Alta;Baja;80;1;23;3;Alta;21;2.0;11;16
41;No;Travel_Rarely;Research & Development;5;Universitaria;Medical;1;3561;Alta;M;Alta;3;Research Director;Alta;Married;12481;9;Y;No;14;Alta;Media;80;1;18;3;Alta;12;2.0;7;7
60;No;Travel_Rarely;Research & Development;6;Universitaria;Medical;1;3562;Alta;M;Alta;4;Healthcare Representative;Alta;Married;10836;7;Y;No;11;Alta;Alta;80;0;31;1;Alta;10;2.0;2;1
29;Yes;Travel_Rarely;Research & Development;1;Universitaria;Life Sciences;1;3563;Baja;M;Alta;1;Laboratory Technician;Alta;Single;3080;2;Y;No;11;Alta;Alta;80;0;5;5;Alta;2;2.0;0;0
26;No;Travel_Frequently;Sales;10;Universitaria;Life Sciences;1;3564;Muy_Alta;M;Alta;3;Sales Executive;Alta;Single;9660;1;Y;No;15;Alta;Muy_Alta;80;0;7;0;Media;9;3.0;1;7
30;No;Travel_Rarely;Research & Development;7;Universitaria;Medical;1;3565;Media;M;Alta;2;Laboratory Technician;Alta;Married;4139;1;Y;No;13;Alta;Baja;80;1;8;5;Alta;8;3.0;0;9
36;No;Travel_Rarely;Human Resources;1;Universitaria;Human Resources;1;3566;Media;M;Alta;1;Human Resources;Alta;Married;3713;2;Y;No;12;Alta;Muy_Alta;80;1;6;2;Alta;6;3.0;1;4
43;No;Travel_Rarely;Research & Development;3;Primaria;Life Sciences;1;3567;Alta;M;Baja;5;Research Director;Baja;Married;19146;3;Y;No;13;Alta;Media;80;1;29;2;Media;9;3.0;0;7
55;Yes;Travel_Rarely;Research & Development;23;Universitaria;Medical;1;3568;Muy_Alta;M;Alta;3;Healthcare Representative;Alta;Married;10606;1;Y;No;12;Alta;Muy_Alta;80;1;40;3;Alta;40;3.0;15;6
41;No;Travel_Frequently;Research & Development;11;Universitaria;Other;1;3569;Media;M;Alta;3;Research Director;Alta;Divorced;11366;0;Y;Yes;14;Alta;Alta;80;3;11;1;Alta;9;2.0;0;7
25;Yes;Travel_Rarely;Research & Development;11;Universitaria;Life Sciences;1;3570;Alta;M;Alta;1;Laboratory Technician;Alta;Married;4387;1;Y;Yes;12;Alta;Muy_Alta;80;0;2;5;Baja;0;0.0;0;0
43;No;Travel_Rarely;Research & Development;3;Universitaria;Life Sciences;1;3571;Baja;M;Alta;5;Manager;Alta;Married;19629;6;Y;No;11;Alta;Baja;80;0;23;2;Alta;24;3.0;3;14
41;No;Travel_Frequently;Research & Development;1;Universitaria;Technical Degree;1;3572;Alta;M;Alta;3;Healthcare Representative;Alta;Single;10883;0;Y;No;25;Muy_Alta;Muy_Alta;80;0;21;1;Alta;18;2.0;10;9
21;No;Travel_Rarely;Sales;9;Universitaria;Medical;1;3573;Alta;M;Alta;1;Sales Representative;Alta;Single;3079;0;Y;Yes;11;Alta;Muy_Alta;80;0;2;6;Muy_Alta;2;2.0;3;2
29;Yes;Travel_Frequently;Sales;28;Secundaria;Marketing;1;3574;Alta;F;Media;2;Sales Executive;Media;Single;5885;5;Y;No;16;Alta;Alta;80;0;7;5;Media;8;2.0;0;1
39;Yes;Travel_Rarely;Sales;19;Universitaria;Marketing;1;3575;Media;M;Alta;1;Sales Representative;Alta;Single;4369;2;Y;Yes;23;Muy_Alta;Muy_Alta;80;0;6;5;Media;5;2.0;1;3
41;No;Travel_Rarely;Research & Development;7;Master;Life Sciences;1;3576;Media;F;Muy_Alta;2;Healthcare Representative;Muy_Alta;Single;6452;3;Y;No;13;Alta;Baja;80;0;9;3;Muy_Alta;3;3.0;0;2
39;Yes;Travel_Rarely;Sales;28;Secundaria;Marketing;1;3577;Muy_Alta;F;Media;3;Sales Executive;Media;Single;10157;1;Y;Yes;11;Alta;Alta;80;0;12;2;Media;5;3.0;0;0
24;No;Travel_Rarely;Sales;27;Universitaria;Medical;1;3578;Baja;M;Alta;2;Sales Executive;Alta;Divorced;4755;5;Y;No;12;Alta;Baja;80;2;10;5;Alta;0;0.0;0;0
43;No;Travel_Rarely;Research & Development;21;Universitaria;Medical;1;3579;Alta;M;Alta;2;Laboratory Technician;Alta;Married;3248;7;Y;Yes;16;Alta;Alta;80;1;16;3;Media;6;4.0;5;7
34;No;Travel_Rarely;Research & Development;9;Master;Life Sciences;1;3580;Media;F;Muy_Alta;3;Research Director;Muy_Alta;Married;11224;0;Y;Yes;12;Alta;Alta;80;3;12;4;Media;9;4.0;1;7
32;No;Travel_Rarely;Research & Development;23;Universitaria;Life Sciences;1;3581;Muy_Alta;M;Alta;2;Manufacturing Director;Alta;Married;6753;1;Y;No;15;Alta;Media;80;1;18;3;Alta;10;3.0;1;8
31;No;Travel_Frequently;Research & Development;4;Universitaria;Life Sciences;1;3582;Muy_Alta;M;Alta;1;Research Scientist;Alta;Married;4086;0;Y;Yes;12;Alta;Alta;80;0;9;3;Alta;9;3.0;3;0
32;No;Travel_Rarely;Research & Development;4;Secundaria;Medical;1;3583;Baja;F;Media;1;Laboratory Technician;Media;Married;3123;7;Y;No;12;Alta;Muy_Alta;80;0;9;5;Media;7;3.0;0;2
26;No;Travel_Rarely;Sales;1;Universitaria;Other;1;3584;Baja;M;Alta;2;Sales Executive;Alta;Married;4887;0;Y;No;23;Muy_Alta;Baja;80;1;6;2;Muy_Alta;4;3.0;0;1
42;Yes;Travel_Rarely;Research & Development;7;Universitaria;Medical;1;3585;Muy_Alta;M;Alta;1;Laboratory Technician;Alta;Married;4845;7;Y;Yes;20;Muy_Alta;Muy_Alta;80;0;10;2;Media;4;3.0;2;2
52;No;Travel_Frequently;Research & Development;22;Secundaria;Medical;1;3586;Alta;F;Media;4;Manufacturing Director;Media;Married;12665;3;Y;No;21;Muy_Alta;Alta;80;0;33;3;Media;7;1.0;0;0
37;No;Travel_Rarely;Research & Development;12;Universitaria;Life Sciences;1;3587;Muy_Alta;M;Alta;3;Healthcare Representative;Alta;Married;9506;7;Y;Yes;13;Alta;Muy_Alta;80;1;16;1;Alta;12;3.0;5;6
25;No;Travel_Rarely;Research & Development;15;Universitaria;Life Sciences;1;3588;Baja;M;Alta;1;Research Scientist;Alta;Married;1557;1;Y;Yes;15;Alta;Muy_Alta;80;2;7;3;Media;9;3.0;7;7
40;No;Travel_Rarely;Research & Development;7;Secundaria;Life Sciences;1;3589;Alta;F;Media;1;Laboratory Technician;Media;Married;1126;1;Y;No;18;Alta;Muy_Alta;80;1;2;5;Muy_Alta;0;0.0;1;0
43;No;Travel_Rarely;Research & Development;6;Universitaria;Life Sciences;1;3590;Media;M;Alta;2;Manufacturing Director;Alta;Married;6663;2;Y;Yes;17;Alta;Media;80;1;20;3;Alta;3;2.0;0;0
37;No;Travel_Rarely;Research & Development;19;Universitaria;Medical;1;3591;Alta;M;Alta;2;Laboratory Technician;Alta;Married;2638;8;Y;Yes;14;Alta;Alta;80;1;18;2;Alta;8;3.0;3;7
38;No;Travel_Rarely;Research & Development;1;Secundaria;Life Sciences;1;3592;Muy_Alta;F;Media;2;Manufacturing Director;Media;Married;5641;9;Y;Yes;14;Alta;Muy_Alta;80;1;7;4;Media;5;3.0;0;2
28;No;Travel_Frequently;Research & Development;2;Universitaria;Life Sciences;1;3593;Muy_Alta;M;Alta;1;Laboratory Technician;Alta;Married;2143;0;Y;No;12;Alta;Alta;80;3;3;3;Media;1;1.0;0;1
36;Yes;Travel_Rarely;Research & Development;17;Master;Life Sciences;1;3594;Alta;M;Muy_Alta;1;Laboratory Technician;Muy_Alta;Single;2584;1;Y;No;16;Alta;Alta;80;0;18;1;Alta;19;2.0;14;14
35;No;Travel_Frequently;Sales;1;Secundaria;Medical;1;3595;Baja;F;Media;3;Sales Executive;Media;Married;8796;5;Y;No;13;Alta;Baja;80;1;14;2;Muy_Alta;12;3.0;1;12
38;No;Travel_Frequently;Research & Development;1;Universitaria;Technical Degree;1;3596;Alta;M;Alta;3;Healthcare Representative;Alta;Single;11898;0;Y;No;25;Muy_Alta;Muy_Alta;80;0;21;1;Alta;20;3.0;11;8
59;No;Travel_Rarely;Research & Development;23;Secundaria;Technical Degree;1;3597;Baja;F;Media;1;Research Scientist;Media;Divorced;5250;5;Y;No;13;Alta;Muy_Alta;80;1;9;1;Media;3;3.0;1;1
57;Yes;Travel_Frequently;Research & Development;1;Secundaria;Life Sciences;1;3598;Muy_Alta;F;Media;1;Laboratory Technician;Media;Divorced;2055;9;Y;Yes;14;Alta;Muy_Alta;80;1;4;3;Media;1;1.0;0;0
54;No;Travel_Rarely;Research & Development;2;Primaria;Medical;1;3599;Muy_Alta;M;Baja;5;Manager;Baja;Married;18239;4;Y;No;13;Alta;Muy_Alta;80;1;24;5;Baja;18;3.0;10;12
37;No;Travel_Rarely;Research & Development;1;Universitaria;Life Sciences;1;3600;Muy_Alta;M;Alta;1;Research Scientist;Alta;Single;3237;4;Y;Yes;12;Alta;Alta;80;0;6;3;Muy_Alta;3;3.0;1;3
39;No;Non-Travel;Research & Development;10;Secundaria;Medical;1;3601;Muy_Alta;F;Media;3;Research Director;Media;Divorced;12633;1;Y;No;11;Alta;Alta;80;1;19;5;Muy_Alta;11;4.0;5;9
28;Yes;Travel_Rarely;Research & Development;22;Universitaria;Life Sciences;1;3602;Baja;M;Alta;1;Research Scientist;Alta;Married;2038;4;Y;Yes;12;Alta;Media;80;0;8;2;Media;4;1.0;0;0
26;No;Travel_Rarely;Research & Development;6;Universitaria;Medical;1;3603;Muy_Alta;M;Alta;1;Research Scientist;Alta;Married;1906;1;Y;No;22;Muy_Alta;Muy_Alta;80;1;6;3;Muy_Alta;4;3.0;0;5
32;No;Travel_Frequently;Research & Development;23;Universitaria;Life Sciences;1;3604;Baja;M;Alta;2;Laboratory Technician;Alta;Married;4440;0;Y;No;16;Alta;Muy_Alta;80;2;10;2;Alta;10;3.0;4;7
37;Yes;Travel_Rarely;Research & Development;3;Secundaria;Life Sciences;1;3605;Muy_Alta;F;Media;1;Laboratory Technician;Media;Single;5016;1;Y;Yes;13;Alta;Muy_Alta;80;0;4;2;Media;3;3.0;1;2
32;No;Travel_Rarely;Research & Development;1;Secundaria;Medical;1;3606;Media;F;Media;1;Research Scientist;Media;Single;1889;1;Y;No;18;Alta;Baja;80;0;8;3;Alta;6;2.0;0;4
38;Yes;Travel_Frequently;Sales;20;Universitaria;Marketing;1;3607;Muy_Alta;M;Alta;2;Sales Executive;Alta;Married;3871;0;Y;Yes;18;Alta;Alta;80;1;4;0;Alta;4;3.0;5;2
34;No;Travel_Rarely;Human Resources;11;Universitaria;Human Resources;1;3608;Alta;M;Alta;2;Human Resources;Alta;Married;6956;0;Y;Yes;18;Alta;Muy_Alta;80;0;14;2;Alta;13;2.0;5;7
32;No;Non-Travel;Research & Development;1;Universitaria;Life Sciences;1;3609;Muy_Alta;M;Alta;1;Laboratory Technician;Alta;Divorced;1009;0;Y;No;13;Alta;Media;80;1;5;2;Alta;1;1.0;1;2
42;No;Travel_Rarely;Research & Development;18;Universitaria;Life Sciences;1;3610;Alta;M;Alta;3;Manufacturing Director;Alta;Single;8669;5;Y;Yes;15;Alta;Muy_Alta;80;0;17;2;Alta;4;2.0;3;3
45;No;Travel_Rarely;Research & Development;6;Universitaria;Other;1;3611;Alta;M;Alta;2;Healthcare Representative;Alta;Divorced;2466;5;Y;Yes;14;Alta;Muy_Alta;80;0;8;2;Alta;4;2.0;0;1
27;No;Travel_Rarely;Research & Development;21;Secundaria;Other;1;3612;Muy_Alta;F;Media;1;Laboratory Technician;Media;Divorced;4058;1;Y;No;11;Alta;Baja;80;2;8;3;Media;8;3.0;0;7
43;No;Travel_Rarely;Research & Development;8;Universitaria;Life Sciences;1;3613;Baja;M;Alta;2;Manufacturing Director;Alta;Divorced;5313;5;Y;No;21;Muy_Alta;Alta;80;1;3;2;Media;3;2.0;0;0
25;Yes;Travel_Rarely;Research & Development;23;Universitaria;Medical;1;3614;Baja;M;Alta;1;Laboratory Technician;Alta;Divorced;1009;1;Y;No;20;Muy_Alta;Alta;80;1;2;0;Alta;1;1.0;0;0
24;No;Non-Travel;Research & Development;7;Universitaria;Medical;1;3615;Muy_Alta;M;Alta;1;Laboratory Technician;Alta;Single;2149;1;Y;No;20;Muy_Alta;Alta;80;0;6;5;Alta;9;3.0;5;8
37;No;Travel_Rarely;Sales;10;Secundaria;Life Sciences;1;3616;Muy_Alta;M;Media;2;Sales Executive;Media;Divorced;6299;2;Y;Yes;15;Alta;Alta;80;3;10;5;Baja;0;0.0;0;1
52;No;Travel_Frequently;Sales;3;Secundaria;Medical;1;3617;Muy_Alta;M;Media;2;Sales Executive;Media;Married;4974;2;Y;No;15;Alta;Muy_Alta;80;0;16;3;Media;8;4.0;1;7
41;No;Travel_Frequently;Research & Development;5;Universitaria;Other;1;3618;Media;M;Alta;1;Laboratory Technician;Alta;Married;1885;4;Y;No;17;Alta;Muy_Alta;80;1;10;4;Alta;2;1.0;2;0
60;No;Travel_Rarely;Research & Development;1;Primaria;Medical;1;3619;Alta;M;Baja;3;Healthcare Representative;Baja;Divorced;10938;3;Y;No;20;Muy_Alta;Alta;80;1;15;2;Baja;2;2.0;0;0
37;No;Travel_Rarely;Human Resources;12;Universitaria;Human Resources;1;3620;Alta;M;Alta;1;Human Resources;Alta;Married;4133;4;Y;No;13;Alta;Media;80;1;9;2;Alta;2;2.0;0;4
40;No;Travel_Frequently;Research & Development;1;Universitaria;Life Sciences;1;3621;Muy_Alta;M;Alta;2;Healthcare Representative;Alta;Married;5707;4;Y;No;14;Alta;Media;80;1;13;2;Media;6;1.0;2;2
23;No;Travel_Rarely;Sales;5;Secundaria;Marketing;1;3622;Alta;F;Media;2;Sales Executive;Media;Married;3865;1;Y;No;12;Alta;Baja;80;0;5;1;Media;4;3.0;0;3
40;No;Travel_Frequently;Research & Development;7;Secundaria;Life Sciences;1;3623;Muy_Alta;F;Media;4;Manager;Media;Divorced;15896;5;Y;No;13;Alta;Media;80;1;23;2;Alta;6;2.0;6;8
26;No;Non-Travel;Sales;1;Universitaria;Life Sciences;1;3624;Muy_Alta;M;Alta;2;Sales Executive;Alta;Married;4163;1;Y;No;14;Alta;Baja;80;1;3;3;Muy_Alta;3;3.0;0;1
34;No;Travel_Frequently;Research & Development;10;Universitaria;Life Sciences;1;3625;Baja;M;Alta;1;Research Scientist;Alta;Married;3412;5;Y;No;12;Alta;Baja;80;1;10;3;Alta;4;3.0;1;3
43;No;Non-Travel;Research & Development;22;Secundaria;Life Sciences;1;3626;Muy_Alta;F;Media;2;Research Scientist;Media;Single;4592;1;Y;No;13;Alta;Muy_Alta;80;0;22;2;Media;19;4.0;2;7
33;No;Travel_Rarely;Research & Development;1;Universitaria;Life Sciences;1;3627;Alta;M;Alta;3;Manufacturing Director;Alta;Single;8376;3;Y;Yes;15;Alta;Muy_Alta;80;0;11;4;Alta;1;1.0;1;0
50;No;Travel_Frequently;Research & Development;4;Secundaria;Medical;1;3628;Alta;F;Media;4;Manager;Media;Married;15839;3;Y;No;25;Muy_Alta;Media;80;1;19;3;Media;1;1.0;2;3
33;No;Travel_Frequently;Sales;1;Universitaria;Life Sciences;1;3629;Media;M;Alta;2;Sales Executive;Alta;Single;5350;1;Y;No;18;Alta;Baja;80;0;11;3;Alta;9;3.0;0;8
18;Yes;Travel_Rarely;Sales;22;Universitaria;Marketing;1;3630;Muy_Alta;M;Alta;1;Sales Representative;Alta;Single;2652;1;Y;Yes;20;Alta;Muy_Alta;80;0;0;2;Muy_Alta;0;0.0;0;0
18;Yes;Travel_Rarely;Research & Development;4;Universitaria;Technical Degree;1;3631;Baja;M;Alta;1;Laboratory Technician;Alta;Single;3103;1;Y;No;19;Alta;Media;80;0;0;2;Media;3;2.0;0;0
28;No;Travel_Rarely;Sales;1;Universitaria;Life Sciences;1;3632;Baja;M;Alta;1;Sales Representative;Alta;Married;2665;0;Y;No;18;Alta;Alta;80;1;3;1;Alta;2;2.0;2;3
24;No;Travel_Rarely;Research & Development;6;Secundaria;Medical;1;3633;Baja;F;Media;1;Research Scientist;Media;Divorced;2699;1;Y;No;12;Alta;Alta;80;2;5;5;Alta;6;3.0;0;3
48;No;Travel_Rarely;Human Resources;5;Primaria;Life Sciences;1;3634;Alta;M;Baja;3;Human Resources;Baja;Married;9778;4;Y;No;21;Muy_Alta;Alta;80;2;8;2;Baja;4;3.0;1;3
50;No;Travel_Rarely;Research & Development;19;Secundaria;Life Sciences;1;3635;Muy_Alta;F;Media;5;Research Director;Media;Divorced;19887;1;Y;Yes;16;Alta;Alta;80;1;35;5;Media;32;2.0;0;9
47;No;Travel_Rarely;Research & Development;1;Secundaria;Life Sciences;1;3636;Media;F;Media;1;Research Scientist;Media;Single;1900;1;Y;No;13;Alta;Muy_Alta;80;0;1;3;Muy_Alta;0;0.0;0;0
37;No;Travel_Rarely;Sales;12;Secundaria;Marketing;1;3637;Media;F;Media;2;Sales Executive;Media;Married;5860;4;Y;No;13;Alta;Baja;80;1;9;2;Media;5;4.0;1;1
38;No;Travel_Rarely;Research & Development;8;Universitaria;Medical;1;3638;Alta;M;Alta;1;Laboratory Technician;Alta;Married;4515;6;Y;No;20;Muy_Alta;Media;80;1;18;3;Alta;6;3.0;0;4
35;No;Travel_Frequently;Sales;11;Universitaria;Technical Degree;1;3639;Media;M;Alta;3;Sales Executive;Alta;Married;10288;1;Y;No;14;Alta;Alta;80;1;10;6;Alta;9;3.0;2;8
21;No;Travel_Rarely;Sales;4;Universitaria;Medical;1;3640;Alta;M;Alta;1;Sales Representative;Alta;Single;2172;2;Y;Yes;11;Alta;Muy_Alta;80;0;1;6;Alta;3;3.0;2;3
55;No;Travel_Rarely;Research & Development;8;Universitaria;Other;1;3641;Alta;M;Alta;5;Manager;Alta;Divorced;18526;3;Y;No;12;Alta;Muy_Alta;80;1;23;3;Muy_Alta;12;3.0;4;7
18;No;Non-Travel;Research & Development;5;Universitaria;Life Sciences;1;3642;Media;M;Alta;1;Research Scientist;Alta;Single;1009;1;Y;No;15;Alta;Muy_Alta;80;0;2;3;Muy_Alta;0;0.0;0;0
25;No;Travel_Rarely;Sales;8;Universitaria;Medical;1;3643;Muy_Alta;M;Alta;2;Sales Executive;Alta;Married;3684;2;Y;Yes;12;Alta;Alta;80;2;6;3;Alta;7;3.0;0;2
48;No;Travel_Rarely;Sales;26;Master;Medical;1;3644;Muy_Alta;F;Muy_Alta;4;Sales Executive;Muy_Alta;Married;10952;2;Y;Yes;19;Alta;Alta;80;1;22;2;Alta;10;3.0;11;11
45;No;Travel_Rarely;Research & Development;2;Universitaria;Technical Degree;1;3645;Baja;M;Alta;3;Healthcare Representative;Alta;Divorced;7550;1;Y;No;11;Alta;Baja;80;3;11;4;Alta;11;3.0;7;7
30;No;Travel_Rarely;Research & Development;2;Universitaria;Medical;1;3646;Alta;M;Alta;1;Research Scientist;Alta;Single;1009;2;Y;No;18;Alta;Media;80;0;1;4;Media;0;0.0;1;0
57;No;Travel_Rarely;Sales;6;Universitaria;Marketing;1;3647;Media;M;Alta;2;Sales Representative;Alta;Married;2277;2;Y;Yes;20;Muy_Alta;Muy_Alta;80;1;13;3;Alta;8;3.0;4;5
27;No;Travel_Rarely;Research & Development;19;Universitaria;Technical Degree;1;3648;Alta;M;Alta;1;Research Scientist;Alta;Married;1294;0;Y;Yes;16;Alta;Muy_Alta;80;1;7;3;Muy_Alta;3;2.0;2;0
28;No;Non-Travel;Sales;2;Universitaria;Life Sciences;1;3649;Muy_Alta;M;Alta;3;Sales Executive;Alta;Divorced;10623;1;Y;Yes;20;Alta;Baja;80;1;8;5;Muy_Alta;10;3.0;8;5
31;No;Travel_Rarely;Research & Development;17;Universitaria;Life Sciences;1;3650;Baja;M;Alta;1;Research Scientist;Alta;Single;1009;1;Y;No;14;Alta;Alta;80;0;4;4;Alta;5;2.0;0;5
57;No;Non-Travel;Research & Development;9;Secundaria;Medical;1;3651;Muy_Alta;F;Media;4;Healthcare Representative;Media;Divorced;14356;2;Y;Yes;15;Alta;Muy_Alta;80;1;34;3;Muy_Alta;35;3.0;14;0
29;No;Travel_Rarely;Human Resources;18;Secundaria;Other;1;3652;Media;F;Media;3;Human Resources;Media;Single;9434;1;Y;No;12;Alta;Baja;80;0;8;3;Alta;12;3.0;1;9
36;No;Travel_Frequently;Research & Development;10;Universitaria;Medical;1;3653;Alta;M;Alta;1;Research Scientist;Alta;Married;2387;0;Y;No;17;Alta;Media;80;1;4;0;Alta;2;2.0;0;2
38;No;Travel_Rarely;Sales;1;Universitaria;Life Sciences;1;3654;Media;M;Alta;2;Sales Executive;Alta;Single;6440;6;Y;No;14;Alta;Baja;80;0;12;5;Muy_Alta;2;2.0;0;0
27;No;Travel_Rarely;Research & Development;9;Universitaria;Medical;1;3655;Alta;M;Alta;1;Research Scientist;Alta;Divorced;2631;4;Y;No;18;Alta;Media;80;1;5;2;Alta;3;3.0;2;2
27;No;Travel_Rarely;Research & Development;6;Universitaria;Medical;1;3656;Alta;M;Alta;1;Research Scientist;Alta;Single;3477;1;Y;No;11;Alta;Alta;80;0;5;5;Alta;5;3.0;1;4
33;No;Travel_Rarely;Research & Development;15;Master;Medical;1;3657;Baja;F;Muy_Alta;1;Laboratory Technician;Muy_Alta;Married;3843;0;Y;No;14;Alta;Alta;80;1;5;5;Muy_Alta;8;3.0;0;4
31;No;Travel_Rarely;Research & Development;5;Universitaria;Technical Degree;1;3658;Muy_Alta;M;Alta;1;Research Scientist;Alta;Divorced;1009;6;Y;No;14;Alta;Muy_Alta;80;1;9;3;Alta;4;2.0;3;1
55;No;Travel_Rarely;Research & Development;10;Universitaria;Medical;1;3659;Alta;M;Alta;4;Healthcare Representative;Alta;Married;11224;7;Y;No;12;Alta;Alta;80;0;32;0;Alta;12;3.0;1;2
30;No;Travel_Frequently;Research & Development;4;Master;Other;1;3660;Alta;F;Muy_Alta;2;Healthcare Representative;Muy_Alta;Married;5195;1;Y;Yes;14;Alta;Baja;80;1;6;2;Media;7;3.0;1;1
31;No;Travel_Rarely;Sales;1;Secundaria;Medical;1;3661;Baja;F;Media;2;Sales Executive;Media;Married;7124;2;Y;No;19;Alta;Media;80;2;11;3;Media;0;0.0;0;0
40;No;Travel_Rarely;Sales;22;Universitaria;Life Sciences;1;3662;Muy_Alta;M;Alta;3;Sales Executive;Alta;Single;5781;3;Y;Yes;16;Alta;Muy_Alta;80;0;22;2;Alta;2;2.0;0;2
18;No;Non-Travel;Research & Development;1;Universitaria;Life Sciences;1;3663;Muy_Alta;M;Alta;1;Laboratory Technician;Alta;Single;2139;1;Y;No;15;Alta;Alta;80;0;1;5;Media;2;2.0;1;1
49;No;Travel_Frequently;Sales;5;Universitaria;Marketing;1;3664;Baja;M;Alta;2;Sales Executive;Alta;Single;5136;4;Y;Yes;21;Muy_Alta;Alta;80;0;12;4;Baja;9;4.0;0;8
39;No;Travel_Rarely;Sales;23;Universitaria;Life Sciences;1;3665;Muy_Alta;M;Alta;3;Sales Executive;Alta;Single;7300;3;Y;Yes;16;Alta;Muy_Alta;80;0;22;2;Alta;1;1.0;0;2
35;Yes;Travel_Frequently;Research & Development;8;Primaria;Life Sciences;1;3666;Baja;M;Baja;2;Laboratory Technician;Baja;Single;5593;2;Y;Yes;24;Muy_Alta;Muy_Alta;80;0;6;3;Alta;10;1.0;0;7
43;Yes;Travel_Rarely;Sales;1;Universitaria;Life Sciences;1;3667;Media;M;Alta;2;Sales Executive;Alta;Single;6079;8;Y;Yes;11;Alta;Baja;80;0;9;0;Alta;6;1.0;0;5
30;No;Travel_Rarely;Research & Development;1;Secundaria;Life Sciences;1;3668;Muy_Alta;F;Media;1;Laboratory Technician;Media;Married;3761;5;Y;No;15;Alta;Baja;80;1;8;2;Alta;6;3.0;1;2
29;No;Travel_Rarely;Research & Development;5;Secundaria;Medical;1;3669;Alta;F;Media;1;Research Scientist;Media;Married;4313;6;Y;No;20;Muy_Alta;Muy_Alta;80;0;7;3;Alta;3;3.0;1;2
31;No;Travel_Rarely;Sales;4;Universitaria;Marketing;1;3670;Alta;M;Alta;2;Sales Executive;Alta;Divorced;6074;0;Y;No;12;Alta;Muy_Alta;80;0;7;3;Media;5;1.0;2;3
35;Yes;Travel_Rarely;Research & Development;10;Secundaria;Medical;1;3671;Muy_Alta;F;Media;1;Research Scientist;Media;Married;2332;0;Y;Yes;18;Alta;Baja;80;1;4;1;Muy_Alta;3;2.0;0;0
31;No;Travel_Rarely;Research & Development;28;Universitaria;Medical;1;3672;Muy_Alta;M;Alta;2;Research Scientist;Alta;Married;5505;1;Y;No;12;Alta;Muy_Alta;80;2;12;2;Alta;12;3.0;1;9
31;No;Travel_Rarely;Sales;5;Secundaria;Medical;1;3673;Alta;F;Media;2;Sales Executive;Media;Divorced;3014;1;Y;Yes;12;Alta;Media;80;3;7;4;Media;10;2.0;3;7
30;No;Travel_Frequently;Research & Development;23;Secundaria;Other;1;3674;Alta;F;Media;2;Research Scientist;Media;Married;5544;1;Y;Yes;15;Alta;Media;80;0;18;3;Media;13;3.0;7;12
50;No;Travel_Rarely;Sales;1;Universitaria;Medical;1;3675;Muy_Alta;M;Alta;2;Sales Executive;Alta;Single;8083;7;Y;No;20;Muy_Alta;Muy_Alta;80;0;21;2;Media;13;2.0;8;11
39;No;Travel_Rarely;Sales;4;Universitaria;Marketing;1;3676;Alta;M;Alta;3;Sales Executive;Alta;Divorced;10457;0;Y;Yes;13;Alta;Muy_Alta;80;1;22;2;Alta;22;3.0;13;5
30;No;Travel_Frequently;Sales;8;Universitaria;Life Sciences;1;3677;Muy_Alta;M;Alta;3;Sales Executive;Alta;Single;7994;0;Y;No;15;Alta;Muy_Alta;80;0;7;0;Media;9;3.0;1;6
29;No;Travel_Rarely;Research & Development;14;Universitaria;Life Sciences;1;3678;Alta;M;Alta;1;Research Scientist;Alta;Single;2218;1;Y;No;19;Alta;Baja;80;0;6;1;Alta;7;2.0;1;5
41;No;Travel_Rarely;Sales;5;Universitaria;Life Sciences;1;3679;Muy_Alta;M;Alta;3;Manager;Alta;Single;13914;3;Y;Yes;18;Alta;Alta;80;0;15;3;Muy_Alta;0;0.0;0;0
38;No;Travel_Rarely;Research & Development;2;Master;Life Sciences;1;3680;Muy_Alta;F;Muy_Alta;2;Healthcare Representative;Muy_Alta;Divorced;7345;6;Y;No;19;Muy_Alta;Baja;80;1;10;3;Alta;6;4.0;2;4
23;No;Travel_Rarely;Research & Development;24;Universitaria;Medical;1;3681;Muy_Alta;M;Alta;1;Laboratory Technician;Alta;Single;2726;8;Y;No;22;Muy_Alta;Muy_Alta;80;0;5;2;Alta;3;2.0;0;1
34;No;Travel_Rarely;Human Resources;10;Universitaria;Other;1;3682;Alta;M;Alta;2;Human Resources;Alta;Divorced;2769;2;Y;No;12;Alta;Alta;80;0;18;4;Media;10;1.0;3;8
18;Yes;Travel_Frequently;Sales;1;Primaria;Technical Degree;1;3683;Alta;M;Baja;1;Sales Representative;Baja;Single;2377;1;Y;No;23;Muy_Alta;Baja;80;0;0;5;Media;0;0.0;1;0
33;No;Travel_Rarely;Research & Development;7;Universitaria;Medical;1;3684;Media;M;Alta;2;Research Scientist;Alta;Single;5032;1;Y;No;18;Alta;Media;80;0;12;5;Media;10;3.0;1;9
32;No;Travel_Frequently;Research & Development;2;Universitaria;Medical;1;3685;Muy_Alta;M;Alta;1;Research Scientist;Alta;Single;2210;2;Y;No;13;Alta;Alta;80;0;10;0;Alta;5;3.0;1;2
37;No;Travel_Rarely;Research & Development;17;Secundaria;Life Sciences;1;3686;Muy_Alta;F;Media;3;Healthcare Representative;Media;Single;10173;2;Y;No;19;Alta;Muy_Alta;80;0;10;3;Alta;10;3.0;3;3
25;No;Travel_Frequently;Human Resources;12;Universitaria;Medical;1;3687;Baja;M;Alta;1;Human Resources;Alta;Married;1009;0;Y;No;13;Alta;Muy_Alta;80;1;5;1;Media;1;1.0;3;1
34;No;Non-Travel;Research & Development;6;Universitaria;Technical Degree;1;3688;Muy_Alta;M;Alta;2;Research Scientist;Alta;Divorced;3207;6;Y;No;16;Alta;Muy_Alta;80;2;11;2;Alta;8;3.0;2;7
31;No;Travel_Rarely;Sales;5;Universitaria;Medical;1;3689;Media;M;Alta;2;Sales Executive;Alta;Married;4802;1;Y;No;15;Alta;Baja;80;1;5;5;Alta;9;3.0;1;2
32;Yes;Travel_Frequently;Sales;9;Secundaria;Life Sciences;1;3690;Media;F;Media;1;Sales Representative;Media;Married;1344;1;Y;No;17;Alta;Alta;80;1;2;2;Media;2;2.0;0;0
18;Yes;Travel_Rarely;Sales;23;Universitaria;Marketing;1;3691;Muy_Alta;M;Alta;1;Sales Representative;Alta;Single;1009;2;Y;Yes;19;Alta;Muy_Alta;80;0;0;2;Media;0;0.0;0;1
28;Yes;Travel_Rarely;Research & Development;1;Secundaria;Technical Degree;1;3692;Baja;F;Media;1;Research Scientist;Media;Single;3286;7;Y;No;13;Alta;Alta;80;0;12;2;Media;9;2.0;1;6
51;Yes;Travel_Rarely;Sales;12;Universitaria;Marketing;1;3693;Alta;M;Alta;3;Sales Executive;Alta;Married;8125;1;Y;No;18;Alta;Baja;80;2;8;3;Alta;11;3.0;6;7
42;No;Travel_Rarely;Research & Development;3;Master;Medical;1;3694;Muy_Alta;F;Muy_Alta;1;Research Scientist;Muy_Alta;Divorced;3485;2;Y;No;11;Alta;Muy_Alta;80;2;5;3;Muy_Alta;5;3.0;2;5
37;No;Travel_Frequently;Research & Development;2;Universitaria;Medical;1;3695;Baja;M;Alta;2;Manufacturing Director;Alta;Single;6455;0;Y;No;12;Alta;Muy_Alta;80;0;11;2;Alta;8;2.0;3;8
37;No;Travel_Rarely;Research & Development;3;Universitaria;Technical Degree;1;3696;Muy_Alta;M;Alta;2;Research Scientist;Alta;Single;5884;3;Y;Yes;20;Muy_Alta;Media;80;0;19;2;Alta;2;2.0;1;1
40;No;Travel_Rarely;Research & Development;8;Universitaria;Medical;1;3697;Muy_Alta;M;Alta;5;Manager;Alta;Married;17948;0;Y;No;14;Alta;Media;80;1;23;2;Media;18;3.0;8;9
23;No;Travel_Rarely;Sales;26;Universitaria;Medical;1;3698;Alta;M;Alta;2;Sales Executive;Alta;Single;6186;1;Y;No;24;Muy_Alta;Media;80;0;5;5;Alta;6;3.0;1;4
33;No;Travel_Frequently;Research & Development;17;Secundaria;Life Sciences;1;3699;Alta;F;Media;1;Research Scientist;Media;Single;2087;1;Y;No;16;Alta;Alta;80;0;4;3;Alta;5;4.0;1;3
39;No;Travel_Rarely;Research & Development;8;Universitaria;Medical;1;3700;Media;M;Alta;2;Manufacturing Director;Alta;Married;5928;2;Y;No;13;Alta;Muy_Alta;80;3;11;3;Alta;8;1.0;8;7
44;No;Travel_Rarely;Research & Development;1;Master;Life Sciences;1;3701;Media;F;Muy_Alta;2;Healthcare Representative;Muy_Alta;Married;4119;2;Y;No;15;Alta;Muy_Alta;80;1;10;5;Muy_Alta;1;1.0;2;3
32;No;Travel_Rarely;Research & Development;3;Secundaria;Medical;1;3702;Alta;F;Media;1;Research Scientist;Media;Married;2127;5;Y;No;20;Muy_Alta;Muy_Alta;80;0;9;3;Alta;3;3.0;0;1
54;No;Travel_Rarely;Research & Development;6;Universitaria;Medical;1;3703;Baja;F;Alta;5;Research Director;Alta;Married;19328;3;Y;No;11;Alta;Alta;80;1;23;4;Alta;3;3.0;1;2
48;No;Travel_Rarely;Sales;4;Universitaria;Marketing;1;3704;Alta;M;Alta;2;Sales Executive;Alta;Married;4250;1;Y;Yes;21;Muy_Alta;Baja;80;1;10;2;Alta;7;3.0;7;7
51;No;Travel_Rarely;Research & Development;2;Secundaria;Technical Degree;1;3705;Alta;M;Media;4;Healthcare Representative;Media;Single;14993;7;Y;Yes;13;Alta;Muy_Alta;80;0;28;2;Alta;4;3.0;1;7
25;No;Non-Travel;Research & Development;3;Secundaria;Life Sciences;1;3706;Baja;F;Media;1;Laboratory Technician;Media;Married;2641;0;Y;No;17;Alta;Muy_Alta;80;0;6;2;Muy_Alta;6;3.0;3;3
34;No;Non-Travel;Research & Development;4;Secundaria;Life Sciences;1;3707;Alta;F;Media;1;Laboratory Technician;Media;Married;1898;5;Y;No;19;Muy_Alta;Alta;80;0;5;3;Alta;0;0.0;0;1
56;No;Travel_Rarely;Research & Development;7;Secundaria;Medical;1;3708;Media;F;Media;1;Research Scientist;Media;Married;4167;4;Y;Yes;21;Muy_Alta;Media;80;1;7;3;Media;0;0.0;0;0
48;No;Travel_Rarely;Research & Development;10;Universitaria;Life Sciences;1;3709;Media;M;Alta;1;Laboratory Technician;Alta;Single;2929;4;Y;No;12;Alta;Alta;80;0;6;2;Alta;0;0.0;2;0
27;No;Travel_Rarely;Research & Development;29;Universitaria;Medical;1;3710;Media;M;Alta;1;Laboratory Technician;Alta;Divorced;3982;1;Y;No;12;Alta;Media;80;3;5;2;Alta;7;3.0;1;3
39;No;Travel_Rarely;Research & Development;1;Secundaria;Technical Degree;1;3711;Muy_Alta;F;Media;2;Healthcare Representative;Media;Single;4215;1;Y;No;12;Alta;Baja;80;0;21;4;Media;20;2.0;11;11
24;No;Travel_Rarely;Research & Development;15;Universitaria;Technical Degree;1;3712;Alta;M;Alta;1;Research Scientist;Alta;Married;2690;0;Y;Yes;16;Alta;Muy_Alta;80;1;6;3;Media;4;3.0;1;0
33;No;Travel_Frequently;Research & Development;7;Universitaria;Life Sciences;1;3713;Muy_Alta;M;Alta;3;Manager;Alta;Married;11462;6;Y;No;11;Alta;Media;80;2;12;2;Alta;10;3.0;7;8
30;Yes;Travel_Rarely;Research & Development;20;Secundaria;Life Sciences;1;3714;Alta;F;Media;1;Laboratory Technician;Media;Single;1009;4;Y;Yes;14;Alta;Media;80;0;6;4;Alta;3;2.0;0;3
33;No;Travel_Rarely;Research & Development;19;Universitaria;Life Sciences;1;3715;Alta;M;Alta;2;Manufacturing Director;Alta;Married;6783;2;Y;No;17;Alta;Baja;80;3;9;2;Alta;5;3.0;0;3
25;No;Travel_Rarely;Research & Development;10;Universitaria;Medical;1;3716;Muy_Alta;M;Alta;1;Research Scientist;Alta;Single;2175;1;Y;No;15;Alta;Muy_Alta;80;0;8;2;Alta;8;3.0;0;2
37;No;Travel_Rarely;Research & Development;8;Universitaria;Medical;1;3717;Muy_Alta;F;Alta;2;Manufacturing Director;Alta;Divorced;7615;7;Y;No;16;Alta;Alta;80;2;5;2;Alta;6;4.0;0;6
43;No;Travel_Rarely;Research & Development;15;Master;Medical;1;3718;Media;F;Muy_Alta;2;Healthcare Representative;Muy_Alta;Married;5457;5;Y;No;18;Alta;Alta;80;2;10;2;Media;0;0.0;0;1
58;Yes;Travel_Rarely;Sales;2;Universitaria;Medical;1;3719;Alta;M;Alta;2;Sales Executive;Alta;Single;5270;4;Y;No;15;Alta;Alta;80;0;15;3;Media;10;2.0;7;4
44;No;Travel_Rarely;Research & Development;1;Universitaria;Medical;1;3720;Baja;M;Alta;4;Research Director;Alta;Married;18023;3;Y;No;18;Alta;Media;80;2;27;2;Alta;21;3.0;4;6
27;No;Travel_Rarely;Research & Development;1;Master;Medical;1;3721;Baja;F;Muy_Alta;1;Laboratory Technician;Muy_Alta;Married;4581;1;Y;No;23;Muy_Alta;Media;80;1;9;2;Muy_Alta;10;3.0;0;6
42;No;Travel_Rarely;Sales;15;Secundaria;Medical;1;3722;Alta;F;Media;2;Sales Executive;Media;Single;5950;7;Y;No;17;Alta;Baja;80;0;13;6;Media;6;2.0;1;3
28;No;Travel_Rarely;Sales;9;Universitaria;Life Sciences;1;3723;Media;M;Alta;2;Sales Executive;Alta;Single;4693;1;Y;No;16;Alta;Muy_Alta;80;0;7;0;Baja;7;3.0;0;6
32;No;Travel_Rarely;Research & Development;1;Universitaria;Medical;1;3724;Muy_Alta;M;Alta;1;Research Scientist;Alta;Married;4881;0;Y;Yes;21;Muy_Alta;Baja;80;1;12;2;Media;11;3.0;5;7
23;No;Travel_Rarely;Research & Development;15;Secundaria;Medical;1;3725;Muy_Alta;F;Media;2;Manufacturing Director;Media;Divorced;3514;1;Y;No;15;Alta;Media;80;2;4;6;Muy_Alta;5;4.0;2;1
50;No;Travel_Rarely;Research & Development;24;Universitaria;Life Sciences;1;3726;Muy_Alta;M;Alta;4;Manufacturing Director;Alta;Married;14176;4;Y;Yes;18;Alta;Muy_Alta;80;1;22;2;Muy_Alta;11;3.0;0;5
31;No;Travel_Rarely;Research & Development;4;Master;Other;1;3727;Media;F;Muy_Alta;1;Research Scientist;Muy_Alta;Married;2146;2;Y;No;18;Alta;Muy_Alta;80;2;6;3;Alta;4;4.0;0;1
19;Yes;Travel_Rarely;Sales;21;Secundaria;Other;1;3728;Muy_Alta;M;Media;1;Sales Representative;Media;Single;2004;1;Y;Yes;13;Alta;Media;80;0;3;3;Media;1;1.0;0;0
30;No;Travel_Frequently;Research & Development;11;Master;Life Sciences;1;3729;Media;F;Muy_Alta;1;Laboratory Technician;Muy_Alta;Married;3949;1;Y;No;21;Muy_Alta;Alta;80;0;7;3;Media;5;2.0;0;3
36;No;Non-Travel;Sales;2;Universitaria;Medical;1;3730;Muy_Alta;M;Alta;2;Sales Executive;Alta;Single;5518;5;Y;No;15;Alta;Media;80;0;6;6;Alta;1;1.0;0;1
34;No;Travel_Rarely;Sales;1;Universitaria;Other;1;3731;Muy_Alta;M;Alta;2;Sales Executive;Alta;Single;6081;1;Y;No;21;Muy_Alta;Alta;80;0;4;5;Alta;6;3.0;0;4
27;No;Travel_Rarely;Sales;6;Secundaria;Medical;1;3732;Baja;F;Media;2;Sales Executive;Media;Divorced;3229;1;Y;Yes;14;Alta;Media;80;1;10;3;Media;9;3.0;0;8
40;No;Travel_Frequently;Research & Development;1;Universitaria;Medical;1;3733;Media;M;Alta;3;Manufacturing Director;Alta;Single;10422;5;Y;Yes;17;Alta;Media;80;0;16;2;Alta;2;2.0;2;3
27;No;Travel_Rarely;Sales;6;Secundaria;Marketing;1;3734;Alta;F;Media;2;Sales Executive;Media;Married;4086;2;Y;No;12;Alta;Baja;80;0;5;1;Media;7;2.0;0;4
41;No;Travel_Rarely;Research & Development;1;Universitaria;Medical;1;3735;Alta;M;Alta;1;Research Scientist;Alta;Divorced;1009;2;Y;No;15;Alta;Alta;80;1;7;3;Alta;4;3.0;1;3
45;No;Travel_Rarely;Research & Development;24;Secundaria;Life Sciences;1;3736;Media;F;Media;2;Manufacturing Director;Media;Married;6075;1;Y;No;13;Alta;Muy_Alta;80;2;10;2;Media;8;1.0;3;7
31;Yes;Non-Travel;Sales;19;Master;Marketing;1;3737;Baja;F;Muy_Alta;2;Sales Executive;Muy_Alta;Single;5820;7;Y;Yes;12;Alta;Media;80;0;11;3;Alta;8;3.0;0;3
36;No;Non-Travel;Sales;3;Universitaria;Medical;1;3738;Muy_Alta;M;Alta;2;Sales Executive;Alta;Single;6765;4;Y;No;15;Alta;Media;80;0;6;6;Alta;1;1.0;0;1
38;No;Travel_Rarely;Research & Development;1;Universitaria;Medical;1;3739;Baja;F;Alta;5;Research Director;Alta;Divorced;18548;0;Y;No;19;Alta;Muy_Alta;80;1;20;5;Alta;22;4.0;3;9
51;Yes;Travel_Rarely;Sales;10;Universitaria;Marketing;1;3740;Alta;M;Alta;3;Sales Executive;Alta;Married;7952;1;Y;No;18;Alta;Baja;80;2;8;3;Alta;11;4.0;7;7
53;No;Non-Travel;Sales;2;Universitaria;Life Sciences;1;3741;Muy_Alta;M;Alta;2;Sales Executive;Alta;Married;6610;0;Y;No;12;Alta;Baja;80;1;16;3;Media;17;3.0;0;14
32;No;Travel_Rarely;Research & Development;2;Secundaria;Life Sciences;1;3742;Muy_Alta;F;Media;2;Manufacturing Director;Media;Married;7487;6;Y;No;14;Alta;Media;80;1;15;3;Media;12;2.0;5;8
27;No;Travel_Frequently;Research & Development;1;Universitaria;Technical Degree;1;3743;Baja;M;Alta;1;Research Scientist;Alta;Single;2201;0;Y;Yes;13;Alta;Alta;80;0;5;2;Alta;5;2.0;1;3
45;No;Travel_Rarely;Research & Development;24;Secundaria;Life Sciences;1;3744;Media;F;Media;2;Manufacturing Director;Media;Married;6625;1;Y;No;14;Alta;Muy_Alta;80;2;9;2;Media;10;3.0;2;8
35;No;Travel_Rarely;Sales;4;Universitaria;Life Sciences;1;3745;Alta;M;Alta;3;Sales Executive;Alta;Single;6058;2;Y;No;12;Alta;Baja;80;0;13;3;Alta;5;4.0;1;2
41;No;Travel_Rarely;Research & Development;15;Master;Medical;1;3746;Media;F;Muy_Alta;2;Healthcare Representative;Muy_Alta;Married;6179;6;Y;No;18;Alta;Alta;80;2;9;2;Media;0;0.0;0;0
44;No;Travel_Rarely;Research & Development;11;Universitaria;Life Sciences;1;3747;Baja;M;Alta;1;Research Scientist;Alta;Married;1902;3;Y;No;22;Muy_Alta;Muy_Alta;80;2;8;3;Muy_Alta;1;1.0;1;2
35;No;Travel_Frequently;Research & Development;19;Universitaria;Life Sciences;1;3748;Alta;M;Alta;3;Manufacturing Director;Alta;Single;8862;2;Y;No;11;Alta;Alta;80;0;8;2;Alta;0;0.0;1;3
22;No;Travel_Rarely;Research & Development;1;Universitaria;Other;1;3749;Muy_Alta;M;Alta;1;Laboratory Technician;Alta;Divorced;4651;6;Y;Yes;19;Alta;Alta;80;1;10;2;Media;2;2.0;0;3
45;No;Travel_Rarely;Research & Development;4;Secundaria;Other;1;3750;Media;F;Media;4;Research Director;Media;Divorced;15012;4;Y;Yes;15;Alta;Alta;80;1;22;3;Alta;0;0.0;1;0
30;No;Non-Travel;Research & Development;2;Universitaria;Medical;1;3751;Alta;M;Alta;1;Laboratory Technician;Alta;Single;2808;0;Y;No;13;Alta;Alta;80;0;13;2;Alta;12;3.0;6;7
46;No;Travel_Rarely;Research & Development;9;Universitaria;Life Sciences;1;3752;Media;M;Alta;2;Laboratory Technician;Alta;Divorced;1657;8;Y;No;18;Alta;Alta;80;1;22;2;Alta;18;3.0;0;15
47;No;Travel_Rarely;Research & Development;3;Secundaria;Other;1;3753;Muy_Alta;F;Media;2;Manufacturing Director;Media;Divorced;6809;1;Y;No;19;Alta;Baja;80;2;11;3;Media;11;3.0;3;9
18;No;Travel_Rarely;Research & Development;7;Universitaria;Life Sciences;1;3754;Alta;M;Alta;1;Research Scientist;Alta;Single;1009;2;Y;No;25;Muy_Alta;Alta;80;0;0;4;Media;1;1.0;0;0
56;No;Travel_Rarely;Sales;19;Universitaria;Life Sciences;1;3755;Baja;M;Alta;4;Manager;Alta;Single;16238;3;Y;No;23;Muy_Alta;Muy_Alta;80;0;36;2;Alta;9;3.0;7;7
36;No;Travel_Rarely;Sales;9;Secundaria;Technical Degree;1;3756;Media;F;Media;2;Sales Executive;Media;Married;4809;1;Y;Yes;13;Alta;Baja;80;1;10;4;Media;10;3.0;1;7
55;No;Travel_Rarely;Research & Development;1;Universitaria;Medical;1;3757;Muy_Alta;M;Alta;5;Manager;Alta;Single;19225;0;Y;Yes;14;Alta;Alta;80;0;37;2;Media;34;3.0;5;13
28;Yes;Travel_Rarely;Research & Development;2;Universitaria;Technical Degree;1;3758;Alta;F;Alta;1;Laboratory Technician;Alta;Single;2947;1;Y;Yes;12;Alta;Alta;80;0;2;3;Alta;3;3.0;1;1
32;No;Travel_Frequently;Sales;1;Universitaria;Medical;1;3759;Media;M;Alta;3;Sales Executive;Alta;Married;7513;1;Y;No;14;Alta;Muy_Alta;80;1;12;5;Media;9;2.0;4;1
32;No;Travel_Rarely;Research & Development;1;Universitaria;Technical Degree;1;3760;Muy_Alta;M;Alta;1;Research Scientist;Alta;Single;2454;1;Y;No;15;Alta;Muy_Alta;80;0;6;4;Alta;6;3.0;0;3
43;No;Travel_Frequently;Research & Development;8;Universitaria;Medical;1;3761;Alta;M;Alta;1;Research Scientist;Alta;Married;2343;0;Y;No;17;Alta;Media;80;1;0;1;Alta;2;2.0;0;2
22;No;Travel_Rarely;Research & Development;1;Universitaria;Life Sciences;1;3762;Muy_Alta;M;Alta;1;Research Scientist;Alta;Married;1317;2;Y;No;23;Muy_Alta;Muy_Alta;80;1;0;2;Alta;2;2.0;0;1
36;No;Travel_Rarely;Research & Development;16;Universitaria;Life Sciences;1;3763;Muy_Alta;M;Alta;3;Healthcare Representative;Alta;Married;9737;3;Y;Yes;12;Alta;Alta;80;0;8;2;Alta;9;1.0;0;1
44;Yes;Travel_Frequently;Research & Development;1;Universitaria;Medical;1;3764;Alta;M;Alta;1;Research Scientist;Alta;Divorced;2236;1;Y;Yes;12;Alta;Alta;80;3;4;2;Alta;5;3.0;2;4
22;No;Travel_Rarely;Research & Development;14;Universitaria;Medical;1;3765;Media;M;Alta;1;Laboratory Technician;Alta;Single;3148;1;Y;No;15;Alta;Alta;80;0;2;5;Alta;0;0.0;0;0
55;No;Travel_Rarely;Research & Development;5;Primaria;Life Sciences;1;3766;Muy_Alta;M;Baja;3;Manufacturing Director;Baja;Single;6373;4;Y;No;11;Alta;Baja;80;0;33;3;Baja;8;3.0;0;0
47;No;Travel_Rarely;Research & Development;1;Secundaria;Medical;1;3767;Alta;F;Media;2;Laboratory Technician;Media;Married;5215;4;Y;No;25;Muy_Alta;Baja;80;1;10;3;Alta;4;2.0;1;3
23;Yes;Travel_Rarely;Research & Development;1;Universitaria;Medical;1;3768;Media;M;Alta;1;Research Scientist;Alta;Married;2007;2;Y;Yes;14;Alta;Baja;80;1;6;2;Alta;1;1.0;3;0
40;No;Travel_Frequently;Research & Development;17;Secundaria;Medical;1;3769;Baja;F;Media;2;Laboratory Technician;Media;Single;5278;6;Y;No;14;Alta;Muy_Alta;80;0;10;6;Media;2;2.0;0;0
37;No;Travel_Rarely;Sales;2;Universitaria;Marketing;1;3770;Muy_Alta;M;Alta;2;Sales Executive;Alta;Divorced;7418;8;Y;No;11;Alta;Alta;80;2;8;5;Alta;5;4.0;1;4
42;No;Travel_Rarely;Sales;4;Universitaria;Marketing;1;3771;Alta;M;Alta;2;Sales Executive;Alta;Married;5508;4;Y;No;21;Muy_Alta;Alta;80;1;14;3;Muy_Alta;5;3.0;2;4
55;No;Non-Travel;Research & Development;1;Secundaria;Medical;1;3772;Baja;F;Media;4;Manufacturing Director;Media;Married;13534;3;Y;Yes;19;Muy_Alta;Muy_Alta;80;3;27;2;Media;4;3.0;0;2
25;No;Travel_Rarely;Sales;1;Universitaria;Other;1;3773;Baja;M;Alta;2;Sales Executive;Alta;Married;3377;0;Y;No;22;Muy_Alta;Baja;80;1;3;2;Baja;3;3.0;1;2
48;No;Travel_Rarely;Sales;1;Universitaria;Marketing;1;3774;Media;M;Alta;3;Sales Executive;Alta;Divorced;10769;0;Y;No;25;Muy_Alta;Alta;80;3;25;2;Alta;25;3.0;14;7
49;No;Travel_Frequently;Research & Development;22;Universitaria;Medical;1;3775;Media;M;Alta;4;Healthcare Representative;Alta;Married;11316;2;Y;Yes;16;Alta;Alta;80;1;29;3;Alta;30;3.0;12;13
30;No;Travel_Rarely;Sales;1;Primaria;Life Sciences;1;3776;Muy_Alta;M;Baja;2;Sales Executive;Baja;Single;7251;5;Y;No;11;Alta;Baja;80;0;8;3;Muy_Alta;5;3.0;3;4
49;No;Travel_Rarely;Research & Development;7;Secundaria;Life Sciences;1;3777;Baja;F;Media;2;Healthcare Representative;Media;Single;3203;2;Y;No;12;Alta;Muy_Alta;80;0;18;0;Media;3;2.0;3;2
29;No;Travel_Frequently;Research & Development;26;Universitaria;Technical Degree;1;3778;Muy_Alta;M;Alta;2;Manufacturing Director;Alta;Single;3477;3;Y;No;19;Muy_Alta;Muy_Alta;80;0;9;3;Alta;5;3.0;0;4
36;No;Travel_Rarely;Sales;1;Universitaria;Life Sciences;1;3779;Baja;M;Alta;3;Sales Executive;Alta;Divorced;10115;0;Y;No;11;Alta;Alta;80;2;17;6;Alta;16;4.0;6;12
33;Yes;Travel_Frequently;Research & Development;29;Secundaria;Medical;1;3780;Baja;F;Media;2;Research Scientist;Media;Single;4777;1;Y;No;23;Muy_Alta;Media;80;0;14;4;Muy_Alta;14;3.0;2;9
30;No;Travel_Rarely;Research & Development;1;Master;Medical;1;3781;Muy_Alta;F;Muy_Alta;1;Research Scientist;Muy_Alta;Married;2920;0;Y;Yes;14;Alta;Baja;80;3;7;3;Muy_Alta;5;3.0;1;1
26;No;Non-Travel;Research & Development;9;Universitaria;Medical;1;3782;Muy_Alta;M;Alta;1;Research Scientist;Alta;Divorced;1500;6;Y;No;18;Alta;Muy_Alta;80;1;8;0;Media;3;3.0;2;2
36;No;Travel_Frequently;Research & Development;1;Universitaria;Life Sciences;1;3783;Baja;M;Alta;2;Healthcare Representative;Alta;Single;7528;0;Y;No;16;Alta;Alta;80;0;9;1;Alta;6;4.0;1;4
34;No;Travel_Frequently;Research & Development;2;Secundaria;Medical;1;3784;Baja;F;Media;1;Research Scientist;Media;Single;5049;0;Y;Yes;14;Alta;Alta;80;0;5;2;Alta;7;3.0;1;5
37;No;Travel_Frequently;Research & Development;20;Master;Life Sciences;1;3785;Alta;M;Muy_Alta;1;Laboratory Technician;Muy_Alta;Married;2666;4;Y;No;18;Alta;Muy_Alta;80;2;1;2;Alta;1;1.0;0;0
35;No;Travel_Rarely;Sales;2;Universitaria;Life Sciences;1;3786;Alta;M;Alta;2;Sales Representative;Alta;Single;4783;3;Y;No;14;Alta;Alta;80;0;15;2;Media;13;3.0;6;7
29;Yes;Travel_Rarely;Sales;8;Universitaria;Medical;1;3787;Media;M;Alta;1;Sales Representative;Alta;Single;1009;2;Y;No;13;Alta;Alta;80;0;2;3;Alta;0;0.0;1;0
26;Yes;Travel_Frequently;Sales;22;Primaria;Life Sciences;1;3788;Alta;M;Baja;1;Sales Representative;Baja;Single;2376;1;Y;Yes;14;Alta;Muy_Alta;80;0;0;4;Baja;0;0.0;2;0
30;No;Travel_Rarely;Research & Development;15;Secundaria;Life Sciences;1;3789;Muy_Alta;F;Media;2;Laboratory Technician;Media;Single;3252;0;Y;Yes;11;Alta;Muy_Alta;80;0;11;3;Media;10;2.0;0;8
49;No;Travel_Rarely;Research & Development;2;Universitaria;Medical;1;3790;Muy_Alta;M;Alta;4;Healthcare Representative;Alta;Single;12656;3;Y;No;18;Alta;Alta;80;0;20;6;Alta;6;3.0;1;0
37;No;Travel_Rarely;Research & Development;3;Universitaria;Life Sciences;1;3791;Alta;M;Alta;1;Research Scientist;Alta;Married;3255;0;Y;Yes;13;Alta;Muy_Alta;80;0;2;3;Alta;2;2.0;2;1
30;Yes;Travel_Rarely;Research & Development;1;Universitaria;Medical;1;3792;Baja;M;Alta;1;Research Scientist;Alta;Married;3313;9;Y;Yes;15;Alta;Media;80;3;3;3;Alta;1;1.0;2;3
34;No;Travel_Frequently;Sales;8;Universitaria;Marketing;1;3793;Media;F;Alta;3;Sales Executive;Alta;Single;8273;1;Y;No;13;Alta;Muy_Alta;80;0;10;2;Alta;10;2.0;2;8
35;No;Non-Travel;Research & Development;4;Secundaria;Life Sciences;1;3794;Alta;F;Media;1;Research Scientist;Media;Married;1945;3;Y;No;17;Alta;Muy_Alta;80;3;7;2;Alta;1;1.0;0;0
36;No;Travel_Rarely;Sales;2;Universitaria;Other;1;3795;Muy_Alta;M;Alta;2;Sales Executive;Alta;Single;6613;2;Y;No;23;Muy_Alta;Alta;80;0;5;5;Media;7;1.0;0;4
29;Yes;Non-Travel;Research & Development;13;Secundaria;Medical;1;3796;Alta;F;Media;1;Research Scientist;Media;Single;2793;1;Y;Yes;22;Muy_Alta;Baja;80;0;3;0;Muy_Alta;6;2.0;0;2
35;No;Non-Travel;Sales;4;Universitaria;Marketing;1;3797;Alta;M;Alta;2;Sales Executive;Alta;Married;6668;9;Y;No;15;Alta;Baja;80;1;4;4;Alta;4;3.0;1;2
40;No;Travel_Frequently;Research & Development;2;Secundaria;Medical;1;3798;Alta;F;Media;1;Laboratory Technician;Media;Married;1195;5;Y;No;15;Alta;Media;80;1;10;4;Media;4;2.0;1;5
37;No;Travel_Rarely;Research & Development;15;Secundaria;Medical;1;3799;Alta;F;Media;4;Manager;Media;Divorced;17577;6;Y;Yes;12;Alta;Muy_Alta;80;2;21;4;Media;22;3.0;15;3
42;No;Travel_Rarely;Research & Development;6;Universitaria;Medical;1;3800;Muy_Alta;M;Alta;1;Laboratory Technician;Alta;Single;4295;1;Y;Yes;14;Alta;Alta;80;0;21;3;Alta;18;3.0;2;17
20;Yes;Travel_Rarely;Research & Development;3;Universitaria;Technical Degree;1;3801;Baja;M;Alta;1;Laboratory Technician;Alta;Single;2055;0;Y;No;19;Alta;Media;80;0;0;2;Alta;0;0.0;0;1
36;No;Travel_Rarely;Research & Development;15;Secundaria;Life Sciences;1;3802;Alta;M;Media;3;Healthcare Representative;Media;Married;7753;0;Y;No;19;Alta;Baja;80;1;20;4;Media;18;3.0;0;9
37;No;Travel_Rarely;Sales;3;Secundaria;Medical;1;3803;Muy_Alta;F;Media;2;Sales Executive;Media;Married;9105;2;Y;Yes;12;Alta;Alta;80;0;11;3;Media;3;3.0;0;1
34;No;Non-Travel;Sales;7;Secundaria;Life Sciences;1;3804;Media;F;Media;1;Sales Representative;Media;Single;3243;1;Y;No;19;Alta;Muy_Alta;80;0;1;2;Alta;3;3.0;2;2
22;Yes;Travel_Rarely;Research & Development;7;Universitaria;Technical Degree;1;3805;Baja;M;Alta;1;Laboratory Technician;Alta;Single;4625;2;Y;No;19;Alta;Media;80;0;1;2;Alta;0;0.0;0;0
43;Yes;Travel_Rarely;Research & Development;9;Universitaria;Life Sciences;1;3806;Alta;M;Alta;1;Research Scientist;Alta;Single;2236;0;Y;Yes;12;Alta;Alta;80;0;9;4;Alta;7;3.0;0;2
31;No;Travel_Frequently;Research & Development;2;Universitaria;Life Sciences;1;3807;Muy_Alta;M;Alta;1;Research Scientist;Alta;Married;1748;0;Y;Yes;11;Alta;Alta;80;0;9;3;Alta;9;3.0;3;1
50;No;Travel_Rarely;Research & Development;28;Universitaria;Life Sciences;1;3808;Muy_Alta;M;Alta;4;Research Director;Alta;Married;16586;3;Y;Yes;12;Alta;Media;80;0;21;2;Muy_Alta;5;2.0;0;2
37;Yes;Travel_Rarely;Human Resources;11;Universitaria;Technical Degree;1;3809;Baja;M;Alta;1;Human Resources;Alta;Married;3064;2;Y;No;15;Alta;Muy_Alta;80;0;3;0;Muy_Alta;4;3.0;2;1
18;Yes;Non-Travel;Research & Development;8;Universitaria;Medical;1;3810;Alta;M;Alta;1;Laboratory Technician;Alta;Single;1009;1;Y;No;12;Alta;Muy_Alta;80;0;0;0;Alta;0;0.0;0;0
44;No;Travel_Rarely;Sales;15;Universitaria;Marketing;1;3811;Muy_Alta;M;Alta;4;Manager;Alta;Married;16508;6;Y;Yes;22;Muy_Alta;Alta;80;1;21;3;Muy_Alta;16;3.0;1;10
31;No;Non-Travel;Research & Development;14;Universitaria;Medical;1;3812;Alta;M;Alta;2;Healthcare Representative;Alta;Divorced;6143;4;Y;No;19;Alta;Media;80;1;6;6;Muy_Alta;5;3.0;1;2
31;No;Travel_Rarely;Sales;7;Universitaria;Life Sciences;1;3813;Media;M;Alta;3;Sales Executive;Alta;Married;8116;2;Y;No;11;Alta;Alta;80;1;9;2;Alta;9;3.0;7;4
37;No;Non-Travel;Research & Development;19;Universitaria;Life Sciences;1;3814;Baja;M;Alta;2;Manufacturing Director;Alta;Single;9765;3;Y;No;20;Muy_Alta;Baja;80;0;17;0;Alta;10;3.0;0;7
37;No;Travel_Rarely;Research & Development;23;Primaria;Medical;1;3815;Media;M;Baja;1;Laboratory Technician;Baja;Married;2967;0;Y;No;16;Alta;Media;80;1;6;2;Baja;7;1.0;0;2
45;Yes;Travel_Rarely;Sales;12;Secundaria;Medical;1;3816;Alta;F;Media;3;Sales Executive;Media;Single;9789;1;Y;No;16;Alta;Muy_Alta;80;0;9;3;Media;9;3.0;5;7
39;No;Travel_Rarely;Sales;1;Universitaria;Life Sciences;1;3817;Baja;M;Alta;3;Sales Executive;Alta;Divorced;11615;0;Y;No;13;Alta;Alta;80;2;18;6;Media;17;3.0;4;13
60;No;Non-Travel;Research & Development;1;Primaria;Life Sciences;1;3818;Muy_Alta;F;Baja;2;Healthcare Representative;Baja;Divorced;4117;2;Y;Yes;13;Alta;Muy_Alta;80;1;10;2;Baja;4;3.0;1;2
36;No;Non-Travel;Research & Development;25;Universitaria;Life Sciences;1;3819;Media;F;Alta;2;Laboratory Technician;Alta;Married;6049;7;Y;No;15;Alta;Alta;80;1;12;3;Alta;7;3.0;0;8
30;No;Travel_Rarely;Research & Development;1;Universitaria;Medical;1;3820;Muy_Alta;M;Alta;1;Research Scientist;Alta;Married;3756;0;Y;Yes;22;Muy_Alta;Baja;80;1;13;2;Baja;12;3.0;5;6
53;No;Travel_Rarely;Sales;18;Universitaria;Life Sciences;1;3821;Baja;M;Alta;4;Manager;Alta;Single;18090;4;Y;No;22;Muy_Alta;Muy_Alta;80;0;38;2;Muy_Alta;9;2.0;7;7
28;No;Travel_Rarely;Research & Development;9;Master;Life Sciences;1;3822;Alta;F;Muy_Alta;1;Research Scientist;Muy_Alta;Married;2144;6;Y;No;20;Alta;Baja;80;2;4;2;Alta;2;2.0;0;1
25;No;Travel_Rarely;Research & Development;10;Secundaria;Other;1;3823;Muy_Alta;F;Media;2;Laboratory Technician;Media;Married;3487;5;Y;Yes;14;Alta;Baja;80;1;12;2;Media;4;3.0;0;4
21;Yes;Travel_Rarely;Research & Development;6;Universitaria;Technical Degree;1;3824;Baja;M;Alta;1;Laboratory Technician;Alta;Single;3583;1;Y;No;18;Alta;Media;80;0;2;2;Media;0;0.0;0;0
35;No;Travel_Rarely;Research & Development;1;Universitaria;Life Sciences;1;3825;Media;M;Alta;2;Research Scientist;Alta;Married;5938;9;Y;No;19;Alta;Media;80;1;7;3;Muy_Alta;2;2.0;1;1
40;No;Travel_Frequently;Research & Development;1;Universitaria;Other;1;3826;Alta;M;Alta;1;Research Scientist;Alta;Married;3284;2;Y;No;15;Alta;Baja;80;1;8;2;Alta;2;2.0;3;2
41;Yes;Travel_Rarely;Sales;26;Secundaria;Marketing;1;3827;Muy_Alta;F;Media;3;Sales Executive;Media;Single;8242;2;Y;Yes;11;Alta;Alta;80;0;10;2;Alta;5;3.0;2;0
38;No;Non-Travel;Research & Development;24;Universitaria;Life Sciences;1;3828;Media;F;Alta;2;Laboratory Technician;Alta;Married;5182;8;Y;No;15;Alta;Alta;80;1;10;3;Media;10;3.0;0;7
57;No;Travel_Rarely;Research & Development;1;Universitaria;Life Sciences;1;3829;Alta;M;Alta;4;Manager;Alta;Single;17892;1;Y;Yes;14;Alta;Alta;80;0;29;2;Alta;7;3.0;1;1
43;No;Non-Travel;Sales;8;Secundaria;Medical;1;3830;Muy_Alta;F;Media;3;Sales Executive;Media;Single;8835;6;Y;No;11;Alta;Muy_Alta;80;0;21;2;Media;18;2.0;12;7
38;No;Travel_Rarely;Research & Development;15;Universitaria;Medical;1;3831;Media;M;Alta;2;Manufacturing Director;Alta;Married;4603;2;Y;No;12;Alta;Muy_Alta;80;3;13;3;Alta;8;3.0;6;7
29;Yes;Travel_Frequently;Sales;13;Secundaria;Life Sciences;1;3832;Media;F;Media;1;Sales Representative;Media;Married;2544;1;Y;No;19;Alta;Alta;80;1;0;2;Media;0;0.0;0;0
47;No;Travel_Frequently;Research & Development;6;Universitaria;Life Sciences;1;3833;Baja;M;Alta;3;Laboratory Technician;Alta;Divorced;5236;1;Y;No;17;Alta;Baja;80;1;24;2;Media;27;3.0;9;12
31;No;Travel_Rarely;Research & Development;3;Universitaria;Medical;1;3834;Muy_Alta;M;Alta;1;Research Scientist;Alta;Married;4270;0;Y;Yes;21;Muy_Alta;Baja;80;1;11;2;Media;12;3.0;6;7
36;No;Travel_Rarely;Research & Development;9;Secundaria;Medical;1;3835;Muy_Alta;F;Media;3;Healthcare Representative;Media;Single;9951;1;Y;No;15;Alta;Media;80;0;10;3;Alta;8;3.0;6;8
47;No;Travel_Rarely;Research & Development;10;Universitaria;Life Sciences;1;3836;Media;M;Alta;3;Research Scientist;Alta;Divorced;10669;2;Y;No;17;Alta;Alta;80;1;25;2;Alta;0;0.0;0;1
57;No;Non-Travel;Research & Development;1;Universitaria;Life Sciences;1;3837;Alta;M;Alta;2;Healthcare Representative;Alta;Divorced;8093;1;Y;No;20;Muy_Alta;Baja;80;1;12;2;Alta;12;3.0;0;7
36;No;Travel_Rarely;Sales;25;Universitaria;Marketing;1;3838;Alta;F;Alta;2;Sales Executive;Alta;Married;7716;0;Y;No;14;Alta;Media;80;1;8;3;Alta;7;3.0;7;5
29;No;Travel_Rarely;Human Resources;18;Secundaria;Other;1;3839;Media;F;Media;3;Human Resources;Media;Single;8198;1;Y;No;13;Alta;Baja;80;0;9;3;Media;9;3.0;0;9
41;No;Travel_Frequently;Sales;2;Secundaria;Medical;1;3840;Baja;F;Media;3;Sales Executive;Media;Married;10676;4;Y;No;11;Alta;Baja;80;1;17;2;Alta;15;4.0;1;12
59;No;Travel_Rarely;Research & Development;3;Primaria;Medical;1;3841;Alta;M;Baja;3;Healthcare Representative;Baja;Divorced;10707;4;Y;No;20;Muy_Alta;Alta;80;1;19;2;Baja;2;2.0;0;0
34;No;Non-Travel;Research & Development;1;Universitaria;Medical;1;3842;Media;M;Alta;2;Manufacturing Director;Alta;Divorced;5260;2;Y;No;14;Alta;Alta;80;1;15;6;Alta;8;4.0;2;7
33;No;Travel_Rarely;Research & Development;1;Secundaria;Life Sciences;1;3843;Muy_Alta;F;Media;1;Laboratory Technician;Media;Married;2571;4;Y;No;16;Alta;Baja;80;1;6;2;Baja;5;3.0;0;3
38;Yes;Travel_Rarely;Sales;4;Universitaria;Medical;1;3844;Muy_Alta;M;Alta;2;Sales Executive;Alta;Married;6356;4;Y;Yes;18;Alta;Baja;80;0;14;3;Alta;1;1.0;0;0
37;Yes;Travel_Rarely;Sales;9;Universitaria;Marketing;1;3845;Baja;M;Alta;2;Sales Executive;Alta;Single;7809;0;Y;Yes;15;Alta;Baja;80;0;7;3;Alta;5;3.0;1;3
53;No;Travel_Rarely;Research & Development;4;Universitaria;Other;1;3846;Alta;M;Alta;5;Manager;Alta;Divorced;18817;5;Y;No;11;Alta;Muy_Alta;80;1;26;3;Alta;14;3.0;2;8
60;No;Travel_Rarely;Research & Development;4;Secundaria;Life Sciences;1;3847;Alta;F;Media;1;Research Scientist;Media;Married;2472;4;Y;No;18;Alta;Baja;80;1;10;6;Muy_Alta;0;0.0;0;0
41;No;Travel_Rarely;Sales;10;Secundaria;Marketing;1;3848;Baja;F;Media;3;Sales Executive;Media;Divorced;9745;2;Y;No;13;Alta;Media;80;1;12;2;Media;0;0.0;1;0
43;No;Travel_Rarely;Sales;8;Universitaria;Marketing;1;3849;Muy_Alta;M;Alta;3;Sales Executive;Alta;Divorced;11426;4;Y;Yes;12;Alta;Alta;80;1;17;2;Media;6;3.0;1;2
35;No;Travel_Rarely;Human Resources;10;Universitaria;Technical Degree;1;3850;Alta;M;Alta;1;Human Resources;Alta;Single;3995;1;Y;No;17;Alta;Media;80;0;8;2;Alta;7;3.0;1;4
30;Yes;Non-Travel;Research & Development;23;Secundaria;Technical Degree;1;3851;Media;F;Media;3;Healthcare Representative;Media;Single;7002;1;Y;No;13;Alta;Baja;80;0;10;2;Media;12;3.0;2;9
53;No;Travel_Frequently;Research & Development;3;Universitaria;Life Sciences;1;3852;Muy_Alta;M;Alta;3;Manufacturing Director;Alta;Married;10814;4;Y;No;18;Alta;Media;80;1;25;4;Alta;0;0.0;2;3
32;Yes;Travel_Frequently;Research & Development;21;Universitaria;Life Sciences;1;3853;Baja;M;Alta;3;Healthcare Representative;Alta;Married;9538;3;Y;No;12;Alta;Baja;80;0;12;2;Muy_Alta;0;0.0;1;0
33;No;Non-Travel;Research & Development;2;Secundaria;Medical;1;3854;Media;F;Media;1;Laboratory Technician;Media;Divorced;1189;1;Y;No;12;Alta;Alta;80;3;2;2;Alta;1;1.0;0;0
26;No;Travel_Rarely;Research & Development;1;Universitaria;Medical;1;3855;Alta;M;Alta;2;Research Scientist;Alta;Married;3677;1;Y;No;25;Muy_Alta;Alta;80;1;2;3;Alta;3;3.0;1;2
41;No;Travel_Frequently;Research & Development;28;Universitaria;Life Sciences;1;3856;Baja;M;Alta;2;Research Scientist;Alta;Divorced;6652;3;Y;No;12;Alta;Media;80;1;22;3;Muy_Alta;6;2.0;0;2
20;Yes;Travel_Rarely;Research & Development;1;Secundaria;Life Sciences;1;3857;Media;F;Media;1;Laboratory Technician;Media;Single;1924;1;Y;No;22;Muy_Alta;Alta;80;0;1;3;Muy_Alta;1;1.0;1;1
27;No;Travel_Rarely;Sales;3;Universitaria;Technical Degree;1;3858;Alta;F;Alta;1;Sales Representative;Alta;Divorced;2579;3;Y;No;12;Alta;Alta;80;1;0;3;Alta;0;0.0;0;0
31;No;Travel_Rarely;Research & Development;8;Universitaria;Medical;1;3859;Alta;M;Alta;1;Research Scientist;Alta;Divorced;2890;5;Y;No;18;Alta;Media;80;1;6;2;Alta;3;2.0;2;3
39;No;Travel_Rarely;Sales;16;Universitaria;Life Sciences;1;3860;Media;M;Alta;2;Sales Executive;Alta;Single;3780;1;Y;No;13;Alta;Media;80;0;6;5;Alta;2;2.0;2;2
44;No;Travel_Rarely;Research & Development;11;Universitaria;Life Sciences;1;3861;Media;M;Alta;2;Laboratory Technician;Alta;Divorced;2850;8;Y;No;18;Alta;Alta;80;1;22;2;Alta;17;3.0;0;14
29;No;Travel_Frequently;Sales;1;Primaria;Life Sciences;1;3862;Muy_Alta;M;Baja;2;Sales Executive;Baja;Single;3580;3;Y;No;20;Muy_Alta;Media;80;0;8;3;Alta;6;3.0;0;1
28;Yes;Travel_Rarely;Sales;1;Universitaria;Technical Degree;1;3863;Baja;M;Alta;1;Sales Representative;Alta;Single;3740;1;Y;Yes;17;Alta;Media;80;0;6;4;Alta;4;3.0;1;4
38;No;Travel_Rarely;Sales;1;Secundaria;Life Sciences;1;3864;Baja;F;Media;1;Sales Representative;Media;Single;3084;4;Y;No;13;Alta;Baja;80;0;19;3;Alta;3;3.0;0;0
27;No;Non-Travel;Sales;11;Universitaria;Life Sciences;1;3865;Muy_Alta;M;Alta;1;Sales Representative;Alta;Married;2384;1;Y;No;13;Alta;Alta;80;1;1;2;Media;2;2.0;0;0
44;No;Travel_Frequently;Research & Development;26;Universitaria;Medical;1;3866;Baja;M;Alta;3;Research Director;Alta;Married;12198;3;Y;Yes;16;Alta;Alta;80;0;19;6;Alta;2;2.0;1;0
47;No;Travel_Rarely;Research & Development;9;Universitaria;Life Sciences;1;3867;Media;M;Alta;1;Research Scientist;Alta;Married;2034;1;Y;Yes;14;Alta;Muy_Alta;80;0;9;0;Alta;10;3.0;7;0
40;No;Travel_Rarely;Research & Development;8;Master;Life Sciences;1;3868;Muy_Alta;F;Muy_Alta;1;Research Scientist;Muy_Alta;Single;7409;3;Y;No;16;Alta;Baja;80;0;1;2;Alta;2;2.0;1;0
35;No;Travel_Rarely;Research & Development;27;Master;Life Sciences;1;3869;Media;F;Muy_Alta;3;Manager;Muy_Alta;Divorced;12347;6;Y;No;16;Alta;Media;80;1;10;6;Alta;7;4.0;6;1
42;No;Travel_Rarely;Research & Development;20;Universitaria;Life Sciences;1;3870;Muy_Alta;M;Alta;1;Research Scientist;Alta;Single;4085;1;Y;No;14;Alta;Alta;80;0;6;3;Alta;4;3.0;1;4
57;No;Travel_Rarely;Sales;8;Universitaria;Marketing;1;3871;Baja;M;Alta;4;Sales Executive;Alta;Married;11519;5;Y;No;15;Alta;Alta;80;1;25;3;Muy_Alta;1;1.0;2;2
24;No;Travel_Frequently;Sales;1;Secundaria;Medical;1;3872;Alta;F;Media;2;Sales Executive;Media;Single;2898;2;Y;No;11;Alta;Media;80;0;8;2;Media;7;2.0;0;7
27;No;Travel_Rarely;Research & Development;1;Master;Medical;1;3873;Baja;F;Muy_Alta;1;Laboratory Technician;Muy_Alta;Married;1947;0;Y;No;22;Muy_Alta;Media;80;1;7;2;Muy_Alta;8;3.0;0;6
44;No;Travel_Rarely;Research & Development;14;Secundaria;Life Sciences;1;3874;Alta;F;Media;4;Research Director;Media;Married;17196;1;Y;No;24;Muy_Alta;Baja;80;1;14;3;Media;13;2.0;6;12
33;No;Travel_Rarely;Research & Development;15;Universitaria;Life Sciences;1;3875;Media;M;Alta;1;Research Scientist;Alta;Married;2340;1;Y;No;12;Alta;Media;80;1;8;2;Alta;6;3.0;0;7
26;Yes;Travel_Frequently;Research & Development;6;Universitaria;Life Sciences;1;3876;Baja;M;Alta;1;Laboratory Technician;Alta;Married;2119;1;Y;Yes;15;Alta;Muy_Alta;80;1;5;4;Alta;4;3.0;0;1
36;No;Travel_Frequently;Research & Development;4;Universitaria;Medical;1;3877;Muy_Alta;M;Alta;1;Laboratory Technician;Alta;Single;2529;4;Y;No;12;Alta;Alta;80;0;14;3;Alta;11;2.0;8;1
38;No;Travel_Rarely;Research & Development;20;Universitaria;Life Sciences;1;3878;Baja;M;Alta;2;Manufacturing Director;Alta;Single;4971;0;Y;No;11;Alta;Baja;80;0;9;6;Alta;8;3.0;0;7
44;No;Non-Travel;Sales;4;Universitaria;Life Sciences;1;3879;Alta;M;Alta;2;Sales Executive;Alta;Married;5755;4;Y;No;23;Muy_Alta;Media;80;2;9;3;Alta;8;3.0;5;7
34;Yes;Non-Travel;Sales;10;Master;Other;1;3880;Muy_Alta;F;Muy_Alta;2;Sales Executive;Muy_Alta;Married;4037;8;Y;No;13;Alta;Muy_Alta;80;0;4;2;Alta;2;2.0;1;2
25;No;Travel_Rarely;Sales;8;Universitaria;Marketing;1;3881;Muy_Alta;M;Alta;2;Sales Executive;Alta;Divorced;5154;1;Y;Yes;11;Alta;Muy_Alta;80;1;4;2;Alta;5;1.0;0;4
27;No;Travel_Frequently;Human Resources;9;Universitaria;Medical;1;3882;Baja;M;Alta;1;Human Resources;Alta;Married;2307;0;Y;No;13;Alta;Muy_Alta;80;1;1;3;Media;1;1.0;3;2
36;No;Travel_Rarely;Sales;3;Universitaria;Life Sciences;1;3883;Alta;M;Alta;2;Sales Representative;Alta;Single;3027;2;Y;No;16;Alta;Alta;80;0;17;2;Alta;13;2.0;5;7
35;No;Travel_Frequently;Research & Development;1;Universitaria;Medical;1;3884;Alta;M;Alta;2;Laboratory Technician;Alta;Single;2600;2;Y;No;23;Muy_Alta;Muy_Alta;80;0;12;2;Alta;12;3.0;3;7
28;No;Travel_Rarely;Research & Development;1;Universitaria;Technical Degree;1;3885;Media;M;Alta;1;Research Scientist;Alta;Married;1207;1;Y;No;11;Alta;Alta;80;1;5;3;Alta;5;3.0;2;4
33;No;Travel_Frequently;Research & Development;24;Secundaria;Other;1;3886;Alta;F;Media;2;Research Scientist;Media;Married;5730;1;Y;Yes;16;Alta;Media;80;0;15;3;Media;15;1.0;5;11
18;No;Travel_Rarely;Sales;11;Secundaria;Medical;1;3887;Muy_Alta;F;Media;1;Sales Representative;Media;Single;1009;1;Y;No;13;Alta;Baja;80;0;0;2;Alta;0;0.0;0;0
36;No;Travel_Rarely;Research & Development;7;Universitaria;Life Sciences;1;3888;Media;M;Alta;3;Manufacturing Director;Alta;Single;8302;4;Y;No;18;Alta;Muy_Alta;80;0;10;3;Alta;2;2.0;1;3
23;No;Travel_Frequently;Research & Development;1;Secundaria;Technical Degree;1;3889;Alta;F;Media;2;Manufacturing Director;Media;Married;3153;5;Y;No;19;Alta;Alta;80;1;7;1;Media;1;1.0;2;0
35;No;Non-Travel;Research & Development;3;Universitaria;Life Sciences;1;3890;Muy_Alta;M;Alta;2;Healthcare Representative;Alta;Divorced;6466;2;Y;No;11;Alta;Baja;80;1;18;2;Alta;1;1.0;0;0
34;No;Travel_Rarely;Research & Development;18;Universitaria;Life Sciences;1;3891;Alta;M;Alta;2;Manufacturing Director;Alta;Married;5799;4;Y;No;19;Alta;Baja;80;3;7;2;Alta;5;3.0;1;4
28;No;Travel_Rarely;Research & Development;1;Universitaria;Medical;1;3892;Baja;M;Alta;1;Laboratory Technician;Alta;Married;3431;8;Y;No;12;Alta;Muy_Alta;80;1;5;3;Alta;2;2.0;2;3
52;No;Travel_Rarely;Research & Development;21;Secundaria;Life Sciences;1;3893;Muy_Alta;F;Media;5;Research Director;Media;Divorced;19545;1;Y;Yes;17;Alta;Alta;80;1;33;5;Media;30;3.0;0;8
35;No;Travel_Rarely;Sales;9;Master;Marketing;1;3894;Muy_Alta;F;Muy_Alta;3;Sales Executive;Muy_Alta;Divorced;8565;0;Y;Yes;15;Alta;Muy_Alta;80;2;8;3;Muy_Alta;9;2.0;0;9
35;No;Travel_Rarely;Research & Development;1;Universitaria;Medical;1;3895;Muy_Alta;M;Alta;2;Research Scientist;Alta;Divorced;5182;0;Y;No;14;Alta;Alta;80;2;9;4;Alta;9;1.0;2;8
36;No;Travel_Rarely;Research & Development;12;Universitaria;Life Sciences;1;3896;Media;M;Alta;2;Manufacturing Director;Alta;Divorced;5076;3;Y;No;15;Alta;Alta;80;1;6;3;Media;0;0.0;1;0
28;No;Travel_Rarely;Research & Development;27;Universitaria;Medical;1;3897;Muy_Alta;M;Alta;2;Research Scientist;Alta;Married;4711;1;Y;No;14;Alta;Muy_Alta;80;2;12;2;Alta;10;2.0;0;9
47;Yes;Travel_Frequently;Sales;9;Primaria;Life Sciences;1;3898;Alta;F;Baja;4;Sales Executive;Baja;Married;13375;8;Y;No;11;Alta;Alta;80;0;27;3;Alta;23;2.0;14;9
40;No;Non-Travel;Research & Development;6;Universitaria;Life Sciences;1;3899;Muy_Alta;M;Alta;5;Manager;Alta;Single;17952;2;Y;No;13;Alta;Alta;80;0;23;3;Alta;6;3.0;1;3
30;Yes;Travel_Frequently;Research & Development;1;Secundaria;Medical;1;3900;Baja;F;Media;1;Laboratory Technician;Media;Divorced;1733;1;Y;No;15;Alta;Baja;80;2;0;2;Alta;1;1.0;0;1
43;No;Travel_Frequently;Sales;26;Universitaria;Life Sciences;1;3901;Alta;M;Alta;4;Manager;Alta;Married;17125;2;Y;Yes;11;Alta;Muy_Alta;80;2;26;3;Media;26;3.0;4;13
23;No;Travel_Rarely;Research & Development;21;Secundaria;Other;1;3902;Muy_Alta;F;Media;1;Laboratory Technician;Media;Divorced;4361;1;Y;No;11;Alta;Baja;80;2;4;3;Media;8;3.0;0;6
40;No;Travel_Rarely;Research & Development;1;Universitaria;Life Sciences;1;3903;Media;M;Alta;1;Laboratory Technician;Alta;Divorced;2842;2;Y;No;16;Alta;Media;80;1;6;5;Alta;4;3.0;1;3
38;Yes;Travel_Rarely;Research & Development;17;Master;Life Sciences;1;3904;Alta;M;Muy_Alta;1;Laboratory Technician;Muy_Alta;Single;3123;2;Y;No;16;Alta;Alta;80;0;17;1;Alta;17;1.0;15;13
34;No;Travel_Rarely;Sales;2;Primaria;Life Sciences;1;3905;Muy_Alta;M;Baja;2;Sales Executive;Baja;Single;5910;5;Y;No;12;Alta;Baja;80;0;6;3;Media;3;3.0;2;2
30;No;Travel_Rarely;Sales;1;Secundaria;Medical;1;3906;Media;F;Media;1;Sales Representative;Media;Married;1507;0;Y;No;14;Alta;Media;80;1;2;2;Media;1;1.0;2;2
28;No;Travel_Rarely;Research & Development;14;Universitaria;Life Sciences;1;3907;Media;M;Alta;1;Research Scientist;Alta;Married;4770;1;Y;No;11;Alta;Media;80;1;9;2;Muy_Alta;9;3.0;1;7
36;No;Travel_Rarely;Research & Development;11;Universitaria;Medical;1;3908;Media;M;Alta;1;Research Scientist;Alta;Married;5117;1;Y;No;11;Alta;Baja;80;1;9;2;Alta;8;2.0;7;7
37;No;Travel_Frequently;Research & Development;19;Universitaria;Life Sciences;1;3909;Alta;M;Alta;3;Manufacturing Director;Alta;Single;11347;3;Y;No;12;Alta;Alta;80;0;10;2;Alta;2;2.0;1;3
32;No;Non-Travel;Research & Development;7;Universitaria;Technical Degree;1;3910;Alta;F;Alta;1;Research Scientist;Alta;Divorced;1738;0;Y;No;13;Alta;Media;80;2;1;2;Alta;2;2.0;1;0
45;No;Travel_Frequently;Sales;1;Universitaria;Medical;1;3911;Media;M;Alta;2;Sales Executive;Alta;Married;4556;6;Y;No;12;Alta;Muy_Alta;80;3;6;2;Alta;0;0.0;0;1
40;No;Travel_Frequently;Research & Development;4;Master;Medical;1;3912;Alta;F;Muy_Alta;2;Healthcare Representative;Muy_Alta;Married;3024;0;Y;No;25;Muy_Alta;Muy_Alta;80;1;9;2;Muy_Alta;9;3.0;3;7
33;Yes;Travel_Rarely;Research & Development;10;Universitaria;Life Sciences;1;3913;Muy_Alta;M;Alta;2;Laboratory Technician;Alta;Married;4819;1;Y;No;18;Alta;Baja;80;1;9;3;Alta;10;3.0;3;1
23;Yes;Travel_Frequently;Research & Development;4;Secundaria;Technical Degree;1;3914;Alta;M;Media;1;Laboratory Technician;Media;Single;2794;4;Y;No;16;Alta;Alta;80;0;4;3;Alta;3;3.0;0;2
36;No;Non-Travel;Human Resources;1;Universitaria;Human Resources;1;3915;Baja;M;Alta;1;Human Resources;Alta;Divorced;4283;4;Y;No;13;Alta;Muy_Alta;80;3;14;3;Muy_Alta;11;3.0;3;9
28;No;Travel_Rarely;Research & Development;8;Secundaria;Technical Degree;1;3916;Baja;F;Media;2;Laboratory Technician;Media;Married;5158;0;Y;No;13;Alta;Baja;80;1;10;6;Media;8;3.0;6;6
43;Yes;Travel_Rarely;Research & Development;16;Universitaria;Medical;1;3917;Baja;M;Alta;3;Healthcare Representative;Alta;Married;7820;1;Y;No;11;Alta;Muy_Alta;80;1;10;2;Alta;10;3.0;0;5
34;No;Travel_Frequently;Research & Development;19;Secundaria;Other;1;3918;Alta;F;Media;2;Research Scientist;Media;Married;5380;2;Y;Yes;15;Alta;Media;80;0;15;3;Media;15;1.0;6;11
34;No;Travel_Rarely;Research & Development;4;Universitaria;Other;1;3919;Alta;M;Alta;1;Laboratory Technician;Alta;Divorced;2150;2;Y;No;11;Alta;Alta;80;1;3;3;Media;2;2.0;1;0
51;No;Travel_Rarely;Research & Development;18;Universitaria;Technical Degree;1;3920;Alta;M;Alta;3;Manufacturing Director;Alta;Married;9490;8;Y;No;11;Alta;Alta;80;1;24;2;Alta;10;3.0;0;8
34;No;Non-Travel;Sales;15;Universitaria;Life Sciences;1;3921;Alta;M;Alta;2;Sales Executive;Alta;Divorced;5987;1;Y;Yes;25;Muy_Alta;Alta;80;1;4;2;Alta;8;3.0;1;2
35;No;Travel_Rarely;Sales;3;Universitaria;Medical;1;3922;Baja;M;Alta;2;Sales Executive;Alta;Single;4433;1;Y;No;17;Alta;Muy_Alta;80;0;4;2;Alta;4;3.0;0;3
35;No;Travel_Rarely;Sales;9;Secundaria;Technical Degree;1;3923;Media;F;Media;2;Sales Executive;Media;Married;8212;2;Y;Yes;14;Alta;Baja;80;1;13;4;Media;9;3.0;2;6
35;No;Travel_Rarely;Sales;10;Secundaria;Life Sciences;1;3924;Muy_Alta;M;Media;2;Sales Executive;Media;Divorced;5344;2;Y;Yes;13;Alta;Alta;80;3;8;5;Muy_Alta;2;2.0;0;1
37;No;Travel_Rarely;Research & Development;3;Universitaria;Life Sciences;1;3925;Alta;M;Alta;2;Research Scientist;Alta;Single;5019;1;Y;No;12;Alta;Alta;80;0;9;4;Alta;9;4.0;8;8
45;Yes;Non-Travel;Research & Development;29;Universitaria;Life Sciences;1;3926;Baja;M;Alta;3;Manager;Alta;Married;12420;1;Y;Yes;11;Alta;Muy_Alta;80;1;7;2;Alta;13;3.0;9;9
47;No;Travel_Rarely;Sales;8;Universitaria;Life Sciences;1;3927;Muy_Alta;M;Alta;2;Sales Executive;Alta;Single;3251;1;Y;Yes;18;Alta;Alta;80;0;10;0;Alta;10;3.0;1;8
25;No;Travel_Rarely;Research & Development;7;Master;Other;1;3928;Alta;M;Muy_Alta;1;Laboratory Technician;Muy_Alta;Single;5952;0;Y;No;12;Alta;Muy_Alta;80;0;8;2;Muy_Alta;8;4.0;0;8
34;No;Travel_Rarely;Research & Development;17;Secundaria;Life Sciences;1;3929;Media;F;Media;1;Research Scientist;Media;Married;3214;1;Y;No;12;Alta;Media;80;0;12;3;Media;9;4.0;7;7
28;No;Travel_Frequently;Sales;1;Universitaria;Medical;1;3930;Media;M;Alta;3;Sales Executive;Alta;Married;7602;1;Y;No;14;Alta;Muy_Alta;80;1;10;5;Alta;13;4.0;5;2
39;No;Travel_Rarely;Research & Development;1;Universitaria;Life Sciences;1;3931;Media;M;Alta;1;Laboratory Technician;Alta;Married;2003;3;Y;No;22;Muy_Alta;Alta;80;1;9;3;Alta;4;3.0;1;3
52;No;Travel_Rarely;Research & Development;9;Secundaria;Life Sciences;1;3932;Muy_Alta;F;Media;5;Research Director;Media;Married;19999;3;Y;No;11;Alta;Muy_Alta;80;0;28;3;Alta;21;2.0;13;8
42;No;Travel_Frequently;Research & Development;29;Master;Medical;1;3933;Media;F;Muy_Alta;1;Research Scientist;Muy_Alta;Single;6552;4;Y;No;11;Alta;Muy_Alta;80;0;20;2;Media;4;3.0;2;1
25;No;Travel_Rarely;Research & Development;3;Master;Medical;1;3934;Baja;F;Muy_Alta;1;Laboratory Technician;Muy_Alta;Married;5753;1;Y;No;22;Muy_Alta;Media;80;1;11;2;Muy_Alta;10;2.0;0;7
33;Yes;Travel_Rarely;Sales;15;Universitaria;Medical;1;3935;Media;M;Alta;2;Sales Executive;Alta;Divorced;3727;3;Y;No;17;Alta;Alta;80;0;6;2;Media;4;3.0;2;1
37;No;Travel_Rarely;Sales;12;Secundaria;Life Sciences;1;3936;Muy_Alta;M;Media;2;Sales Executive;Media;Divorced;7250;2;Y;Yes;16;Alta;Alta;80;3;9;5;Alta;0;0.0;1;0
44;No;Travel_Rarely;Sales;6;Universitaria;Marketing;1;3937;Media;M;Alta;5;Manager;Alta;Married;18389;6;Y;No;12;Alta;Alta;80;1;26;5;Alta;20;3.0;2;10
34;No;Travel_Rarely;Research & Development;24;Universitaria;Medical;1;3938;Alta;F;Alta;1;Laboratory Technician;Alta;Married;3931;3;Y;Yes;15;Alta;Alta;80;1;4;3;Media;3;3.0;3;2
46;No;Travel_Rarely;Research & Development;10;Universitaria;Other;1;3939;Muy_Alta;M;Alta;2;Research Scientist;Alta;Married;1387;9;Y;No;14;Alta;Baja;80;2;9;3;Alta;11;2.0;8;6
23;Yes;Travel_Frequently;Sales;9;Universitaria;Marketing;1;3940;Muy_Alta;M;Alta;1;Sales Representative;Alta;Single;2980;2;Y;Yes;13;Alta;Media;80;0;1;3;Alta;3;2.0;1;2
28;No;Travel_Rarely;Research & Development;2;Universitaria;Life Sciences;1;3941;Media;M;Alta;1;Laboratory Technician;Alta;Married;3900;1;Y;No;14;Alta;Muy_Alta;80;1;4;2;Media;6;3.0;0;3
42;No;Travel_Frequently;Research & Development;26;Universitaria;Medical;1;3942;Baja;M;Alta;3;Research Director;Alta;Married;13004;3;Y;Yes;17;Alta;Alta;80;0;20;6;Alta;1;1.0;0;0
53;No;Travel_Frequently;Research & Development;15;Universitaria;Medical;1;3943;Alta;M;Alta;2;Healthcare Representative;Alta;Married;5683;4;Y;Yes;12;Alta;Muy_Alta;80;2;20;3;Media;8;1.0;6;7
35;No;Travel_Rarely;Research & Development;11;Master;Life Sciences;1;3944;Alta;F;Muy_Alta;3;Research Director;Muy_Alta;Married;14528;1;Y;Yes;25;Muy_Alta;Baja;80;1;18;2;Muy_Alta;16;4.0;6;8
36;No;Travel_Frequently;Research & Development;8;Secundaria;Life Sciences;1;3945;Baja;F;Media;2;Manufacturing Director;Media;Married;6771;2;Y;No;11;Alta;Muy_Alta;80;1;10;1;Baja;10;4.0;7;7
35;No;Travel_Frequently;Research & Development;1;Universitaria;Life Sciences;1;3946;Muy_Alta;M;Alta;2;Manufacturing Director;Alta;Single;3122;2;Y;No;11;Alta;Muy_Alta;80;0;3;3;Alta;2;2.0;0;2
34;Yes;Travel_Frequently;Research & Development;29;Secundaria;Medical;1;3947;Baja;F;Media;2;Research Scientist;Media;Single;3447;1;Y;No;22;Muy_Alta;Media;80;0;12;4;Alta;13;1.0;3;8
44;No;Travel_Rarely;Human Resources;13;Secundaria;Human Resources;1;3948;Media;F;Media;5;Manager;Media;Divorced;19183;3;Y;No;15;Alta;Media;80;3;23;2;Muy_Alta;21;3.0;11;6
21;No;Travel_Rarely;Sales;23;Universitaria;Technical Degree;1;3949;Alta;M;Alta;1;Sales Representative;Alta;Single;2852;1;Y;No;12;Alta;Alta;80;0;3;2;Alta;4;3.0;1;1
45;No;Travel_Rarely;Research & Development;29;Primaria;Medical;1;3950;Media;M;Baja;2;Laboratory Technician;Baja;Single;4742;5;Y;No;20;Alta;Baja;80;0;16;3;Media;1;1.0;0;0
51;No;Travel_Rarely;Sales;9;Universitaria;Marketing;1;3951;Muy_Alta;M;Alta;2;Sales Executive;Alta;Single;3443;3;Y;No;12;Alta;Alta;80;0;7;1;Alta;4;4.0;0;4
29;No;Travel_Rarely;Research & Development;6;Universitaria;Medical;1;3952;Media;M;Alta;2;Manufacturing Director;Alta;Married;2250;1;Y;No;12;Alta;Media;80;1;12;5;Alta;15;3.0;4;13
22;Yes;Travel_Rarely;Sales;9;Secundaria;Life Sciences;1;3953;Baja;F;Media;1;Sales Representative;Media;Married;2653;3;Y;No;11;Alta;Baja;80;0;6;2;Media;3;3.0;1;2
33;No;Non-Travel;Research & Development;3;Universitaria;Technical Degree;1;3954;Muy_Alta;M;Alta;2;Research Scientist;Alta;Divorced;3030;5;Y;No;16;Alta;Muy_Alta;80;2;10;2;Alta;8;3.0;1;7
37;Yes;Travel_Rarely;Research & Development;5;Universitaria;Medical;1;3955;Muy_Alta;M;Alta;1;Laboratory Technician;Alta;Married;2445;7;Y;Yes;21;Muy_Alta;Muy_Alta;80;0;7;2;Media;1;1.0;2;2
38;Yes;Travel_Rarely;Research & Development;2;Universitaria;Medical;1;3956;Alta;M;Alta;2;Manufacturing Director;Alta;Married;4176;4;Y;No;11;Alta;Baja;80;2;5;2;Alta;3;3.0;1;5
37;No;Non-Travel;Research & Development;10;Universitaria;Life Sciences;1;3957;Muy_Alta;M;Alta;5;Manager;Alta;Single;17175;2;Y;No;13;Alta;Alta;80;0;20;3;Alta;6;3.0;0;3
48;No;Travel_Rarely;Research & Development;3;Universitaria;Life Sciences;1;3958;Muy_Alta;M;Alta;3;Manufacturing Director;Alta;Divorced;7369;2;Y;No;15;Alta;Alta;80;1;9;4;Muy_Alta;7;3.0;3;7
30;No;Travel_Rarely;Research & Development;7;Primaria;Other;1;3959;Alta;F;Baja;2;Healthcare Representative;Baja;Married;10581;4;Y;No;13;Alta;Alta;80;1;8;3;Muy_Alta;8;3.0;0;7
30;Yes;Travel_Frequently;Research & Development;3;Master;Life Sciences;1;3960;Baja;F;Muy_Alta;1;Research Scientist;Muy_Alta;Single;2276;3;Y;Yes;14;Alta;Baja;80;0;7;2;Muy_Alta;4;3.0;1;3
34;No;Travel_Rarely;Sales;13;Master;Marketing;1;3961;Muy_Alta;F;Muy_Alta;3;Sales Executive;Muy_Alta;Divorced;8126;1;Y;Yes;15;Alta;Muy_Alta;80;2;9;3;Muy_Alta;7;2.0;1;8
28;No;Non-Travel;Research & Development;6;Universitaria;Medical;1;3962;Muy_Alta;M;Alta;1;Laboratory Technician;Alta;Single;1145;1;Y;No;20;Muy_Alta;Alta;80;0;6;6;Alta;6;3.0;5;8
24;No;Travel_Frequently;Research & Development;3;Primaria;Life Sciences;1;3963;Baja;M;Baja;1;Laboratory Technician;Baja;Divorced;4820;3;Y;No;13;Alta;Baja;80;1;5;2;Baja;3;3.0;1;1
23;No;Non-Travel;Research & Development;9;Master;Other;1;3964;Baja;F;Muy_Alta;2;Manufacturing Director;Muy_Alta;Divorced;5825;0;Y;No;17;Alta;Muy_Alta;80;1;4;5;Media;6;4.0;1;3
37;No;Travel_Rarely;Research & Development;28;Universitaria;Medical;1;3965;Alta;M;Alta;2;Healthcare Representative;Alta;Married;5577;6;Y;No;13;Alta;Media;80;2;18;3;Alta;4;1.0;6;7
31;No;Travel_Frequently;Research & Development;7;Universitaria;Life Sciences;1;3966;Baja;F;Alta;1;Healthcare Representative;Alta;Divorced;9140;1;Y;No;19;Alta;Muy_Alta;80;1;6;0;Alta;6;3.0;1;3
33;No;Travel_Rarely;Research & Development;24;Universitaria;Medical;1;3967;Media;M;Alta;1;Laboratory Technician;Alta;Divorced;3379;0;Y;No;11;Alta;Alta;80;1;0;2;Alta;1;1.0;1;1
42;No;Travel_Frequently;Sales;20;Universitaria;Life Sciences;1;3968;Alta;M;Alta;2;Sales Executive;Alta;Divorced;3156;2;Y;No;17;Alta;Muy_Alta;80;1;9;6;Alta;2;2.0;2;2
55;No;Travel_Frequently;Research & Development;8;Universitaria;Medical;1;3969;Baja;M;Alta;1;Research Scientist;Alta;Married;3003;3;Y;No;20;Alta;Media;80;1;17;4;Muy_Alta;4;3.0;0;4
32;No;Non-Travel;Sales;22;Universitaria;Marketing;1;3970;Alta;F;Alta;2;Sales Executive;Alta;Married;6179;0;Y;No;13;Alta;Baja;80;1;7;2;Alta;7;3.0;0;6
27;Yes;Travel_Frequently;Sales;25;Secundaria;Marketing;1;3971;Alta;F;Media;2;Sales Executive;Media;Single;6558;5;Y;No;17;Alta;Alta;80;0;11;5;Media;5;2.0;0;1
24;No;Travel_Rarely;Sales;6;Universitaria;Other;1;3972;Alta;M;Alta;2;Sales Executive;Alta;Married;3963;1;Y;Yes;19;Alta;Muy_Alta;80;0;9;3;Alta;2;2.0;0;3
29;Yes;Travel_Rarely;Research & Development;1;Universitaria;Technical Degree;1;3973;Muy_Alta;M;Alta;1;Research Scientist;Alta;Single;3459;4;Y;Yes;12;Alta;Alta;80;0;7;5;Alta;6;3.0;0;3
33;No;Travel_Rarely;Research & Development;4;Universitaria;Life Sciences;1;3974;Alta;M;Alta;1;Research Scientist;Alta;Married;3442;1;Y;Yes;14;Alta;Muy_Alta;80;0;5;3;Alta;3;3.0;2;2
21;Yes;Travel_Rarely;Research & Development;1;Secundaria;Life Sciences;1;3975;Media;F;Media;1;Laboratory Technician;Media;Single;2409;1;Y;No;24;Muy_Alta;Alta;80;0;0;3;Alta;2;2.0;1;1
44;No;Travel_Rarely;Research & Development;2;Master;Medical;1;3976;Media;F;Muy_Alta;2;Healthcare Representative;Muy_Alta;Divorced;5857;5;Y;No;20;Muy_Alta;Media;80;3;14;0;Muy_Alta;14;4.0;11;9
58;No;Travel_Rarely;Research & Development;18;Universitaria;Technical Degree;1;3977;Alta;M;Alta;3;Manufacturing Director;Alta;Married;11532;8;Y;No;11;Alta;Alta;80;1;23;2;Alta;10;3.0;0;9
37;No;Non-Travel;Sales;9;Universitaria;Medical;1;3978;Media;M;Alta;3;Sales Executive;Alta;Single;10414;1;Y;No;15;Alta;Muy_Alta;80;0;10;3;Media;8;3.0;9;8
44;Yes;Travel_Frequently;Sales;4;Universitaria;Marketing;1;3979;Baja;M;Alta;2;Sales Executive;Alta;Single;8422;1;Y;No;17;Alta;Alta;80;0;6;5;Media;7;3.0;7;7
38;No;Travel_Rarely;Sales;18;Secundaria;Marketing;1;3980;Alta;F;Media;2;Sales Executive;Media;Married;5598;4;Y;No;13;Alta;Baja;80;2;11;3;Alta;4;2.0;0;2
21;No;Non-Travel;Research & Development;18;Master;Medical;1;3981;Muy_Alta;M;Muy_Alta;1;Laboratory Technician;Muy_Alta;Divorced;3386;1;Y;Yes;12;Alta;Media;80;2;1;2;Muy_Alta;2;2.0;1;0
37;Yes;Travel_Rarely;Research & Development;15;Universitaria;Other;1;3982;Baja;M;Alta;2;Laboratory Technician;Alta;Divorced;3014;7;Y;No;15;Alta;Media;80;1;12;3;Alta;3;2.0;0;1
43;No;Travel_Rarely;Sales;17;Universitaria;Marketing;1;3983;Muy_Alta;M;Alta;4;Manager;Alta;Married;16818;5;Y;Yes;22;Muy_Alta;Alta;80;1;21;3;Media;18;3.0;2;9
24;No;Travel_Rarely;Research & Development;8;Universitaria;Medical;1;3984;Media;M;Alta;1;Laboratory Technician;Alta;Married;3369;1;Y;No;14;Alta;Muy_Alta;80;1;7;2;Baja;2;2.0;0;2
28;No;Travel_Rarely;Research & Development;5;Universitaria;Medical;1;3985;Muy_Alta;M;Alta;2;Research Scientist;Alta;Divorced;4713;0;Y;No;14;Alta;Alta;80;2;9;4;Alta;10;3.0;1;5
47;No;Travel_Rarely;Sales;4;Universitaria;Life Sciences;1;3986;Alta;M;Alta;3;Sales Executive;Alta;Divorced;8828;4;Y;Yes;12;Alta;Media;80;1;15;5;Alta;11;1.0;0;3
32;No;Travel_Rarely;Research & Development;6;Secundaria;Life Sciences;1;3987;Alta;F;Media;1;Research Scientist;Media;Married;2575;1;Y;No;12;Alta;Alta;80;1;4;2;Muy_Alta;4;3.0;0;2
42;Yes;Travel_Frequently;Research & Development;23;Universitaria;Life Sciences;1;3988;Muy_Alta;F;Alta;1;Laboratory Technician;Alta;Divorced;2149;3;Y;Yes;22;Muy_Alta;Muy_Alta;80;1;21;0;Alta;2;2.0;1;0
41;No;Travel_Rarely;Research & Development;5;Secundaria;Life Sciences;1;3989;Alta;M;Media;1;Research Scientist;Media;Single;2797;2;Y;No;14;Alta;Muy_Alta;80;0;11;2;Media;3;2.0;2;2
33;No;Travel_Rarely;Research & Development;13;Universitaria;Medical;1;3990;Alta;F;Alta;1;Research Scientist;Alta;Married;3005;9;Y;Yes;23;Muy_Alta;Alta;80;1;5;0;Media;5;3.0;0;2
28;No;Travel_Rarely;Human Resources;19;Secundaria;Other;1;3991;Media;F;Media;3;Human Resources;Media;Single;8523;1;Y;No;12;Alta;Baja;80;0;11;3;Muy_Alta;11;4.0;0;8
32;No;Travel_Frequently;Research & Development;4;Universitaria;Life Sciences;1;3992;Muy_Alta;M;Alta;1;Laboratory Technician;Alta;Single;2694;1;Y;No;14;Alta;Alta;80;0;10;2;Media;6;2.0;3;6
45;No;Non-Travel;Research & Development;22;Universitaria;Medical;1;3993;Media;M;Alta;2;Laboratory Technician;Alta;Married;2116;3;Y;No;12;Alta;Alta;80;1;16;3;Alta;3;3.0;1;3
33;No;Travel_Rarely;Research & Development;24;Universitaria;Life Sciences;1;3994;Alta;M;Alta;1;Research Scientist;Alta;Divorced;3413;4;Y;No;23;Muy_Alta;Baja;80;1;9;1;Alta;9;3.0;0;7
45;No;Travel_Rarely;Sales;18;Universitaria;Marketing;1;3995;Muy_Alta;M;Alta;4;Manager;Alta;Married;16094;4;Y;Yes;23;Muy_Alta;Alta;80;1;22;3;Alta;17;3.0;2;9
35;No;Travel_Rarely;Research & Development;1;Universitaria;Life Sciences;1;3996;Media;M;Alta;2;Research Scientist;Alta;Married;6505;9;Y;No;16;Alta;Media;80;1;9;3;Alta;3;3.0;1;1
52;No;Travel_Rarely;Research & Development;11;Secundaria;Technical Degree;1;3997;Muy_Alta;M;Media;4;Manufacturing Director;Media;Single;13075;3;Y;No;16;Alta;Media;80;0;27;1;Media;6;3.0;0;3
38;Yes;Non-Travel;Research & Development;3;Secundaria;Life Sciences;1;3998;Baja;F;Media;1;Laboratory Technician;Media;Single;4478;2;Y;Yes;24;Muy_Alta;Media;80;0;12;2;Baja;2;2.0;0;0
36;No;Travel_Rarely;Research & Development;23;Master;Life Sciences;1;3999;Media;F;Muy_Alta;1;Research Scientist;Muy_Alta;Married;3018;0;Y;Yes;11;Alta;Baja;80;1;9;3;Muy_Alta;6;3.0;1;7
56;No;Travel_Frequently;Research & Development;11;Universitaria;Medical;1;4000;Media;M;Alta;4;Manager;Alta;Divorced;15968;3;Y;No;20;Muy_Alta;Baja;80;1;25;2;Alta;14;3.0;0;12
52;No;Travel_Rarely;Research & Development;1;Universitaria;Life Sciences;1;4001;Muy_Alta;M;Alta;4;Manager;Alta;Married;18698;3;Y;No;16;Alta;Media;80;1;25;2;Alta;9;2.0;6;9
31;No;Travel_Rarely;Sales;3;Universitaria;Life Sciences;1;4002;Alta;M;Alta;3;Sales Executive;Alta;Married;9724;2;Y;Yes;14;Alta;Muy_Alta;80;3;9;3;Media;7;2.0;1;0
31;No;Travel_Rarely;Research & Development;1;Universitaria;Life Sciences;1;4003;Alta;M;Alta;1;Research Scientist;Alta;Married;2298;1;Y;No;11;Alta;Alta;80;1;7;6;Alta;5;1.0;1;3
30;No;Travel_Rarely;Research & Development;8;Master;Life Sciences;1;4004;Media;F;Muy_Alta;3;Research Director;Muy_Alta;Married;10935;0;Y;Yes;11;Alta;Alta;80;3;9;4;Alta;11;4.0;2;6
41;No;Travel_Rarely;Research & Development;29;Universitaria;Medical;1;4005;Alta;M;Alta;2;Healthcare Representative;Alta;Married;3498;7;Y;No;13;Alta;Media;80;2;16;3;Alta;6;3.0;7;7
26;No;Travel_Rarely;Research & Development;1;Universitaria;Technical Degree;1;4006;Alta;M;Alta;1;Laboratory Technician;Alta;Married;3112;1;Y;No;14;Alta;Alta;80;1;2;2;Media;2;2.0;2;1
32;No;Non-Travel;Sales;7;Secundaria;Life Sciences;1;4007;Media;F;Media;1;Sales Representative;Media;Single;2290;0;Y;No;18;Alta;Muy_Alta;80;0;1;2;Alta;3;3.0;1;3
34;No;Travel_Rarely;Sales;7;Secundaria;Marketing;1;4008;Media;F;Media;2;Sales Executive;Media;Married;4876;2;Y;No;15;Alta;Baja;80;2;4;2;Muy_Alta;6;2.0;1;2
21;Yes;Travel_Rarely;Sales;20;Secundaria;Marketing;1;4009;Alta;F;Media;1;Sales Representative;Media;Married;2221;1;Y;Yes;17;Alta;Alta;80;3;1;2;Media;3;3.0;0;0
47;No;Travel_Rarely;Research & Development;4;Universitaria;Medical;1;4010;Media;M;Alta;1;Research Scientist;Alta;Single;2492;6;Y;Yes;13;Alta;Alta;80;0;6;2;Media;4;2.0;2;3
27;Yes;Travel_Frequently;Sales;1;Universitaria;Technical Degree;1;4011;Baja;M;Alta;1;Sales Representative;Alta;Married;2940;3;Y;No;15;Alta;Muy_Alta;80;1;5;3;Alta;5;3.0;1;0
42;Yes;Travel_Rarely;Research & Development;11;Universitaria;Life Sciences;1;4012;Alta;M;Alta;1;Research Scientist;Alta;Single;3472;1;Y;Yes;12;Alta;Alta;80;0;5;4;Alta;6;2.0;0;2
53;No;Travel_Rarely;Research & Development;7;Universitaria;Medical;1;4013;Muy_Alta;M;Alta;5;Manager;Alta;Divorced;17560;3;Y;No;18;Alta;Media;80;1;25;6;Alta;7;3.0;4;8
41;No;Travel_Rarely;Research & Development;5;Universitaria;Medical;1;4014;Muy_Alta;M;Alta;5;Manager;Alta;Married;19999;1;Y;No;15;Alta;Media;80;1;18;2;Alta;20;3.0;9;8
48;Yes;Travel_Frequently;Research & Development;29;Secundaria;Life Sciences;1;4015;Baja;F;Media;2;Laboratory Technician;Media;Single;3968;3;Y;No;21;Muy_Alta;Baja;80;0;19;2;Muy_Alta;4;3.0;1;3
38;No;Travel_Rarely;Research & Development;3;Universitaria;Medical;1;4016;Baja;F;Alta;5;Research Director;Alta;Divorced;19608;0;Y;No;19;Alta;Muy_Alta;80;1;20;5;Alta;22;3.0;3;9
49;No;Travel_Rarely;Research & Development;4;Universitaria;Life Sciences;1;4017;Muy_Alta;M;Alta;3;Manufacturing Director;Alta;Single;6930;1;Y;No;12;Alta;Alta;80;0;7;2;Alta;13;3.0;1;8
30;No;Travel_Rarely;Research & Development;7;Universitaria;Life Sciences;1;4018;Muy_Alta;F;Alta;2;Healthcare Representative;Alta;Single;7889;2;Y;Yes;18;Alta;Baja;80;0;9;6;Alta;1;1.0;0;0
46;No;Travel_Frequently;Sales;5;Universitaria;Marketing;1;4019;Baja;M;Alta;2;Sales Executive;Alta;Single;5395;3;Y;Yes;20;Muy_Alta;Alta;80;0;11;3;Alta;9;3.0;0;8
25;Yes;Travel_Rarely;Research & Development;1;Universitaria;Medical;1;4020;Alta;M;Alta;1;Research Scientist;Alta;Single;5605;6;Y;No;17;Alta;Muy_Alta;80;0;5;3;Baja;2;2.0;2;1
26;No;Travel_Frequently;Research & Development;1;Universitaria;Medical;1;4021;Muy_Alta;M;Alta;1;Research Scientist;Alta;Single;1215;2;Y;No;13;Alta;Alta;80;0;4;0;Alta;3;3.0;2;2
51;Yes;Travel_Rarely;Research & Development;5;Universitaria;Life Sciences;1;4022;Baja;M;Alta;1;Research Scientist;Alta;Married;3501;8;Y;Yes;13;Alta;Alta;80;3;18;2;Baja;12;4.0;3;7
31;Yes;Travel_Frequently;Research & Development;7;Universitaria;Medical;1;4023;Media;M;Alta;1;Laboratory Technician;Alta;Single;3445;0;Y;No;16;Alta;Baja;80;0;5;3;Muy_Alta;2;2.0;2;2
35;Yes;Travel_Frequently;Research & Development;8;Primaria;Life Sciences;1;4024;Baja;M;Baja;2;Laboratory Technician;Baja;Single;7480;1;Y;Yes;24;Muy_Alta;Muy_Alta;80;0;7;3;Muy_Alta;9;1.0;1;7
54;No;Travel_Rarely;Research & Development;26;Master;Medical;1;4025;Media;F;Muy_Alta;3;Healthcare Representative;Muy_Alta;Married;6845;3;Y;No;15;Alta;Alta;80;0;10;2;Muy_Alta;4;3.0;0;3
55;No;Travel_Frequently;Research & Development;29;Master;Medical;1;4026;Muy_Alta;F;Muy_Alta;4;Manufacturing Director;Muy_Alta;Married;12657;2;Y;Yes;11;Alta;Media;80;1;22;3;Alta;5;4.0;0;1
37;No;Travel_Frequently;Research & Development;22;Secundaria;Life Sciences;1;4027;Muy_Alta;F;Media;3;Manufacturing Director;Media;Single;9659;1;Y;No;22;Muy_Alta;Media;80;0;10;1;Alta;9;3.0;1;9
36;No;Travel_Rarely;Research & Development;9;Universitaria;Life Sciences;1;4028;Alta;M;Alta;1;Laboratory Technician;Alta;Single;2450;1;Y;No;11;Alta;Alta;80;0;0;3;Alta;2;2.0;2;0
53;No;Travel_Rarely;Human Resources;4;Universitaria;Life Sciences;1;4029;Alta;M;Alta;4;Manager;Alta;Divorced;13318;2;Y;Yes;11;Alta;Media;80;1;32;2;Alta;33;2.0;0;9
36;No;Travel_Frequently;Research & Development;4;Universitaria;Other;1;4030;Alta;M;Alta;1;Research Scientist;Alta;Married;2870;4;Y;No;16;Alta;Baja;80;1;9;2;Baja;2;2.0;2;1
30;No;Travel_Frequently;Sales;5;Universitaria;Life Sciences;1;4031;Media;M;Alta;2;Sales Executive;Alta;Married;7071;0;Y;No;14;Alta;Muy_Alta;80;1;11;3;Alta;9;3.0;5;3
32;No;Travel_Rarely;Sales;4;Universitaria;Marketing;1;4032;Baja;M;Alta;3;Sales Executive;Alta;Single;10070;1;Y;No;22;Muy_Alta;Baja;80;0;14;3;Alta;15;2.0;2;2
42;No;Travel_Rarely;Research & Development;2;Secundaria;Other;1;4033;Baja;F;Media;3;Healthcare Representative;Media;Single;6270;2;Y;No;23;Muy_Alta;Media;80;0;16;6;Media;0;0.0;0;1
52;Yes;Travel_Frequently;Research & Development;29;Secundaria;Life Sciences;1;4034;Baja;F;Media;2;Laboratory Technician;Media;Single;5090;2;Y;No;19;Muy_Alta;Baja;80;0;20;2;Alta;3;2.0;2;3
32;Yes;Travel_Frequently;Research & Development;19;Universitaria;Life Sciences;1;4035;Baja;M;Alta;3;Healthcare Representative;Alta;Married;10136;3;Y;No;11;Alta;Baja;80;0;13;2;Alta;2;2.0;1;1
27;No;Travel_Rarely;Research & Development;9;Universitaria;Medical;1;4036;Media;M;Alta;2;Manufacturing Director;Alta;Married;3241;0;Y;No;14;Alta;Media;80;1;11;5;Alta;13;3.0;3;12
44;No;Travel_Rarely;Sales;4;Universitaria;Other;1;4037;Muy_Alta;M;Alta;2;Sales Executive;Alta;Married;4090;0;Y;No;19;Alta;Media;80;1;10;3;Alta;9;2.0;3;7
42;No;Travel_Frequently;Research & Development;27;Universitaria;Medical;1;4038;Baja;M;Alta;3;Research Director;Alta;Married;10356;3;Y;Yes;16;Alta;Alta;80;0;23;6;Alta;2;2.0;0;0
31;No;Travel_Rarely;Research & Development;1;Universitaria;Medical;1;4039;Muy_Alta;M;Alta;2;Research Scientist;Alta;Divorced;5883;0;Y;No;13;Alta;Alta;80;2;9;4;Alta;10;2.0;2;8
36;No;Non-Travel;Research & Development;3;Master;Technical Degree;1;4040;Alta;F;Muy_Alta;1;Laboratory Technician;Muy_Alta;Single;2771;0;Y;No;14;Alta;Baja;80;0;7;2;Muy_Alta;4;4.0;2;3
34;No;Travel_Frequently;Research & Development;11;Secundaria;Life Sciences;1;4041;Baja;F;Media;2;Healthcare Representative;Media;Divorced;6261;2;Y;No;15;Alta;Alta;80;1;14;3;Media;3;3.0;1;2
18;Yes;Non-Travel;Research & Development;7;Universitaria;Medical;1;4042;Alta;M;Alta;1;Laboratory Technician;Alta;Single;2261;1;Y;No;14;Alta;Muy_Alta;80;0;5;0;Alta;0;0.0;0;0
27;No;Travel_Rarely;Research & Development;16;Universitaria;Life Sciences;1;4043;Baja;M;Alta;1;Research Scientist;Alta;Married;1009;1;Y;Yes;14;Alta;Muy_Alta;80;2;8;3;Alta;8;3.0;6;9
37;No;Non-Travel;Sales;9;Universitaria;Medical;1;4044;Baja;M;Alta;3;Sales Executive;Alta;Divorced;8396;1;Y;No;13;Alta;Muy_Alta;80;1;8;6;Media;9;3.0;8;7
45;No;Travel_Frequently;Sales;25;Universitaria;Life Sciences;1;4045;Alta;M;Alta;4;Manager;Alta;Married;15980;1;Y;Yes;13;Alta;Muy_Alta;80;2;24;3;Muy_Alta;27;3.0;4;12
38;No;Travel_Rarely;Research & Development;13;Secundaria;Medical;1;4046;Alta;F;Media;5;Research Director;Media;Single;19999;1;Y;No;14;Alta;Baja;80;0;21;2;Muy_Alta;21;3.0;3;9
57;No;Travel_Rarely;Research & Development;24;Master;Life Sciences;1;4047;Alta;F;Muy_Alta;3;Healthcare Representative;Muy_Alta;Divorced;9434;3;Y;Yes;16;Alta;Media;80;1;10;2;Media;5;3.0;1;4
49;No;Travel_Rarely;Research & Development;18;Secundaria;Life Sciences;1;4048;Muy_Alta;F;Media;5;Research Director;Media;Divorced;19668;0;Y;Yes;17;Alta;Alta;80;1;33;6;Media;30;3.0;0;9
42;Yes;Non-Travel;Research & Development;1;Secundaria;Life Sciences;1;4049;Baja;F;Media;1;Laboratory Technician;Media;Single;4447;2;Y;Yes;23;Muy_Alta;Media;80;0;12;2;Baja;0;0.0;1;1
48;No;Travel_Rarely;Research & Development;3;Universitaria;Life Sciences;1;4050;Baja;M;Alta;4;Research Director;Alta;Married;19345;6;Y;No;13;Alta;Alta;80;0;28;2;Alta;5;1.0;0;2
60;No;Travel_Rarely;Research & Development;3;Secundaria;Life Sciences;1;4051;Alta;M;Media;4;Manufacturing Director;Media;Single;14276;3;Y;Yes;12;Alta;Baja;80;0;30;4;Muy_Alta;5;3.0;4;3
50;No;Travel_Rarely;Research & Development;1;Universitaria;Life Sciences;1;4052;Muy_Alta;M;Alta;4;Manager;Alta;Married;17715;2;Y;No;15;Alta;Media;80;1;29;2;Alta;10;2.0;8;8
34;No;Travel_Rarely;Research & Development;4;Universitaria;Life Sciences;1;4053;Alta;M;Alta;3;Research Director;Alta;Single;11538;3;Y;No;15;Alta;Muy_Alta;80;0;8;6;Alta;5;3.0;7;5
54;No;Travel_Rarely;Research & Development;8;Universitaria;Other;1;4054;Alta;M;Alta;1;Laboratory Technician;Alta;Married;4219;9;Y;No;13;Alta;Alta;80;0;13;2;Media;6;3.0;0;4
36;No;Travel_Rarely;Research & Development;25;Universitaria;Medical;1;4055;Alta;M;Alta;2;Healthcare Representative;Alta;Married;7269;6;Y;No;13;Alta;Media;80;2;14;3;Alta;6;3.0;7;8
48;No;Travel_Frequently;Sales;3;Universitaria;Medical;1;4056;Media;M;Alta;2;Sales Representative;Alta;Single;2797;2;Y;No;20;Alta;Baja;80;0;7;4;Alta;1;1.0;0;1
34;No;Travel_Rarely;Research & Development;1;Universitaria;Technical Degree;1;4057;Media;M;Alta;3;Manufacturing Director;Alta;Single;6868;4;Y;No;17;Alta;Muy_Alta;80;0;10;3;Alta;5;3.0;2;3
37;No;Travel_Frequently;Research & Development;4;Universitaria;Life Sciences;1;4058;Baja;M;Alta;2;Healthcare Representative;Alta;Single;7682;1;Y;No;16;Alta;Alta;80;0;5;1;Alta;5;1.0;0;4
35;No;Travel_Rarely;Research & Development;8;Universitaria;Medical;1;4059;Baja;M;Alta;1;Research Scientist;Alta;Single;1928;1;Y;No;14;Alta;Alta;80;0;2;4;Alta;0;0.0;0;0
52;No;Travel_Rarely;Sales;6;Secundaria;Marketing;1;4060;Baja;F;Media;3;Sales Executive;Media;Married;11089;7;Y;Yes;18;Alta;Muy_Alta;80;1;34;3;Alta;5;3.0;0;5
29;Yes;Travel_Frequently;Sales;2;Universitaria;Technical Degree;1;4061;Baja;M;Alta;1;Sales Representative;Alta;Married;2175;3;Y;No;17;Alta;Muy_Alta;80;1;6;3;Muy_Alta;1;1.0;1;1
29;No;Travel_Frequently;Research & Development;1;Universitaria;Life Sciences;1;4062;Muy_Alta;M;Alta;1;Laboratory Technician;Alta;Married;4013;0;Y;No;12;Alta;Alta;80;3;3;3;Baja;4;3.0;0;2
42;No;Travel_Frequently;Research & Development;9;Universitaria;Medical;1;4063;Muy_Alta;M;Alta;2;Laboratory Technician;Alta;Divorced;3684;3;Y;Yes;12;Alta;Media;80;1;10;3;Alta;8;1.0;3;7
47;No;Travel_Rarely;Research & Development;12;Universitaria;Life Sciences;1;4064;Baja;M;Alta;1;Research Scientist;Alta;Married;3711;2;Y;No;22;Muy_Alta;Muy_Alta;80;2;5;3;Alta;1;1.0;0;1
45;No;Travel_Rarely;Research & Development;5;Secundaria;Medical;1;4065;Alta;M;Media;1;Laboratory Technician;Media;Married;5765;4;Y;No;15;Alta;Media;80;1;6;3;Alta;1;1.0;0;0
37;No;Travel_Rarely;Research & Development;2;Master;Life Sciences;1;4066;Muy_Alta;F;Muy_Alta;2;Healthcare Representative;Muy_Alta;Divorced;8272;6;Y;No;22;Muy_Alta;Baja;80;1;16;3;Alta;3;3.0;0;4
48;No;Travel_Rarely;Human Resources;1;Universitaria;Life Sciences;1;4067;Muy_Alta;M;Alta;1;Human Resources;Alta;Single;5481;6;Y;No;12;Alta;Alta;80;0;11;3;Media;7;3.0;6;7
35;No;Travel_Frequently;Research & Development;1;Master;Other;1;4068;Alta;F;Muy_Alta;2;Healthcare Representative;Muy_Alta;Married;6037;1;Y;Yes;15;Alta;Baja;80;1;6;2;Media;6;3.0;1;2
