prioridad,id,probabilidad_churn,contactar,accion_sugerida
1,74497,0.999999999999988,True,Revisión por Comercial para contacto
2,72920,0.9995646407510399,True,Revisión por Comercial para contacto
3,97570,0.997316106492045,True,Revisión por Comercial para contacto
4,80342,0.9972406048822545,True,Revisión por Comercial para contacto
5,70995,0.9957625827930461,True,Revisión por Comercial para contacto
6,93282,0.9948403261487745,True,Revisión por Comercial para contacto
7,83410,0.9936873759633917,True,Revisión por Comercial para contacto
8,91313,0.9905507527436913,True,Revisión por Comercial para contacto
9,74778,0.9895613860220135,True,Revisión por Comercial para contacto
10,73961,0.9893277545513106,True,Revisión por Comercial para contacto
11,99777,0.9891875108767829,True,Revisión por Comercial para contacto
12,85635,0.9877104904716667,True,Revisión por Comercial para contacto
13,82748,0.9862916624323719,True,Revisión por Comercial para contacto
14,89998,0.985836027966921,True,Revisión por Comercial para contacto
15,78699,0.9857421369633881,True,Revisión por Comercial para contacto
16,82977,0.9855476087041414,True,Revisión por Comercial para contacto
17,95116,0.9832138630123217,True,Revisión por Comercial para contacto
18,82915,0.981186883704296,True,Revisión por Comercial para contacto
19,92452,0.9799297731750842,True,Revisión por Comercial para contacto
20,78398,0.979608427605594,True,Revisión por Comercial para contacto
21,72950,0.9780072244360261,True,Revisión por Comercial para contacto
22,95488,0.9753600677621616,True,Revisión por Comercial para contacto
23,94354,0.9751345370217374,True,Revisión por Comercial para contacto
24,74071,0.9744257736081713,True,Revisión por Comercial para contacto
25,90307,0.9736541910099649,True,Revisión por Comercial para contacto
26,74771,0.9728895811612648,True,Revisión por Comercial para contacto
27,99779,0.9726722034377162,True,Revisión por Comercial para contacto
28,75776,0.9717913338805859,True,Revisión por Comercial para contacto
29,99256,0.971402232023129,True,Revisión por Comercial para contacto
30,76983,0.9713362971719862,True,Revisión por Comercial para contacto
31,85662,0.9709417455518894,True,Revisión por Comercial para contacto
32,84312,0.9701408607198089,True,Revisión por Comercial para contacto
33,85795,0.9696942400841565,True,Revisión por Comercial para contacto
34,70866,0.9694786411814861,True,Revisión por Comercial para contacto
35,83889,0.9691104446444546,True,Revisión por Comercial para contacto
36,88431,0.9676120912391685,True,Revisión por Comercial para contacto
37,72458,0.9657877930887515,True,Revisión por Comercial para contacto
38,94231,0.9657152145530927,True,Revisión por Comercial para contacto
39,85040,0.9654532077413264,True,Revisión por Comercial para contacto
40,92806,0.965205730817166,True,Revisión por Comercial para contacto
41,86094,0.9651721084040276,True,Revisión por Comercial para contacto
42,82515,0.963715210542327,True,Revisión por Comercial para contacto
43,91380,0.9632492335568352,True,Revisión por Comercial para contacto
44,75376,0.9616493955600285,True,Revisión por Comercial para contacto
45,79269,0.9614764001719242,True,Revisión por Comercial para contacto
46,72178,0.9606378540281504,True,Revisión por Comercial para contacto
47,78137,0.9602810124889156,True,Revisión por Comercial para contacto
48,82006,0.9595103499265993,True,Revisión por Comercial para contacto
49,93548,0.959013998325975,True,Revisión por Comercial para contacto
50,92796,0.9581002550565627,True,Revisión por Comercial para contacto
51,83226,0.9560104647731155,True,Revisión por Comercial para contacto
52,93089,0.9559231786449551,True,Revisión por Comercial para contacto
53,77677,0.9557815920524521,True,Revisión por Comercial para contacto
54,90015,0.9554531247411808,True,Revisión por Comercial para contacto
55,96826,0.9547885107274263,True,Revisión por Comercial para contacto
56,96771,0.9547078063949351,True,Revisión por Comercial para contacto
57,75641,0.9537581007267893,True,Revisión por Comercial para contacto
58,83639,0.9534207322824872,True,Revisión por Comercial para contacto
59,99381,0.9531307201720518,True,Revisión por Comercial para contacto
60,90579,0.9529111609971909,True,Revisión por Comercial para contacto
61,97910,0.9527305776102584,True,Revisión por Comercial para contacto
62,93677,0.9526793836726026,True,Revisión por Comercial para contacto
63,74562,0.9510406165452948,True,Revisión por Comercial para contacto
64,78870,0.9509433833091323,True,Revisión por Comercial para contacto
65,70862,0.9503207576574876,True,Revisión por Comercial para contacto
66,91167,0.9494884162942699,True,Revisión por Comercial para contacto
67,96209,0.9489555077259341,True,Revisión por Comercial para contacto
68,88450,0.946988692182634,True,Revisión por Comercial para contacto
69,93698,0.9469678934745941,True,Revisión por Comercial para contacto
70,85704,0.9469600924046082,True,Revisión por Comercial para contacto
71,77792,0.946620689742837,True,Revisión por Comercial para contacto
72,95723,0.9465879523846584,True,Revisión por Comercial para contacto
73,72539,0.9458025605677471,True,Revisión por Comercial para contacto
74,98609,0.9457692924297885,True,Revisión por Comercial para contacto
75,80127,0.9452574802398338,True,Revisión por Comercial para contacto
76,89893,0.9451477687163926,True,Revisión por Comercial para contacto
77,85843,0.9451058330942342,True,Revisión por Comercial para contacto
78,80682,0.942506396415081,True,Revisión por Comercial para contacto
79,71416,0.9422409573522907,True,Revisión por Comercial para contacto
80,75009,0.9419823980783391,True,Revisión por Comercial para contacto
81,91191,0.9418997647754259,True,Revisión por Comercial para contacto
82,76120,0.9418278329376392,True,Revisión por Comercial para contacto
83,85579,0.9412660362584944,True,Revisión por Comercial para contacto
84,83201,0.9407579009686627,True,Revisión por Comercial para contacto
85,82388,0.9394061077089771,True,Revisión por Comercial para contacto
86,91128,0.9386344670528496,True,Revisión por Comercial para contacto
87,83493,0.9382426486137273,True,Revisión por Comercial para contacto
88,74594,0.9381754853038293,True,Revisión por Comercial para contacto
89,82303,0.9381715575205619,True,Revisión por Comercial para contacto
90,96782,0.9366878650731959,True,Revisión por Comercial para contacto
91,88140,0.93656619442056,True,Revisión por Comercial para contacto
92,83794,0.9364154578875263,True,Revisión por Comercial para contacto
93,72168,0.9358654670074744,True,Revisión por Comercial para contacto
94,75759,0.9355897784227595,True,Revisión por Comercial para contacto
95,89738,0.9355356668997963,True,Revisión por Comercial para contacto
96,93069,0.9350174345194057,True,Revisión por Comercial para contacto
97,70111,0.9334940904872302,True,Revisión por Comercial para contacto
98,95368,0.9330697758644423,True,Revisión por Comercial para contacto
99,97764,0.9328813592180154,True,Revisión por Comercial para contacto
100,97667,0.9319544952297008,True,Revisión por Comercial para contacto
101,74439,0.9301714401514952,True,Revisión por Comercial para contacto
102,86316,0.929833573522946,True,Revisión por Comercial para contacto
103,91743,0.9297396324517657,True,Revisión por Comercial para contacto
104,85689,0.9296277523146629,True,Revisión por Comercial para contacto
105,81010,0.9294939238618479,True,Revisión por Comercial para contacto
106,75855,0.9292752977351505,True,Revisión por Comercial para contacto
107,82163,0.9291366027976883,True,Revisión por Comercial para contacto
108,79191,0.9285487341425268,True,Revisión por Comercial para contacto
109,70463,0.9278807139284836,True,Revisión por Comercial para contacto
110,76854,0.927529063052718,True,Revisión por Comercial para contacto
111,88227,0.9274441956012264,True,Revisión por Comercial para contacto
112,73702,0.9271140559921052,True,Revisión por Comercial para contacto
113,82534,0.9268883868345977,True,Revisión por Comercial para contacto
114,97740,0.9268408754847894,True,Revisión por Comercial para contacto
115,88739,0.9263274292877667,True,Revisión por Comercial para contacto
116,74021,0.9262783378501065,True,Revisión por Comercial para contacto
117,77411,0.9257013656225773,True,Revisión por Comercial para contacto
118,85745,0.9254289397202111,True,Revisión por Comercial para contacto
119,87649,0.9253843584090178,True,Revisión por Comercial para contacto
120,77317,0.9248789191023958,True,Revisión por Comercial para contacto
121,96479,0.9237729510561039,True,Revisión por Comercial para contacto
122,75591,0.9237723024995369,True,Revisión por Comercial para contacto
123,93445,0.923629915585936,True,Revisión por Comercial para contacto
124,82616,0.9234670259600107,True,Revisión por Comercial para contacto
125,78417,0.922183216562781,True,Revisión por Comercial para contacto
126,83843,0.9218532573294296,True,Revisión por Comercial para contacto
127,78381,0.921721030670399,True,Revisión por Comercial para contacto
128,97819,0.9215871839684329,True,Revisión por Comercial para contacto
129,96470,0.9210011047715266,True,Revisión por Comercial para contacto
130,91894,0.9206606807002398,True,Revisión por Comercial para contacto
131,88580,0.920598473795848,True,Revisión por Comercial para contacto
132,77808,0.9205086917476023,True,Revisión por Comercial para contacto
133,75197,0.9203952051417313,True,Revisión por Comercial para contacto
134,98025,0.9201704189465915,True,Revisión por Comercial para contacto
135,82285,0.9200269386087858,True,Revisión por Comercial para contacto
136,92823,0.9200077046506432,True,Revisión por Comercial para contacto
137,82628,0.9199420529244744,True,Revisión por Comercial para contacto
138,71294,0.9195736344097072,True,Revisión por Comercial para contacto
139,92620,0.9190649199909617,True,Revisión por Comercial para contacto
140,93003,0.9178381310636676,True,Revisión por Comercial para contacto
141,84156,0.9167628899559322,True,Revisión por Comercial para contacto
142,78034,0.9166022351707912,True,Revisión por Comercial para contacto
143,85819,0.9155283932600289,True,Revisión por Comercial para contacto
144,92106,0.9154451532482593,True,Revisión por Comercial para contacto
145,96678,0.9153437430476312,True,Revisión por Comercial para contacto
146,81698,0.913734420548955,True,Revisión por Comercial para contacto
147,81598,0.9135652051069576,True,Revisión por Comercial para contacto
148,79255,0.9133844924138768,True,Revisión por Comercial para contacto
149,91807,0.9133209153146887,True,Revisión por Comercial para contacto
150,93245,0.913123838728833,True,Revisión por Comercial para contacto
151,79434,0.9131106845548329,True,Revisión por Comercial para contacto
152,84703,0.9129326858515371,True,Revisión por Comercial para contacto
153,79421,0.9121272250227751,True,Revisión por Comercial para contacto
154,99707,0.9116805676511558,True,Revisión por Comercial para contacto
155,96963,0.9108955194837298,True,Revisión por Comercial para contacto
156,75283,0.9100098684663299,True,Revisión por Comercial para contacto
157,75684,0.9098392152386728,True,Revisión por Comercial para contacto
158,79983,0.9089637767287241,True,Revisión por Comercial para contacto
159,74965,0.908222121958576,True,Revisión por Comercial para contacto
160,95275,0.9078627828163653,True,Revisión por Comercial para contacto
161,75125,0.906766236199479,True,Revisión por Comercial para contacto
162,99000,0.9063811033618469,True,Revisión por Comercial para contacto
163,72995,0.9062810426750054,True,Revisión por Comercial para contacto
164,99462,0.9062025726155708,True,Revisión por Comercial para contacto
165,85920,0.9052627707848102,True,Revisión por Comercial para contacto
166,82607,0.905221713005555,True,Revisión por Comercial para contacto
167,71855,0.9045212115100277,True,Revisión por Comercial para contacto
168,86462,0.9033001117669367,True,Revisión por Comercial para contacto
169,75493,0.9032750450109875,True,Revisión por Comercial para contacto
170,98790,0.9031476649372224,True,Revisión por Comercial para contacto
171,88820,0.9027731039476306,True,Revisión por Comercial para contacto
172,84213,0.9026961275275464,True,Revisión por Comercial para contacto
173,79725,0.9023770021799264,True,Revisión por Comercial para contacto
174,92784,0.9023017240917786,True,Revisión por Comercial para contacto
175,80507,0.9018577094893541,True,Revisión por Comercial para contacto
176,80205,0.901835700912319,True,Revisión por Comercial para contacto
177,80223,0.9017633563227279,True,Revisión por Comercial para contacto
178,88133,0.9017367362560976,True,Revisión por Comercial para contacto
179,79888,0.9004366415863982,True,Revisión por Comercial para contacto
180,89016,0.9000538771260763,True,Revisión por Comercial para contacto
181,90711,0.899970973296877,True,Revisión por Comercial para contacto
182,88462,0.8995654273100007,True,Revisión por Comercial para contacto
183,79432,0.8990710249265789,True,Revisión por Comercial para contacto
184,95856,0.8987021626640741,True,Revisión por Comercial para contacto
185,89993,0.8985963600652358,True,Revisión por Comercial para contacto
186,97190,0.8978722937399457,True,Revisión por Comercial para contacto
187,87256,0.8977862540476141,True,Revisión por Comercial para contacto
188,76803,0.8977564631650156,True,Revisión por Comercial para contacto
189,94995,0.8975377560218866,True,Revisión por Comercial para contacto
190,70924,0.8973494376154957,True,Revisión por Comercial para contacto
191,97720,0.8970294753148343,True,Revisión por Comercial para contacto
192,94869,0.8966379277980192,True,Revisión por Comercial para contacto
193,76537,0.8965525226061696,True,Revisión por Comercial para contacto
194,73923,0.8963938341840405,True,Revisión por Comercial para contacto
195,96822,0.896098213586134,True,Revisión por Comercial para contacto
196,97228,0.8957369716125413,True,Revisión por Comercial para contacto
197,85837,0.8954714824234249,True,Revisión por Comercial para contacto
198,80278,0.8949690220239821,True,Revisión por Comercial para contacto
199,82973,0.894467913306233,True,Revisión por Comercial para contacto
200,95369,0.8939628942933034,True,Revisión por Comercial para contacto
201,83790,0.8936421515883711,True,Revisión por Comercial para contacto
202,80282,0.8933815721674291,True,Revisión por Comercial para contacto
203,95703,0.8933358009000658,True,Revisión por Comercial para contacto
204,73428,0.8931359592472975,True,Revisión por Comercial para contacto
205,95622,0.8930111305249907,True,Revisión por Comercial para contacto
206,86944,0.8928197676440133,True,Revisión por Comercial para contacto
207,76541,0.8926843161501704,True,Revisión por Comercial para contacto
208,84953,0.8921261123232656,True,Revisión por Comercial para contacto
209,72484,0.892029812920196,True,Revisión por Comercial para contacto
210,93049,0.8919392169390006,True,Revisión por Comercial para contacto
211,87106,0.8919286445599753,True,Revisión por Comercial para contacto
212,75234,0.8917450085113146,True,Revisión por Comercial para contacto
213,80500,0.8914894903002571,True,Revisión por Comercial para contacto
214,87197,0.8913322804098198,True,Revisión por Comercial para contacto
215,81620,0.891188498947929,True,Revisión por Comercial para contacto
216,91579,0.8909935479342822,True,Revisión por Comercial para contacto
217,70418,0.8909855448412737,True,Revisión por Comercial para contacto
218,84807,0.8909502321161349,True,Revisión por Comercial para contacto
219,85063,0.8908633330172845,True,Revisión por Comercial para contacto
220,85777,0.8900598161050132,True,Revisión por Comercial para contacto
221,98426,0.8896587973820947,True,Revisión por Comercial para contacto
222,75248,0.8891800784951549,True,Revisión por Comercial para contacto
223,88037,0.8890619130912558,True,Revisión por Comercial para contacto
224,87769,0.8887188205053682,True,Revisión por Comercial para contacto
225,76283,0.8882151773005135,True,Revisión por Comercial para contacto
226,84925,0.88817552837598,True,Revisión por Comercial para contacto
227,98349,0.8880419143052202,True,Revisión por Comercial para contacto
228,82659,0.8879263257881278,True,Revisión por Comercial para contacto
229,79540,0.8878585786629108,True,Revisión por Comercial para contacto
230,90174,0.8877244620892252,True,Revisión por Comercial para contacto
231,88021,0.887565581806201,True,Revisión por Comercial para contacto
232,86084,0.8873794898208954,True,Revisión por Comercial para contacto
233,90287,0.8873426132021431,True,Revisión por Comercial para contacto
234,72462,0.8872634055060096,True,Revisión por Comercial para contacto
235,79797,0.887190629000081,True,Revisión por Comercial para contacto
236,96471,0.8870904726224402,True,Revisión por Comercial para contacto
237,99807,0.8869945443170969,True,Revisión por Comercial para contacto
238,71432,0.8866847880532356,True,Revisión por Comercial para contacto
239,95424,0.8866841183079652,True,Revisión por Comercial para contacto
240,80121,0.886607810005013,True,Revisión por Comercial para contacto
241,90757,0.8865808854495839,True,Revisión por Comercial para contacto
242,93451,0.8864513077314012,True,Revisión por Comercial para contacto
243,79790,0.8862673401576107,True,Revisión por Comercial para contacto
244,76844,0.886005711599316,True,Revisión por Comercial para contacto
245,88271,0.8859371638295239,True,Revisión por Comercial para contacto
246,84580,0.8858247718525336,True,Revisión por Comercial para contacto
247,92184,0.8855445974275145,True,Revisión por Comercial para contacto
248,81359,0.8854684690675937,True,Revisión por Comercial para contacto
249,91348,0.8854288636948171,True,Revisión por Comercial para contacto
250,97265,0.8853029242399592,True,Revisión por Comercial para contacto
251,93920,0.8852636019817522,True,Revisión por Comercial para contacto
252,92353,0.885119627678595,True,Revisión por Comercial para contacto
253,88617,0.8848609647678463,True,Revisión por Comercial para contacto
254,85896,0.8847640896179477,True,Revisión por Comercial para contacto
255,92169,0.8844249364931932,True,Revisión por Comercial para contacto
256,74989,0.8843278411493568,True,Revisión por Comercial para contacto
257,70825,0.8841884238528297,True,Revisión por Comercial para contacto
258,76785,0.8841547469765284,True,Revisión por Comercial para contacto
259,73709,0.8834894723454686,True,Revisión por Comercial para contacto
260,89305,0.8832821245710664,True,Revisión por Comercial para contacto
261,71385,0.8828277154527094,True,Revisión por Comercial para contacto
262,83102,0.8823945251545406,True,Revisión por Comercial para contacto
263,98945,0.8823458253611302,True,Revisión por Comercial para contacto
264,86810,0.8821461607245404,True,Revisión por Comercial para contacto
265,73552,0.8820022688662758,True,Revisión por Comercial para contacto
266,72844,0.8819094851016014,True,Revisión por Comercial para contacto
267,84695,0.8817629351849409,True,Revisión por Comercial para contacto
268,86991,0.8815514995971617,True,Revisión por Comercial para contacto
269,95295,0.8815479148267843,True,Revisión por Comercial para contacto
270,97567,0.8812475308819585,True,Revisión por Comercial para contacto
271,94667,0.8811032567721353,True,Revisión por Comercial para contacto
272,96531,0.8808127332816368,True,Revisión por Comercial para contacto
273,81250,0.880702930762154,True,Revisión por Comercial para contacto
274,84517,0.8805763945375571,True,Revisión por Comercial para contacto
275,91638,0.8803461417765045,True,Revisión por Comercial para contacto
276,73902,0.8802972015291273,True,Revisión por Comercial para contacto
277,92357,0.8802301735897735,True,Revisión por Comercial para contacto
278,98384,0.879802227308102,True,Revisión por Comercial para contacto
279,95098,0.879686848893586,True,Revisión por Comercial para contacto
280,78712,0.8796815266819802,True,Revisión por Comercial para contacto
281,84259,0.8795491808957824,True,Revisión por Comercial para contacto
282,98789,0.8788897340366861,True,Revisión por Comercial para contacto
283,90846,0.8787955879438961,True,Revisión por Comercial para contacto
284,89297,0.878502131337084,True,Revisión por Comercial para contacto
285,89491,0.8784871177952948,True,Revisión por Comercial para contacto
286,83850,0.8784229951398874,True,Revisión por Comercial para contacto
287,73510,0.8783353224520105,True,Revisión por Comercial para contacto
288,92228,0.8781590587040276,True,Revisión por Comercial para contacto
289,83711,0.8781220749524822,True,Revisión por Comercial para contacto
290,96561,0.877897944416259,True,Revisión por Comercial para contacto
291,72983,0.8776051209133121,True,Revisión por Comercial para contacto
292,97857,0.877550419231549,True,Revisión por Comercial para contacto
293,99666,0.8774798122730336,True,Revisión por Comercial para contacto
294,99394,0.8772513375705017,True,Revisión por Comercial para contacto
295,72358,0.8771442164293282,True,Revisión por Comercial para contacto
296,98820,0.8771402215418629,True,Revisión por Comercial para contacto
297,85488,0.8770566047286001,True,Revisión por Comercial para contacto
298,94846,0.8765075512268836,True,Revisión por Comercial para contacto
299,88612,0.8763936261488243,True,Revisión por Comercial para contacto
300,76874,0.8762883415059209,True,Revisión por Comercial para contacto
301,89536,0.8758135874832611,True,Revisión por Comercial para contacto
302,87492,0.8757314352362005,True,Revisión por Comercial para contacto
303,95700,0.8755716012504974,True,Revisión por Comercial para contacto
304,72614,0.8753822107628623,True,Revisión por Comercial para contacto
305,89522,0.8753597604572477,True,Revisión por Comercial para contacto
306,77263,0.8753094685703497,True,Revisión por Comercial para contacto
307,82274,0.8752474756292603,True,Revisión por Comercial para contacto
308,71721,0.8751318774106475,True,Revisión por Comercial para contacto
309,73179,0.875075572884577,True,Revisión por Comercial para contacto
310,88934,0.8747855927584332,True,Revisión por Comercial para contacto
311,98271,0.8745956110596873,True,Revisión por Comercial para contacto
312,73731,0.8742873312663195,True,Revisión por Comercial para contacto
313,79880,0.8742379203070271,True,Revisión por Comercial para contacto
314,98930,0.8740116045944052,True,Revisión por Comercial para contacto
315,71672,0.8737785053980245,True,Revisión por Comercial para contacto
316,80271,0.8735902927688943,True,Revisión por Comercial para contacto
317,86271,0.8732798457965604,True,Revisión por Comercial para contacto
318,93135,0.8729297895818365,True,Revisión por Comercial para contacto
319,84421,0.8723001995590292,True,Revisión por Comercial para contacto
320,79324,0.8721390527502046,True,Revisión por Comercial para contacto
321,70350,0.8721340625133144,True,Revisión por Comercial para contacto
322,70846,0.8721295582252051,True,Revisión por Comercial para contacto
323,81303,0.8719444668607446,True,Revisión por Comercial para contacto
324,87602,0.8718899600429284,True,Revisión por Comercial para contacto
325,75470,0.8718599617342109,True,Revisión por Comercial para contacto
326,98037,0.8718078416360486,True,Revisión por Comercial para contacto
327,99079,0.8717722315401402,True,Revisión por Comercial para contacto
328,70328,0.8715804524330009,True,Revisión por Comercial para contacto
329,79871,0.8715302331660962,True,Revisión por Comercial para contacto
330,75089,0.8710582212804421,True,Revisión por Comercial para contacto
331,78980,0.871001699889287,True,Revisión por Comercial para contacto
332,94753,0.8708731710452507,True,Revisión por Comercial para contacto
333,90920,0.8707585970470417,True,Revisión por Comercial para contacto
334,88309,0.8704912096956787,True,Revisión por Comercial para contacto
335,97893,0.8704884785400512,True,Revisión por Comercial para contacto
336,86236,0.8703573564635989,True,Revisión por Comercial para contacto
337,99269,0.8702408308659981,True,Revisión por Comercial para contacto
338,79257,0.8701925655236682,True,Revisión por Comercial para contacto
339,94467,0.8700747089644094,True,Revisión por Comercial para contacto
340,89209,0.870011904129939,True,Revisión por Comercial para contacto
341,73660,0.8700055992950038,True,Revisión por Comercial para contacto
342,97913,0.8699269829407076,True,Revisión por Comercial para contacto
343,74448,0.869828746140556,True,Revisión por Comercial para contacto
344,83857,0.8697090199596583,True,Revisión por Comercial para contacto
345,77588,0.8696917640765097,True,Revisión por Comercial para contacto
346,88228,0.8696048445181428,True,Revisión por Comercial para contacto
347,96195,0.8694616863666887,True,Revisión por Comercial para contacto
348,84025,0.869342081381876,True,Revisión por Comercial para contacto
349,98276,0.8689494130658367,True,Revisión por Comercial para contacto
350,75335,0.8688118381473907,True,Revisión por Comercial para contacto
351,76218,0.8686905292918189,True,Revisión por Comercial para contacto
352,76435,0.8686724567927857,True,Revisión por Comercial para contacto
353,99308,0.8684495354023254,True,Revisión por Comercial para contacto
354,86398,0.8684087966273786,True,Revisión por Comercial para contacto
355,87747,0.86834892408982,True,Revisión por Comercial para contacto
356,70184,0.8683438095825801,True,Revisión por Comercial para contacto
357,97310,0.8681807561230682,True,Revisión por Comercial para contacto
358,89314,0.8681542325507826,True,Revisión por Comercial para contacto
359,98778,0.8679935315880868,True,Revisión por Comercial para contacto
360,77980,0.867758536693099,True,Revisión por Comercial para contacto
361,87066,0.8677352091468827,True,Revisión por Comercial para contacto
362,72154,0.8676272302346401,True,Revisión por Comercial para contacto
363,73070,0.8676095014846498,True,Revisión por Comercial para contacto
364,72439,0.86753313031734,True,Revisión por Comercial para contacto
365,93790,0.8674535702294247,True,Revisión por Comercial para contacto
366,77695,0.8673307407569973,True,Revisión por Comercial para contacto
367,75074,0.867254218271359,True,Revisión por Comercial para contacto
368,95469,0.8668971499297295,True,Revisión por Comercial para contacto
369,73691,0.8668777184479722,True,Revisión por Comercial para contacto
370,76936,0.8668653828372087,True,Revisión por Comercial para contacto
371,73809,0.8668124211352548,True,Revisión por Comercial para contacto
372,88767,0.8667330113664437,True,Revisión por Comercial para contacto
373,94593,0.8667315593944541,True,Revisión por Comercial para contacto
374,92585,0.8667198105874158,True,Revisión por Comercial para contacto
375,98291,0.8666889466170451,True,Revisión por Comercial para contacto
376,98505,0.866504509899922,True,Revisión por Comercial para contacto
377,76447,0.8663876856709283,True,Revisión por Comercial para contacto
378,91979,0.8663717659123849,True,Revisión por Comercial para contacto
379,78438,0.8661826252578302,True,Revisión por Comercial para contacto
380,97460,0.8659422522861359,True,Revisión por Comercial para contacto
381,85651,0.8659019138837807,True,Revisión por Comercial para contacto
382,92485,0.8657256347610094,True,Revisión por Comercial para contacto
383,88108,0.8656023264184053,True,Revisión por Comercial para contacto
384,93814,0.8655835624673519,True,Revisión por Comercial para contacto
385,85290,0.8653827206554064,True,Revisión por Comercial para contacto
386,96665,0.8653586419483819,True,Revisión por Comercial para contacto
387,92922,0.865326748133357,True,Revisión por Comercial para contacto
388,72424,0.8650858754546932,True,Revisión por Comercial para contacto
389,88264,0.864992222776844,True,Revisión por Comercial para contacto
390,86720,0.8644707760992576,True,Revisión por Comercial para contacto
391,88895,0.8643917516377156,True,Revisión por Comercial para contacto
392,96279,0.8643399582187071,True,Revisión por Comercial para contacto
393,76195,0.8642951609265475,True,Revisión por Comercial para contacto
394,97964,0.8640875862301964,True,Revisión por Comercial para contacto
395,95437,0.8640714247591225,True,Revisión por Comercial para contacto
396,74203,0.8638357755659059,True,Revisión por Comercial para contacto
397,90569,0.8638138883686046,True,Revisión por Comercial para contacto
398,71274,0.863388792937133,True,Revisión por Comercial para contacto
399,78759,0.8633261280234544,True,Revisión por Comercial para contacto
400,74044,0.8631442397725034,True,Revisión por Comercial para contacto
401,83935,0.8630905078459726,True,Revisión por Comercial para contacto
402,98877,0.8630286244200636,True,Revisión por Comercial para contacto
403,94703,0.86245256109615,True,Revisión por Comercial para contacto
404,84678,0.8623606427246775,True,Revisión por Comercial para contacto
405,95188,0.8622682090309487,True,Revisión por Comercial para contacto
406,85480,0.8620539942909728,True,Revisión por Comercial para contacto
407,81520,0.8620400946971132,True,Revisión por Comercial para contacto
408,72435,0.8619581782157046,True,Revisión por Comercial para contacto
409,75408,0.8618961400926838,True,Revisión por Comercial para contacto
410,70095,0.8617499092461355,True,Revisión por Comercial para contacto
411,86298,0.8611664462921991,True,Revisión por Comercial para contacto
412,98207,0.8611436993097709,True,Revisión por Comercial para contacto
413,88009,0.8611269024837338,True,Revisión por Comercial para contacto
414,76518,0.8607880880238021,True,Revisión por Comercial para contacto
415,89065,0.8607659078531481,True,Revisión por Comercial para contacto
416,73492,0.8604976434105087,True,Revisión por Comercial para contacto
417,75294,0.8603385637528916,True,Revisión por Comercial para contacto
418,79179,0.8602371169072389,True,Revisión por Comercial para contacto
419,79012,0.860215298194107,True,Revisión por Comercial para contacto
420,71600,0.8601327472145892,True,Revisión por Comercial para contacto
421,79158,0.8601225909484387,True,Revisión por Comercial para contacto
422,97300,0.8601008167277123,True,Revisión por Comercial para contacto
423,86445,0.8600813954888461,True,Revisión por Comercial para contacto
424,82454,0.8600781633561457,True,Revisión por Comercial para contacto
425,82002,0.8597484494301825,True,Revisión por Comercial para contacto
426,73475,0.8596275168428856,True,Revisión por Comercial para contacto
427,97547,0.8594813005594287,True,Revisión por Comercial para contacto
428,82448,0.8594430051968278,True,Revisión por Comercial para contacto
429,72802,0.8593432231900329,True,Revisión por Comercial para contacto
430,80476,0.8592513727112959,True,Revisión por Comercial para contacto
431,90040,0.8589010482509675,True,Revisión por Comercial para contacto
432,71869,0.8588375728374791,True,Revisión por Comercial para contacto
433,98650,0.8588226982754091,True,Revisión por Comercial para contacto
434,78916,0.8587425932054944,True,Revisión por Comercial para contacto
435,96194,0.8586524145203293,True,Revisión por Comercial para contacto
436,89699,0.8584772644268002,True,Revisión por Comercial para contacto
437,77482,0.8584390182222843,True,Revisión por Comercial para contacto
438,92250,0.8583530178613422,True,Revisión por Comercial para contacto
439,88547,0.858327550459992,True,Revisión por Comercial para contacto
440,86738,0.858314216431678,True,Revisión por Comercial para contacto
441,80007,0.8582157065182873,True,Revisión por Comercial para contacto
442,86248,0.8580393850041703,True,Revisión por Comercial para contacto
443,82892,0.8579077518281463,True,Revisión por Comercial para contacto
444,81498,0.8578661545989756,True,Revisión por Comercial para contacto
445,82934,0.857800057678007,True,Revisión por Comercial para contacto
446,94217,0.8577826883603881,True,Revisión por Comercial para contacto
447,70130,0.8577341709697643,True,Revisión por Comercial para contacto
448,78685,0.8576756623287248,True,Revisión por Comercial para contacto
449,73965,0.8575574331988032,True,Revisión por Comercial para contacto
450,85341,0.857555989216455,True,Revisión por Comercial para contacto
451,73026,0.857480349520486,True,Revisión por Comercial para contacto
452,82592,0.8573408389182641,True,Revisión por Comercial para contacto
453,97875,0.8572351178859863,True,Revisión por Comercial para contacto
454,87567,0.8572109098057639,True,Revisión por Comercial para contacto
455,81158,0.857027536751663,True,Revisión por Comercial para contacto
456,86977,0.8569690090638982,True,Revisión por Comercial para contacto
457,70531,0.856872507953108,True,Revisión por Comercial para contacto
458,88179,0.8568430770979615,True,Revisión por Comercial para contacto
459,97100,0.8568173432559069,True,Revisión por Comercial para contacto
460,77937,0.8566438745280321,True,Revisión por Comercial para contacto
461,91066,0.8564758093952747,True,Revisión por Comercial para contacto
462,82581,0.8564472734818825,True,Revisión por Comercial para contacto
463,70032,0.8564295488114613,True,Revisión por Comercial para contacto
464,76895,0.8564236343824572,True,Revisión por Comercial para contacto
465,93972,0.856305639783226,True,Revisión por Comercial para contacto
466,78341,0.8562951479509604,True,Revisión por Comercial para contacto
467,91594,0.8561766934689483,True,Revisión por Comercial para contacto
468,92783,0.8560616596680157,True,Revisión por Comercial para contacto
469,82282,0.8560161834224213,True,Revisión por Comercial para contacto
470,86789,0.8559586921731236,True,Revisión por Comercial para contacto
471,79090,0.855917710980733,True,Revisión por Comercial para contacto
472,91330,0.8558898693992841,True,Revisión por Comercial para contacto
473,92817,0.8556929905918733,True,Revisión por Comercial para contacto
474,98998,0.8556203980558197,True,Revisión por Comercial para contacto
475,70886,0.8555751518124465,True,Revisión por Comercial para contacto
476,90611,0.8555375296882498,True,Revisión por Comercial para contacto
477,87445,0.8555024765470209,True,Revisión por Comercial para contacto
478,73370,0.8554934738546298,True,Revisión por Comercial para contacto
479,72395,0.8554336900258305,True,Revisión por Comercial para contacto
480,73714,0.8553058203628472,True,Revisión por Comercial para contacto
481,72617,0.855257593499018,True,Revisión por Comercial para contacto
482,92808,0.8552237438623795,True,Revisión por Comercial para contacto
483,76617,0.8551670306275541,True,Revisión por Comercial para contacto
484,75622,0.8551020259356776,True,Revisión por Comercial para contacto
485,99317,0.8549464166481909,True,Revisión por Comercial para contacto
486,83632,0.8548671363293233,True,Revisión por Comercial para contacto
487,88546,0.8548503065748992,True,Revisión por Comercial para contacto
488,77814,0.8548224630089831,True,Revisión por Comercial para contacto
489,71404,0.8545774134384271,True,Revisión por Comercial para contacto
490,80977,0.8544176583482723,True,Revisión por Comercial para contacto
491,77286,0.854369131579228,True,Revisión por Comercial para contacto
492,83555,0.8541585464604298,True,Revisión por Comercial para contacto
493,88860,0.8541404552731056,True,Revisión por Comercial para contacto
494,75530,0.8540128909339834,True,Revisión por Comercial para contacto
495,89776,0.853881266637687,True,Revisión por Comercial para contacto
496,83677,0.8537869263352007,True,Revisión por Comercial para contacto
497,83775,0.853730848406249,True,Revisión por Comercial para contacto
498,87584,0.85372560845343,True,Revisión por Comercial para contacto
499,96497,0.853637002899478,True,Revisión por Comercial para contacto
500,77012,0.8534425004866535,True,Revisión por Comercial para contacto
501,91793,0.8534195209124772,True,Revisión por Comercial para contacto
502,78750,0.8533493811250654,True,Revisión por Comercial para contacto
503,85081,0.853072127416625,True,Revisión por Comercial para contacto
504,83728,0.8528039744761866,True,Revisión por Comercial para contacto
505,78816,0.8526848396176783,True,Revisión por Comercial para contacto
506,85156,0.8526766605973302,True,Revisión por Comercial para contacto
507,84056,0.8526399825933306,True,Revisión por Comercial para contacto
508,92848,0.8525881539210171,True,Revisión por Comercial para contacto
509,84709,0.8525835429635585,True,Revisión por Comercial para contacto
510,70749,0.8525807325020343,True,Revisión por Comercial para contacto
511,94246,0.8524977000562273,True,Revisión por Comercial para contacto
512,95827,0.8523498612831322,True,Revisión por Comercial para contacto
513,92632,0.8522789791794559,True,Revisión por Comercial para contacto
514,85021,0.8522188885569117,True,Revisión por Comercial para contacto
515,95474,0.8521076940892666,True,Revisión por Comercial para contacto
516,71225,0.8519601280014212,True,Revisión por Comercial para contacto
517,79615,0.8519181516568329,True,Revisión por Comercial para contacto
518,91782,0.8518960655341019,True,Revisión por Comercial para contacto
519,88217,0.8518564507195286,True,Revisión por Comercial para contacto
520,93091,0.8518334659558037,True,Revisión por Comercial para contacto
521,70085,0.851772772818858,True,Revisión por Comercial para contacto
522,74032,0.8516672854731295,True,Revisión por Comercial para contacto
523,84197,0.8515856970206094,True,Revisión por Comercial para contacto
524,87562,0.8514474047049573,True,Revisión por Comercial para contacto
525,80679,0.8513695116072433,True,Revisión por Comercial para contacto
526,96788,0.8513528177694168,True,Revisión por Comercial para contacto
527,87714,0.8511885658851328,True,Revisión por Comercial para contacto
528,89535,0.8511562226271977,True,Revisión por Comercial para contacto
529,85312,0.8510219688956147,True,Revisión por Comercial para contacto
530,85722,0.850816201025299,True,Revisión por Comercial para contacto
531,98569,0.8506442309193445,True,Revisión por Comercial para contacto
532,97770,0.8506196657589048,True,Revisión por Comercial para contacto
533,87996,0.850565035777722,True,Revisión por Comercial para contacto
534,98026,0.8504980492817016,True,Revisión por Comercial para contacto
535,82692,0.8500875781069704,True,Revisión por Comercial para contacto
536,98283,0.8500796879748929,True,Revisión por Comercial para contacto
537,96363,0.8500337773389246,True,Revisión por Comercial para contacto
538,82634,0.8499868496400738,True,Revisión por Comercial para contacto
539,85908,0.8499790598759969,True,Revisión por Comercial para contacto
540,70538,0.8499055787922496,True,Revisión por Comercial para contacto
541,82125,0.8497371959096536,True,Revisión por Comercial para contacto
542,77185,0.8495135853847573,True,Revisión por Comercial para contacto
543,97849,0.8491446164909802,True,Revisión por Comercial para contacto
544,78058,0.8491055144034757,True,Revisión por Comercial para contacto
545,87733,0.8490972709854158,True,Revisión por Comercial para contacto
546,97186,0.8489634109500643,True,Revisión por Comercial para contacto
547,95195,0.8487394639150044,True,Revisión por Comercial para contacto
548,92409,0.8484805912716091,True,Revisión por Comercial para contacto
549,75377,0.8484143978750399,True,Revisión por Comercial para contacto
550,83303,0.848014011147413,True,Revisión por Comercial para contacto
551,95122,0.8479852857763728,True,Revisión por Comercial para contacto
552,89489,0.8478382327903202,True,Revisión por Comercial para contacto
553,99498,0.8477223463736755,True,Revisión por Comercial para contacto
554,85400,0.8476005296990042,True,Revisión por Comercial para contacto
555,89885,0.8475508678696745,True,Revisión por Comercial para contacto
556,86745,0.8475032852539197,True,Revisión por Comercial para contacto
557,77970,0.8474419885953446,True,Revisión por Comercial para contacto
558,78968,0.8474340673345164,True,Revisión por Comercial para contacto
559,95532,0.8472909836667882,True,Revisión por Comercial para contacto
560,79548,0.8470688289284495,True,Revisión por Comercial para contacto
561,83337,0.8468988231012784,True,Revisión por Comercial para contacto
562,78737,0.8468626589080009,True,Revisión por Comercial para contacto
563,87103,0.8468390646557921,True,Revisión por Comercial para contacto
564,91836,0.846838436120266,True,Revisión por Comercial para contacto
565,85679,0.8468179588072516,True,Revisión por Comercial para contacto
566,90687,0.8467706080134711,True,Revisión por Comercial para contacto
567,95646,0.8466761560390447,True,Revisión por Comercial para contacto
568,97286,0.846578560587455,True,Revisión por Comercial para contacto
569,97550,0.8463484189692002,True,Revisión por Comercial para contacto
570,98663,0.8463271286433103,True,Revisión por Comercial para contacto
571,72146,0.8463053868480377,True,Revisión por Comercial para contacto
572,80360,0.8461784720532985,True,Revisión por Comercial para contacto
573,86675,0.8458729614754017,True,Revisión por Comercial para contacto
574,94492,0.8457026516790699,True,Revisión por Comercial para contacto
575,78734,0.8456944844237618,True,Revisión por Comercial para contacto
576,93240,0.8456855846039851,True,Revisión por Comercial para contacto
577,99606,0.8454645322933821,True,Revisión por Comercial para contacto
578,76690,0.845435843668115,True,Revisión por Comercial para contacto
579,93076,0.8453968085189417,True,Revisión por Comercial para contacto
580,73042,0.8452261430602446,True,Revisión por Comercial para contacto
581,96644,0.845210942714875,True,Revisión por Comercial para contacto
582,82211,0.8450686589442047,True,Revisión por Comercial para contacto
583,90942,0.8450082782178997,True,Revisión por Comercial para contacto
584,79302,0.8449888703947718,True,Revisión por Comercial para contacto
585,95179,0.8448624794481178,True,Revisión por Comercial para contacto
586,77210,0.8448399117059404,True,Revisión por Comercial para contacto
587,93306,0.8448378964294169,True,Revisión por Comercial para contacto
588,75204,0.8447725390155405,True,Revisión por Comercial para contacto
589,75640,0.8447266959587754,True,Revisión por Comercial para contacto
590,82781,0.8446846868008883,True,Revisión por Comercial para contacto
591,83489,0.8446287825141316,True,Revisión por Comercial para contacto
592,95117,0.8446206360487108,True,Revisión por Comercial para contacto
593,99965,0.8445781942995296,True,Revisión por Comercial para contacto
594,92208,0.8444700709421967,True,Revisión por Comercial para contacto
595,75588,0.8443657051027171,True,Revisión por Comercial para contacto
596,99144,0.8443019110522284,True,Revisión por Comercial para contacto
597,75469,0.8442889558853942,True,Revisión por Comercial para contacto
598,83295,0.8442823253548389,True,Revisión por Comercial para contacto
599,92113,0.8442754864897868,True,Revisión por Comercial para contacto
600,79233,0.8440901013079825,True,Revisión por Comercial para contacto
601,91275,0.843984679243013,True,Revisión por Comercial para contacto
602,84226,0.8438204610439671,True,Revisión por Comercial para contacto
603,83592,0.8438086207136236,True,Revisión por Comercial para contacto
604,93346,0.8437424458492024,True,Revisión por Comercial para contacto
605,98716,0.8437170508292775,True,Revisión por Comercial para contacto
606,74994,0.8436916637640138,True,Revisión por Comercial para contacto
607,98589,0.8436866596649464,True,Revisión por Comercial para contacto
608,78627,0.8436563165499525,True,Revisión por Comercial para contacto
609,80840,0.8436471736979803,True,Revisión por Comercial para contacto
610,91272,0.8434922017412158,True,Revisión por Comercial para contacto
611,81818,0.8434209859264387,True,Revisión por Comercial para contacto
612,81320,0.843420850950249,True,Revisión por Comercial para contacto
613,87980,0.8431598963027346,True,Revisión por Comercial para contacto
614,95328,0.8430519102626376,True,Revisión por Comercial para contacto
615,80896,0.8430502789617534,True,Revisión por Comercial para contacto
616,76397,0.8430143146784032,True,Revisión por Comercial para contacto
617,93704,0.8430110917849764,True,Revisión por Comercial para contacto
618,96865,0.8429507314845724,True,Revisión por Comercial para contacto
619,82816,0.8428831029024288,True,Revisión por Comercial para contacto
620,90571,0.8428495385775743,True,Revisión por Comercial para contacto
621,70437,0.8428416715241266,True,Revisión por Comercial para contacto
622,72746,0.8427351552419027,True,Revisión por Comercial para contacto
623,91776,0.8424965422887708,True,Revisión por Comercial para contacto
624,78150,0.8423759796960725,True,Revisión por Comercial para contacto
625,85233,0.8423745968589287,True,Revisión por Comercial para contacto
626,95051,0.8422385720920658,True,Revisión por Comercial para contacto
627,84728,0.8421304937300321,True,Revisión por Comercial para contacto
628,91464,0.8420554607280405,True,Revisión por Comercial para contacto
629,91462,0.8419587635208925,True,Revisión por Comercial para contacto
630,88177,0.8419342223440477,True,Revisión por Comercial para contacto
631,73141,0.8418049407821537,True,Revisión por Comercial para contacto
632,98008,0.8417931413617538,True,Revisión por Comercial para contacto
633,89548,0.8417875159771817,True,Revisión por Comercial para contacto
634,91630,0.8416201830989927,True,Revisión por Comercial para contacto
635,81452,0.841579002814257,True,Revisión por Comercial para contacto
636,79518,0.8414935035007457,True,Revisión por Comercial para contacto
637,87297,0.8413962431626195,True,Revisión por Comercial para contacto
638,74528,0.8413853329060094,True,Revisión por Comercial para contacto
639,93912,0.8412071988480075,True,Revisión por Comercial para contacto
640,72723,0.8411211895238471,True,Revisión por Comercial para contacto
641,72897,0.8410449319959967,True,Revisión por Comercial para contacto
642,83951,0.8409426750652712,True,Revisión por Comercial para contacto
643,72932,0.8409068881682855,True,Revisión por Comercial para contacto
644,94363,0.8406830518546319,True,Revisión por Comercial para contacto
645,72313,0.8406221529973064,True,Revisión por Comercial para contacto
646,70839,0.8406015826860755,True,Revisión por Comercial para contacto
647,88828,0.8403332923617534,True,Revisión por Comercial para contacto
648,72083,0.8403197206660166,True,Revisión por Comercial para contacto
649,95954,0.8402814879549051,True,Revisión por Comercial para contacto
650,89056,0.8402775318320407,True,Revisión por Comercial para contacto
651,94080,0.8402343732858056,True,Revisión por Comercial para contacto
652,90269,0.8401034917556196,True,Revisión por Comercial para contacto
653,97461,0.8398920060035772,True,Revisión por Comercial para contacto
654,93964,0.8396948527061907,True,Revisión por Comercial para contacto
655,79926,0.8395964055966667,True,Revisión por Comercial para contacto
656,72158,0.8395908969384546,True,Revisión por Comercial para contacto
657,82024,0.8395843440361502,True,Revisión por Comercial para contacto
658,77006,0.839535422624339,True,Revisión por Comercial para contacto
659,92291,0.8393956993942485,True,Revisión por Comercial para contacto
660,77952,0.8393330396967038,True,Revisión por Comercial para contacto
661,96885,0.8393186010409738,True,Revisión por Comercial para contacto
662,86470,0.8392601982929035,True,Revisión por Comercial para contacto
663,83908,0.8391714334112217,True,Revisión por Comercial para contacto
664,96720,0.8390668369812465,True,Revisión por Comercial para contacto
665,87512,0.8390198965639739,True,Revisión por Comercial para contacto
666,89580,0.8389312951044943,True,Revisión por Comercial para contacto
667,77246,0.8386942522397107,True,Revisión por Comercial para contacto
668,82086,0.838625175702652,True,Revisión por Comercial para contacto
669,72143,0.8385704318396525,True,Revisión por Comercial para contacto
670,71053,0.8384677338525443,True,Revisión por Comercial para contacto
671,75036,0.8384575610489203,True,Revisión por Comercial para contacto
672,99063,0.8384507450266508,True,Revisión por Comercial para contacto
673,86534,0.8380856737665239,True,Revisión por Comercial para contacto
674,87645,0.8380713657797998,True,Revisión por Comercial para contacto
675,88544,0.8379871564195529,True,Revisión por Comercial para contacto
676,98138,0.8379468402883246,True,Revisión por Comercial para contacto
677,94820,0.8378482362363107,True,Revisión por Comercial para contacto
678,77465,0.837768612773845,True,Revisión por Comercial para contacto
679,82275,0.8377314370084363,True,Revisión por Comercial para contacto
680,84996,0.837682084106344,True,Revisión por Comercial para contacto
681,73710,0.837672562295837,True,Revisión por Comercial para contacto
682,91893,0.837601100776073,True,Revisión por Comercial para contacto
683,73564,0.8375745840249397,True,Revisión por Comercial para contacto
684,81017,0.8373992212986626,True,Revisión por Comercial para contacto
685,77776,0.8373710938296788,True,Revisión por Comercial para contacto
686,77763,0.8371778728499928,True,Revisión por Comercial para contacto
687,83679,0.8371481221065613,True,Revisión por Comercial para contacto
688,89782,0.8371036571412284,True,Revisión por Comercial para contacto
689,74670,0.8370496554469052,True,Revisión por Comercial para contacto
690,90585,0.8368056605314752,True,Revisión por Comercial para contacto
691,84782,0.8367639978911757,True,Revisión por Comercial para contacto
692,97239,0.8367474229584623,True,Revisión por Comercial para contacto
693,99542,0.8367245817306639,True,Revisión por Comercial para contacto
694,94927,0.8366891788728047,True,Revisión por Comercial para contacto
695,93501,0.8365998264663433,True,Revisión por Comercial para contacto
696,94654,0.8365970458194208,True,Revisión por Comercial para contacto
697,97924,0.8364827901918456,True,Revisión por Comercial para contacto
698,85541,0.8364540355170862,True,Revisión por Comercial para contacto
699,92993,0.8364282348104447,True,Revisión por Comercial para contacto
700,75491,0.8363894445862647,True,Revisión por Comercial para contacto
701,86270,0.8360383007746538,True,Revisión por Comercial para contacto
702,78645,0.8360147805633293,True,Revisión por Comercial para contacto
703,87267,0.8359870364065277,True,Revisión por Comercial para contacto
704,88290,0.8358897115273592,True,Revisión por Comercial para contacto
705,82204,0.8356116973296795,True,Revisión por Comercial para contacto
706,74360,0.8354661835935475,True,Revisión por Comercial para contacto
707,91980,0.83544398234887,True,Revisión por Comercial para contacto
708,97293,0.835348158857546,True,Revisión por Comercial para contacto
709,73636,0.8353339820806526,True,Revisión por Comercial para contacto
710,92283,0.8352599985925141,True,Revisión por Comercial para contacto
711,87334,0.835242399508475,True,Revisión por Comercial para contacto
712,91800,0.8352163587330776,True,Revisión por Comercial para contacto
713,97914,0.8351272707242873,True,Revisión por Comercial para contacto
714,89652,0.8351258283038193,True,Revisión por Comercial para contacto
715,81090,0.8350950510610041,True,Revisión por Comercial para contacto
716,75643,0.835010000940255,True,Revisión por Comercial para contacto
717,90062,0.8349986459939783,True,Revisión por Comercial para contacto
718,74313,0.8349443070035169,True,Revisión por Comercial para contacto
719,94157,0.8348790878681162,True,Revisión por Comercial para contacto
720,82751,0.8348095887834661,True,Revisión por Comercial para contacto
721,93605,0.8347673945371878,True,Revisión por Comercial para contacto
722,76726,0.8347090376582121,True,Revisión por Comercial para contacto
723,75807,0.8344432273784188,True,Revisión por Comercial para contacto
724,89625,0.8343908585157798,True,Revisión por Comercial para contacto
725,77779,0.8342218063034844,True,Revisión por Comercial para contacto
726,95558,0.8340929104876375,True,Revisión por Comercial para contacto
727,74486,0.8340775617127802,True,Revisión por Comercial para contacto
728,99254,0.8340586467011176,True,Revisión por Comercial para contacto
729,78072,0.8338551531733757,True,Revisión por Comercial para contacto
730,73858,0.8338217889955227,True,Revisión por Comercial para contacto
731,78886,0.8337569825163257,True,Revisión por Comercial para contacto
732,90282,0.8336975718395864,True,Revisión por Comercial para contacto
733,80802,0.833662721504566,True,Revisión por Comercial para contacto
734,71021,0.8336305330935299,True,Revisión por Comercial para contacto
735,79579,0.8335911867668295,True,Revisión por Comercial para contacto
736,81174,0.8332931236600782,True,Revisión por Comercial para contacto
737,92862,0.8330050610015207,True,Revisión por Comercial para contacto
738,99255,0.8329767493135489,True,Revisión por Comercial para contacto
739,86515,0.8328989030611675,True,Revisión por Comercial para contacto
740,75127,0.8328377752692723,True,Revisión por Comercial para contacto
741,96240,0.8327619709506842,True,Revisión por Comercial para contacto
742,83586,0.8327506880197695,True,Revisión por Comercial para contacto
743,86978,0.8327197569285517,True,Revisión por Comercial para contacto
744,87838,0.8325576570064744,True,Revisión por Comercial para contacto
745,92432,0.8324398807106639,True,Revisión por Comercial para contacto
746,70760,0.8321815663962148,True,Revisión por Comercial para contacto
747,74377,0.8319653777554349,True,Revisión por Comercial para contacto
748,93719,0.831933614007067,True,Revisión por Comercial para contacto
749,81110,0.8318572089152515,True,Revisión por Comercial para contacto
750,89906,0.8318425678295136,True,Revisión por Comercial para contacto
751,78741,0.8318173500014945,True,Revisión por Comercial para contacto
752,99263,0.8314937866520976,True,Revisión por Comercial para contacto
753,89895,0.8313784616346519,True,Revisión por Comercial para contacto
754,86728,0.8313485030741015,True,Revisión por Comercial para contacto
755,99676,0.8313286516126835,True,Revisión por Comercial para contacto
756,83946,0.8311541923909029,True,Revisión por Comercial para contacto
757,74560,0.8311465500629762,True,Revisión por Comercial para contacto
758,70735,0.831094382908372,True,Revisión por Comercial para contacto
759,99746,0.830979573380066,True,Revisión por Comercial para contacto
760,71592,0.8309425841810469,True,Revisión por Comercial para contacto
761,99092,0.8308864225277658,True,Revisión por Comercial para contacto
762,83652,0.830741280364996,True,Revisión por Comercial para contacto
763,96349,0.8307219174301145,True,Revisión por Comercial para contacto
764,98325,0.8305729936077406,True,Revisión por Comercial para contacto
765,89306,0.8305404147267246,True,Revisión por Comercial para contacto
766,87997,0.8305067710796201,True,Revisión por Comercial para contacto
767,96377,0.8304729697375013,True,Revisión por Comercial para contacto
768,95028,0.8303590888295431,True,Revisión por Comercial para contacto
769,76249,0.8303174219361298,True,Revisión por Comercial para contacto
770,83384,0.8303014323339883,True,Revisión por Comercial para contacto
771,87017,0.8302609561557509,True,Revisión por Comercial para contacto
772,99491,0.830241081842265,True,Revisión por Comercial para contacto
773,84811,0.8300699733949198,True,Revisión por Comercial para contacto
774,92198,0.8300022318596881,True,Revisión por Comercial para contacto
775,72971,0.82997731370893,True,Revisión por Comercial para contacto
776,82789,0.8299220486629276,True,Revisión por Comercial para contacto
777,75471,0.82991639275485,True,Revisión por Comercial para contacto
778,89511,0.8298941179563593,True,Revisión por Comercial para contacto
779,96839,0.8298601781350948,True,Revisión por Comercial para contacto
780,92153,0.8297758671045857,True,Revisión por Comercial para contacto
781,95213,0.8297681232386163,True,Revisión por Comercial para contacto
782,70078,0.8297680650683793,True,Revisión por Comercial para contacto
783,84451,0.8297513830959093,True,Revisión por Comercial para contacto
784,84357,0.8296808934192919,True,Revisión por Comercial para contacto
785,78777,0.8296645523041666,True,Revisión por Comercial para contacto
786,93891,0.8296506503786747,True,Revisión por Comercial para contacto
787,86228,0.8295800491720661,True,Revisión por Comercial para contacto
788,70284,0.8293917725359761,True,Revisión por Comercial para contacto
789,79048,0.8290167819808857,True,Revisión por Comercial para contacto
790,70041,0.8288551078012043,True,Revisión por Comercial para contacto
791,74888,0.8287264507772877,True,Revisión por Comercial para contacto
792,83704,0.8286633560232992,True,Revisión por Comercial para contacto
793,75434,0.8286563823747112,True,Revisión por Comercial para contacto
794,88818,0.8286443699344961,True,Revisión por Comercial para contacto
795,85296,0.8285414821415589,True,Revisión por Comercial para contacto
796,84658,0.8284725285877934,True,Revisión por Comercial para contacto
797,98665,0.8284363266352007,True,Revisión por Comercial para contacto
798,71338,0.8283824746989571,True,Revisión por Comercial para contacto
799,94236,0.8283805897408923,True,Revisión por Comercial para contacto
800,76970,0.8282361086725467,True,Revisión por Comercial para contacto
801,70383,0.8281146393432353,True,Revisión por Comercial para contacto
802,87153,0.8280152075369498,True,Revisión por Comercial para contacto
803,87326,0.8279214732941111,True,Revisión por Comercial para contacto
804,79614,0.8278710945428366,True,Revisión por Comercial para contacto
805,98854,0.827834984503445,True,Revisión por Comercial para contacto
806,92695,0.8276868430854215,True,Revisión por Comercial para contacto
807,84694,0.8276723999366017,True,Revisión por Comercial para contacto
808,93452,0.8275798139191127,True,Revisión por Comercial para contacto
809,84327,0.8272746167334649,True,Revisión por Comercial para contacto
810,90482,0.8272687908281064,True,Revisión por Comercial para contacto
811,95763,0.8271529466013963,True,Revisión por Comercial para contacto
812,86162,0.8271301178059645,True,Revisión por Comercial para contacto
813,95972,0.8270150902692641,True,Revisión por Comercial para contacto
814,89870,0.826955897163536,True,Revisión por Comercial para contacto
815,93744,0.8269115359102688,True,Revisión por Comercial para contacto
816,87965,0.8266929062848303,True,Revisión por Comercial para contacto
817,95986,0.8266293458440452,True,Revisión por Comercial para contacto
818,76364,0.8266254142819935,True,Revisión por Comercial para contacto
819,84944,0.8265439651212314,True,Revisión por Comercial para contacto
820,84342,0.8265078157340444,True,Revisión por Comercial para contacto
821,76618,0.826487441941814,True,Revisión por Comercial para contacto
822,81538,0.8264300278614763,True,Revisión por Comercial para contacto
823,98874,0.8262861284410773,True,Revisión por Comercial para contacto
824,95555,0.8261511769775823,True,Revisión por Comercial para contacto
825,95842,0.8260724731793884,True,Revisión por Comercial para contacto
826,76123,0.8259438323675501,True,Revisión por Comercial para contacto
827,80937,0.8258612330222825,True,Revisión por Comercial para contacto
828,89591,0.8258441826959799,True,Revisión por Comercial para contacto
829,95880,0.8257555277077762,True,Revisión por Comercial para contacto
830,87276,0.8256986311924805,True,Revisión por Comercial para contacto
831,73642,0.8256863862495121,True,Revisión por Comercial para contacto
832,90954,0.825354052362849,True,Revisión por Comercial para contacto
833,78674,0.8252143399829174,True,Revisión por Comercial para contacto
834,81789,0.8251442155763651,True,Revisión por Comercial para contacto
835,93879,0.8251256591693095,True,Revisión por Comercial para contacto
836,70610,0.8250864020820735,True,Revisión por Comercial para contacto
837,76950,0.8249912748811303,True,Revisión por Comercial para contacto
838,89852,0.8248977805678384,True,Revisión por Comercial para contacto
839,84645,0.824715267226606,True,Revisión por Comercial para contacto
840,75021,0.8245455723356394,True,Revisión por Comercial para contacto
841,92863,0.8244888459301914,True,Revisión por Comercial para contacto
842,95890,0.8242475982208252,True,Revisión por Comercial para contacto
843,79259,0.8241319837502521,True,Revisión por Comercial para contacto
844,83827,0.8241288098824129,True,Revisión por Comercial para contacto
845,99310,0.8240690685788641,True,Revisión por Comercial para contacto
846,97928,0.8240598723092551,True,Revisión por Comercial para contacto
847,70127,0.8240488839246781,True,Revisión por Comercial para contacto
848,73468,0.8240329345710623,True,Revisión por Comercial para contacto
849,89341,0.8239249691391549,True,Revisión por Comercial para contacto
850,91809,0.823860185464056,True,Revisión por Comercial para contacto
851,82066,0.8238091054608133,True,Revisión por Comercial para contacto
852,91595,0.8236314500637193,True,Revisión por Comercial para contacto
853,73562,0.8235977524300472,True,Revisión por Comercial para contacto
854,74355,0.8235890508188586,True,Revisión por Comercial para contacto
855,90412,0.8235306714286931,True,Revisión por Comercial para contacto
856,74957,0.8235251656231258,True,Revisión por Comercial para contacto
857,73085,0.8234349007659351,True,Revisión por Comercial para contacto
858,70669,0.8234117590325263,True,Revisión por Comercial para contacto
859,99735,0.8233904052926306,True,Revisión por Comercial para contacto
860,84518,0.8232567813862209,True,Revisión por Comercial para contacto
861,99203,0.8231180992747968,True,Revisión por Comercial para contacto
862,82266,0.8231033090029644,True,Revisión por Comercial para contacto
863,77958,0.8231005633254075,True,Revisión por Comercial para contacto
864,97929,0.8229510158211181,True,Revisión por Comercial para contacto
865,78399,0.822926244126857,True,Revisión por Comercial para contacto
866,70943,0.8228910559208367,True,Revisión por Comercial para contacto
867,97178,0.8227182056588341,True,Revisión por Comercial para contacto
868,78035,0.8226729393707135,True,Revisión por Comercial para contacto
869,97598,0.8226299010340032,True,Revisión por Comercial para contacto
870,93286,0.8226251442305182,True,Revisión por Comercial para contacto
871,93599,0.8225814241403807,True,Revisión por Comercial para contacto
872,97036,0.8223318069415853,True,Revisión por Comercial para contacto
873,74841,0.8222015596788534,True,Revisión por Comercial para contacto
874,80712,0.8220008085167437,True,Revisión por Comercial para contacto
875,72924,0.8217187593562747,True,Revisión por Comercial para contacto
876,96274,0.8216461717780641,True,Revisión por Comercial para contacto
877,88201,0.8216277030130326,True,Revisión por Comercial para contacto
878,70447,0.821367420866294,True,Revisión por Comercial para contacto
879,79055,0.8213505447359406,True,Revisión por Comercial para contacto
880,90546,0.8212865525664041,True,Revisión por Comercial para contacto
881,70266,0.8212754528570786,True,Revisión por Comercial para contacto
882,99327,0.8211472001413206,True,Revisión por Comercial para contacto
883,71565,0.8211263658951763,True,Revisión por Comercial para contacto
884,78846,0.8211026958330214,True,Revisión por Comercial para contacto
885,72659,0.8207894690990633,True,Revisión por Comercial para contacto
886,89843,0.8207648538425879,True,Revisión por Comercial para contacto
887,73389,0.8207202552231819,True,Revisión por Comercial para contacto
888,84439,0.8206066516284853,True,Revisión por Comercial para contacto
889,80876,0.8205946830032408,True,Revisión por Comercial para contacto
890,85183,0.8205088990308169,True,Revisión por Comercial para contacto
891,92667,0.8204543792291813,True,Revisión por Comercial para contacto
892,87583,0.820372750660422,True,Revisión por Comercial para contacto
893,81196,0.8203360279247878,True,Revisión por Comercial para contacto
894,71210,0.8203266353821257,True,Revisión por Comercial para contacto
895,76570,0.8203253769497846,True,Revisión por Comercial para contacto
896,88522,0.8201110197604797,True,Revisión por Comercial para contacto
897,91061,0.8197301726851155,True,Revisión por Comercial para contacto
898,89956,0.8196995031607895,True,Revisión por Comercial para contacto
899,94189,0.8196519093569332,True,Revisión por Comercial para contacto
900,89659,0.8194866713120091,True,Revisión por Comercial para contacto
901,88231,0.8193897992832286,True,Revisión por Comercial para contacto
902,83158,0.8190327094000751,True,Revisión por Comercial para contacto
903,74769,0.8188343600308238,True,Revisión por Comercial para contacto
904,97865,0.8185804374107354,True,Revisión por Comercial para contacto
905,92515,0.8184713237425879,True,Revisión por Comercial para contacto
906,90122,0.8184288925745933,True,Revisión por Comercial para contacto
907,70642,0.8184256216949884,True,Revisión por Comercial para contacto
908,89669,0.818423876582879,True,Revisión por Comercial para contacto
909,73097,0.8183446606562288,True,Revisión por Comercial para contacto
910,93466,0.8183293516910123,True,Revisión por Comercial para contacto
911,72690,0.8183169336938069,True,Revisión por Comercial para contacto
912,81026,0.8183021250949545,True,Revisión por Comercial para contacto
913,90639,0.8180549335037678,True,Revisión por Comercial para contacto
914,78229,0.817910876154711,True,Revisión por Comercial para contacto
915,76905,0.8176480247571456,True,Revisión por Comercial para contacto
916,84625,0.817612733861362,True,Revisión por Comercial para contacto
917,98440,0.8175570407617258,True,Revisión por Comercial para contacto
918,88997,0.8175346440263267,True,Revisión por Comercial para contacto
919,70008,0.8175068482353179,True,Revisión por Comercial para contacto
920,70611,0.8175032645570082,True,Revisión por Comercial para contacto
921,72685,0.817462254303363,True,Revisión por Comercial para contacto
922,75798,0.817406290991647,True,Revisión por Comercial para contacto
923,89814,0.8173587266647372,True,Revisión por Comercial para contacto
924,72939,0.8173555618842847,True,Revisión por Comercial para contacto
925,92995,0.8173417257534237,True,Revisión por Comercial para contacto
926,93028,0.8169983951575133,True,Revisión por Comercial para contacto
927,97319,0.8169757917838899,True,Revisión por Comercial para contacto
928,86320,0.8169577974129609,True,Revisión por Comercial para contacto
929,83240,0.816792578899434,True,Revisión por Comercial para contacto
930,73766,0.8167818771789043,True,Revisión por Comercial para contacto
931,71093,0.8166746105473207,True,Revisión por Comercial para contacto
932,98629,0.8166102785847846,True,Revisión por Comercial para contacto
933,78167,0.816488130995356,True,Revisión por Comercial para contacto
934,82027,0.8161107970858944,True,Revisión por Comercial para contacto
935,76581,0.8160533657949595,True,Revisión por Comercial para contacto
936,77966,0.815698623347211,True,Revisión por Comercial para contacto
937,97680,0.8156942466321295,True,Revisión por Comercial para contacto
938,82207,0.8155742808924064,True,Revisión por Comercial para contacto
939,81827,0.8154663198435761,True,Revisión por Comercial para contacto
940,88709,0.8152726807682115,True,Revisión por Comercial para contacto
941,81583,0.815199266951679,True,Revisión por Comercial para contacto
942,97307,0.8149104862548272,True,Revisión por Comercial para contacto
943,99768,0.8148361902586418,True,Revisión por Comercial para contacto
944,77602,0.8148168898963004,True,Revisión por Comercial para contacto
945,86348,0.8147844724178267,True,Revisión por Comercial para contacto
946,81585,0.81467416695086,True,Revisión por Comercial para contacto
947,98559,0.8146049748094878,True,Revisión por Comercial para contacto
948,96883,0.8145532987624661,True,Revisión por Comercial para contacto
949,84331,0.8145312546796705,True,Revisión por Comercial para contacto
950,97379,0.8141915565594787,True,Revisión por Comercial para contacto
951,96164,0.8141880187840713,True,Revisión por Comercial para contacto
952,90244,0.8140479191251337,True,Revisión por Comercial para contacto
953,98399,0.8139107346031472,True,Revisión por Comercial para contacto
954,87665,0.8137505639397381,True,Revisión por Comercial para contacto
955,97844,0.8137352756561592,True,Revisión por Comercial para contacto
956,84664,0.8137023180142792,True,Revisión por Comercial para contacto
957,83403,0.8136538993288216,True,Revisión por Comercial para contacto
958,93479,0.8133906911258054,True,Revisión por Comercial para contacto
959,70975,0.8131968162457585,True,Revisión por Comercial para contacto
960,80406,0.8131892214092691,True,Revisión por Comercial para contacto
961,73182,0.8130874690931418,True,Revisión por Comercial para contacto
962,78668,0.81266354505315,True,Revisión por Comercial para contacto
963,76627,0.8125965919162056,True,Revisión por Comercial para contacto
964,91671,0.8122469394014791,True,Revisión por Comercial para contacto
965,79334,0.8121406725221761,True,Revisión por Comercial para contacto
966,78845,0.811967271238752,True,Revisión por Comercial para contacto
967,92771,0.8119588722428737,True,Revisión por Comercial para contacto
968,83582,0.8119159444479309,True,Revisión por Comercial para contacto
969,95871,0.8117887401687993,True,Revisión por Comercial para contacto
970,94511,0.8117860799049783,True,Revisión por Comercial para contacto
971,70768,0.8116754798092308,True,Revisión por Comercial para contacto
972,78270,0.8116047991245906,True,Revisión por Comercial para contacto
973,70869,0.8115207104370669,True,Revisión por Comercial para contacto
974,84386,0.811502403387056,True,Revisión por Comercial para contacto
975,96829,0.8114999634713607,True,Revisión por Comercial para contacto
976,76607,0.8113551956551563,True,Revisión por Comercial para contacto
977,85949,0.8113324784789963,True,Revisión por Comercial para contacto
978,82111,0.8113113307812752,True,Revisión por Comercial para contacto
979,70798,0.8110667826466401,True,Revisión por Comercial para contacto
980,89014,0.811054052873404,True,Revisión por Comercial para contacto
981,93637,0.8110111433334596,True,Revisión por Comercial para contacto
982,98851,0.8109201082486428,True,Revisión por Comercial para contacto
983,87599,0.8107884537412673,True,Revisión por Comercial para contacto
984,89896,0.8106966193062054,True,Revisión por Comercial para contacto
985,93796,0.8106722897348931,True,Revisión por Comercial para contacto
986,83572,0.810665618597301,True,Revisión por Comercial para contacto
987,77819,0.810637315873532,True,Revisión por Comercial para contacto
988,87195,0.8106133157495442,True,Revisión por Comercial para contacto
989,84682,0.810426361101869,True,Revisión por Comercial para contacto
990,73195,0.810202983775855,True,Revisión por Comercial para contacto
991,89842,0.8100898753614675,True,Revisión por Comercial para contacto
992,76513,0.8097387391998981,True,Revisión por Comercial para contacto
993,84007,0.8097279186874868,True,Revisión por Comercial para contacto
994,78228,0.809568323657723,True,Revisión por Comercial para contacto
995,89136,0.8092588927952978,True,Revisión por Comercial para contacto
996,86642,0.8091882882997612,True,Revisión por Comercial para contacto
997,99117,0.8089937347432696,True,Revisión por Comercial para contacto
998,95578,0.8088698562029214,True,Revisión por Comercial para contacto
999,95282,0.8088459770173082,True,Revisión por Comercial para contacto
1000,97145,0.8086769830738136,True,Revisión por Comercial para contacto
1001,74616,0.8086497078537992,True,Revisión por Comercial para contacto
1002,88383,0.8082573960092749,True,Revisión por Comercial para contacto
1003,87977,0.8081894645373773,True,Revisión por Comercial para contacto
1004,92819,0.8081886786126089,True,Revisión por Comercial para contacto
1005,76094,0.8081568767499712,True,Revisión por Comercial para contacto
1006,83086,0.8081009847294649,True,Revisión por Comercial para contacto
1007,70338,0.8080941616691238,True,Revisión por Comercial para contacto
1008,91787,0.8079089070866939,True,Revisión por Comercial para contacto
1009,76487,0.8078096660151532,True,Revisión por Comercial para contacto
1010,79703,0.8077798994346861,True,Revisión por Comercial para contacto
1011,82192,0.8076992036084448,True,Revisión por Comercial para contacto
1012,86971,0.8073671596975776,True,Revisión por Comercial para contacto
1013,79810,0.8071367727251183,True,Revisión por Comercial para contacto
1014,71039,0.8071060637159944,True,Revisión por Comercial para contacto
1015,76910,0.8070838363721949,True,Revisión por Comercial para contacto
1016,70962,0.8070192175414653,True,Revisión por Comercial para contacto
1017,92597,0.806960945116179,True,Revisión por Comercial para contacto
1018,70977,0.8069491386367871,True,Revisión por Comercial para contacto
1019,70959,0.8069389601767616,True,Revisión por Comercial para contacto
1020,97980,0.8069027720457249,True,Revisión por Comercial para contacto
1021,83437,0.8068268377350292,True,Revisión por Comercial para contacto
1022,78113,0.80665366089481,True,Revisión por Comercial para contacto
1023,70813,0.8064265743227282,True,Revisión por Comercial para contacto
1024,76598,0.8063066069040111,True,Revisión por Comercial para contacto
1025,77738,0.8062638364073382,True,Revisión por Comercial para contacto
1026,78751,0.806052601542672,True,Revisión por Comercial para contacto
1027,70812,0.8060147052011832,True,Revisión por Comercial para contacto
1028,79937,0.8059119837699964,True,Revisión por Comercial para contacto
1029,74471,0.8057927578422615,True,Revisión por Comercial para contacto
1030,75760,0.8057493372988307,True,Revisión por Comercial para contacto
1031,88386,0.805551018976674,True,Revisión por Comercial para contacto
1032,93772,0.8054739284926111,True,Revisión por Comercial para contacto
1033,73039,0.8053863385437834,True,Revisión por Comercial para contacto
1034,89013,0.805384943325562,True,Revisión por Comercial para contacto
1035,90820,0.8053460648322214,True,Revisión por Comercial para contacto
1036,78887,0.8053270751457617,True,Revisión por Comercial para contacto
1037,90551,0.8053120946576982,True,Revisión por Comercial para contacto
1038,94588,0.8052084168074384,True,Revisión por Comercial para contacto
1039,71341,0.8051874530424892,True,Revisión por Comercial para contacto
1040,83216,0.8051202729498571,True,Revisión por Comercial para contacto
1041,79486,0.8051099879096432,True,Revisión por Comercial para contacto
1042,84074,0.8050952437448089,True,Revisión por Comercial para contacto
1043,71323,0.8050506270671747,True,Revisión por Comercial para contacto
1044,95760,0.8050407370943964,True,Revisión por Comercial para contacto
1045,91451,0.8049337343773001,True,Revisión por Comercial para contacto
1046,98144,0.8049112399732937,True,Revisión por Comercial para contacto
1047,91665,0.8047414806013166,True,Revisión por Comercial para contacto
1048,84557,0.8047254347100564,True,Revisión por Comercial para contacto
1049,82351,0.8046501128445109,True,Revisión por Comercial para contacto
1050,99115,0.8045061623420651,True,Revisión por Comercial para contacto
1051,81300,0.8044921970412557,True,Revisión por Comercial para contacto
1052,75131,0.8044840727679744,True,Revisión por Comercial para contacto
1053,73669,0.804385490304264,True,Revisión por Comercial para contacto
1054,95779,0.8043475318711925,True,Revisión por Comercial para contacto
1055,76023,0.8043186361916399,True,Revisión por Comercial para contacto
1056,90146,0.8041258184758133,True,Revisión por Comercial para contacto
1057,77319,0.804088808606437,True,Revisión por Comercial para contacto
1058,80404,0.8039876332556681,True,Revisión por Comercial para contacto
1059,85038,0.8038372991919119,True,Revisión por Comercial para contacto
1060,97835,0.8035692161585172,True,Revisión por Comercial para contacto
1061,96282,0.8033521637081916,True,Revisión por Comercial para contacto
1062,94652,0.8032464028349151,True,Revisión por Comercial para contacto
1063,97625,0.8032225998201217,True,Revisión por Comercial para contacto
1064,84494,0.803210179113446,True,Revisión por Comercial para contacto
1065,74545,0.8031409730826125,True,Revisión por Comercial para contacto
1066,74300,0.8031249585566058,True,Revisión por Comercial para contacto
1067,72833,0.80311567376665,True,Revisión por Comercial para contacto
1068,71824,0.8028926448638175,True,Revisión por Comercial para contacto
1069,79947,0.8027541519378151,True,Revisión por Comercial para contacto
1070,86910,0.8027388688246235,True,Revisión por Comercial para contacto
1071,98697,0.8026157001765871,True,Revisión por Comercial para contacto
1072,91568,0.8025824765473024,True,Revisión por Comercial para contacto
1073,99739,0.8023713095518736,True,Revisión por Comercial para contacto
1074,80333,0.8022962401927,True,Revisión por Comercial para contacto
1075,85702,0.8022813422014066,True,Revisión por Comercial para contacto
1076,94047,0.8022477669248244,True,Revisión por Comercial para contacto
1077,80804,0.8021687639796701,True,Revisión por Comercial para contacto
1078,87381,0.8019366488966896,True,Revisión por Comercial para contacto
1079,80974,0.801771667808259,True,Revisión por Comercial para contacto
1080,93026,0.8016718788135054,True,Revisión por Comercial para contacto
1081,94412,0.8016303643568878,True,Revisión por Comercial para contacto
1082,71279,0.8015364282310059,True,Revisión por Comercial para contacto
1083,84385,0.8014339712079351,True,Revisión por Comercial para contacto
1084,85698,0.8014087496494733,True,Revisión por Comercial para contacto
1085,71493,0.8013828745196815,True,Revisión por Comercial para contacto
1086,75556,0.801285881321449,True,Revisión por Comercial para contacto
1087,99985,0.8012388330928019,True,Revisión por Comercial para contacto
1088,76565,0.8008939357199458,True,Revisión por Comercial para contacto
1089,99316,0.8006684508668749,True,Revisión por Comercial para contacto
1090,83364,0.8004955274568669,True,Revisión por Comercial para contacto
1091,75531,0.8004881162967523,True,Revisión por Comercial para contacto
1092,77969,0.8004399381162081,True,Revisión por Comercial para contacto
1093,89134,0.8002743924688761,True,Revisión por Comercial para contacto
1094,96033,0.8001214242716221,True,Revisión por Comercial para contacto
1095,82800,0.8000195430632253,True,Revisión por Comercial para contacto
1096,71003,0.8000122090704567,True,Revisión por Comercial para contacto
1097,82602,0.7999236770703735,True,Revisión por Comercial para contacto
1098,92245,0.7998141704692525,True,Revisión por Comercial para contacto
1099,91202,0.7997380380695732,True,Revisión por Comercial para contacto
1100,72300,0.799596232470047,True,Revisión por Comercial para contacto
1101,99305,0.7994407905028388,True,Revisión por Comercial para contacto
1102,97162,0.7994385588982807,True,Revisión por Comercial para contacto
1103,85781,0.7992494401720747,True,Revisión por Comercial para contacto
1104,93694,0.7992456172699526,True,Revisión por Comercial para contacto
1105,94360,0.7990527915097576,True,Revisión por Comercial para contacto
1106,97332,0.7990162740622851,True,Revisión por Comercial para contacto
1107,83282,0.7988132247100086,True,Revisión por Comercial para contacto
1108,99698,0.7987578397613061,True,Revisión por Comercial para contacto
1109,83111,0.7986591500761118,True,Revisión por Comercial para contacto
1110,84747,0.7986335841841947,True,Revisión por Comercial para contacto
1111,96320,0.7984784474021464,True,Revisión por Comercial para contacto
1112,83820,0.7983518011781299,True,Revisión por Comercial para contacto
1113,81805,0.7983460429096629,True,Revisión por Comercial para contacto
1114,86116,0.7983435908915547,True,Revisión por Comercial para contacto
1115,80419,0.7982806424538719,True,Revisión por Comercial para contacto
1116,76643,0.7982500116775715,True,Revisión por Comercial para contacto
1117,98976,0.7981763035148678,True,Revisión por Comercial para contacto
1118,76873,0.7981560220082631,True,Revisión por Comercial para contacto
1119,93194,0.7979740961909946,True,Revisión por Comercial para contacto
1120,76222,0.7979332192291289,True,Revisión por Comercial para contacto
1121,95801,0.7978238617648536,True,Revisión por Comercial para contacto
1122,76345,0.7976793174549873,True,Revisión por Comercial para contacto
1123,78656,0.7976679754229604,True,Revisión por Comercial para contacto
1124,80398,0.7974815795893477,True,Revisión por Comercial para contacto
1125,92641,0.7973124060407412,True,Revisión por Comercial para contacto
1126,81408,0.7971850422203749,True,Revisión por Comercial para contacto
1127,71315,0.7971783393184372,True,Revisión por Comercial para contacto
1128,80853,0.7971073203146388,True,Revisión por Comercial para contacto
1129,78784,0.797042660720415,True,Revisión por Comercial para contacto
1130,71945,0.7969957321882875,True,Revisión por Comercial para contacto
1131,76534,0.7968201007310821,True,Revisión por Comercial para contacto
1132,70081,0.7968094871615479,True,Revisión por Comercial para contacto
1133,73511,0.7967663749552583,True,Revisión por Comercial para contacto
1134,80885,0.7967128018747272,True,Revisión por Comercial para contacto
1135,75003,0.7966093939667569,True,Revisión por Comercial para contacto
1136,90306,0.7964722480093662,True,Revisión por Comercial para contacto
1137,78553,0.7963835917504045,True,Revisión por Comercial para contacto
1138,95881,0.7958922208290464,True,Revisión por Comercial para contacto
1139,74906,0.7958621945530436,True,Revisión por Comercial para contacto
1140,83644,0.7957876361149113,True,Revisión por Comercial para contacto
1141,87074,0.795766760138219,True,Revisión por Comercial para contacto
1142,89858,0.7956752112803265,True,Revisión por Comercial para contacto
1143,79072,0.7955978403176441,True,Revisión por Comercial para contacto
1144,86724,0.7954675393458003,True,Revisión por Comercial para contacto
1145,86165,0.7952054676320252,True,Revisión por Comercial para contacto
1146,85335,0.7951641564733181,True,Revisión por Comercial para contacto
1147,81226,0.7951597082392582,True,Revisión por Comercial para contacto
1148,96926,0.7948612202355997,True,Revisión por Comercial para contacto
1149,98529,0.7946447992776576,True,Revisión por Comercial para contacto
1150,98159,0.7945376128494516,True,Revisión por Comercial para contacto
1151,86673,0.7943348256952858,True,Revisión por Comercial para contacto
1152,77874,0.7942413457877209,True,Revisión por Comercial para contacto
1153,74344,0.7941839248776651,True,Revisión por Comercial para contacto
1154,74289,0.7940255068697674,True,Revisión por Comercial para contacto
1155,95032,0.7938305418693413,True,Revisión por Comercial para contacto
1156,84538,0.7938287209223773,True,Revisión por Comercial para contacto
1157,91764,0.7936720350034616,True,Revisión por Comercial para contacto
1158,83933,0.79360591286251,True,Revisión por Comercial para contacto
1159,70082,0.7934337332725396,True,Revisión por Comercial para contacto
1160,98077,0.7932764188815355,True,Revisión por Comercial para contacto
1161,81989,0.7923003362375599,True,Revisión por Comercial para contacto
1162,81685,0.7922545130788026,True,Revisión por Comercial para contacto
1163,93335,0.7921372386741035,True,Revisión por Comercial para contacto
1164,96900,0.792122452652367,True,Revisión por Comercial para contacto
1165,86658,0.7920213748108564,True,Revisión por Comercial para contacto
1166,77842,0.7918427280697904,True,Revisión por Comercial para contacto
1167,90847,0.7917911728659162,True,Revisión por Comercial para contacto
1168,73507,0.7917635200028821,True,Revisión por Comercial para contacto
1169,86493,0.7916262230116939,True,Revisión por Comercial para contacto
1170,73177,0.7914919725109177,True,Revisión por Comercial para contacto
1171,85207,0.7914586717871602,True,Revisión por Comercial para contacto
1172,88065,0.791430227524797,True,Revisión por Comercial para contacto
1173,77098,0.7912795940868291,True,Revisión por Comercial para contacto
1174,83739,0.7912145822212181,True,Revisión por Comercial para contacto
1175,82281,0.7911817528711773,True,Revisión por Comercial para contacto
1176,75222,0.790873078676818,True,Revisión por Comercial para contacto
1177,99727,0.7907182852172647,True,Revisión por Comercial para contacto
1178,95423,0.7907042850181081,True,Revisión por Comercial para contacto
1179,73217,0.7906532165240342,True,Revisión por Comercial para contacto
1180,90616,0.7904960261351734,True,Revisión por Comercial para contacto
1181,80363,0.790452705594481,True,Revisión por Comercial para contacto
1182,70163,0.7903497342633002,True,Revisión por Comercial para contacto
1183,81080,0.7901483696982546,True,Revisión por Comercial para contacto
1184,99243,0.790042501564991,True,Revisión por Comercial para contacto
1185,91951,0.7899900478493885,True,Revisión por Comercial para contacto
1186,80204,0.7899895788974038,True,Revisión por Comercial para contacto
1187,93994,0.7898588849550746,True,Revisión por Comercial para contacto
1188,70626,0.7898222744186892,True,Revisión por Comercial para contacto
1189,83806,0.7897268617498396,True,Revisión por Comercial para contacto
1190,78054,0.78970298025242,True,Revisión por Comercial para contacto
1191,78370,0.7895174400194298,True,Revisión por Comercial para contacto
1192,73943,0.7893006145979633,True,Revisión por Comercial para contacto
1193,89507,0.7891946025954208,True,Revisión por Comercial para contacto
1194,92911,0.7890730950211879,True,Revisión por Comercial para contacto
1195,75543,0.7890530850453645,True,Revisión por Comercial para contacto
1196,70587,0.7890373698892418,True,Revisión por Comercial para contacto
1197,70073,0.7889040098752241,True,Revisión por Comercial para contacto
1198,99112,0.7887086576623178,True,Revisión por Comercial para contacto
1199,91522,0.7886008375071344,True,Revisión por Comercial para contacto
1200,99151,0.7885561536698906,True,Revisión por Comercial para contacto
1201,95224,0.7882541270235344,True,Revisión por Comercial para contacto
1202,84637,0.7880861774099388,True,Revisión por Comercial para contacto
1203,78834,0.7880582322113784,True,Revisión por Comercial para contacto
1204,84829,0.7880519624490645,True,Revisión por Comercial para contacto
1205,73929,0.7880440428887284,True,Revisión por Comercial para contacto
1206,93388,0.7879639552472489,True,Revisión por Comercial para contacto
1207,78224,0.7878606758606581,True,Revisión por Comercial para contacto
1208,93587,0.7877853501121204,True,Revisión por Comercial para contacto
1209,85855,0.7877330805828497,True,Revisión por Comercial para contacto
1210,90517,0.7877073209640533,True,Revisión por Comercial para contacto
1211,96459,0.7876789106858932,True,Revisión por Comercial para contacto
1212,95388,0.7876295798113679,True,Revisión por Comercial para contacto
1213,94213,0.7875969023752745,True,Revisión por Comercial para contacto
1214,84054,0.7874774308860146,True,Revisión por Comercial para contacto
1215,82455,0.787365862108305,True,Revisión por Comercial para contacto
1216,90473,0.7873083959109449,True,Revisión por Comercial para contacto
1217,74063,0.7872583409553252,True,Revisión por Comercial para contacto
1218,92530,0.786808386358881,True,Revisión por Comercial para contacto
1219,96233,0.7863158149658663,True,Revisión por Comercial para contacto
1220,83918,0.7860517768255462,True,Revisión por Comercial para contacto
1221,74627,0.78599893686841,True,Revisión por Comercial para contacto
1222,93696,0.7858706245203231,True,Revisión por Comercial para contacto
1223,82758,0.7858477185643519,True,Revisión por Comercial para contacto
1224,76867,0.7856327414344036,True,Revisión por Comercial para contacto
1225,74077,0.7856288233137873,True,Revisión por Comercial para contacto
1226,76569,0.7855693375838186,True,Revisión por Comercial para contacto
1227,74488,0.7852148789770871,True,Revisión por Comercial para contacto
1228,78878,0.7850687817596032,True,Revisión por Comercial para contacto
1229,92280,0.7847044589026307,True,Revisión por Comercial para contacto
1230,93134,0.7845059429402771,True,Revisión por Comercial para contacto
1231,83491,0.7844524947767001,True,Revisión por Comercial para contacto
1232,72728,0.7844336777225258,True,Revisión por Comercial para contacto
1233,76948,0.7839635533751115,True,Revisión por Comercial para contacto
1234,94507,0.7837277385594491,True,Revisión por Comercial para contacto
1235,78803,0.7836219201218438,True,Revisión por Comercial para contacto
1236,97158,0.7835356111606605,True,Revisión por Comercial para contacto
1237,75534,0.7834089215182151,True,Revisión por Comercial para contacto
1238,79177,0.7830807283361202,True,Revisión por Comercial para contacto
1239,80258,0.7830497892848512,True,Revisión por Comercial para contacto
1240,70202,0.7830293394276607,True,Revisión por Comercial para contacto
1241,79345,0.7824991131680018,True,Revisión por Comercial para contacto
1242,83615,0.7823497464909365,True,Revisión por Comercial para contacto
1243,94003,0.7823261358492571,True,Revisión por Comercial para contacto
1244,87947,0.7820962706433519,True,Revisión por Comercial para contacto
1245,78424,0.7820072068078475,True,Revisión por Comercial para contacto
1246,76542,0.7819473537602311,True,Revisión por Comercial para contacto
1247,86715,0.7817604487479132,True,Revisión por Comercial para contacto
1248,73932,0.7814747726399004,True,Revisión por Comercial para contacto
1249,99388,0.7813266732329662,True,Revisión por Comercial para contacto
1250,79322,0.7813161383161134,True,Revisión por Comercial para contacto
1251,93391,0.7812470469469053,True,Revisión por Comercial para contacto
1252,92876,0.7811369080554211,True,Revisión por Comercial para contacto
1253,99879,0.7808356606988852,True,Revisión por Comercial para contacto
1254,74565,0.7807220244207326,True,Revisión por Comercial para contacto
1255,74447,0.7805826618045698,True,Revisión por Comercial para contacto
1256,72745,0.7805477447072301,True,Revisión por Comercial para contacto
1257,72235,0.7804101089081918,True,Revisión por Comercial para contacto
1258,87370,0.779824785742116,True,Revisión por Comercial para contacto
1259,76116,0.7798150296684537,True,Revisión por Comercial para contacto
1260,98290,0.7796087582188648,True,Revisión por Comercial para contacto
1261,84679,0.7795790370661222,True,Revisión por Comercial para contacto
1262,78329,0.779565343833314,True,Revisión por Comercial para contacto
1263,93563,0.7795205304112567,True,Revisión por Comercial para contacto
1264,90543,0.7791765151339718,True,Revisión por Comercial para contacto
1265,95732,0.7791680072757448,True,Revisión por Comercial para contacto
1266,77539,0.7791087843237826,True,Revisión por Comercial para contacto
1267,93019,0.7790281658478809,True,Revisión por Comercial para contacto
1268,82120,0.7790078422740935,True,Revisión por Comercial para contacto
1269,87557,0.7789231864407853,True,Revisión por Comercial para contacto
1270,77494,0.7788534451269634,True,Revisión por Comercial para contacto
1271,73332,0.7784462733633958,True,Revisión por Comercial para contacto
1272,77190,0.7781568594694943,True,Revisión por Comercial para contacto
1273,83199,0.7776345782220272,True,Revisión por Comercial para contacto
1274,75948,0.777618631950732,True,Revisión por Comercial para contacto
1275,82785,0.7771009579347141,True,Revisión por Comercial para contacto
1276,93775,0.7770231562725713,True,Revisión por Comercial para contacto
1277,97139,0.7769876665778559,True,Revisión por Comercial para contacto
1278,84107,0.7768716244982227,True,Revisión por Comercial para contacto
1279,83025,0.7767624075290451,True,Revisión por Comercial para contacto
1280,99589,0.7767518026351525,True,Revisión por Comercial para contacto
1281,84152,0.7765388760490468,True,Revisión por Comercial para contacto
1282,86883,0.7764372905577362,True,Revisión por Comercial para contacto
1283,94521,0.7760972674390425,True,Revisión por Comercial para contacto
1284,75713,0.7760120455606068,True,Revisión por Comercial para contacto
1285,93576,0.7759928920975456,True,Revisión por Comercial para contacto
1286,80678,0.7759919246873898,True,Revisión por Comercial para contacto
1287,95410,0.7758460590881807,True,Revisión por Comercial para contacto
1288,75363,0.7758292210049212,True,Revisión por Comercial para contacto
1289,89517,0.775130738015774,True,Revisión por Comercial para contacto
1290,78538,0.775047600037633,True,Revisión por Comercial para contacto
1291,82499,0.7750212791280707,True,Revisión por Comercial para contacto
1292,87142,0.774930447339249,True,Revisión por Comercial para contacto
1293,81683,0.7748603536219537,True,Revisión por Comercial para contacto
1294,73757,0.7748455247642698,True,Revisión por Comercial para contacto
1295,75012,0.7744294383945012,True,Revisión por Comercial para contacto
1296,98718,0.7743764930455211,True,Revisión por Comercial para contacto
1297,83218,0.7741432957280814,True,Revisión por Comercial para contacto
1298,78727,0.7739500761783328,True,Revisión por Comercial para contacto
1299,99259,0.773625827113557,True,Revisión por Comercial para contacto
1300,73966,0.7736223630941546,True,Revisión por Comercial para contacto
1301,80531,0.7735859792811354,True,Revisión por Comercial para contacto
1302,93721,0.7735238875455058,True,Revisión por Comercial para contacto
1303,79351,0.7732628192778999,True,Revisión por Comercial para contacto
1304,73860,0.7727901258254595,True,Revisión por Comercial para contacto
1305,74582,0.772387509350301,True,Revisión por Comercial para contacto
1306,86683,0.772306710404987,True,Revisión por Comercial para contacto
1307,85883,0.7722616375860015,True,Revisión por Comercial para contacto
1308,81544,0.7721769893497242,True,Revisión por Comercial para contacto
1309,99119,0.772142545019329,True,Revisión por Comercial para contacto
1310,98863,0.7720622785152476,True,Revisión por Comercial para contacto
1311,85947,0.771905610812594,True,Revisión por Comercial para contacto
1312,78577,0.7718686747292961,True,Revisión por Comercial para contacto
1313,98683,0.7714322372831721,True,Revisión por Comercial para contacto
1314,84856,0.7712433994927805,True,Revisión por Comercial para contacto
1315,97380,0.7710767474068931,True,Revisión por Comercial para contacto
1316,97393,0.7710735389603786,True,Revisión por Comercial para contacto
1317,74674,0.7710097031319423,True,Revisión por Comercial para contacto
1318,77011,0.7707024816247933,True,Revisión por Comercial para contacto
1319,73820,0.7705174032675607,True,Revisión por Comercial para contacto
1320,95044,0.7704095671621983,True,Revisión por Comercial para contacto
1321,78111,0.7703714468056829,True,Revisión por Comercial para contacto
1322,94093,0.770352447222476,True,Revisión por Comercial para contacto
1323,94367,0.7703336852411743,True,Revisión por Comercial para contacto
1324,95496,0.7702684084962621,True,Revisión por Comercial para contacto
1325,87509,0.7699600185608665,True,Revisión por Comercial para contacto
1326,93922,0.7697014471770164,True,Revisión por Comercial para contacto
1327,76848,0.7692397313633601,True,Revisión por Comercial para contacto
1328,94526,0.7691073770932199,True,Revisión por Comercial para contacto
1329,72277,0.7685569457159814,True,Revisión por Comercial para contacto
1330,92297,0.7683731157829895,True,Revisión por Comercial para contacto
1331,89648,0.7682655990619855,True,Revisión por Comercial para contacto
1332,75699,0.7680803113549233,True,Revisión por Comercial para contacto
1333,97686,0.7679324463189174,True,Revisión por Comercial para contacto
1334,75389,0.7678402054214574,True,Revisión por Comercial para contacto
1335,72732,0.7675379898846968,True,Revisión por Comercial para contacto
1336,89634,0.7673123500508585,True,Revisión por Comercial para contacto
1337,80856,0.7671551451052017,True,Revisión por Comercial para contacto
1338,81292,0.7669091881983217,True,Revisión por Comercial para contacto
1339,76173,0.7668113348993958,True,Revisión por Comercial para contacto
1340,86652,0.7667787228910818,True,Revisión por Comercial para contacto
1341,71922,0.7666560652278681,True,Revisión por Comercial para contacto
1342,73778,0.7666551026064512,True,Revisión por Comercial para contacto
1343,75500,0.7666016552439837,True,Revisión por Comercial para contacto
1344,93535,0.7665083449041588,True,Revisión por Comercial para contacto
1345,98395,0.7664525938782879,True,Revisión por Comercial para contacto
1346,83412,0.7663336319169488,True,Revisión por Comercial para contacto
1347,78765,0.7661922867884299,True,Revisión por Comercial para contacto
1348,89791,0.7660925094555531,True,Revisión por Comercial para contacto
1349,75627,0.7660921189540405,True,Revisión por Comercial para contacto
1350,88434,0.7659707966663093,True,Revisión por Comercial para contacto
1351,82293,0.7658585845051326,True,Revisión por Comercial para contacto
1352,71126,0.7657674508937741,True,Revisión por Comercial para contacto
1353,96124,0.765558360608255,True,Revisión por Comercial para contacto
1354,96139,0.7652089577314662,True,Revisión por Comercial para contacto
1355,82888,0.7649197749555081,True,Revisión por Comercial para contacto
1356,96135,0.7648645576963592,True,Revisión por Comercial para contacto
1357,87969,0.7648608862112176,True,Revisión por Comercial para contacto
1358,77501,0.7646060839237108,True,Revisión por Comercial para contacto
1359,92439,0.7645849395972028,True,Revisión por Comercial para contacto
1360,85770,0.7645014473355529,True,Revisión por Comercial para contacto
1361,81797,0.764369082675274,True,Revisión por Comercial para contacto
1362,75280,0.7642232311002002,True,Revisión por Comercial para contacto
1363,70183,0.7640524417264017,True,Revisión por Comercial para contacto
1364,93848,0.763737496823731,True,Revisión por Comercial para contacto
1365,99260,0.7634958578278064,True,Revisión por Comercial para contacto
1366,83237,0.7634935168135817,True,Revisión por Comercial para contacto
1367,77850,0.7634784102734681,True,Revisión por Comercial para contacto
1368,97607,0.7634727243705999,True,Revisión por Comercial para contacto
1369,89962,0.7631342589748692,True,Revisión por Comercial para contacto
1370,75372,0.7629015094946191,True,Revisión por Comercial para contacto
1371,90848,0.762895771530087,True,Revisión por Comercial para contacto
1372,87455,0.7628198378131494,True,Revisión por Comercial para contacto
1373,94084,0.7622876445447208,True,Revisión por Comercial para contacto
1374,73522,0.7621085696294446,True,Revisión por Comercial para contacto
1375,86314,0.7619810739471488,True,Revisión por Comercial para contacto
1376,78591,0.7617455310648263,True,Revisión por Comercial para contacto
1377,99537,0.7614794515745822,True,Revisión por Comercial para contacto
1378,86898,0.7609620050758212,True,Revisión por Comercial para contacto
1379,97960,0.7606810175271408,True,Revisión por Comercial para contacto
1380,83772,0.7598634383398482,True,Revisión por Comercial para contacto
1381,70453,0.7593577676343803,True,Revisión por Comercial para contacto
1382,92829,0.7591888031964432,True,Revisión por Comercial para contacto
1383,70709,0.758946816520342,True,Revisión por Comercial para contacto
1384,89060,0.7587418217384511,True,Revisión por Comercial para contacto
1385,86685,0.7584431153830944,True,Revisión por Comercial para contacto
1386,98834,0.7583179530708269,True,Revisión por Comercial para contacto
1387,90797,0.7582979029386264,True,Revisión por Comercial para contacto
1388,79620,0.7579011147140743,True,Revisión por Comercial para contacto
1389,71060,0.7578896194541843,True,Revisión por Comercial para contacto
1390,83479,0.7568130147072832,True,Revisión por Comercial para contacto
1391,74683,0.7567094488865438,True,Revisión por Comercial para contacto
1392,85890,0.7561562805931037,True,Revisión por Comercial para contacto
1393,86463,0.7555236059330588,True,Revisión por Comercial para contacto
1394,89152,0.755507648457251,True,Revisión por Comercial para contacto
1395,90231,0.753628515567966,True,Revisión por Comercial para contacto
1396,84793,0.7535666647612421,True,Revisión por Comercial para contacto
1397,99843,0.7533647263265872,True,Revisión por Comercial para contacto
1398,96071,0.7528691389226353,True,Revisión por Comercial para contacto
1399,77291,0.7526404237443372,True,Revisión por Comercial para contacto
1400,92721,0.7525540805567611,True,Revisión por Comercial para contacto
1401,78217,0.7516473575924864,True,Revisión por Comercial para contacto
1402,85018,0.7510969511405458,True,Revisión por Comercial para contacto
1403,94133,0.750954612924546,True,Revisión por Comercial para contacto
1404,81057,0.7507029118782529,True,Revisión por Comercial para contacto
1405,72091,0.7501082943232192,True,Revisión por Comercial para contacto
1406,84036,0.7499906637170659,True,Revisión por Comercial para contacto
1407,74227,0.7499843277235749,True,Revisión por Comercial para contacto
1408,94266,0.749875324533641,True,Revisión por Comercial para contacto
1409,74426,0.7497468616095454,True,Revisión por Comercial para contacto
1410,72883,0.749736855441401,True,Revisión por Comercial para contacto
1411,82179,0.7496322836893144,True,Revisión por Comercial para contacto
1412,92743,0.7489730889208118,True,Revisión por Comercial para contacto
1413,85361,0.7486335997955846,True,Revisión por Comercial para contacto
1414,78188,0.7484424911312715,True,Revisión por Comercial para contacto
1415,81651,0.7481361266865667,True,Revisión por Comercial para contacto
1416,75292,0.7478923670599076,True,Revisión por Comercial para contacto
1417,85442,0.7478501288301679,True,Revisión por Comercial para contacto
1418,88911,0.7466052776674543,True,Revisión por Comercial para contacto
1419,92676,0.7465304452911435,True,Revisión por Comercial para contacto
1420,89781,0.7465220512563749,True,Revisión por Comercial para contacto
1421,94503,0.7463686557968466,True,Revisión por Comercial para contacto
1422,96781,0.7460265964600157,True,Revisión por Comercial para contacto
1423,76406,0.7458543758202746,True,Revisión por Comercial para contacto
1424,70607,0.7452275485707915,True,Revisión por Comercial para contacto
1425,86651,0.7446319093305999,True,Revisión por Comercial para contacto
1426,91373,0.7442268301346359,True,Revisión por Comercial para contacto
1427,78732,0.744183814790227,True,Revisión por Comercial para contacto
1428,90988,0.7440253255972376,True,Revisión por Comercial para contacto
1429,81578,0.743859673357822,True,Revisión por Comercial para contacto
1430,70740,0.7437148243329291,True,Revisión por Comercial para contacto
1431,86012,0.7435342337285622,True,Revisión por Comercial para contacto
1432,93571,0.7435229446762089,True,Revisión por Comercial para contacto
1433,84883,0.7429056650857061,True,Revisión por Comercial para contacto
1434,94678,0.7428161634203626,True,Revisión por Comercial para contacto
1435,91601,0.7427022817519079,True,Revisión por Comercial para contacto
1436,74740,0.742146586887556,True,Revisión por Comercial para contacto
1437,98422,0.7421067907528527,True,Revisión por Comercial para contacto
1438,70672,0.7418084497361376,True,Revisión por Comercial para contacto
1439,86904,0.7417736614153454,True,Revisión por Comercial para contacto
1440,78530,0.7415217192303671,True,Revisión por Comercial para contacto
1441,80345,0.7413994141114872,True,Revisión por Comercial para contacto
1442,97518,0.741074927099077,True,Revisión por Comercial para contacto
1443,96281,0.7404089852283038,True,Revisión por Comercial para contacto
1444,70459,0.7404020763496858,True,Revisión por Comercial para contacto
1445,96399,0.7401527018367985,True,Revisión por Comercial para contacto
1446,93660,0.7401289922608738,True,Revisión por Comercial para contacto
1447,84621,0.7399245809989305,True,Revisión por Comercial para contacto
1448,81119,0.7398766386730706,True,Revisión por Comercial para contacto
1449,73343,0.739283690656057,True,Revisión por Comercial para contacto
1450,99435,0.7388139253267425,True,Revisión por Comercial para contacto
1451,91280,0.7388131042710594,True,Revisión por Comercial para contacto
1452,89783,0.7384901884593097,True,Revisión por Comercial para contacto
1453,78634,0.7383537482317769,True,Revisión por Comercial para contacto
1454,88310,0.7379397217996817,True,Revisión por Comercial para contacto
1455,92765,0.7372112120548558,True,Revisión por Comercial para contacto
1456,76769,0.7371132412896702,True,Revisión por Comercial para contacto
1457,84648,0.7370730616821994,True,Revisión por Comercial para contacto
1458,76925,0.7367854410291936,True,Revisión por Comercial para contacto
1459,71644,0.7366563901116188,True,Revisión por Comercial para contacto
1460,71421,0.7365268891967405,True,Revisión por Comercial para contacto
1461,96391,0.7363400212184524,True,Revisión por Comercial para contacto
1462,70992,0.7353810566240525,True,Revisión por Comercial para contacto
1463,85288,0.7353288935252716,True,Revisión por Comercial para contacto
1464,91127,0.7352946856998985,True,Revisión por Comercial para contacto
1465,87044,0.7350320891487546,True,Revisión por Comercial para contacto
1466,94520,0.7337434333817126,True,Revisión por Comercial para contacto
1467,70860,0.73357941049966,True,Revisión por Comercial para contacto
1468,97889,0.7329483593625014,True,Revisión por Comercial para contacto
1469,81011,0.7328292865155474,True,Revisión por Comercial para contacto
1470,85989,0.7325469908533611,True,Revisión por Comercial para contacto
1471,70004,0.7325358151607435,True,Revisión por Comercial para contacto
1472,70692,0.7318667732739876,True,Revisión por Comercial para contacto
1473,81129,0.7317331765258014,True,Revisión por Comercial para contacto
1474,71334,0.7310311553522799,True,Revisión por Comercial para contacto
1475,88041,0.7310021720153448,True,Revisión por Comercial para contacto
1476,75305,0.7304127230558026,True,Revisión por Comercial para contacto
1477,82422,0.7301008088881293,True,Revisión por Comercial para contacto
1478,80529,0.7295717720440705,True,Revisión por Comercial para contacto
1479,91205,0.7283167429809604,True,Revisión por Comercial para contacto
1480,90276,0.7271116366290244,True,Revisión por Comercial para contacto
1481,71040,0.7270089989895082,True,Revisión por Comercial para contacto
1482,97878,0.7270071323915408,True,Revisión por Comercial para contacto
1483,85510,0.7268311540547002,True,Revisión por Comercial para contacto
1484,74696,0.7265801208486731,True,Revisión por Comercial para contacto
1485,71574,0.7265002560253722,True,Revisión por Comercial para contacto
1486,71458,0.7264129782972255,True,Revisión por Comercial para contacto
1487,78404,0.7263530054400817,True,Revisión por Comercial para contacto
1488,73183,0.7253887003324583,True,Revisión por Comercial para contacto
1489,74839,0.725117460881913,True,Revisión por Comercial para contacto
1490,89183,0.725114643334186,True,Revisión por Comercial para contacto
1491,71048,0.7245572120979238,True,Revisión por Comercial para contacto
1492,85396,0.7245395198928971,True,Revisión por Comercial para contacto
1493,80662,0.7243167081635936,True,Revisión por Comercial para contacto
1494,76404,0.7242058530287315,True,Revisión por Comercial para contacto
1495,74633,0.7238802996667751,True,Revisión por Comercial para contacto
1496,86089,0.7232405044326494,True,Revisión por Comercial para contacto
1497,87457,0.7229869830416246,True,Revisión por Comercial para contacto
1498,82950,0.7229108659925149,True,Revisión por Comercial para contacto
1499,94638,0.722400899411359,True,Revisión por Comercial para contacto
1500,94341,0.7214754072870762,True,Revisión por Comercial para contacto
1501,85252,0.7212645254261125,True,Revisión por Comercial para contacto
1502,91021,0.7207656084230372,True,Revisión por Comercial para contacto
1503,79129,0.7202568438747919,True,Revisión por Comercial para contacto
1504,84483,0.7200962019293768,True,Revisión por Comercial para contacto
1505,83520,0.7197268095645667,True,Revisión por Comercial para contacto
1506,73382,0.7193429757655162,True,Revisión por Comercial para contacto
1507,78114,0.7192893025790809,True,Revisión por Comercial para contacto
1508,97452,0.7189784742801055,True,Revisión por Comercial para contacto
1509,98303,0.7187885648873612,True,Revisión por Comercial para contacto
1510,98520,0.7185191452041125,True,Revisión por Comercial para contacto
1511,96709,0.718023347002308,True,Revisión por Comercial para contacto
1512,70947,0.7180140123934983,True,Revisión por Comercial para contacto
1513,84830,0.7178631083025633,True,Revisión por Comercial para contacto
1514,70583,0.7170927853096544,True,Revisión por Comercial para contacto
1515,86253,0.7167317851388872,True,Revisión por Comercial para contacto
1516,74004,0.716341686602612,True,Revisión por Comercial para contacto
1517,95109,0.7162352935400478,True,Revisión por Comercial para contacto
1518,84610,0.715846328696952,True,Revisión por Comercial para contacto
1519,77607,0.7153613347206089,True,Revisión por Comercial para contacto
1520,79943,0.7152070510953834,True,Revisión por Comercial para contacto
1521,99439,0.7148655122011707,True,Revisión por Comercial para contacto
1522,94023,0.7137419602920362,True,Revisión por Comercial para contacto
1523,97441,0.7134860876488671,True,Revisión por Comercial para contacto
1524,90692,0.713424790036712,True,Revisión por Comercial para contacto
1525,71753,0.7126837562106407,True,Revisión por Comercial para contacto
1526,93650,0.7117717039057666,True,Revisión por Comercial para contacto
1527,80101,0.7115966521031517,True,Revisión por Comercial para contacto
1528,73514,0.7115246894463912,True,Revisión por Comercial para contacto
1529,83513,0.7107505514305964,True,Revisión por Comercial para contacto
1530,90907,0.7103266739790737,True,Revisión por Comercial para contacto
1531,92554,0.7095070789906236,True,Revisión por Comercial para contacto
1532,71042,0.709318360468163,True,Revisión por Comercial para contacto
1533,80506,0.708415671826519,True,Revisión por Comercial para contacto
1534,92906,0.7081638378747618,True,Revisión por Comercial para contacto
1535,73345,0.7075745024570386,True,Revisión por Comercial para contacto
1536,88350,0.7071101514702189,True,Revisión por Comercial para contacto
1537,90959,0.7068713420345651,True,Revisión por Comercial para contacto
1538,77968,0.7061381539667988,True,Revisión por Comercial para contacto
1539,97023,0.7046147038286258,True,Revisión por Comercial para contacto
1540,96249,0.7045301712195821,True,Revisión por Comercial para contacto
1541,93910,0.7044999448213025,True,Revisión por Comercial para contacto
1542,74585,0.704246786436901,True,Revisión por Comercial para contacto
1543,79834,0.7041771950614486,True,Revisión por Comercial para contacto
1544,77766,0.7041771102977968,True,Revisión por Comercial para contacto
1545,77498,0.7041609418224632,True,Revisión por Comercial para contacto
1546,87592,0.7036342844054244,True,Revisión por Comercial para contacto
1547,96231,0.7027122025480304,True,Revisión por Comercial para contacto
1548,78582,0.7026983555465249,True,Revisión por Comercial para contacto
1549,80170,0.7025872485126838,True,Revisión por Comercial para contacto
1550,96746,0.7020831691186531,True,Revisión por Comercial para contacto
1551,95243,0.7014854473828005,True,Revisión por Comercial para contacto
1552,81406,0.7012037265054493,True,Revisión por Comercial para contacto
1553,99539,0.700261762603635,True,Revisión por Comercial para contacto
1554,93524,0.6992482309357252,True,Revisión por Comercial para contacto
1555,95526,0.6988789298132302,True,Revisión por Comercial para contacto
1556,95924,0.6985677711962456,True,Revisión por Comercial para contacto
1557,74983,0.6982614597991191,True,Revisión por Comercial para contacto
1558,95638,0.6976933804399275,True,Revisión por Comercial para contacto
1559,77105,0.6966519733331014,True,Revisión por Comercial para contacto
1560,84423,0.6966285403243263,True,Revisión por Comercial para contacto
1561,71396,0.6960902173859296,True,Revisión por Comercial para contacto
1562,90503,0.6956343489234894,True,Revisión por Comercial para contacto
1563,94159,0.6955737323138568,True,Revisión por Comercial para contacto
1564,79394,0.6953520891224663,True,Revisión por Comercial para contacto
1565,71267,0.6952577281320063,True,Revisión por Comercial para contacto
1566,70283,0.6949681571869258,True,Revisión por Comercial para contacto
1567,87914,0.6946887837495024,True,Revisión por Comercial para contacto
1568,71197,0.6945731534191901,True,Revisión por Comercial para contacto
1569,99324,0.6937212000504728,True,Revisión por Comercial para contacto
1570,76115,0.6926532325357173,True,Revisión por Comercial para contacto
1571,81325,0.6918985841524076,True,Revisión por Comercial para contacto
1572,79167,0.6918401187066135,True,Revisión por Comercial para contacto
1573,83223,0.6909788157482707,True,Revisión por Comercial para contacto
1574,84108,0.6909781045615012,True,Revisión por Comercial para contacto
1575,79909,0.6898594952459819,True,Revisión por Comercial para contacto
1576,80297,0.6894887667959301,True,Revisión por Comercial para contacto
1577,76124,0.689173412760862,True,Revisión por Comercial para contacto
1578,99837,0.6878308735437638,True,Revisión por Comercial para contacto
1579,95699,0.6876796028733246,True,Revisión por Comercial para contacto
1580,79539,0.6871410335712024,True,Revisión por Comercial para contacto
1581,94891,0.687043416321097,True,Revisión por Comercial para contacto
1582,89777,0.6870298932509052,True,Revisión por Comercial para contacto
1583,98696,0.6855621241046513,True,Revisión por Comercial para contacto
1584,83611,0.6854530277907847,True,Revisión por Comercial para contacto
1585,99936,0.6853513756261843,True,Revisión por Comercial para contacto
1586,84006,0.6847061422072009,True,Revisión por Comercial para contacto
1587,94300,0.6846621099808325,True,Revisión por Comercial para contacto
1588,72429,0.6846053377668014,True,Revisión por Comercial para contacto
1589,90234,0.6842555362010452,True,Revisión por Comercial para contacto
1590,75533,0.6839491121175799,True,Revisión por Comercial para contacto
1591,72832,0.6835178384217502,True,Revisión por Comercial para contacto
1592,78190,0.6834643141620648,True,Revisión por Comercial para contacto
1593,80148,0.6834398057417594,True,Revisión por Comercial para contacto
1594,85110,0.683274797742468,True,Revisión por Comercial para contacto
1595,71331,0.6830491955597476,True,Revisión por Comercial para contacto
1596,82941,0.6825227527658695,True,Revisión por Comercial para contacto
1597,82619,0.682141722868185,True,Revisión por Comercial para contacto
1598,78694,0.6814813949626302,True,Revisión por Comercial para contacto
1599,79231,0.6810244884276693,True,Revisión por Comercial para contacto
1600,94193,0.6808861284344203,True,Revisión por Comercial para contacto
1601,84038,0.6808144672235958,True,Revisión por Comercial para contacto
1602,89429,0.6802432981865449,True,Revisión por Comercial para contacto
1603,83009,0.6800035683717462,True,Revisión por Comercial para contacto
1604,99171,0.6790619360584289,True,Revisión por Comercial para contacto
1605,86016,0.6784726557140696,True,Revisión por Comercial para contacto
1606,81365,0.6782142650318695,True,Revisión por Comercial para contacto
1607,81434,0.6777691511300752,True,Revisión por Comercial para contacto
1608,89805,0.6777547584919155,True,Revisión por Comercial para contacto
1609,95925,0.677403105945425,True,Revisión por Comercial para contacto
1610,85167,0.6764902945271597,True,Revisión por Comercial para contacto
1611,76981,0.6760395973485764,True,Revisión por Comercial para contacto
1612,75378,0.6757349769171094,True,Revisión por Comercial para contacto
1613,81208,0.6756893530338665,True,Revisión por Comercial para contacto
1614,86185,0.6755996350891501,True,Revisión por Comercial para contacto
1615,93235,0.6743264192570075,True,Revisión por Comercial para contacto
1616,76426,0.6733942351662673,True,Revisión por Comercial para contacto
1617,89091,0.6733837147804211,True,Revisión por Comercial para contacto
1618,86911,0.6731882044061792,True,Revisión por Comercial para contacto
1619,85311,0.6731057371138255,True,Revisión por Comercial para contacto
1620,73570,0.6727794547883124,True,Revisión por Comercial para contacto
1621,96929,0.6725486554183987,True,Revisión por Comercial para contacto
1622,79139,0.6715176497598955,True,Revisión por Comercial para contacto
1623,86225,0.6710971544730155,True,Revisión por Comercial para contacto
1624,96083,0.6710090169006523,True,Revisión por Comercial para contacto
1625,90488,0.6702234678662833,True,Revisión por Comercial para contacto
1626,88740,0.6693442282823654,True,Revisión por Comercial para contacto
1627,96076,0.669105300533685,True,Revisión por Comercial para contacto
1628,93263,0.6689623043209852,True,Revisión por Comercial para contacto
1629,91559,0.6674274278679235,True,Revisión por Comercial para contacto
1630,84876,0.6660099720873057,True,Revisión por Comercial para contacto
1631,70499,0.6657251925237319,True,Revisión por Comercial para contacto
1632,96708,0.6643663850943635,True,Revisión por Comercial para contacto
1633,71081,0.6631014192415973,True,Revisión por Comercial para contacto
1634,84769,0.6623111173737307,True,Revisión por Comercial para contacto
1635,98928,0.6600692362078141,True,Revisión por Comercial para contacto
1636,88048,0.6592886263285535,True,Revisión por Comercial para contacto
1637,76510,0.658818056655131,True,Revisión por Comercial para contacto
1638,82046,0.6585212924851688,True,Revisión por Comercial para contacto
1639,73289,0.6579174558174322,True,Revisión por Comercial para contacto
1640,98675,0.6568945952797552,True,Revisión por Comercial para contacto
1641,79459,0.6568701208534037,True,Revisión por Comercial para contacto
1642,75538,0.655897079552747,True,Revisión por Comercial para contacto
1643,99485,0.6550059363352899,True,Revisión por Comercial para contacto
1644,83837,0.6547021427483968,True,Revisión por Comercial para contacto
1645,80562,0.6534612400622811,True,Revisión por Comercial para contacto
1646,76183,0.6520115627108455,True,Revisión por Comercial para contacto
1647,74932,0.6514999361786729,True,Revisión por Comercial para contacto
1648,99830,0.6510538668341705,True,Revisión por Comercial para contacto
1649,82572,0.650927570829732,True,Revisión por Comercial para contacto
1650,93738,0.6495569281413445,True,Revisión por Comercial para contacto
1651,73737,0.6491881837841691,True,Revisión por Comercial para contacto
1652,77764,0.6485749214187635,True,Revisión por Comercial para contacto
1653,79342,0.6483354797922863,True,Revisión por Comercial para contacto
1654,88362,0.6478405521549273,True,Revisión por Comercial para contacto
1655,98466,0.6472567355522728,True,Revisión por Comercial para contacto
1656,91072,0.647141461465452,True,Revisión por Comercial para contacto
1657,91331,0.6464980944255536,True,Revisión por Comercial para contacto
1658,70405,0.6464652443923642,True,Revisión por Comercial para contacto
1659,91116,0.6457998017652574,True,Revisión por Comercial para contacto
1660,74981,0.6432119963272158,True,Revisión por Comercial para contacto
1661,80116,0.6425319351104593,True,Revisión por Comercial para contacto
1662,79095,0.6423547475528306,True,Revisión por Comercial para contacto
1663,97509,0.6421438001722293,True,Revisión por Comercial para contacto
1664,84106,0.6418000248243698,True,Revisión por Comercial para contacto
1665,75678,0.6417825524282514,True,Revisión por Comercial para contacto
1666,86005,0.6414771738283612,True,Revisión por Comercial para contacto
1667,95625,0.6401202541838327,True,Revisión por Comercial para contacto
1668,90698,0.6400416018598558,True,Revisión por Comercial para contacto
1669,80213,0.6396105828554881,True,Revisión por Comercial para contacto
1670,80125,0.639213902930574,True,Revisión por Comercial para contacto
1671,92206,0.638654447784913,True,Revisión por Comercial para contacto
1672,73219,0.638372899559567,True,Revisión por Comercial para contacto
1673,78939,0.6381888208829873,True,Revisión por Comercial para contacto
1674,82553,0.6374799246716883,True,Revisión por Comercial para contacto
1675,71765,0.6331935889546483,True,Revisión por Comercial para contacto
1676,88699,0.632544385829894,True,Revisión por Comercial para contacto
1677,91410,0.6322227117792699,True,Revisión por Comercial para contacto
1678,76467,0.6318790664502748,True,Revisión por Comercial para contacto
1679,83079,0.630538796127518,True,Revisión por Comercial para contacto
1680,83288,0.6292313560878872,True,Revisión por Comercial para contacto
1681,97035,0.6274193307648567,True,Revisión por Comercial para contacto
1682,78881,0.6257493806046182,True,Revisión por Comercial para contacto
1683,77379,0.6243372582758576,True,Revisión por Comercial para contacto
1684,90359,0.6237765483304138,True,Revisión por Comercial para contacto
1685,99592,0.6225066742699966,True,Revisión por Comercial para contacto
1686,92507,0.6224808523440915,True,Revisión por Comercial para contacto
1687,70118,0.6203594685459339,True,Revisión por Comercial para contacto
1688,97121,0.6196328649015596,True,Revisión por Comercial para contacto
1689,84248,0.6195445772912374,True,Revisión por Comercial para contacto
1690,98252,0.618840166459262,True,Revisión por Comercial para contacto
1691,93225,0.6182550018374151,True,Revisión por Comercial para contacto
1692,75867,0.6175851264454183,True,Revisión por Comercial para contacto
1693,94374,0.6175607851070878,True,Revisión por Comercial para contacto
1694,87392,0.6171697168553681,True,Revisión por Comercial para contacto
1695,97776,0.616726673629357,True,Revisión por Comercial para contacto
1696,88863,0.6163101298952975,True,Revisión por Comercial para contacto
1697,82314,0.6159397976655756,True,Revisión por Comercial para contacto
1698,98627,0.6151955031045554,True,Revisión por Comercial para contacto
1699,88954,0.614537074397672,True,Revisión por Comercial para contacto
1700,95481,0.6140644197988919,True,Revisión por Comercial para contacto
1701,92955,0.613016192342995,True,Revisión por Comercial para contacto
1702,92141,0.611806546181923,True,Revisión por Comercial para contacto
1703,88428,0.6117840819406621,True,Revisión por Comercial para contacto
1704,86614,0.610849916475357,True,Revisión por Comercial para contacto
1705,98933,0.610170624526743,True,Revisión por Comercial para contacto
1706,97962,0.6099769641091058,True,Revisión por Comercial para contacto
1707,94158,0.6088672382261016,True,Revisión por Comercial para contacto
1708,83369,0.6083186381157706,True,Revisión por Comercial para contacto
1709,96837,0.6077078669768474,True,Revisión por Comercial para contacto
1710,91169,0.6041668022823897,True,Revisión por Comercial para contacto
1711,90235,0.6023585000990442,True,Revisión por Comercial para contacto
1712,91076,0.601695293411624,True,Revisión por Comercial para contacto
1713,92437,0.6005328839380997,True,Revisión por Comercial para contacto
1714,71643,0.5993302051303849,True,Revisión por Comercial para contacto
1715,84067,0.598566859919795,True,Revisión por Comercial para contacto
1716,77231,0.5983644721228155,True,Revisión por Comercial para contacto
1717,76589,0.5981233345409417,True,Revisión por Comercial para contacto
1718,72735,0.5971170510514231,True,Revisión por Comercial para contacto
1719,84063,0.5965009946683801,True,Revisión por Comercial para contacto
1720,97213,0.5950796514775258,True,Revisión por Comercial para contacto
1721,71979,0.5940282754094138,True,Revisión por Comercial para contacto
1722,90553,0.5936496686547676,True,Revisión por Comercial para contacto
1723,85050,0.5927511406386407,True,Revisión por Comercial para contacto
1724,79414,0.5923874632276324,True,Revisión por Comercial para contacto
1725,71792,0.5923676741626546,True,Revisión por Comercial para contacto
1726,85418,0.5916767010323623,True,Revisión por Comercial para contacto
1727,71550,0.5909145501326454,True,Revisión por Comercial para contacto
1728,98809,0.5900239574005666,True,Revisión por Comercial para contacto
1729,71587,0.5891489344321265,True,Revisión por Comercial para contacto
1730,89438,0.5887173957616307,True,Revisión por Comercial para contacto
1731,94601,0.5865785975166308,True,Revisión por Comercial para contacto
1732,96533,0.5840276624849553,True,Revisión por Comercial para contacto
1733,91454,0.5836170877866075,True,Revisión por Comercial para contacto
1734,97916,0.5830092614094564,True,Revisión por Comercial para contacto
1735,73657,0.5820631622308328,True,Revisión por Comercial para contacto
1736,90180,0.5820343651636851,True,Revisión por Comercial para contacto
1737,89705,0.5806444624751353,True,Revisión por Comercial para contacto
1738,76382,0.5806251916085764,True,Revisión por Comercial para contacto
1739,82963,0.5798951215848417,True,Revisión por Comercial para contacto
1740,80924,0.5790960679266721,True,Revisión por Comercial para contacto
1741,72526,0.577659336690731,True,Revisión por Comercial para contacto
1742,96126,0.5766308623888589,True,Revisión por Comercial para contacto
1743,83357,0.5763318750926665,True,Revisión por Comercial para contacto
1744,82509,0.5756390321813757,True,Revisión por Comercial para contacto
1745,70699,0.5756091318572764,True,Revisión por Comercial para contacto
1746,92457,0.5754800712273447,True,Revisión por Comercial para contacto
1747,91616,0.5737671342192227,True,Revisión por Comercial para contacto
1748,77338,0.5721198111320972,True,Revisión por Comercial para contacto
1749,93633,0.5696583139437715,True,Revisión por Comercial para contacto
1750,92998,0.5692912890207508,True,Revisión por Comercial para contacto
1751,80054,0.5692191831435557,True,Revisión por Comercial para contacto
1752,94549,0.567044983542869,True,Revisión por Comercial para contacto
1753,79060,0.5621772607907921,True,Revisión por Comercial para contacto
1754,81328,0.561722361038418,True,Revisión por Comercial para contacto
1755,97187,0.5614004774109269,True,Revisión por Comercial para contacto
1756,81352,0.5611262472483513,True,Revisión por Comercial para contacto
1757,94020,0.5608962416656073,True,Revisión por Comercial para contacto
1758,83418,0.5602255251975682,True,Revisión por Comercial para contacto
1759,83268,0.5597459760394636,True,Revisión por Comercial para contacto
1760,92880,0.558487681529873,True,Revisión por Comercial para contacto
1761,97420,0.5572376774297335,True,Revisión por Comercial para contacto
1762,81065,0.554231106674861,True,Revisión por Comercial para contacto
1763,72417,0.5536056889518323,True,Revisión por Comercial para contacto
1764,96546,0.5533611299318231,True,Revisión por Comercial para contacto
1765,82680,0.5531371226216788,True,Revisión por Comercial para contacto
1766,76035,0.5484510058926869,True,Revisión por Comercial para contacto
1767,81422,0.5454698624320486,True,Revisión por Comercial para contacto
1768,84209,0.5445786135377727,True,Revisión por Comercial para contacto
1769,98597,0.5429319881465542,True,Revisión por Comercial para contacto
1770,75792,0.5409561882397421,True,Revisión por Comercial para contacto
1771,81886,0.5406752644722566,True,Revisión por Comercial para contacto
1772,77067,0.539281794926064,True,Revisión por Comercial para contacto
1773,92614,0.5347955172253248,True,Revisión por Comercial para contacto
1774,99352,0.5344916399052898,True,Revisión por Comercial para contacto
1775,74349,0.5334383808113129,True,Revisión por Comercial para contacto
1776,77536,0.5333296194897013,True,Revisión por Comercial para contacto
1777,75923,0.5329211198670476,True,Revisión por Comercial para contacto
1778,99834,0.531968761992503,True,Revisión por Comercial para contacto
1779,86341,0.5298753901598425,True,Revisión por Comercial para contacto
1780,71434,0.5284909248239547,True,Revisión por Comercial para contacto
1781,74279,0.5280811175513919,True,Revisión por Comercial para contacto
1782,99633,0.527245375498837,True,Revisión por Comercial para contacto
1783,88586,0.5272209652352475,True,Revisión por Comercial para contacto
1784,70640,0.5255629341517952,True,Revisión por Comercial para contacto
1785,76884,0.5235182125104743,True,Revisión por Comercial para contacto
1786,99414,0.523040933053196,True,Revisión por Comercial para contacto
1787,73199,0.5217793677073934,True,Revisión por Comercial para contacto
1788,73418,0.5216921148389673,True,Revisión por Comercial para contacto
1789,77369,0.5210903030192612,True,Revisión por Comercial para contacto
1790,98405,0.5198301438632347,True,Revisión por Comercial para contacto
1791,79730,0.5197450722844114,True,Revisión por Comercial para contacto
1792,89607,0.5187993682571975,True,Revisión por Comercial para contacto
1793,90841,0.5178893193860133,True,Revisión por Comercial para contacto
1794,84651,0.5175008378778814,True,Revisión por Comercial para contacto
1795,73144,0.5150138536848601,True,Revisión por Comercial para contacto
1796,89239,0.5141011210284931,True,Revisión por Comercial para contacto
1797,82604,0.5137358567401711,True,Revisión por Comercial para contacto
1798,78105,0.5135466058624316,True,Revisión por Comercial para contacto
1799,99301,0.5131609751853192,True,Revisión por Comercial para contacto
1800,85134,0.5123790217961877,True,Revisión por Comercial para contacto
1801,93791,0.5100883756495163,True,Revisión por Comercial para contacto
1802,88856,0.5096608143056105,True,Revisión por Comercial para contacto
1803,86913,0.509444010150218,True,Revisión por Comercial para contacto
1804,92038,0.5092305756314541,True,Revisión por Comercial para contacto
1805,79840,0.5082090921976133,True,Revisión por Comercial para contacto
1806,90972,0.5066219136671964,True,Revisión por Comercial para contacto
1807,79711,0.5055212255394015,True,Revisión por Comercial para contacto
1808,76466,0.5053952647575214,True,Revisión por Comercial para contacto
1809,99758,0.505330822581106,True,Revisión por Comercial para contacto
1810,76041,0.5051112246569147,True,Revisión por Comercial para contacto
1811,95748,0.5044862630293674,True,Revisión por Comercial para contacto
1812,95135,0.5043815739913279,True,Revisión por Comercial para contacto
1813,71095,0.5035951662660196,True,Revisión por Comercial para contacto
1814,71491,0.5033575622638058,True,Revisión por Comercial para contacto
1815,80576,0.5026627429819442,True,Revisión por Comercial para contacto
1816,87016,0.5003901387146287,True,Revisión por Comercial para contacto
1817,94809,0.5002039910642997,True,Revisión por Comercial para contacto
1818,72023,0.5000882083131563,True,Revisión por Comercial para contacto
1819,87741,0.4999296839688376,True,Revisión por Comercial para contacto
1820,83261,0.4996725498662763,True,Revisión por Comercial para contacto
1821,84141,0.49905466750345356,True,Revisión por Comercial para contacto
1822,84897,0.4979111233949562,True,Revisión por Comercial para contacto
1823,77306,0.4971179459799425,True,Revisión por Comercial para contacto
1824,81004,0.4942158396015215,True,Revisión por Comercial para contacto
1825,82756,0.4936848202878569,True,Revisión por Comercial para contacto
1826,81916,0.4935585764739182,True,Revisión por Comercial para contacto
1827,85530,0.4928175186800235,True,Revisión por Comercial para contacto
1828,86711,0.49045531116970764,True,Revisión por Comercial para contacto
1829,90289,0.4875327263798629,True,Revisión por Comercial para contacto
1830,96882,0.48746602172012726,True,Revisión por Comercial para contacto
1831,99608,0.48707884272196433,True,Revisión por Comercial para contacto
1832,73798,0.48533003831151217,True,Revisión por Comercial para contacto
1833,88319,0.48514741609413276,True,Revisión por Comercial para contacto
1834,98687,0.4838664998364192,True,Revisión por Comercial para contacto
1835,94474,0.48319257338596483,True,Revisión por Comercial para contacto
1836,83830,0.48282638912592135,True,Revisión por Comercial para contacto
1837,73166,0.4823550233926356,True,Revisión por Comercial para contacto
1838,70179,0.48215580459396584,True,Revisión por Comercial para contacto
1839,81042,0.48202939965798114,True,Revisión por Comercial para contacto
1840,73359,0.4818905770041257,True,Revisión por Comercial para contacto
1841,98668,0.48172176707809916,True,Revisión por Comercial para contacto
1842,76420,0.4805217723754621,True,Revisión por Comercial para contacto
1843,78181,0.4802847764312238,True,Revisión por Comercial para contacto
1844,93860,0.47939716302461577,True,Revisión por Comercial para contacto
1845,83272,0.47870244299233844,True,Revisión por Comercial para contacto
1846,77509,0.4785935024984014,True,Revisión por Comercial para contacto
1847,98544,0.47801483312669635,True,Revisión por Comercial para contacto
1848,94005,0.47757393065989834,True,Revisión por Comercial para contacto
1849,92608,0.47734806171936933,True,Revisión por Comercial para contacto
1850,98884,0.47677839155210733,True,Revisión por Comercial para contacto
1851,95362,0.47663709569032264,True,Revisión por Comercial para contacto
1852,90906,0.47589485412688154,True,Revisión por Comercial para contacto
1853,70490,0.4758839858044364,True,Revisión por Comercial para contacto
1854,85222,0.47555077624522474,True,Revisión por Comercial para contacto
1855,96641,0.47547121573975165,True,Revisión por Comercial para contacto
1856,90559,0.47453974033161817,True,Revisión por Comercial para contacto
1857,73604,0.4744747412951796,True,Revisión por Comercial para contacto
1858,96411,0.4728477906019199,True,Revisión por Comercial para contacto
1859,78324,0.47265914384303004,True,Revisión por Comercial para contacto
1860,73828,0.4710896248802075,True,Revisión por Comercial para contacto
1861,75783,0.47086723523399543,True,Revisión por Comercial para contacto
1862,91408,0.4707363400897643,True,Revisión por Comercial para contacto
1863,82653,0.4699765837935209,True,Revisión por Comercial para contacto
1864,89937,0.46893180183138855,True,Revisión por Comercial para contacto
1865,89214,0.4686134449114267,True,Revisión por Comercial para contacto
1866,95584,0.46727879994241867,True,Revisión por Comercial para contacto
1867,76675,0.466471003601121,True,Revisión por Comercial para contacto
1868,88470,0.4660770488149777,True,Revisión por Comercial para contacto
1869,72940,0.4658317084748861,True,Revisión por Comercial para contacto
1870,98757,0.46550611844963774,True,Revisión por Comercial para contacto
1871,95255,0.4637690879789634,True,Revisión por Comercial para contacto
1872,75794,0.4636081007055719,True,Revisión por Comercial para contacto
1873,72566,0.46347618629312504,True,Revisión por Comercial para contacto
1874,75503,0.4630285354177893,True,Revisión por Comercial para contacto
1875,99611,0.46300597907669183,True,Revisión por Comercial para contacto
1876,81392,0.4626688637254683,True,Revisión por Comercial para contacto
1877,71788,0.4617712396015697,True,Revisión por Comercial para contacto
1878,70208,0.4614956268432393,True,Revisión por Comercial para contacto
1879,82360,0.4609300570094904,True,Revisión por Comercial para contacto
1880,96729,0.46002013375942796,True,Revisión por Comercial para contacto
1881,93071,0.4595461272153809,True,Revisión por Comercial para contacto
1882,96030,0.45952543269902013,True,Revisión por Comercial para contacto
1883,86443,0.4592475254457587,True,Revisión por Comercial para contacto
1884,96129,0.4581447784894102,True,Revisión por Comercial para contacto
1885,81845,0.45675125124626725,True,Revisión por Comercial para contacto
1886,77322,0.4558449111056618,True,Revisión por Comercial para contacto
1887,99161,0.4540673122304844,True,Revisión por Comercial para contacto
1888,75880,0.4540405490008667,True,Revisión por Comercial para contacto
1889,74534,0.4539273880807702,True,Revisión por Comercial para contacto
1890,97715,0.45366916295877235,True,Revisión por Comercial para contacto
1891,74339,0.4532946707929962,True,Revisión por Comercial para contacto
1892,98674,0.4529937988326067,True,Revisión por Comercial para contacto
1893,82925,0.4520244986734243,True,Revisión por Comercial para contacto
1894,93152,0.4518610179216547,True,Revisión por Comercial para contacto
1895,89589,0.4514849179668336,True,Revisión por Comercial para contacto
1896,82754,0.4513057618264536,True,Revisión por Comercial para contacto
1897,74636,0.4501501531914503,True,Revisión por Comercial para contacto
1898,98822,0.44967928836969023,True,Revisión por Comercial para contacto
1899,99840,0.44752839505115005,True,Revisión por Comercial para contacto
1900,83780,0.44748663209027867,True,Revisión por Comercial para contacto
1901,73788,0.4469367719889702,True,Revisión por Comercial para contacto
1902,84974,0.4460404226636557,True,Revisión por Comercial para contacto
1903,86003,0.4458215368465868,True,Revisión por Comercial para contacto
1904,89075,0.44575650736469236,True,Revisión por Comercial para contacto
1905,96112,0.44564510379228744,True,Revisión por Comercial para contacto
1906,98070,0.4454049780851627,True,Revisión por Comercial para contacto
1907,90794,0.4453475398421365,True,Revisión por Comercial para contacto
1908,75908,0.44410100259657675,True,Revisión por Comercial para contacto
1909,72401,0.4433932423135415,True,Revisión por Comercial para contacto
1910,85617,0.4431519519306851,True,Revisión por Comercial para contacto
1911,76103,0.44269895109288554,True,Revisión por Comercial para contacto
1912,74715,0.4426257456720763,True,Revisión por Comercial para contacto
1913,80620,0.44236095813995835,True,Revisión por Comercial para contacto
1914,72713,0.44181630075922596,True,Revisión por Comercial para contacto
1915,84306,0.44091739820990594,True,Revisión por Comercial para contacto
1916,85607,0.44083091981139927,True,Revisión por Comercial para contacto
1917,78301,0.4406982227162372,True,Revisión por Comercial para contacto
1918,93242,0.43912907159481224,True,Revisión por Comercial para contacto
1919,83028,0.4384624497418919,True,Revisión por Comercial para contacto
1920,88556,0.43838940066755727,True,Revisión por Comercial para contacto
1921,89373,0.4373078106147629,True,Revisión por Comercial para contacto
1922,97034,0.4366239905486856,True,Revisión por Comercial para contacto
1923,85603,0.43566892879152164,True,Revisión por Comercial para contacto
1924,82375,0.43560678098534783,True,Revisión por Comercial para contacto
1925,71978,0.4341149695083762,True,Revisión por Comercial para contacto
1926,94646,0.4337232433907318,True,Revisión por Comercial para contacto
1927,94976,0.43283523867655466,True,Revisión por Comercial para contacto
1928,85690,0.43276831930638154,True,Revisión por Comercial para contacto
1929,77441,0.4327624345117253,True,Revisión por Comercial para contacto
1930,95934,0.4319847691542928,True,Revisión por Comercial para contacto
1931,92049,0.43198461958261586,True,Revisión por Comercial para contacto
1932,75084,0.431981406599348,True,Revisión por Comercial para contacto
1933,93537,0.4309500675882119,True,Revisión por Comercial para contacto
1934,89597,0.4307227642183064,True,Revisión por Comercial para contacto
1935,78579,0.429564684536499,True,Revisión por Comercial para contacto
1936,74335,0.42950177974327913,True,Revisión por Comercial para contacto
1937,87668,0.42908015440698366,True,Revisión por Comercial para contacto
1938,82861,0.4287370327592665,True,Revisión por Comercial para contacto
1939,90099,0.4286893032575032,True,Revisión por Comercial para contacto
1940,92800,0.4282077721382136,True,Revisión por Comercial para contacto
1941,85823,0.4281222357989655,True,Revisión por Comercial para contacto
1942,70547,0.4280439377310602,True,Revisión por Comercial para contacto
1943,78641,0.4279213031033729,True,Revisión por Comercial para contacto
1944,82445,0.42671412106958656,True,Revisión por Comercial para contacto
1945,74825,0.4261071989474755,True,Revisión por Comercial para contacto
1946,92431,0.4259441384005701,True,Revisión por Comercial para contacto
1947,85675,0.424490042523727,True,Revisión por Comercial para contacto
1948,79719,0.4243397870421198,True,Revisión por Comercial para contacto
1949,81297,0.424013688158327,True,Revisión por Comercial para contacto
1950,97674,0.42345041333936745,True,Revisión por Comercial para contacto
1951,98638,0.42328650508680693,True,Revisión por Comercial para contacto
1952,83377,0.42281169264138596,True,Revisión por Comercial para contacto
1953,73126,0.4226350567252954,True,Revisión por Comercial para contacto
1954,83544,0.42227714378334863,True,Revisión por Comercial para contacto
1955,89692,0.4221810646368593,True,Revisión por Comercial para contacto
1956,70926,0.4219128698486988,True,Revisión por Comercial para contacto
1957,95761,0.42186218326882574,True,Revisión por Comercial para contacto
1958,95891,0.4217827916365605,True,Revisión por Comercial para contacto
1959,79596,0.4212488774791374,True,Revisión por Comercial para contacto
1960,90208,0.4210807219065113,True,Revisión por Comercial para contacto
1961,80997,0.42106810931229643,True,Revisión por Comercial para contacto
1962,97147,0.4204297839064849,True,Revisión por Comercial para contacto
1963,86901,0.42040709143257904,True,Revisión por Comercial para contacto
1964,93765,0.4202592491358493,True,Revisión por Comercial para contacto
1965,95657,0.4200861752978018,True,Revisión por Comercial para contacto
1966,91201,0.4180290681768116,True,Revisión por Comercial para contacto
1967,94263,0.41782495791709345,True,Revisión por Comercial para contacto
1968,93762,0.41773282348107865,True,Revisión por Comercial para contacto
1969,94594,0.41748545328576325,True,Revisión por Comercial para contacto
1970,92910,0.4163017380012867,True,Revisión por Comercial para contacto
1971,79468,0.4157882554926624,True,Revisión por Comercial para contacto
1972,90643,0.4144335176777805,True,Revisión por Comercial para contacto
1973,70772,0.41306335946313344,True,Revisión por Comercial para contacto
1974,71350,0.4128036178177351,True,Revisión por Comercial para contacto
1975,87188,0.41260912384606,True,Revisión por Comercial para contacto
1976,91723,0.4123073208984219,True,Revisión por Comercial para contacto
1977,71560,0.4118766156959397,True,Revisión por Comercial para contacto
1978,81423,0.410393062758858,True,Revisión por Comercial para contacto
1979,71953,0.4101553566521464,True,Revisión por Comercial para contacto
1980,96050,0.408568873931011,True,Revisión por Comercial para contacto
1981,85676,0.40777809229268397,True,Revisión por Comercial para contacto
1982,74236,0.40620159248577475,True,Revisión por Comercial para contacto
1983,88380,0.4058426232448616,True,Revisión por Comercial para contacto
1984,73748,0.40532453656717554,True,Revisión por Comercial para contacto
1985,90742,0.4051936922179674,True,Revisión por Comercial para contacto
1986,78982,0.40497092074127233,True,Revisión por Comercial para contacto
1987,97919,0.4048838958925048,True,Revisión por Comercial para contacto
1988,99605,0.4048504057626621,True,Revisión por Comercial para contacto
1989,86146,0.4046893928267233,True,Revisión por Comercial para contacto
1990,76616,0.40448963615369826,True,Revisión por Comercial para contacto
1991,92366,0.40442946993287776,True,Revisión por Comercial para contacto
1992,86009,0.40419081535045154,True,Revisión por Comercial para contacto
1993,80466,0.4036970137464482,True,Revisión por Comercial para contacto
1994,97362,0.4028508991457489,True,Revisión por Comercial para contacto
1995,86152,0.4025681173370779,True,Revisión por Comercial para contacto
1996,93426,0.40239383861568556,True,Revisión por Comercial para contacto
1997,83018,0.40230287789629426,True,Revisión por Comercial para contacto
1998,81961,0.4007073593816099,True,Revisión por Comercial para contacto
1999,98888,0.40054378612948893,True,Revisión por Comercial para contacto
2000,86684,0.40046990791884557,True,Revisión por Comercial para contacto
2001,73722,0.39990954045462307,True,Revisión por Comercial para contacto
2002,72851,0.39937594930992715,True,Revisión por Comercial para contacto
2003,94037,0.3989742183269836,True,Revisión por Comercial para contacto
2004,85344,0.3986233605355147,True,Revisión por Comercial para contacto
2005,81803,0.39798782916847036,True,Revisión por Comercial para contacto
2006,77038,0.39698970352574336,True,Revisión por Comercial para contacto
2007,77669,0.3969759289140886,True,Revisión por Comercial para contacto
2008,88344,0.3968035527031647,True,Revisión por Comercial para contacto
2009,99307,0.3967803229507218,True,Revisión por Comercial para contacto
2010,92033,0.3956790512030624,True,Revisión por Comercial para contacto
2011,78166,0.3954851056422938,True,Revisión por Comercial para contacto
2012,72005,0.3951485807093667,True,Revisión por Comercial para contacto
2013,93861,0.39513649941194484,True,Revisión por Comercial para contacto
2014,99514,0.39471413993046095,True,Revisión por Comercial para contacto
2015,93469,0.39431349068857063,True,Revisión por Comercial para contacto
2016,82071,0.39422740226719943,True,Revisión por Comercial para contacto
2017,89412,0.3934291752819802,True,Revisión por Comercial para contacto
2018,92238,0.3931473070390701,True,Revisión por Comercial para contacto
2019,85505,0.3928152987753713,True,Revisión por Comercial para contacto
2020,75853,0.392596616277043,True,Revisión por Comercial para contacto
2021,96304,0.39222037481994787,True,Revisión por Comercial para contacto
2022,90437,0.39177850422116184,True,Revisión por Comercial para contacto
2023,78829,0.3917207422878301,True,Revisión por Comercial para contacto
2024,75594,0.3911133873016941,True,Revisión por Comercial para contacto
2025,98899,0.3910228049941813,True,Revisión por Comercial para contacto
2026,89275,0.3908431303030482,True,Revisión por Comercial para contacto
2027,81155,0.3899264740066126,True,Revisión por Comercial para contacto
2028,74796,0.3898619840999831,True,Revisión por Comercial para contacto
2029,71224,0.38955344947433496,True,Revisión por Comercial para contacto
2030,71308,0.38876927727246824,True,Revisión por Comercial para contacto
2031,78590,0.3885810697550739,True,Revisión por Comercial para contacto
2032,95722,0.3884184475601275,True,Revisión por Comercial para contacto
2033,84402,0.38830706877410354,True,Revisión por Comercial para contacto
2034,75576,0.3881357030607314,True,Revisión por Comercial para contacto
2035,93589,0.3881288576377994,True,Revisión por Comercial para contacto
2036,92375,0.3876374406352203,True,Revisión por Comercial para contacto
2037,72452,0.3871077074732292,True,Revisión por Comercial para contacto
2038,88233,0.3870494151051121,True,Revisión por Comercial para contacto
2039,96987,0.3862252183947212,True,Revisión por Comercial para contacto
2040,91216,0.38530977889496315,True,Revisión por Comercial para contacto
2041,98891,0.3846658649538085,True,Revisión por Comercial para contacto
2042,72114,0.38429500566716535,True,Revisión por Comercial para contacto
2043,83074,0.38334710404287725,True,Revisión por Comercial para contacto
2044,89302,0.3831906276071557,True,Revisión por Comercial para contacto
2045,86411,0.38300829103084005,True,Revisión por Comercial para contacto
2046,71069,0.38277161750544286,True,Revisión por Comercial para contacto
2047,75323,0.38149855195113425,True,Revisión por Comercial para contacto
2048,83949,0.38128123894216076,True,Revisión por Comercial para contacto
2049,88385,0.3810906843404552,True,Revisión por Comercial para contacto
2050,78189,0.3807721352762352,True,Revisión por Comercial para contacto
2051,76415,0.3804041055233221,True,Revisión por Comercial para contacto
2052,98017,0.38038310502182987,True,Revisión por Comercial para contacto
2053,75442,0.38002482487536227,True,Revisión por Comercial para contacto
2054,96850,0.3797366768097387,True,Revisión por Comercial para contacto
2055,97108,0.37920721033443766,True,Revisión por Comercial para contacto
2056,91672,0.3786669371827745,True,Revisión por Comercial para contacto
2057,97227,0.37847482799385146,True,Revisión por Comercial para contacto
2058,89106,0.37833960178056786,True,Revisión por Comercial para contacto
2059,77270,0.3782235465297562,True,Revisión por Comercial para contacto
2060,70854,0.37766588303185805,True,Revisión por Comercial para contacto
2061,92071,0.3772054593532833,True,Revisión por Comercial para contacto
2062,86792,0.3771773319004108,True,Revisión por Comercial para contacto
2063,71032,0.37681042222609806,True,Revisión por Comercial para contacto
2064,95183,0.3765483671841312,True,Revisión por Comercial para contacto
2065,85995,0.3764918224110399,True,Revisión por Comercial para contacto
2066,86954,0.3763798194209425,True,Revisión por Comercial para contacto
2067,89343,0.37637257494470094,True,Revisión por Comercial para contacto
2068,85330,0.3758587420274592,True,Revisión por Comercial para contacto
2069,73581,0.37542590530050524,True,Revisión por Comercial para contacto
2070,71502,0.3748717204152466,True,Revisión por Comercial para contacto
2071,99878,0.37452296603430013,True,Revisión por Comercial para contacto
2072,82826,0.3742025609291902,True,Revisión por Comercial para contacto
2073,86890,0.3737243900781618,True,Revisión por Comercial para contacto
2074,76050,0.37332382320243734,True,Revisión por Comercial para contacto
2075,94808,0.3727993851460664,True,Revisión por Comercial para contacto
2076,84302,0.3723424037876101,True,Revisión por Comercial para contacto
2077,71379,0.37217864400170564,True,Revisión por Comercial para contacto
2078,90239,0.37191547271851744,True,Revisión por Comercial para contacto
2079,79735,0.37140370507492004,True,Revisión por Comercial para contacto
2080,85830,0.3713593084842449,True,Revisión por Comercial para contacto
2081,77914,0.3712094402254273,True,Revisión por Comercial para contacto
2082,84350,0.3707287830158076,True,Revisión por Comercial para contacto
2083,72812,0.3707033758715202,True,Revisión por Comercial para contacto
2084,87691,0.3702745668949448,True,Revisión por Comercial para contacto
2085,76661,0.3691094577172432,True,Revisión por Comercial para contacto
2086,93072,0.36899970564179896,True,Revisión por Comercial para contacto
2087,94332,0.36863515387185214,True,Revisión por Comercial para contacto
2088,82466,0.3673995098684713,True,Revisión por Comercial para contacto
2089,93299,0.36722744787718564,True,Revisión por Comercial para contacto
2090,85820,0.36713408083162247,True,Revisión por Comercial para contacto
2091,94717,0.3671324819663797,True,Revisión por Comercial para contacto
2092,91397,0.3670889306443231,True,Revisión por Comercial para contacto
2093,85512,0.36675504112879453,True,Revisión por Comercial para contacto
2094,70865,0.36644777109560556,True,Revisión por Comercial para contacto
2095,81375,0.36552393137034916,True,Revisión por Comercial para contacto
2096,84468,0.36526175874191913,True,Revisión por Comercial para contacto
2097,95493,0.36475955149312234,True,Revisión por Comercial para contacto
2098,79457,0.364649135278939,True,Revisión por Comercial para contacto
2099,92306,0.3643628241037267,True,Revisión por Comercial para contacto
2100,82757,0.3632547278285675,True,Revisión por Comercial para contacto
2101,84875,0.3630753806721696,True,Revisión por Comercial para contacto
2102,75295,0.3629590041776227,True,Revisión por Comercial para contacto
2103,97358,0.3619595507799071,True,Revisión por Comercial para contacto
2104,90941,0.36112569686751333,True,Revisión por Comercial para contacto
2105,95146,0.3610118245071759,True,Revisión por Comercial para contacto
2106,95104,0.360969394647703,True,Revisión por Comercial para contacto
2107,92822,0.36067751722896846,True,Revisión por Comercial para contacto
2108,84878,0.36041619410293946,True,Revisión por Comercial para contacto
2109,81735,0.36040757933515993,True,Revisión por Comercial para contacto
2110,86416,0.36032803596430096,True,Revisión por Comercial para contacto
2111,86513,0.3587957497270191,True,Revisión por Comercial para contacto
2112,81019,0.3584023940865986,True,Revisión por Comercial para contacto
2113,92874,0.3582414375265041,True,Revisión por Comercial para contacto
2114,84718,0.3579533994985947,True,Revisión por Comercial para contacto
2115,91780,0.3577342247143058,True,Revisión por Comercial para contacto
2116,82997,0.3576982418353002,True,Revisión por Comercial para contacto
2117,70462,0.35661075794245295,True,Revisión por Comercial para contacto
2118,79850,0.35660301623926793,True,Revisión por Comercial para contacto
2119,73703,0.356467133017639,True,Revisión por Comercial para contacto
2120,98653,0.35589084560492873,True,Revisión por Comercial para contacto
2121,77647,0.3553357507798733,True,Revisión por Comercial para contacto
2122,93945,0.35532591171765976,True,Revisión por Comercial para contacto
2123,91682,0.3553009009816428,True,Revisión por Comercial para contacto
2124,83046,0.35523798362376807,True,Revisión por Comercial para contacto
2125,99853,0.35453625752209306,True,Revisión por Comercial para contacto
2126,97102,0.35410892443983505,True,Revisión por Comercial para contacto
2127,74458,0.35388169335480607,True,Revisión por Comercial para contacto
2128,96309,0.3532024965152916,True,Revisión por Comercial para contacto
2129,99519,0.3530555323050735,True,Revisión por Comercial para contacto
2130,79496,0.3529601176663573,True,Revisión por Comercial para contacto
2131,79677,0.35205694509142493,True,Revisión por Comercial para contacto
2132,81988,0.35197048221890825,True,Revisión por Comercial para contacto
2133,94387,0.35167138600088393,True,Revisión por Comercial para contacto
2134,84396,0.35137888115735044,True,Revisión por Comercial para contacto
2135,79847,0.3510308572733181,True,Revisión por Comercial para contacto
2136,78051,0.35094675352838667,True,Revisión por Comercial para contacto
2137,73704,0.3506438879327111,True,Revisión por Comercial para contacto
2138,91999,0.3505032112762855,True,Revisión por Comercial para contacto
2139,97972,0.35037879330145816,True,Revisión por Comercial para contacto
2140,93592,0.34994193559955666,True,Revisión por Comercial para contacto
2141,96654,0.3485751646860032,True,Revisión por Comercial para contacto
2142,98052,0.34855780954096305,True,Revisión por Comercial para contacto
2143,94513,0.34852181132523724,True,Revisión por Comercial para contacto
2144,85135,0.3484994316841292,True,Revisión por Comercial para contacto
2145,77704,0.34846619903135373,True,Revisión por Comercial para contacto
2146,84469,0.34843467721348087,True,Revisión por Comercial para contacto
2147,99997,0.3484126336770266,True,Revisión por Comercial para contacto
2148,86593,0.3483764618422013,True,Revisión por Comercial para contacto
2149,92125,0.3482987659947007,True,Revisión por Comercial para contacto
2150,77653,0.3479180925801314,True,Revisión por Comercial para contacto
2151,82736,0.3469304052368499,True,Revisión por Comercial para contacto
2152,74891,0.34661188480387245,True,Revisión por Comercial para contacto
2153,96547,0.34608695389033056,True,Revisión por Comercial para contacto
2154,82815,0.3458986884974151,True,Revisión por Comercial para contacto
2155,72315,0.34553702280649606,True,Revisión por Comercial para contacto
2156,76701,0.3451755737751939,True,Revisión por Comercial para contacto
2157,78451,0.3446358769767722,True,Revisión por Comercial para contacto
2158,91607,0.34451459091821723,True,Revisión por Comercial para contacto
2159,92513,0.3437725372969049,True,Revisión por Comercial para contacto
2160,99744,0.34368534980446386,True,Revisión por Comercial para contacto
2161,76199,0.343524428360125,True,Revisión por Comercial para contacto
2162,91215,0.34317965339769974,True,Revisión por Comercial para contacto
2163,78918,0.34296687073804827,True,Revisión por Comercial para contacto
2164,89066,0.34253478575815977,True,Revisión por Comercial para contacto
2165,89649,0.3418603675314326,True,Revisión por Comercial para contacto
2166,88781,0.34167839132530564,True,Revisión por Comercial para contacto
2167,78761,0.34151898553876747,True,Revisión por Comercial para contacto
2168,92319,0.3410802483978579,True,Revisión por Comercial para contacto
2169,86885,0.34102674779366715,True,Revisión por Comercial para contacto
2170,74224,0.34084693956449524,True,Revisión por Comercial para contacto
2171,72332,0.3408313953032457,True,Revisión por Comercial para contacto
2172,98558,0.3405218861657936,True,Revisión por Comercial para contacto
2173,77759,0.3403504428574353,True,Revisión por Comercial para contacto
2174,77295,0.3403026173807088,True,Revisión por Comercial para contacto
2175,74124,0.33989021389963725,True,Revisión por Comercial para contacto
2176,74842,0.33944036623038043,True,Revisión por Comercial para contacto
2177,96745,0.33929809349099177,True,Revisión por Comercial para contacto
2178,85188,0.3391580561019732,True,Revisión por Comercial para contacto
2179,98234,0.3388798352719468,True,Revisión por Comercial para contacto
2180,70304,0.33871659679361177,True,Revisión por Comercial para contacto
2181,74603,0.3386529225624924,True,Revisión por Comercial para contacto
2182,83173,0.3370691556261029,True,Revisión por Comercial para contacto
2183,99903,0.33653937254370486,True,Revisión por Comercial para contacto
2184,91866,0.3365348242907403,True,Revisión por Comercial para contacto
2185,75194,0.3363805233456763,True,Revisión por Comercial para contacto
2186,91769,0.3362431817024466,True,Revisión por Comercial para contacto
2187,91617,0.3357719235823975,True,Revisión por Comercial para contacto
2188,96606,0.3354511349184727,True,Revisión por Comercial para contacto
2189,83899,0.33497139536585174,True,Revisión por Comercial para contacto
2190,80313,0.3345016777816009,True,Revisión por Comercial para contacto
2191,76714,0.3343796936836589,True,Revisión por Comercial para contacto
2192,74578,0.3340760475780525,True,Revisión por Comercial para contacto
2193,78050,0.3325487862496914,True,Revisión por Comercial para contacto
2194,85499,0.33246019883434286,True,Revisión por Comercial para contacto
2195,91426,0.33227234448676485,True,Revisión por Comercial para contacto
2196,76289,0.33222863052497204,True,Revisión por Comercial para contacto
2197,87083,0.3321929444668739,True,Revisión por Comercial para contacto
2198,96243,0.33206424260198636,True,Revisión por Comercial para contacto
2199,71863,0.3317887652511462,True,Revisión por Comercial para contacto
2200,74391,0.3313586690984706,True,Revisión por Comercial para contacto
2201,78420,0.33128165281782124,True,Revisión por Comercial para contacto
2202,77714,0.33103308209412297,True,Revisión por Comercial para contacto
2203,89114,0.3310102771751385,True,Revisión por Comercial para contacto
2204,85772,0.33078242565152227,True,Revisión por Comercial para contacto
2205,81927,0.33071526304735743,True,Revisión por Comercial para contacto
2206,74369,0.33067622014935244,True,Revisión por Comercial para contacto
2207,95428,0.32982778870123663,True,Revisión por Comercial para contacto
2208,95374,0.3297235987803215,True,Revisión por Comercial para contacto
2209,84132,0.32932397480405007,True,Revisión por Comercial para contacto
2210,93371,0.32900162409246425,True,Revisión por Comercial para contacto
2211,88000,0.3288477217202692,True,Revisión por Comercial para contacto
2212,97822,0.328596774958639,True,Revisión por Comercial para contacto
2213,83676,0.32802838156016517,True,Revisión por Comercial para contacto
2214,71082,0.3277019384671373,True,Revisión por Comercial para contacto
2215,85048,0.3275208972134899,True,Revisión por Comercial para contacto
2216,93874,0.32738422855906685,True,Revisión por Comercial para contacto
2217,72550,0.32724768546400806,True,Revisión por Comercial para contacto
2218,84212,0.32659205272610414,True,Revisión por Comercial para contacto
2219,73395,0.32607959285468596,True,Revisión por Comercial para contacto
2220,83061,0.32589242629406706,True,Revisión por Comercial para contacto
2221,96620,0.32553634667620734,True,Revisión por Comercial para contacto
2222,88225,0.32538357495749815,True,Revisión por Comercial para contacto
2223,80335,0.32536985975830657,True,Revisión por Comercial para contacto
2224,70093,0.3252684128294268,True,Revisión por Comercial para contacto
2225,71176,0.32516403946061345,True,Revisión por Comercial para contacto
2226,72585,0.3251599028577353,True,Revisión por Comercial para contacto
2227,96787,0.3251593259350204,True,Revisión por Comercial para contacto
2228,86544,0.32487780423183005,True,Revisión por Comercial para contacto
2229,88327,0.32468249868781135,True,Revisión por Comercial para contacto
2230,83433,0.3246365817124728,True,Revisión por Comercial para contacto
2231,88215,0.32428745667451336,True,Revisión por Comercial para contacto
2232,98974,0.32393674065797706,True,Revisión por Comercial para contacto
2233,76148,0.323866312975571,True,Revisión por Comercial para contacto
2234,80684,0.3236516825710471,True,Revisión por Comercial para contacto
2235,91164,0.3235612568163846,True,Revisión por Comercial para contacto
2236,75785,0.323468385706422,True,Revisión por Comercial para contacto
2237,77547,0.3232972222409969,True,Revisión por Comercial para contacto
2238,88919,0.3224618084412421,True,Revisión por Comercial para contacto
2239,92180,0.3224459304464351,True,Revisión por Comercial para contacto
2240,82255,0.3224138885313286,True,Revisión por Comercial para contacto
2241,99907,0.3217424075838124,True,Revisión por Comercial para contacto
2242,97662,0.32105696202139933,True,Revisión por Comercial para contacto
2243,89432,0.3205421185550418,True,Revisión por Comercial para contacto
2244,97746,0.3204731859218408,True,Revisión por Comercial para contacto
2245,71611,0.3200270554050871,True,Revisión por Comercial para contacto
2246,89959,0.31988197914611777,True,Revisión por Comercial para contacto
2247,95678,0.31981828432609494,True,Revisión por Comercial para contacto
2248,99886,0.3198024855449051,True,Revisión por Comercial para contacto
2249,81154,0.31968072761116617,True,Revisión por Comercial para contacto
2250,96308,0.31939284308059196,True,Revisión por Comercial para contacto
2251,88490,0.31894838137918746,True,Revisión por Comercial para contacto
2252,88673,0.31872077397443976,True,Revisión por Comercial para contacto
2253,77019,0.31871987013904035,True,Revisión por Comercial para contacto
2254,82051,0.31829349788941846,True,Revisión por Comercial para contacto
2255,94417,0.3182117200373996,True,Revisión por Comercial para contacto
2256,83067,0.31820746625683966,True,Revisión por Comercial para contacto
2257,74945,0.3181042648942663,True,Revisión por Comercial para contacto
2258,85465,0.3180409603738129,True,Revisión por Comercial para contacto
2259,77907,0.31782646308158097,True,Revisión por Comercial para contacto
2260,85284,0.3176803275859102,True,Revisión por Comercial para contacto
2261,92511,0.3175349816250988,True,Revisión por Comercial para contacto
2262,86186,0.31753264466549846,True,Revisión por Comercial para contacto
2263,71838,0.3175037219361985,True,Revisión por Comercial para contacto
2264,96015,0.3174158543789821,True,Revisión por Comercial para contacto
2265,78617,0.31705820763973086,True,Revisión por Comercial para contacto
2266,71476,0.3163507125206464,True,Revisión por Comercial para contacto
2267,91767,0.3162905389382159,True,Revisión por Comercial para contacto
2268,95826,0.31578691345827453,True,Revisión por Comercial para contacto
2269,75099,0.31577796030558364,True,Revisión por Comercial para contacto
2270,99091,0.3157667141628311,True,Revisión por Comercial para contacto
2271,91720,0.3157657540671887,True,Revisión por Comercial para contacto
2272,91762,0.3153577595839986,True,Revisión por Comercial para contacto
2273,90419,0.3144318749665397,True,Revisión por Comercial para contacto
2274,84929,0.31425279379620347,True,Revisión por Comercial para contacto
2275,70221,0.3140856224353092,True,Revisión por Comercial para contacto
2276,98994,0.3140746907348559,True,Revisión por Comercial para contacto
2277,85951,0.313973704353946,True,Revisión por Comercial para contacto
2278,90167,0.3137720345577236,True,Revisión por Comercial para contacto
2279,98414,0.31375884992001807,True,Revisión por Comercial para contacto
2280,92160,0.31245827182994357,True,Revisión por Comercial para contacto
2281,82964,0.3123328242481029,True,Revisión por Comercial para contacto
2282,98584,0.31210160063693265,True,Revisión por Comercial para contacto
2283,76996,0.31188032985888353,True,Revisión por Comercial para contacto
2284,84902,0.3115778274280759,True,Revisión por Comercial para contacto
2285,84456,0.3113805100603561,True,Revisión por Comercial para contacto
2286,92103,0.31129167568811006,True,Revisión por Comercial para contacto
2287,98738,0.3111340901621023,True,Revisión por Comercial para contacto
2288,85338,0.3110236280999922,True,Revisión por Comercial para contacto
2289,88869,0.31068911544218775,True,Revisión por Comercial para contacto
2290,87107,0.3104724172301438,True,Revisión por Comercial para contacto
2291,80348,0.3101971737774281,True,Revisión por Comercial para contacto
2292,87293,0.30936000762027827,True,Revisión por Comercial para contacto
2293,96275,0.30869898378308347,True,Revisión por Comercial para contacto
2294,91716,0.3086690946561135,True,Revisión por Comercial para contacto
2295,86690,0.30863557800836167,True,Revisión por Comercial para contacto
2296,91940,0.3083590705704328,True,Revisión por Comercial para contacto
2297,93504,0.3083475248146599,True,Revisión por Comercial para contacto
2298,87654,0.30832647758330933,True,Revisión por Comercial para contacto
2299,94103,0.3081172176027059,True,Revisión por Comercial para contacto
2300,95160,0.3077168595022056,True,Revisión por Comercial para contacto
2301,78294,0.30771246516735,True,Revisión por Comercial para contacto
2302,91194,0.30716281350392854,True,Revisión por Comercial para contacto
2303,95875,0.30710440212448564,True,Revisión por Comercial para contacto
2304,80064,0.30688976777093696,True,Revisión por Comercial para contacto
2305,88382,0.30647014232247033,True,Revisión por Comercial para contacto
2306,93979,0.30626653934179116,True,Revisión por Comercial para contacto
2307,96120,0.3062380782109352,True,Revisión por Comercial para contacto
2308,72460,0.3059639358257672,True,Revisión por Comercial para contacto
2309,94200,0.3059054596130747,True,Revisión por Comercial para contacto
2310,74456,0.30563946211541304,True,Revisión por Comercial para contacto
2311,92677,0.30552048119980907,True,Revisión por Comercial para contacto
2312,75844,0.30539314008336294,True,Revisión por Comercial para contacto
2313,85348,0.30509923186951526,True,Revisión por Comercial para contacto
2314,98794,0.30470392402772967,True,Revisión por Comercial para contacto
2315,76903,0.3044596640213022,True,Revisión por Comercial para contacto
2316,71174,0.30409458644784465,True,Revisión por Comercial para contacto
2317,93409,0.3039946372010784,True,Revisión por Comercial para contacto
2318,89046,0.3035478002968678,True,Revisión por Comercial para contacto
2319,72318,0.3032937751703499,True,Revisión por Comercial para contacto
2320,76788,0.3029119417332633,True,Revisión por Comercial para contacto
2321,86363,0.30283876952470096,True,Revisión por Comercial para contacto
2322,96659,0.30276851667666205,True,Revisión por Comercial para contacto
2323,84319,0.3025782365526463,True,Revisión por Comercial para contacto
2324,87933,0.30242519201028384,True,Revisión por Comercial para contacto
2325,85854,0.3023854086702722,True,Revisión por Comercial para contacto
2326,94613,0.30218543708230355,True,Revisión por Comercial para contacto
2327,87697,0.30168296652348414,True,Revisión por Comercial para contacto
2328,92075,0.3016484304472429,True,Revisión por Comercial para contacto
2329,82590,0.30126892052231874,True,Revisión por Comercial para contacto
2330,75831,0.3010340071285617,True,Revisión por Comercial para contacto
2331,88479,0.3010181475962908,True,Revisión por Comercial para contacto
2332,97886,0.3009968060818619,True,Revisión por Comercial para contacto
2333,88090,0.30083409729281324,True,Revisión por Comercial para contacto
2334,94583,0.3004079456665386,True,Revisión por Comercial para contacto
2335,73502,0.29997662054329205,True,Revisión por Comercial para contacto
2336,77303,0.29988632007361354,True,Revisión por Comercial para contacto
2337,78824,0.29988431369758667,True,Revisión por Comercial para contacto
2338,78395,0.2994808299285357,True,Revisión por Comercial para contacto
2339,94677,0.2993013988265595,True,Revisión por Comercial para contacto
2340,92188,0.2990823587875175,True,Revisión por Comercial para contacto
2341,79764,0.29896448029401795,True,Revisión por Comercial para contacto
2342,85115,0.29860201950718623,True,Revisión por Comercial para contacto
2343,80811,0.2985697461381753,True,Revisión por Comercial para contacto
2344,95228,0.2985547954706166,True,Revisión por Comercial para contacto
2345,74054,0.2984135382541708,True,Revisión por Comercial para contacto
2346,87606,0.29841269903703826,True,Revisión por Comercial para contacto
2347,74966,0.29800503843512477,True,Revisión por Comercial para contacto
2348,73358,0.2978498770951098,True,Revisión por Comercial para contacto
2349,83166,0.297830805684819,True,Revisión por Comercial para contacto
2350,96464,0.2976552852860685,True,Revisión por Comercial para contacto
2351,76727,0.29733790549752154,True,Revisión por Comercial para contacto
2352,74929,0.2973020950186493,True,Revisión por Comercial para contacto
2353,94416,0.29721985706264004,True,Revisión por Comercial para contacto
2354,71810,0.29711636415227444,True,Revisión por Comercial para contacto
2355,96761,0.2969218067327203,True,Revisión por Comercial para contacto
2356,89519,0.2967729197952252,True,Revisión por Comercial para contacto
2357,78429,0.2966314392867111,True,Revisión por Comercial para contacto
2358,87141,0.2965488830607801,True,Revisión por Comercial para contacto
2359,73721,0.29645650459908146,True,Revisión por Comercial para contacto
2360,76940,0.2959529796686798,True,Revisión por Comercial para contacto
2361,97825,0.29572739399887615,True,Revisión por Comercial para contacto
2362,96075,0.29572664780172303,True,Revisión por Comercial para contacto
2363,78658,0.29546465165679486,True,Revisión por Comercial para contacto
2364,98351,0.29501044116884867,True,Revisión por Comercial para contacto
2365,74938,0.2947167206840735,True,Revisión por Comercial para contacto
2366,82082,0.2946261081396507,True,Revisión por Comercial para contacto
2367,93931,0.2944410437721971,True,Revisión por Comercial para contacto
2368,85337,0.29411484370962465,True,Revisión por Comercial para contacto
2369,82229,0.2934957924065434,True,Revisión por Comercial para contacto
2370,88814,0.2930371193161989,True,Revisión por Comercial para contacto
2371,95495,0.2929717837780763,True,Revisión por Comercial para contacto
2372,99444,0.2929087996514679,True,Revisión por Comercial para contacto
2373,88861,0.2926333556050489,True,Revisión por Comercial para contacto
2374,72253,0.29243519406268803,True,Revisión por Comercial para contacto
2375,94425,0.29238770325010266,True,Revisión por Comercial para contacto
2376,86894,0.29228098722246537,True,Revisión por Comercial para contacto
2377,70498,0.2916348041265431,True,Revisión por Comercial para contacto
2378,96997,0.2915552182471052,True,Revisión por Comercial para contacto
2379,94124,0.2912203947876113,True,Revisión por Comercial para contacto
2380,85526,0.2911443429272788,True,Revisión por Comercial para contacto
2381,80089,0.2909093012560759,True,Revisión por Comercial para contacto
2382,73137,0.29086501080145927,True,Revisión por Comercial para contacto
2383,98545,0.29082771897324416,True,Revisión por Comercial para contacto
2384,75321,0.29036323860058616,True,Revisión por Comercial para contacto
2385,89876,0.290242976909983,True,Revisión por Comercial para contacto
2386,82251,0.2895679455929476,True,Revisión por Comercial para contacto
2387,78447,0.2885732929638064,True,Revisión por Comercial para contacto
2388,87035,0.28855930660956497,True,Revisión por Comercial para contacto
2389,76318,0.28844319895061454,True,Revisión por Comercial para contacto
2390,89084,0.28834725657552956,True,Revisión por Comercial para contacto
2391,83989,0.2883306809532561,True,Revisión por Comercial para contacto
2392,91560,0.28806173395392354,True,Revisión por Comercial para contacto
2393,98214,0.2877779741498102,True,Revisión por Comercial para contacto
2394,84644,0.287412579891216,True,Revisión por Comercial para contacto
2395,96337,0.2872149928445832,True,Revisión por Comercial para contacto
2396,90860,0.2871051454144373,True,Revisión por Comercial para contacto
2397,82492,0.28706549611477383,True,Revisión por Comercial para contacto
2398,81552,0.28703284473572893,True,Revisión por Comercial para contacto
2399,90835,0.28699080010630934,True,Revisión por Comercial para contacto
2400,81386,0.28664711094449014,True,Revisión por Comercial para contacto
2401,90339,0.2864722881464573,True,Revisión por Comercial para contacto
2402,73129,0.285949030862399,True,Revisión por Comercial para contacto
2403,94805,0.2858323954264866,True,Revisión por Comercial para contacto
2404,96737,0.2857916102544732,True,Revisión por Comercial para contacto
2405,84194,0.28555636476950047,True,Revisión por Comercial para contacto
2406,87953,0.28544941275208985,True,Revisión por Comercial para contacto
2407,80510,0.2852589646990201,True,Revisión por Comercial para contacto
2408,96902,0.2852214426418606,True,Revisión por Comercial para contacto
2409,81040,0.2848968561134443,True,Revisión por Comercial para contacto
2410,76451,0.28451732591597456,True,Revisión por Comercial para contacto
2411,86882,0.28448744789174313,True,Revisión por Comercial para contacto
2412,84047,0.2844594082251858,True,Revisión por Comercial para contacto
2413,91773,0.2842440746261567,True,Revisión por Comercial para contacto
2414,78306,0.28424046787333657,True,Revisión por Comercial para contacto
2415,85808,0.28423368888919576,True,Revisión por Comercial para contacto
2416,80337,0.2840615770518029,True,Revisión por Comercial para contacto
2417,80981,0.2839997673118627,True,Revisión por Comercial para contacto
2418,70847,0.28386598605963814,True,Revisión por Comercial para contacto
2419,92965,0.2835534187396602,True,Revisión por Comercial para contacto
2420,99658,0.283436714942793,True,Revisión por Comercial para contacto
2421,81781,0.28339157989901015,True,Revisión por Comercial para contacto
2422,72385,0.28301992805104614,True,Revisión por Comercial para contacto
2423,96529,0.2827812499399249,True,Revisión por Comercial para contacto
2424,72580,0.2820490820974277,True,Revisión por Comercial para contacto
2425,98832,0.281942508216517,True,Revisión por Comercial para contacto
2426,89100,0.2818432409533179,True,Revisión por Comercial para contacto
2427,99020,0.2816193103099297,True,Revisión por Comercial para contacto
2428,88170,0.2815438597821019,True,Revisión por Comercial para contacto
2429,72475,0.2813027100135001,True,Revisión por Comercial para contacto
2430,73258,0.2808519259613064,True,Revisión por Comercial para contacto
2431,99992,0.28059601035261994,True,Revisión por Comercial para contacto
2432,73622,0.2805222995299223,True,Revisión por Comercial para contacto
2433,89050,0.28038545015062466,True,Revisión por Comercial para contacto
2434,79819,0.28028834965667687,True,Revisión por Comercial para contacto
2435,87939,0.2797712959902253,True,Revisión por Comercial para contacto
2436,80012,0.27925103275760316,True,Revisión por Comercial para contacto
2437,95123,0.2790596061891439,True,Revisión por Comercial para contacto
2438,80456,0.27886190078977174,True,Revisión por Comercial para contacto
2439,77283,0.27885522741505786,True,Revisión por Comercial para contacto
2440,76291,0.27883933152682555,True,Revisión por Comercial para contacto
2441,96797,0.2787960555120936,True,Revisión por Comercial para contacto
2442,75427,0.2785912453084086,True,Revisión por Comercial para contacto
2443,97203,0.27857048045547766,True,Revisión por Comercial para contacto
2444,91921,0.27822449731650467,True,Revisión por Comercial para contacto
2445,93040,0.27783884342841936,True,Revisión por Comercial para contacto
2446,77687,0.2777711022822033,True,Revisión por Comercial para contacto
2447,99325,0.27773424264845475,True,Revisión por Comercial para contacto
2448,76822,0.2775693021005852,True,Revisión por Comercial para contacto
2449,99773,0.27713361691203603,True,Revisión por Comercial para contacto
2450,96927,0.2770989313423439,True,Revisión por Comercial para contacto
2451,72398,0.2768701481773351,True,Revisión por Comercial para contacto
2452,87049,0.276842035630698,True,Revisión por Comercial para contacto
2453,72619,0.27658978100911497,True,Revisión por Comercial para contacto
2454,71007,0.2765468008732798,True,Revisión por Comercial para contacto
2455,71409,0.276545603257389,True,Revisión por Comercial para contacto
2456,72748,0.276531853368734,True,Revisión por Comercial para contacto
2457,88552,0.27637010393228373,True,Revisión por Comercial para contacto
2458,95905,0.27591727844529074,True,Revisión por Comercial para contacto
2459,90673,0.2757500623355151,True,Revisión por Comercial para contacto
2460,92054,0.27557034783225165,True,Revisión por Comercial para contacto
2461,80454,0.2750449489670442,True,Revisión por Comercial para contacto
2462,73477,0.27497781638789137,True,Revisión por Comercial para contacto
2463,81206,0.27496220872952454,True,Revisión por Comercial para contacto
2464,77273,0.2748567820266136,True,Revisión por Comercial para contacto
2465,88746,0.27451433543401055,True,Revisión por Comercial para contacto
2466,82310,0.27442725149712294,True,Revisión por Comercial para contacto
2467,81114,0.27441821372856345,True,Revisión por Comercial para contacto
2468,95029,0.27439320226061137,True,Revisión por Comercial para contacto
2469,96117,0.2743220194765098,True,Revisión por Comercial para contacto
2470,88397,0.2742602691206785,True,Revisión por Comercial para contacto
2471,85719,0.27422756845293456,True,Revisión por Comercial para contacto
2472,82506,0.274211861005133,True,Revisión por Comercial para contacto
2473,75721,0.27417126003377695,True,Revisión por Comercial para contacto
2474,76450,0.2741490268601544,True,Revisión por Comercial para contacto
2475,98692,0.27404365408737763,True,Revisión por Comercial para contacto
2476,72689,0.2740341702593982,True,Revisión por Comercial para contacto
2477,74012,0.27400239795227627,True,Revisión por Comercial para contacto
2478,71087,0.2738812140407578,True,Revisión por Comercial para contacto
2479,91452,0.27334395558379226,True,Revisión por Comercial para contacto
2480,70244,0.2730774548630157,True,Revisión por Comercial para contacto
2481,96388,0.27304031050383165,True,Revisión por Comercial para contacto
2482,85261,0.27291881897008097,True,Revisión por Comercial para contacto
2483,78292,0.2728798818671426,True,Revisión por Comercial para contacto
2484,85773,0.27262467375537225,True,Revisión por Comercial para contacto
2485,76695,0.27259589737929557,True,Revisión por Comercial para contacto
2486,88483,0.2725819653340028,True,Revisión por Comercial para contacto
2487,87375,0.27235697156893884,True,Revisión por Comercial para contacto
2488,76161,0.27218176388706944,True,Revisión por Comercial para contacto
2489,89397,0.2720788082241125,True,Revisión por Comercial para contacto
2490,98551,0.2719624061804551,True,Revisión por Comercial para contacto
2491,73729,0.27167399334769726,True,Revisión por Comercial para contacto
2492,80240,0.2715744207238587,True,Revisión por Comercial para contacto
2493,71844,0.271152653340592,True,Revisión por Comercial para contacto
2494,72052,0.2711351555487117,True,Revisión por Comercial para contacto
2495,82697,0.27107537262596637,True,Revisión por Comercial para contacto
2496,83980,0.27103656165011775,True,Revisión por Comercial para contacto
2497,75467,0.2707257557946108,True,Revisión por Comercial para contacto
2498,99979,0.27062877419916576,True,Revisión por Comercial para contacto
2499,80491,0.2695029441876212,True,Revisión por Comercial para contacto
2500,98465,0.26944760787205185,True,Revisión por Comercial para contacto
2501,89285,0.26940231718865465,True,Revisión por Comercial para contacto
2502,74430,0.2692939733181686,True,Revisión por Comercial para contacto
2503,99751,0.26892333849025857,True,Revisión por Comercial para contacto
2504,87190,0.2687548212781095,True,Revisión por Comercial para contacto
2505,86085,0.26859001195797827,True,Revisión por Comercial para contacto
2506,91679,0.268589371694812,True,Revisión por Comercial para contacto
2507,79637,0.26854660231782335,True,Revisión por Comercial para contacto
2508,92194,0.2683448621053823,True,Revisión por Comercial para contacto
2509,79769,0.2682898120074358,True,Revisión por Comercial para contacto
2510,84296,0.26815716596337125,True,Revisión por Comercial para contacto
2511,84650,0.26804634571349795,True,Revisión por Comercial para contacto
2512,91393,0.2677688532751572,True,Revisión por Comercial para contacto
2513,94874,0.26776152149850535,True,Revisión por Comercial para contacto
2514,92126,0.26765073359124386,True,Revisión por Comercial para contacto
2515,90379,0.26750175213603505,True,Revisión por Comercial para contacto
2516,85242,0.26747767040433873,True,Revisión por Comercial para contacto
2517,70270,0.2672611356880753,True,Revisión por Comercial para contacto
2518,98069,0.26722220016872317,True,Revisión por Comercial para contacto
2519,78798,0.26652792278274506,True,Revisión por Comercial para contacto
2520,79687,0.26652637520315553,True,Revisión por Comercial para contacto
2521,80854,0.2664779251600723,True,Revisión por Comercial para contacto
2522,94319,0.26638123426487015,True,Revisión por Comercial para contacto
2523,82225,0.2662758876355684,True,Revisión por Comercial para contacto
2524,76028,0.266109183160862,True,Revisión por Comercial para contacto
2525,75095,0.2660660331791194,True,Revisión por Comercial para contacto
2526,86391,0.2660545721942772,True,Revisión por Comercial para contacto
2527,92683,0.26557501836981695,True,Revisión por Comercial para contacto
2528,90422,0.26548198936777245,True,Revisión por Comercial para contacto
2529,78147,0.26518137825836685,True,Revisión por Comercial para contacto
2530,75909,0.2651504311253321,True,Revisión por Comercial para contacto
2531,75264,0.2649715075608277,True,Revisión por Comercial para contacto
2532,93806,0.2649386581336162,True,Revisión por Comercial para contacto
2533,87424,0.2647746451192005,True,Revisión por Comercial para contacto
2534,98476,0.2646337179318331,True,Revisión por Comercial para contacto
2535,71157,0.26441972776425365,True,Revisión por Comercial para contacto
2536,98784,0.264296507373076,True,Revisión por Comercial para contacto
2537,83426,0.26429159585032075,True,Revisión por Comercial para contacto
2538,88991,0.2642765296036958,True,Revisión por Comercial para contacto
2539,81913,0.26404801718902937,True,Revisión por Comercial para contacto
2540,75838,0.26394845854958626,True,Revisión por Comercial para contacto
2541,80191,0.2639199586254567,True,Revisión por Comercial para contacto
2542,77021,0.26378302105512813,True,Revisión por Comercial para contacto
2543,85882,0.26301978193692294,True,Revisión por Comercial para contacto
2544,72771,0.26274340677935326,True,Revisión por Comercial para contacto
2545,70300,0.2625469580307845,True,Revisión por Comercial para contacto
2546,70978,0.2623631968059734,True,Revisión por Comercial para contacto
2547,88743,0.26228084964528753,True,Revisión por Comercial para contacto
2548,83118,0.2621153473017253,True,Revisión por Comercial para contacto
2549,71327,0.2620768586162227,True,Revisión por Comercial para contacto
2550,71162,0.26173945229426937,True,Revisión por Comercial para contacto
2551,98681,0.2615716665844495,True,Revisión por Comercial para contacto
2552,78212,0.2612771002488538,True,Revisión por Comercial para contacto
2553,83146,0.26092885198801485,True,Revisión por Comercial para contacto
2554,88298,0.260919712336747,True,Revisión por Comercial para contacto
2555,83944,0.26082293912434446,True,Revisión por Comercial para contacto
2556,76832,0.2606967580950275,True,Revisión por Comercial para contacto
2557,91030,0.260603684875054,True,Revisión por Comercial para contacto
2558,95009,0.26044573816430544,True,Revisión por Comercial para contacto
2559,87122,0.26035344538741356,True,Revisión por Comercial para contacto
2560,77119,0.260069177504675,True,Revisión por Comercial para contacto
2561,71682,0.2600617766516059,True,Revisión por Comercial para contacto
2562,83612,0.25994438593255714,True,Revisión por Comercial para contacto
2563,83499,0.2599271069449377,True,Revisión por Comercial para contacto
2564,80686,0.259480821637801,True,Revisión por Comercial para contacto
2565,81360,0.25936968654768877,True,Revisión por Comercial para contacto
2566,98379,0.2593658699367414,True,Revisión por Comercial para contacto
2567,94726,0.2590191021834996,True,Revisión por Comercial para contacto
2568,73647,0.25895187419224147,True,Revisión por Comercial para contacto
2569,71212,0.258873668774112,True,Revisión por Comercial para contacto
2570,83893,0.2587773491141632,True,Revisión por Comercial para contacto
2571,93421,0.2585810620036222,True,Revisión por Comercial para contacto
2572,79173,0.25854901923020285,True,Revisión por Comercial para contacto
2573,85079,0.25773974472742855,True,Revisión por Comercial para contacto
2574,80556,0.25747459018955615,True,Revisión por Comercial para contacto
2575,76307,0.25736737064123577,True,Revisión por Comercial para contacto
2576,83948,0.25733798989570145,True,Revisión por Comercial para contacto
2577,76798,0.2572398675906988,True,Revisión por Comercial para contacto
2578,85613,0.25710772195767884,True,Revisión por Comercial para contacto
2579,94111,0.25682128958301514,True,Revisión por Comercial para contacto
2580,85034,0.256639853350863,True,Revisión por Comercial para contacto
2581,74155,0.2566139468049889,True,Revisión por Comercial para contacto
2582,72810,0.25641903851027587,True,Revisión por Comercial para contacto
2583,71266,0.25637680879055735,True,Revisión por Comercial para contacto
2584,86261,0.25634261567223876,True,Revisión por Comercial para contacto
2585,90108,0.25623910476460066,True,Revisión por Comercial para contacto
2586,71628,0.2562353098412478,True,Revisión por Comercial para contacto
2587,71448,0.25621497230628754,True,Revisión por Comercial para contacto
2588,74113,0.2561984942590201,True,Revisión por Comercial para contacto
2589,76904,0.2560122991926106,True,Revisión por Comercial para contacto
2590,98458,0.255711728746621,True,Revisión por Comercial para contacto
2591,70693,0.25568516894934973,True,Revisión por Comercial para contacto
2592,79673,0.25554275489460077,True,Revisión por Comercial para contacto
2593,94368,0.25536783875920543,True,Revisión por Comercial para contacto
2594,98522,0.25535007313684027,True,Revisión por Comercial para contacto
2595,91069,0.2549601819087949,True,Revisión por Comercial para contacto
2596,79882,0.25487290999074413,True,Revisión por Comercial para contacto
2597,91040,0.25470936723501125,True,Revisión por Comercial para contacto
2598,72006,0.2544625272442156,True,Revisión por Comercial para contacto
2599,78073,0.25414741305160976,True,Revisión por Comercial para contacto
2600,96287,0.254065667642565,True,Revisión por Comercial para contacto
2601,83583,0.25405857922041764,True,Revisión por Comercial para contacto
2602,71262,0.2540565017506987,True,Revisión por Comercial para contacto
2603,87397,0.2537134528034579,True,Revisión por Comercial para contacto
2604,92190,0.25357380254497364,True,Revisión por Comercial para contacto
2605,77044,0.25346860013112493,True,Revisión por Comercial para contacto
2606,83858,0.25345392030757985,True,Revisión por Comercial para contacto
2607,70365,0.2533617227291168,True,Revisión por Comercial para contacto
2608,83189,0.2528876430470002,True,Revisión por Comercial para contacto
2609,71671,0.2527519644280186,True,Revisión por Comercial para contacto
2610,95624,0.2524597124694992,True,Revisión por Comercial para contacto
2611,72936,0.2523845179091587,True,Revisión por Comercial para contacto
2612,81429,0.2522855809585073,True,Revisión por Comercial para contacto
2613,99973,0.2519131275600169,True,Revisión por Comercial para contacto
2614,81945,0.25190784349742124,True,Revisión por Comercial para contacto
2615,88296,0.251816698374437,True,Revisión por Comercial para contacto
2616,73421,0.25165585239148724,True,Revisión por Comercial para contacto
2617,91443,0.2515010226698281,True,Revisión por Comercial para contacto
2618,93586,0.25143148307822927,True,Revisión por Comercial para contacto
2619,91666,0.2513340359630313,True,Revisión por Comercial para contacto
2620,90593,0.2508330254483701,True,Revisión por Comercial para contacto
2621,95050,0.2507061315568068,True,Revisión por Comercial para contacto
2622,93847,0.2506600981681943,True,Revisión por Comercial para contacto
2623,96824,0.2506418627089933,True,Revisión por Comercial para contacto
2624,93220,0.2506083452914292,True,Revisión por Comercial para contacto
2625,70180,0.25052663161478944,True,Revisión por Comercial para contacto
2626,72688,0.2504866333693634,True,Revisión por Comercial para contacto
2627,80331,0.25047723295744806,True,Revisión por Comercial para contacto
2628,74218,0.25044511127856384,True,Revisión por Comercial para contacto
2629,90479,0.2503410583090264,True,Revisión por Comercial para contacto
2630,88955,0.2500900582220607,True,Revisión por Comercial para contacto
2631,71154,0.25005950484837414,True,Revisión por Comercial para contacto
2632,79519,0.2497335504744104,True,Revisión por Comercial para contacto
2633,74607,0.24951026420048777,True,Revisión por Comercial para contacto
2634,73643,0.24945542713021943,True,Revisión por Comercial para contacto
2635,79323,0.24943916671944197,True,Revisión por Comercial para contacto
2636,73414,0.24943860844387647,True,Revisión por Comercial para contacto
2637,90737,0.2494382703322307,True,Revisión por Comercial para contacto
2638,99102,0.24929164657251685,True,Revisión por Comercial para contacto
2639,90003,0.24925245524437747,True,Revisión por Comercial para contacto
2640,78678,0.2492219570426254,True,Revisión por Comercial para contacto
2641,99309,0.2491817041303935,True,Revisión por Comercial para contacto
2642,84317,0.24905729494253365,True,Revisión por Comercial para contacto
2643,82575,0.2489883495801165,True,Revisión por Comercial para contacto
2644,98156,0.24878439539255487,True,Revisión por Comercial para contacto
2645,82404,0.24869278335430112,True,Revisión por Comercial para contacto
2646,77832,0.24850096973956615,True,Revisión por Comercial para contacto
2647,92272,0.24845532041090265,True,Revisión por Comercial para contacto
2648,87551,0.24844444107017022,True,Revisión por Comercial para contacto
2649,75151,0.2484075436070565,True,Revisión por Comercial para contacto
2650,87646,0.2476174846031162,True,Revisión por Comercial para contacto
2651,97493,0.24761164861451074,True,Revisión por Comercial para contacto
2652,96416,0.24753619158546863,True,Revisión por Comercial para contacto
2653,92674,0.2475254463008685,True,Revisión por Comercial para contacto
2654,76814,0.24747461436287518,True,Revisión por Comercial para contacto
2655,91222,0.24696724751387863,True,Revisión por Comercial para contacto
2656,74914,0.24690031907350152,True,Revisión por Comercial para contacto
2657,86962,0.24668925031217043,True,Revisión por Comercial para contacto
2658,93878,0.24652592145347185,True,Revisión por Comercial para contacto
2659,99554,0.24644400936970662,True,Revisión por Comercial para contacto
2660,77761,0.24638133067252777,True,Revisión por Comercial para contacto
2661,71384,0.2463331177460082,True,Revisión por Comercial para contacto
2662,93248,0.2463004605312832,True,Revisión por Comercial para contacto
2663,92356,0.24625956924578707,True,Revisión por Comercial para contacto
2664,77140,0.24622907621578188,True,Revisión por Comercial para contacto
2665,93296,0.24616680393292537,True,Revisión por Comercial para contacto
2666,82715,0.24611037259231577,True,Revisión por Comercial para contacto
2667,86731,0.24608607421976886,True,Revisión por Comercial para contacto
2668,77268,0.24594643791595602,True,Revisión por Comercial para contacto
2669,81230,0.24585477907319275,True,Revisión por Comercial para contacto
2670,74182,0.24574070400209155,True,Revisión por Comercial para contacto
2671,99222,0.24552523205429627,True,Revisión por Comercial para contacto
2672,87833,0.24552319459924168,True,Revisión por Comercial para contacto
2673,88692,0.24546397119683488,True,Revisión por Comercial para contacto
2674,72305,0.24538918754661943,True,Revisión por Comercial para contacto
2675,85688,0.2453145688316954,True,Revisión por Comercial para contacto
2676,94022,0.2451019101499311,True,Revisión por Comercial para contacto
2677,75439,0.24484272962538034,True,Revisión por Comercial para contacto
2678,76048,0.2448366676953857,True,Revisión por Comercial para contacto
2679,94509,0.24480951139310936,True,Revisión por Comercial para contacto
2680,74880,0.24475988134532034,True,Revisión por Comercial para contacto
2681,92088,0.24468922328011336,True,Revisión por Comercial para contacto
2682,83490,0.24459244674811406,True,Revisión por Comercial para contacto
2683,82494,0.24459105143589,True,Revisión por Comercial para contacto
2684,93489,0.24452878398597414,True,Revisión por Comercial para contacto
2685,81229,0.24451680470804804,True,Revisión por Comercial para contacto
2686,81214,0.24440038480536574,True,Revisión por Comercial para contacto
2687,92940,0.24388964188852355,True,Revisión por Comercial para contacto
2688,81099,0.24372265918993632,True,Revisión por Comercial para contacto
2689,84088,0.24362989051995912,True,Revisión por Comercial para contacto
2690,88574,0.2435025325621555,True,Revisión por Comercial para contacto
2691,98766,0.24340446755930958,True,Revisión por Comercial para contacto
2692,83798,0.24333393170464024,True,Revisión por Comercial para contacto
2693,76710,0.24315354573841513,True,Revisión por Comercial para contacto
2694,84656,0.24315145036933716,True,Revisión por Comercial para contacto
2695,90552,0.24299257321211007,True,Revisión por Comercial para contacto
2696,84280,0.24281685233701852,True,Revisión por Comercial para contacto
2697,74495,0.24276813627978946,True,Revisión por Comercial para contacto
2698,73440,0.24263318728502944,True,Revisión por Comercial para contacto
2699,74380,0.24254437471482754,True,Revisión por Comercial para contacto
2700,88405,0.2425437941309828,True,Revisión por Comercial para contacto
2701,74363,0.24240231190202144,True,Revisión por Comercial para contacto
2702,95200,0.24236440479083973,True,Revisión por Comercial para contacto
2703,96064,0.24229237299756373,True,Revisión por Comercial para contacto
2704,97101,0.2421744729929547,True,Revisión por Comercial para contacto
2705,93316,0.2420531343690542,True,Revisión por Comercial para contacto
2706,76757,0.24171969047338854,True,Revisión por Comercial para contacto
2707,75899,0.24155613454044939,True,Revisión por Comercial para contacto
2708,83931,0.24155440773482523,True,Revisión por Comercial para contacto
2709,76012,0.24147787312238844,True,Revisión por Comercial para contacto
2710,87451,0.24145089100583947,True,Revisión por Comercial para contacto
2711,84193,0.24109689860008815,True,Revisión por Comercial para contacto
2712,72376,0.24095454245673537,True,Revisión por Comercial para contacto
2713,82970,0.2407856858739841,True,Revisión por Comercial para contacto
2714,72672,0.24077053657567055,True,Revisión por Comercial para contacto
2715,72605,0.24062425748124058,True,Revisión por Comercial para contacto
2716,78716,0.24047015281156206,True,Revisión por Comercial para contacto
2717,71490,0.24031343728644014,True,Revisión por Comercial para contacto
2718,92483,0.24019428325407063,True,Revisión por Comercial para contacto
2719,75272,0.23998684607463108,True,Revisión por Comercial para contacto
2720,93096,0.23997023764679787,True,Revisión por Comercial para contacto
2721,96877,0.2396632814908778,True,Revisión por Comercial para contacto
2722,75391,0.23945369003044747,True,Revisión por Comercial para contacto
2723,93883,0.23943383134859855,True,Revisión por Comercial para contacto
2724,74828,0.2392714795487012,True,Revisión por Comercial para contacto
2725,93329,0.23923230621089112,True,Revisión por Comercial para contacto
2726,86539,0.23917688439670712,True,Revisión por Comercial para contacto
2727,86653,0.2391545761155595,True,Revisión por Comercial para contacto
2728,86985,0.23865959774764156,True,Revisión por Comercial para contacto
2729,94648,0.23864291404435103,True,Revisión por Comercial para contacto
2730,99675,0.2385652384628475,True,Revisión por Comercial para contacto
2731,84367,0.23852278331568563,True,Revisión por Comercial para contacto
2732,82777,0.23827238881956486,True,Revisión por Comercial para contacto
2733,91525,0.2382171316517885,True,Revisión por Comercial para contacto
2734,71071,0.23812952455776645,True,Revisión por Comercial para contacto
2735,95535,0.2376052635495438,True,Revisión por Comercial para contacto
2736,86459,0.2375841962088693,True,Revisión por Comercial para contacto
2737,75975,0.2375593831904902,True,Revisión por Comercial para contacto
2738,96219,0.23715513306228297,True,Revisión por Comercial para contacto
2739,92594,0.23685078520711922,True,Revisión por Comercial para contacto
2740,99264,0.2368183594408134,True,Revisión por Comercial para contacto
2741,88260,0.23681053046845835,True,Revisión por Comercial para contacto
2742,94800,0.23678639648021996,True,Revisión por Comercial para contacto
2743,83078,0.23668442407359597,True,Revisión por Comercial para contacto
2744,91599,0.2365814605397857,True,Revisión por Comercial para contacto
2745,80085,0.23651432246043969,True,Revisión por Comercial para contacto
2746,72842,0.23625560149188451,True,Revisión por Comercial para contacto
2747,85120,0.2361369413223678,True,Revisión por Comercial para contacto
2748,81801,0.2360456669494589,True,Revisión por Comercial para contacto
2749,86861,0.23604118527091406,True,Revisión por Comercial para contacto
2750,93205,0.2359584648101002,True,Revisión por Comercial para contacto
2751,99003,0.2359130058851982,True,Revisión por Comercial para contacto
2752,81682,0.23590545839966562,True,Revisión por Comercial para contacto
2753,81476,0.2358513757151155,True,Revisión por Comercial para contacto
2754,95804,0.2358338408268961,True,Revisión por Comercial para contacto
2755,96772,0.23575106076270028,True,Revisión por Comercial para contacto
2756,82583,0.23565945239749597,True,Revisión por Comercial para contacto
2757,97222,0.23540392471122784,True,Revisión por Comercial para contacto
2758,87145,0.2352432159968654,True,Revisión por Comercial para contacto
2759,72976,0.23517085788055606,True,Revisión por Comercial para contacto
2760,98749,0.23510293772353336,True,Revisión por Comercial para contacto
2761,84316,0.23494160990292748,True,Revisión por Comercial para contacto
2762,92294,0.23473970036943737,True,Revisión por Comercial para contacto
2763,89542,0.23456844583108222,True,Revisión por Comercial para contacto
2764,95406,0.23443427114564053,True,Revisión por Comercial para contacto
2765,85153,0.23442110895568888,True,Revisión por Comercial para contacto
2766,86374,0.23422571499576134,True,Revisión por Comercial para contacto
2767,72967,0.23411852400888272,True,Revisión por Comercial para contacto
2768,72296,0.23390528498948257,True,Revisión por Comercial para contacto
2769,91902,0.23354302167919946,True,Revisión por Comercial para contacto
2770,78679,0.23331699915866075,True,Revisión por Comercial para contacto
2771,81957,0.2325595936819438,True,Revisión por Comercial para contacto
2772,73832,0.23253122643177532,True,Revisión por Comercial para contacto
2773,80669,0.23228549730453468,True,Revisión por Comercial para contacto
2774,97246,0.23227807809403617,True,Revisión por Comercial para contacto
2775,82848,0.23216246624766013,True,Revisión por Comercial para contacto
2776,79666,0.23204811432583633,True,Revisión por Comercial para contacto
2777,86553,0.23199355293723667,True,Revisión por Comercial para contacto
2778,77512,0.23192485592944984,True,Revisión por Comercial para contacto
2779,72043,0.23188309568560309,True,Revisión por Comercial para contacto
2780,78646,0.2318302860320029,True,Revisión por Comercial para contacto
2781,92407,0.23168136587887864,True,Revisión por Comercial para contacto
2782,79899,0.2314127157861803,True,Revisión por Comercial para contacto
2783,84965,0.23121657729913822,True,Revisión por Comercial para contacto
2784,85459,0.23119915864024088,True,Revisión por Comercial para contacto
2785,80365,0.23114244455673957,True,Revisión por Comercial para contacto
2786,72388,0.23102799742425317,True,Revisión por Comercial para contacto
2787,71261,0.23072598398824137,True,Revisión por Comercial para contacto
2788,71686,0.23065079076923461,True,Revisión por Comercial para contacto
2789,83565,0.23061836220929205,True,Revisión por Comercial para contacto
2790,97177,0.23046278616751195,True,Revisión por Comercial para contacto
2791,99968,0.23017655013554134,True,Revisión por Comercial para contacto
2792,82487,0.23014172732292465,True,Revisión por Comercial para contacto
2793,95627,0.22990370347584893,True,Revisión por Comercial para contacto
2794,78509,0.22983267503606397,True,Revisión por Comercial para contacto
2795,85815,0.22972429176057543,True,Revisión por Comercial para contacto
2796,81169,0.22967498040335085,True,Revisión por Comercial para contacto
2797,84611,0.22961110488371425,True,Revisión por Comercial para contacto
2798,82647,0.22955666681311654,True,Revisión por Comercial para contacto
2799,78812,0.22949126244887533,True,Revisión por Comercial para contacto
2800,98188,0.22927190149309554,True,Revisión por Comercial para contacto
2801,83834,0.22888110967723135,True,Revisión por Comercial para contacto
2802,90046,0.22870759182898173,True,Revisión por Comercial para contacto
2803,91822,0.22869187639199942,True,Revisión por Comercial para contacto
2804,92544,0.2285881184988795,True,Revisión por Comercial para contacto
2805,93100,0.22853345078199377,True,Revisión por Comercial para contacto
2806,87823,0.22843717613654854,True,Revisión por Comercial para contacto
2807,80478,0.22835232594340427,True,Revisión por Comercial para contacto
2808,99976,0.22832068455658447,True,Revisión por Comercial para contacto
2809,92665,0.2282987160441189,True,Revisión por Comercial para contacto
2810,72521,0.2282552778304898,True,Revisión por Comercial para contacto
2811,80873,0.22818718344250336,True,Revisión por Comercial para contacto
2812,99634,0.22816960436204056,True,Revisión por Comercial para contacto
2813,97684,0.2279890870959173,True,Revisión por Comercial para contacto
2814,85030,0.22789559809961954,True,Revisión por Comercial para contacto
2815,96966,0.22788999644796182,True,Revisión por Comercial para contacto
2816,85811,0.227849673661324,True,Revisión por Comercial para contacto
2817,72261,0.2277882207252875,True,Revisión por Comercial para contacto
2818,94090,0.22778620515570544,True,Revisión por Comercial para contacto
2819,97597,0.22771785412559653,True,Revisión por Comercial para contacto
2820,71825,0.22763504333546622,True,Revisión por Comercial para contacto
2821,72584,0.22759941185474664,True,Revisión por Comercial para contacto
2822,88430,0.22741637743864393,True,Revisión por Comercial para contacto
2823,99526,0.22727217783822165,True,Revisión por Comercial para contacto
2824,88694,0.22722961939682004,True,Revisión por Comercial para contacto
2825,79533,0.22702491256685028,True,Revisión por Comercial para contacto
2826,70361,0.22690369116988748,True,Revisión por Comercial para contacto
2827,86981,0.22679419116323707,True,Revisión por Comercial para contacto
2828,96210,0.2267559268022855,True,Revisión por Comercial para contacto
2829,71951,0.2267435292674316,True,Revisión por Comercial para contacto
2830,77781,0.22665294608287215,True,Revisión por Comercial para contacto
2831,90341,0.22660829137294378,True,Revisión por Comercial para contacto
2832,85965,0.2265994627316125,True,Revisión por Comercial para contacto
2833,86655,0.22654511899397653,True,Revisión por Comercial para contacto
2834,85192,0.2265307324455729,True,Revisión por Comercial para contacto
2835,96960,0.22646370003737357,True,Revisión por Comercial para contacto
2836,70019,0.22633452845241422,True,Revisión por Comercial para contacto
2837,72022,0.2262337102582406,True,Revisión por Comercial para contacto
2838,89431,0.2259177847861666,True,Revisión por Comercial para contacto
2839,80173,0.22588675905144298,True,Revisión por Comercial para contacto
2840,77997,0.22582827006507272,True,Revisión por Comercial para contacto
2841,98383,0.22574542222651206,True,Revisión por Comercial para contacto
2842,84232,0.22572308417680717,True,Revisión por Comercial para contacto
2843,99442,0.22560696022957805,True,Revisión por Comercial para contacto
2844,86140,0.2255725657937133,True,Revisión por Comercial para contacto
2845,98078,0.22556331377014044,True,Revisión por Comercial para contacto
2846,78578,0.22555983526523646,True,Revisión por Comercial para contacto
2847,92909,0.22541926528683867,True,Revisión por Comercial para contacto
2848,77933,0.22537341786337464,True,Revisión por Comercial para contacto
2849,89023,0.22521612497865187,True,Revisión por Comercial para contacto
2850,79121,0.2251615152232143,True,Revisión por Comercial para contacto
2851,96163,0.2251075413330424,True,Revisión por Comercial para contacto
2852,76156,0.22484297940978032,True,Revisión por Comercial para contacto
2853,86168,0.2244381373304874,True,Revisión por Comercial para contacto
2854,89716,0.224378347757115,True,Revisión por Comercial para contacto
2855,80264,0.2243681737125188,True,Revisión por Comercial para contacto
2856,85907,0.2242928695310575,True,Revisión por Comercial para contacto
2857,93655,0.2241926470994338,True,Revisión por Comercial para contacto
2858,86131,0.22410231560760696,True,Revisión por Comercial para contacto
2859,78596,0.2240757994299991,True,Revisión por Comercial para contacto
2860,92698,0.22406790925168,True,Revisión por Comercial para contacto
2861,91703,0.2239919975494338,True,Revisión por Comercial para contacto
2862,83988,0.22374681981030548,True,Revisión por Comercial para contacto
2863,86722,0.22367308426567264,True,Revisión por Comercial para contacto
2864,70649,0.2234678970295875,True,Revisión por Comercial para contacto
2865,73064,0.22345570654239494,True,Revisión por Comercial para contacto
2866,86499,0.22339110434768514,True,Revisión por Comercial para contacto
2867,76337,0.22338857615160002,True,Revisión por Comercial para contacto
2868,88105,0.22322934924844995,True,Revisión por Comercial para contacto
2869,72372,0.22315083199531333,True,Revisión por Comercial para contacto
2870,81859,0.22311878459986867,True,Revisión por Comercial para contacto
2871,90432,0.2230621934657091,True,Revisión por Comercial para contacto
2872,99314,0.2230413924064381,True,Revisión por Comercial para contacto
2873,95708,0.2224741305121446,True,Revisión por Comercial para contacto
2874,84736,0.22244978840334723,True,Revisión por Comercial para contacto
2875,81738,0.22236337807097487,True,Revisión por Comercial para contacto
2876,90891,0.2223002153345003,True,Revisión por Comercial para contacto
2877,79604,0.2220888641218984,True,Revisión por Comercial para contacto
2878,84512,0.22196688970666495,True,Revisión por Comercial para contacto
2879,89045,0.22165372655961635,True,Revisión por Comercial para contacto
2880,77984,0.22163019653249325,True,Revisión por Comercial para contacto
2881,70195,0.22159470874140302,True,Revisión por Comercial para contacto
2882,86466,0.2213845531142626,True,Revisión por Comercial para contacto
2883,89515,0.22131603356254267,True,Revisión por Comercial para contacto
2884,86206,0.2211709067348188,True,Revisión por Comercial para contacto
2885,88909,0.22104107695735356,True,Revisión por Comercial para contacto
2886,72339,0.22100912012069726,True,Revisión por Comercial para contacto
2887,82790,0.22091436368615108,True,Revisión por Comercial para contacto
2888,76677,0.22087330395030902,True,Revisión por Comercial para contacto
2889,72736,0.22085881289105347,True,Revisión por Comercial para contacto
2890,86497,0.22074244394222028,True,Revisión por Comercial para contacto
2891,70781,0.2206020785666863,True,Revisión por Comercial para contacto
2892,96645,0.22055585201070704,True,Revisión por Comercial para contacto
2893,74533,0.22052548393489738,True,Revisión por Comercial para contacto
2894,83284,0.22051764812512442,True,Revisión por Comercial para contacto
2895,97497,0.22049508186506797,True,Revisión por Comercial para contacto
2896,91724,0.22046982533174198,True,Revisión por Comercial para contacto
2897,83561,0.22043874578309525,True,Revisión por Comercial para contacto
2898,88216,0.22030103348788604,True,Revisión por Comercial para contacto
2899,85964,0.2202479586939909,True,Revisión por Comercial para contacto
2900,92540,0.2202051748673611,True,Revisión por Comercial para contacto
2901,90075,0.22017923943507076,True,Revisión por Comercial para contacto
2902,86912,0.22002130359596908,True,Revisión por Comercial para contacto
2903,90766,0.2199564746757453,True,Revisión por Comercial para contacto
2904,71752,0.2198904432062789,True,Revisión por Comercial para contacto
2905,87444,0.21988217094143875,True,Revisión por Comercial para contacto
2906,75969,0.2197893363598987,True,Revisión por Comercial para contacto
2907,93740,0.21970236646444075,True,Revisión por Comercial para contacto
2908,94998,0.2197019282461757,True,Revisión por Comercial para contacto
2909,86366,0.2196097531610653,True,Revisión por Comercial para contacto
2910,71195,0.21960402569552373,True,Revisión por Comercial para contacto
2911,88821,0.2195846905172266,True,Revisión por Comercial para contacto
2912,74836,0.2193951388560463,True,Revisión por Comercial para contacto
2913,88741,0.21933227785014678,True,Revisión por Comercial para contacto
2914,72934,0.21930961151119654,True,Revisión por Comercial para contacto
2915,92312,0.21925111950066475,True,Revisión por Comercial para contacto
2916,81149,0.21907423234538742,True,Revisión por Comercial para contacto
2917,74583,0.21906502880539597,True,Revisión por Comercial para contacto
2918,96027,0.21899251532773284,True,Revisión por Comercial para contacto
2919,91211,0.21893132370313895,True,Revisión por Comercial para contacto
2920,93581,0.2187643634206403,True,Revisión por Comercial para contacto
2921,81279,0.21874527340021083,True,Revisión por Comercial para contacto
2922,84546,0.2186983488229681,True,Revisión por Comercial para contacto
2923,71831,0.21864260680745454,True,Revisión por Comercial para contacto
2924,90202,0.21854338383825528,True,Revisión por Comercial para contacto
2925,86358,0.21853851646348343,True,Revisión por Comercial para contacto
2926,85598,0.21851362023960588,True,Revisión por Comercial para contacto
2927,82776,0.2185090910079031,True,Revisión por Comercial para contacto
2928,79333,0.21849272016220825,True,Revisión por Comercial para contacto
2929,87954,0.21815647368702756,True,Revisión por Comercial para contacto
2930,85209,0.2181374399244661,True,Revisión por Comercial para contacto
2931,85343,0.21806400259079928,True,Revisión por Comercial para contacto
2932,79563,0.21788834775991645,True,Revisión por Comercial para contacto
2933,90128,0.2178322732333993,True,Revisión por Comercial para contacto
2934,80905,0.21780469936476554,True,Revisión por Comercial para contacto
2935,83862,0.21762270456547447,True,Revisión por Comercial para contacto
2936,87240,0.21756800950821548,True,Revisión por Comercial para contacto
2937,95298,0.21732935732054037,True,Revisión por Comercial para contacto
2938,71975,0.21730471876538004,True,Revisión por Comercial para contacto
2939,83411,0.21723794929984866,True,Revisión por Comercial para contacto
2940,72278,0.21722134587183803,True,Revisión por Comercial para contacto
2941,98021,0.21721213024962857,True,Revisión por Comercial para contacto
2942,99654,0.2170095458783148,True,Revisión por Comercial para contacto
2943,85365,0.21695687502443708,True,Revisión por Comercial para contacto
2944,75575,0.21683871969432317,True,Revisión por Comercial para contacto
2945,76545,0.2167815450154702,True,Revisión por Comercial para contacto
2946,78182,0.2165611611223792,True,Revisión por Comercial para contacto
2947,98146,0.21637404481948067,True,Revisión por Comercial para contacto
2948,86031,0.21625956174742078,True,Revisión por Comercial para contacto
2949,71199,0.2160761284563702,True,Revisión por Comercial para contacto
2950,70697,0.2160434744084897,True,Revisión por Comercial para contacto
2951,95836,0.2159577346693325,True,Revisión por Comercial para contacto
2952,79460,0.21584251934958046,True,Revisión por Comercial para contacto
2953,95149,0.21579476757044885,True,Revisión por Comercial para contacto
2954,97954,0.21560837888530307,True,Revisión por Comercial para contacto
2955,99229,0.2153432519461115,True,Revisión por Comercial para contacto
2956,83005,0.21529173383642258,True,Revisión por Comercial para contacto
2957,83139,0.21528825953950942,True,Revisión por Comercial para contacto
2958,87713,0.21507366807977613,True,Revisión por Comercial para contacto
2959,81953,0.2150070160264037,True,Revisión por Comercial para contacto
2960,89973,0.21500330335718654,True,Revisión por Comercial para contacto
2961,84672,0.2149740045329147,True,Revisión por Comercial para contacto
2962,87897,0.2149647957942765,True,Revisión por Comercial para contacto
2963,89427,0.21496125604349356,True,Revisión por Comercial para contacto
2964,98475,0.21489260351391662,True,Revisión por Comercial para contacto
2965,90394,0.2146503521141631,True,Revisión por Comercial para contacto
2966,84960,0.21462026568998294,True,Revisión por Comercial para contacto
2967,97781,0.21457189994325265,True,Revisión por Comercial para contacto
2968,80528,0.2143061115408656,True,Revisión por Comercial para contacto
2969,99716,0.21420216898139294,True,Revisión por Comercial para contacto
2970,93509,0.21413112595435405,True,Revisión por Comercial para contacto
2971,91588,0.21410409184152204,True,Revisión por Comercial para contacto
2972,85221,0.21396246240867076,True,Revisión por Comercial para contacto
2973,77431,0.21395337358410835,True,Revisión por Comercial para contacto
2974,74000,0.21387201957586105,True,Revisión por Comercial para contacto
2975,99382,0.21383234358117684,True,Revisión por Comercial para contacto
2976,80753,0.21372700005004083,True,Revisión por Comercial para contacto
2977,88665,0.21370089216718757,True,Revisión por Comercial para contacto
2978,99329,0.21360015103135235,True,Revisión por Comercial para contacto
2979,92939,0.21341815065919795,True,Revisión por Comercial para contacto
2980,85620,0.21341645658685793,True,Revisión por Comercial para contacto
2981,89419,0.21340607435990205,True,Revisión por Comercial para contacto
2982,73697,0.21330951556836353,True,Revisión por Comercial para contacto
2983,86505,0.21322595986534623,True,Revisión por Comercial para contacto
2984,91775,0.21303977796031254,True,Revisión por Comercial para contacto
2985,76797,0.21301969641433977,True,Revisión por Comercial para contacto
2986,87236,0.21288349216102848,True,Revisión por Comercial para contacto
2987,88068,0.21276276235929995,True,Revisión por Comercial para contacto
2988,90273,0.2127302506546242,True,Revisión por Comercial para contacto
2989,85927,0.21261558716359305,True,Revisión por Comercial para contacto
2990,77946,0.212444841671215,True,Revisión por Comercial para contacto
2991,87038,0.21225673394992056,True,Revisión por Comercial para contacto
2992,83413,0.21224428328107448,True,Revisión por Comercial para contacto
2993,74159,0.21212458959376934,True,Revisión por Comercial para contacto
2994,90745,0.21211188907149406,True,Revisión por Comercial para contacto
2995,72958,0.2120336283925554,True,Revisión por Comercial para contacto
2996,95774,0.21197128690489148,True,Revisión por Comercial para contacto
2997,97141,0.21193267039396238,True,Revisión por Comercial para contacto
2998,78357,0.21188279796378892,True,Revisión por Comercial para contacto
2999,74747,0.21184772331448268,True,Revisión por Comercial para contacto
3000,84594,0.21182994457367083,True,Revisión por Comercial para contacto
